0.0 -0.7547329
0.0013889056483549211 -0.32235
0.0027778112967098423 0.028432129
0.00416671697394122 0.6811194
0.005555622651399972 0.8568382
0.006944528328858723 0.6258049
0.008333434006090101 1.2221047
0.00972233968332148 1.0797653
0.011111245389884061 1.3209317
0.012500151096446643 1.2231777
0.013889056802781852 1.3506155
0.01527796253822089 1.235218
0.016666868245010846 0.24062999
0.018055773981132006 0.9858259
0.01944467971679842 -0.4357805
0.020833585480659167 0.3913143
0.022222491216780327 -0.819048
0.02361139698155057 -0.24182211
0.025000302745411318 -1.0422134
0.026389208510863682 -1.5582237
0.027778114304737755 -1.8237095
0.029167020097702334 -1.5815893
0.03055592589225853 -1.9836328
0.03194483168590523 -2.762685
0.03333373747909718 -2.6289287
0.034722643302757206 -2.87546
0.036111549097086026 -2.6314323
0.03750045492006393 -2.4144063
0.03888936077191829 -1.847552
0.040278266594896195 -1.6854231
0.04166717244697793 -0.6191886
0.04305607829883229 -0.52352077
0.04444498415068665 -1.4700663
0.045833890002768385 0.6465478
0.04722279588395395 -0.40317595
0.04861170173580831 -0.29057994
0.050000607617675996 0.07718995
0.05138951352773802 1.7832369
0.05277841940824146 0.83979094
0.05416732531921298 1.1304305
0.055556231229275 1.6702237
0.056945137138882274 2.3330438
0.058334043049626416 2.0080712
0.05972294895991581 2.345919
0.06111185489839954 3.108043
0.06250076083824752 2.0210655
0.06388966677786811 1.4798417
0.06527857271635185 1.5307453
0.06666747868530365 1.1037269
0.06805638465448283 -0.07325595
0.06944529062229776 0.26530695
0.07083419659056744 -0.207787
0.07222310255974662 -0.8967148
0.07361200855643801 -1.4440184
0.07500091452493507 -1.6653956
0.07638982052321808 -1.0693341
0.07777872654969542 -1.9689696
0.07916763254706893 -3.3075447
0.08055653857377365 -2.676256
0.08194544457137454 -2.8808243
0.08333435059785188 -3.187796
0.08472325665343305 -3.423717
0.08611216268081989 -2.5758793
0.08750106873662844 -3.3868804
0.08888997476242366 -3.141065
0.09027888081891433 -3.1429126
0.09166778690359934 -2.4164925
0.09305669295872576 -1.890528
0.09444559904432026 -1.805768
0.09583450512900527 -1.8365844
0.09722341121323552 -0.15747944
0.09861231729883002 -0.30166668
0.10000122338351503 -0.022471515
0.10139012949684911 1.3344027
0.10277903561132007 0.7564615
0.10416794172579102 1.4632711
0.10555684783912511 0.64309067
0.10694575395291395 1.127927
0.1083346600967161 1.293632
0.10972356623915402 1.0493661
0.11111247238204669 1.626592
0.11250137852584885 1.6914434
0.11389028466874151 1.1046805
0.11527919084096538 1.5061876
0.11666809698408542 1.3200972
0.11805700315608192 -0.3048258
0.11944590935718225 1.0718973
0.12083481552963349 -0.13667688
0.1222237217023121 -0.8897409
0.1236126279036398 -0.9293194
0.125001534104058 -1.1449147
0.12639044030584046 -1.5635883
0.12777934650716816 -2.2787428
0.1291682527366902 -2.3770928
0.1305571589387 -1.9218211
0.13194606516913154 -2.3714304
0.13333497139865358 -1.4526613
0.13472387765887106 -0.98403776
0.13611278388907522 -1.0103837
0.13750169011882463 -0.45175496
0.1388905963790421 -0.25004777
0.14027950263903222 -0.12129849
0.14166840889765808 1.4257193
0.14305731518652465 0.980819
0.14444622144651476 2.2069173
0.14583512773424445 3.6056352
0.14722403402288364 2.8114429
0.14861294031197758 3.358389
0.15000184659993465 3.5485322
0.15139075288834647 3.775274
0.1527796592067716 4.2996893
0.15416856552428726 4.4950776
0.15555747184225766 4.501992
0.1569463781597733 4.4411936
0.15833528447819845 3.619106
0.15972419082481792 3.708277
0.16111309714187882 2.3630855
0.16250200348918042 3.2947295
0.16389090983602728 1.9174699
0.16527981618196463 1.497485
0.16666872255837006 1.0350606
0.1680576289054443 0.18626918
0.16944653528048548 -0.65560794
0.1708354416568909 -1.2018982
0.1722243480328416 -1.2319994
0.17361325440788278 -1.7775147
0.1750021608136194 -1.937438
0.17639106719025222 -2.8432128
0.17777997359439723 -3.2493691
0.17916887999945175 -3.7336094
0.18055778640518838 -3.3050413
0.1819466928093334 -3.5209942
0.18333559924349174 -3.160735
0.184724505649001 -3.5588443
0.18611341208224985 -2.8019655
0.1875023185164082 -3.2306528
0.18889122495102129 -1.3255213
0.1902801313844975 -2.2082882
0.1916690378475323 -1.1394906
0.1930579443114766 -1.615088
0.19444685074631707 -0.7128298
0.19583575720935187 0.045479488
0.19722466367193192 0.9991777
0.19861357016498005 0.59814763
0.20000247662801485 1.3771999
0.20139138311969873 1.6264728
0.20278028961274686 0.6765893
0.2041691961048855 1.113383
0.20555810259656937 1.5100023
0.20694700908939012 1.3185474
0.20833591558175613 1.0562805
0.20972482210231647 1.7919394
0.21111372862424105 0.6717016
0.212502635146393 2.718934
0.21389154166718072 2.3198113
0.21528044818842318 2.5292675
0.21666935471057513 1.8230538
0.21805826126046668 2.2149045
0.21944716781081297 2.887381
0.22083607436206876 2.3120625
0.22222498091173293 3.3008094
0.2236138874623066 2.4455805
0.22500279401356238 3.116984
0.22639170059233038 3.2106848
0.22778060714290405 2.2383893
0.2291695137230363 2.508882
0.23055842030271378 1.9471538
0.2319473268821639 0.6434483
0.23333623349071786 0.66729075
0.23472514007107748 -0.53627646
0.23611404667963143 1.1727508
0.23750295328773063 0.19139531
0.23889185986809025 -0.03409471
0.24028076650574803 -1.217992
0.24166967311384724 -1.1893213
0.24305857972331069 -1.7601693
0.24444748636096847 -1.3460854
0.24583639296906767 -1.6834562
0.24722529960763495 -1.0039462
0.24861420624597486 -0.32866824
0.2500031128829505 -1.9453655
0.2513920195499395 -1.2636502
0.2527809261882794 -0.9666328
0.2541698328545863 -0.34893435
0.25555873949224406 -0.20081308
0.25694764615991517 0.43828395
0.25833655282622203 1.0276695
0.2597254595220875 0.06765297
0.2611143661897586 1.0187286
0.2625032728565202 0.9243124
0.263892179552613 0.6192482
0.26528108624870583 0.8176174
0.2666699929445713 0.49252552
0.2680588996404367 0.87519693
0.26944780633652954 0.50516206
0.27083671303262236 0.68386126
0.27222561975759163 0.20999244
0.27361452645368445 -0.0037551867
0.27500343317933584 0.62473196
0.2763923399045325 -0.050903644
0.27778124662881964 -0.61841375
0.2791701533546984 -1.3417342
0.280559060109681 -1.5218043
0.28194796683396817 -0.8430096
0.28333687358826865 -1.7734615
0.28472578034325124 -2.5889926
0.28611468709664223 -2.1063619
0.2875035938509427 -2.081506
0.28889250060569793 -3.1849349
0.2902814073590889 -2.4400966
0.2916703141424932 -2.9525902
0.29305922089724845 -2.5048885
0.29444812767997064 -2.5071535
0.2958370344631476 -2.5200882
0.297225941247234 -2.8235428
0.2986148480306383 -2.159173
0.30000375484314645 -1.4430051
0.3013926616263234 -0.9292002
0.30278156843860415 -0.4426352
0.30417047522200846 -0.30983272
0.3055593820345166 -0.66228384
0.30694828884679737 -0.6035718
0.3083371956593055 0.6695558
0.3097261025009175 -0.8849127
0.31111500931388036 -0.0999595
0.3125039161263885 0.19294508
0.313892822967091 0.66085327
0.3152817298091577 1.0533001
0.3166706366514518 1.0422134
0.31805954349238164 0.8996355
0.31944845033376623 0.397871
0.3208373571760603 0.15408188
0.322226264046094 -0.81350464
0.3236151708874786 -0.51159954
0.3250040777588765 0.6881529
0.3263929846286828 -0.5746628
0.3277818914993986 -1.5101812
0.32917079837079655 -1.3370253
0.33055970524060285 -1.579205
0.3319486121404225 -2.2910216
0.33333751901159303 -1.8666855
0.33472642591141266 -2.0587962
0.3361153328110049 -1.6397053
0.3375042397105972 -0.9098281
0.3388931466104168 -1.0682613
0.34028205351023644 -0.27418822
0.3416709604098287 -0.5810406
0.3430598673096483 -0.44680762
0.3444487742385718 0.19485247
0.34583768113816404 -0.7779197
0.34722658806686013 0.7144988
0.3486154949957836 1.2416556
0.35000440192470705 1.2656173
0.35139330885408526 1.1309073
0.3527822158125673 1.4500387
0.35417112274080864 1.5084525
0.3555600296697321 2.369642
0.35694893662821414 1.4264345
0.3583378435855593 1.2449934
0.35972675054335923 1.2989966
0.36111565750206864 1.3246273
0.3625045644594138 1.1289998
0.36389347141721373 1.4713776
0.365282378405027 0.87114376
0.36667128536237215 0.75014323
0.3680601923492759 0.9829649
0.3694490993079853 -0.17303662
0.37083800629488906 0.08553481
0.3722269132817928 -0.36157086
0.3736158202689239 -0.15968485
0.37500472725605505 1.0091916
0.3763936342720626 0.048340578
0.37778254125919375 -0.15396266
0.3791714482754287 0.45878848
0.38056035526233245 0.8506392
0.38194926227834003 1.5868943
0.383338169294575 1.235218
0.3847270763112647 1.0941899
0.38611598332749963 1.1408019
0.3875048903719289 0.99226344
0.388893797388846 0.21178061
0.39028270440508095 0.19521011
0.39167161145041973 -0.5579731
0.39306051849621326 -0.65727687
0.39444942554064255 0.22143681
0.39583833258598133 -1.2857045
0.39722723963177486 -0.5018241
0.3986161466764315 -0.32300565
0.40000505372154294 -0.6992992
0.40139396076756384 -0.2786587
0.40278286784200645 -1.2666901
0.40417177491644907 -0.26316112
0.4055606819615605 0.49169105
0.4069495890357757 -1.2274097
0.40833849611021833 0.12773596
0.40972740318466094 0.16385728
0.4111163102588762 0.15849273
0.4125052173624226 0.6091152
0.41389412443686524 -0.12564975
0.4152830315401843 1.5427858
0.41667193861439955 0.5644105
0.418060845717946 0.5143414
0.41944975282149244 1.3314223
0.42083865992549363 -0.086607724
0.4222275670290401 0.8487318
0.4236164741319044 0.53413063
0.4250053812359056 -0.102224536
0.42639428836855586 0.05191695
0.4277831954711928 -0.09721761
0.42917210260429783 -0.22823192
0.4305610097078443 -1.148193
0.43194991684049455 -1.568476
0.4333388239735996 -2.363622
0.43472773110534035 -2.7190533
0.436116638238218 -1.7515265
0.437505545371323 -2.274153
0.43889445253307713 -2.4176848
0.44028335966550003 -3.1550722
0.44167226682702676 -3.8151505
0.44306117395967703 -2.3792982
0.44445008112143114 -3.193995
0.44583898828295787 -3.1194277
0.447227895444712 -2.6183188
0.4486168026064661 -3.6378224
0.4500057097679928 -3.936747
0.45139461692951954 -2.3939614
0.4527835241203775 -3.683123
0.4541724312821316 -3.3969538
0.45556133847276215 -4.0983396
0.45695024563519837 -2.206798
0.45833915282582893 -3.2827487
0.45972806001600475 -3.0414033
0.4611169672075448 -2.1803925
0.46250587439817537 -1.4455086
0.4638947815883512 -1.6027495
0.4652836888087677 -1.8636457
0.46667259599962563 -0.33635744
0.46806150318957407 0.5774047
0.4694504104099906 0.9364721
0.4708393176301797 1.8538107
0.4722282248208103 2.176399
0.47361713204145417 3.3300164
0.47500603926118856 3.2357194
0.47639494648092295 5.198311
0.4777838537008847 4.5464582
0.4791727609499503 4.9125595
0.4805616681696847 5.596242
0.4819505753896465 5.869357
0.48333948263871207 4.6841483
0.4847283898875503 5.1717267
0.4861172971072847 5.0891128
0.4875062043563503 4.785956
0.4888951116058706 5.4076476
0.4902840188549362 4.0332494
0.4916729261030923 4.5158205
0.49306183335284004 3.9147525
0.49445074063100947 4.64302
0.49583964787916557 3.2645688
0.4972285551580171 3.011958
0.49861746240685534 2.7673342
0.5000063696843426 2.6158154
0.5013952769631942 1.9117477
0.5027841842411362 -0.14478332
0.5041730914895197 0.12201377
0.5055619987683713 -0.10574129
0.5069509060760993 -1.1950436
0.5083398133542687 -1.3774979
0.5097287206322108 -2.110713
0.5111176279392566 -2.6095567
0.5125065352174261 -3.2977097
0.5138954425246993 -4.0715165
0.5152843498026414 -4.120334
0.5166732571096873 -5.092272
0.5180621644171879 -5.23479
0.5194510717242338 -5.5983877
0.5208399790312797 -5.90226
0.5222288863385529 -5.5475435
0.5236177936458262 -5.56775
0.525006700982658 -4.9373555
0.5263956082899313 -2.3041348
0.5277845155965224 -3.7986395
0.5291734229333542 -2.1265087
0.5305623302697313 -1.3210509
0.5319512375760951 -0.7260028
0.5333401449129269 -1.1693532
0.534729052249304 0.04512185
0.5361179595847716 0.36270338
0.5375068669218308 1.6531763
0.5388957742579805 1.8677585
0.5402846816227793 1.3034074
0.5416735889598385 2.5417848
0.5430624962968977 1.7191007
0.5444514036614692 2.0184429
0.5458403110269501 2.573376
0.5472292183637819 2.3498528
0.5486181257292628 2.7785401
0.5500070330945164 2.1020107
0.5513959404597699 2.3204074
0.5527848478254782 1.4681588
0.5541737551907318 0.9612682
0.5555626625559853 0.615195
0.5569515699214662 0.5812195
0.558340477316051 0.118437394
0.5597293846813045 -1.141994
0.5611182920765714 -1.4381174
0.5625071994418249 -1.7497382
0.5638961068357276 -2.148444
0.5652850142309944 -1.8607845
0.5666739216253518 -1.7210081
0.5680628289901506 -2.0769165
0.5694517363851901 -1.6268901
0.5708406438088787 -0.52262664
0.5722295512025539 -2.130741
0.5736184585975934 -0.84128106
0.5750073659928603 -0.41467994
0.5763962734158667 -0.029266616
0.5777851808102241 1.3310647
0.5791740882345948 2.5118625
0.5805629956284974 2.082698
0.5819519030519587 3.0434299
0.5833408104763294 3.5581884
0.5847297178991084 3.8246279
0.586118625322797 4.2208896
0.5875075327471677 4.2441363
0.5888964401706289 4.3782496
0.5902853475940901 4.076166
0.5916742550177787 4.9603634
0.5930631624710259 5.011863
0.5944520698947144 3.6291199
0.5958409773465974 3.6218479
0.5972298847709681 3.460196
0.5986187922237605 4.2717934
0.6000076996756434 3.6896799
0.6013966071000141 3.520875
0.6027855145525791 3.1986444
0.6041744220046894 2.1299064
0.6055633294581639 1.640063
0.606952236910729 0.16886419
0.6083411443919431 -0.51505667
0.6097300518454176 -0.11396694
0.6111189592986648 -1.1278673
0.6125078667796515 -2.345144
0.6138967742324439 -3.7768238
0.6152856817147949 -3.3270361
0.6166745891669052 -3.277682
0.6180634966485741 -3.3977883
0.6194524041311524 -4.794837
0.6208413116123666 -5.19694
0.6222302190649316 -4.511946
0.62361912654751 -4.773796
0.6250080340287241 -4.754126
0.6263969415394968 -3.1573968
0.6277858490220751 -3.5615861
0.6291747565044261 -3.8153293
0.6305636639863224 -1.5900534
0.6319525714964129 -2.3562307
0.6333414789787639 -1.5934509
0.6347303864899914 -0.9565593
0.6361192940000819 0.22847034
0.6375082014824329 -0.058592837
0.638897108993433 -0.03409471
0.6402860165035236 0.302978
0.6416749240152058 0.9915482
0.6430638315259785 1.4705431
0.6444527390362964 2.4803903
0.6458416465479786 2.1825979
0.6472305540596608 2.1536295
0.6486194615697514 0.7599187
0.6500083691098553 0.9994161
0.6513972766213101 2.03549
0.6527861841605045 1.2752734
0.6541750916715046 0.717956
0.6555639992120632 0.5907565
0.6569529067223812 0.34446388
0.6583418142624851 -0.05018837
0.6597307218030437 -0.03290259
0.6611196293431476 -0.5749012
0.6625085368832515 -0.822684
0.663897444423128 -0.62818915
0.6652863519630046 -1.0605721
0.6680641670432124 -1.0553267
0.6694530746131022 -1.2628753
0.6708419821529787 -1.3289188
0.6722308896924005 -1.7583811
0.673619797262063 -1.8727058
0.6750087048021669 -1.609187
0.6763976123704651 -1.1183304
0.6777865199401276 -0.70847857
0.6791754274809136 0.30917707
0.6805643350494393 0.44698644
0.6819532426184196 1.7411549
0.6833421501883095 1.0753545
0.6847310577568351 1.2088722
0.6861199653258154 2.0327482
0.6875088728957053 2.1703193
0.6888977804640035 2.6336973
0.6902866880332112 3.1371307
0.6916755956322049 3.1482174
0.6930645032005032 2.8933418
0.6944534107988147 2.8122773
0.6958423183684772 3.2977097
0.6972312259667888 4.068298
0.6986201335357691 2.778421
0.7000090411338533 3.8121107
0.7013979487321649 1.6503153
0.7027868563304764 2.8804667
0.7041757638994568 2.079837
0.7055646714984505 2.35784
0.7069535790965347 1.5358714
0.7083424866941641 0.8322806
0.7097313942931578 0.51004976
0.7111203019203458 0.9325381
0.7125092095179753 -1.0073438
0.7138981171169689 -1.0997332
0.7152870247448391 -0.94302875
0.7166759323422411 -0.862024
0.7180648399405527 -1.5562567
0.7194537475684228 -2.0537295
0.7208426551951561 -2.437474
0.7222315627932403 -3.0473042
0.7236204704213378 -3.0483177
0.7250093780480711 -3.0233426
0.7263982856752591 -2.4495144
0.7277871932742528 -2.2559135
0.7291761009014408 -2.6686265
0.7305650085288562 -2.6344721
0.7319539161562716 -1.2178727
0.7333428238125634 -1.5903515
0.7347317314397515 -0.31507808
0.7361206390671668 -0.33939737
0.7375095466945822 0.30834258
0.7388984543508741 1.6152668
0.7402873619782895 1.7655935
0.7416762696348087 0.87519693
0.7430651772619967 1.6373211
0.7444540849182886 2.44868
0.7458429925463861 2.0941427
0.7472319002035874 3.2392957
0.7486208078591972 1.6336255
0.7500097155157164 2.4471302
0.7513986231438139 1.7850251
0.7527875307994236 1.7458042
0.7541764384559428 0.9892831
0.7555653461129168 0.27734736
0.7569542537685265 0.1485981
0.7583431614541496 -0.047625307
0.7597320691111236 -0.7212939
0.7611209767669607 -2.2453036
0.7625098844232525 -1.8795009
0.7638987921095577 -2.7170863
0.7652876997660769 -2.899183
0.7666766074517 -2.5918536
0.7680655151079918 -3.441122
0.7694544227933875 -3.077763
0.7708433304499067 -1.9252187
0.7722322381355298 -2.3722649
0.7736211458209254 -1.5277053
0.7750100534774447 -0.91859025
0.7763989611630677 -0.46367618
0.7777878688484634 -0.9665136
0.7791767765338591 0.3399338
0.7805656842194821 -0.12785517
0.7819545919051052 0.51100343
0.7833434995914104 0.7659985
0.784732407276806 0.4747629
0.7861213149913056 -0.5028374
0.7875102226776107 0.13918033
0.7888991303625517 -0.7307713
0.7902880380770512 -0.94636667
0.7916769457633563 -0.91185474
0.7930658534480699 -2.3415675
0.7944547611627968 -2.1079712
0.7958436688782058 -3.4539373
0.7972325765636015 -3.5907931
0.798621484278101 -3.8538349
0.8000103919928279 -3.84704
0.8013992996784509 -3.9539137
0.8027882073929504 -3.8376818
0.8041771151074499 -3.599436
0.8055660228221768 -3.655883
0.8069549305369037 -3.845192
0.8083438382514032 -2.5667598
0.8097327459661301 -2.2890546
0.811121653680857 -1.415467
0.8125105613953565 -1.5380769
0.8138994691389598 -1.3675437
0.8152883768543688 0.17685142
0.8166772845688683 -0.17136766
0.8180661922829131 -1.895356
0.8194551000274259 0.46105352
0.8208440077419255 0.46033823
0.822232915485074 -0.15199566
0.823621823200483 0.3290855
0.8250107309440864 -0.042201146
0.8263996386876897 -0.28920898
0.8277885464030987 -0.01513996
0.8291774541462473 0.51136106
0.8305663618898507 -0.062407628
0.8319552696343635 -0.6005319
0.8333441773779668 -0.31114405
0.8347330851217976 -0.85582495
0.8361219928656283 -1.5231156
0.8375109006092316 -0.4710077
0.838899808352835 -0.92043805
0.8402887160966657 -0.63683206
0.8416776238404964 -0.8200613
0.8430665315840997 -1.0784539
0.8444554393570343 -0.34696734
0.845844347100865 -0.04941349
0.8472332548451504 -0.46707374
0.848622162618085 -0.10812554
0.8500110703610062 0.74001026
0.8513999781343955 0.94588983
0.8527888858782262 0.99393237
0.8541777936502513 1.4978427
0.8555667013947641 1.6426857
0.8569556091676986 2.8396962
0.8583445169397237 1.6161013
0.8597334246842365 1.672608
0.8611223324569437 1.3589604
0.8625112402291961 0.3864266
0.8639001480028128 0.32610518
0.8652890557764294 0.88008463
0.8666779635491366 -1.0581878
0.8680668713218438 -0.3552526
0.8694557790947783 -1.102952
0.8708446868677129 -0.84271157
0.87223359464042 -0.88765466
0.8736225024131272 -1.8237095
0.8750114102151656 -1.6242673
0.8764003179881001 -2.456846
0.8777892257608073 -1.7777531
0.8791781335628457 -1.2098259
0.8805670413357802 -2.133721
0.8819559491375912 -2.4029024
0.8833448569112079 -1.9563928
0.8847337647130189 -0.8866413
0.8861226724852713 -1.089779
0.8875115802879918 -1.5239501
0.888900488060699 -1.7649378
0.8902893958620552 -1.3201568
0.8916783036645484 -1.1378216
0.8930672114665867 -0.3331387
0.8944561192677156 -1.5501173
0.8958450270411049 -0.63015616
0.8972339348431433 -1.1133235
0.8986228426442722 -0.5005128
0.9000117504469927 0.3280126
0.9014006582497132 0.023425212
0.9027895660515242 -0.44615197
0.9041784738826664 0.52173257
0.9055673816847047 1.1985006
0.9069562894865157 2.0619552
0.9083451972883267 1.5635287
0.9097341050903651 2.563243
0.9111230129215073 1.796231
0.9125119207233183 2.2333825
0.9139008285544605 1.8818254
0.9152897363569537 2.6377504
0.916678644158992 1.8598905
0.9180675519892247 2.7471874
0.9194564598210491 2.1201308
0.9208453676228601 1.913655
0.9222342754533202 1.0943091
0.9236231832560406 1.3338066
0.9250120910869555 0.68684155
0.9264009989174156 0.22656295
0.9277899067492399 0.30607754
0.9291788145801547 0.14287591
0.930567722381511 -0.042856816
0.9319566302131079 0.22179444
0.9333455380447049 1.1142175
0.934734445875165 -0.3805256
0.9361233537060798 -0.6120955
0.9375122615379041 -0.5270971
0.9389011693683642 0.44889385
0.9402900772283829 0.6353419
0.9416789850602072 -0.08481954
0.943067892891122 0.29189128
0.9444568007222642 0.48561123
0.9458457085534064 1.6795223
0.9472346164134251 1.3280843
0.9486235242445673 1.1740621
0.9500124321048133 1.0006083
0.9514013399364103 2.7365775
0.9527902477675525 2.4007566
0.954179155626889 2.923264
0.955568063458486 3.0191104
0.956956971318732 3.3400302
0.9583458791780686 3.227613
0.9597347870098929 4.0297923
0.9611236948701389 4.0387335
0.9625126027294755 4.851403
0.9639015105612998 5.424099
0.965290418422228 4.947727
0.9666793262815645 4.5158205
0.9680682341418105 5.997033
0.9694571420027387 6.560431
0.9708460498620752 5.6286674
0.9722349577223213 6.2081585
0.973623865583022 5.372957
0.9750127734423586 6.256916
0.9764016813026046 3.3409839
0.9777905891633054 3.809488
0.9791794970228693 2.4558327
0.980568404882888 2.748618
0.9819573127438161 1.2856449
0.9833462206338481 1.407599
0.9847351284938668 0.4599806
0.9861240363534307 0.20844267
0.9875129442434627 -0.3094155
0.9889018521034814 -1.6525207
0.9902907599630453 -2.4349704
0.9916796678530773 -2.905859
0.9930685757130959 -3.054755
0.9944574836017637 -3.6571944
0.9958463914624645 -4.179404
0.9972352993518143 -4.0923195
0.9986242072402547 -3.682229
1.0000131151009555 -2.913131
1.0014020229909875 -2.9148595
1.0027909308796552 -2.4115453
1.0041798387396739 -1.7230346
1.0055687466297059 -1.6386324
1.0069576545183736 -0.36455116
1.008346562407496 0.18674603
1.009735470297528 0.4970556
1.0111243781568646 1.0234971
1.0125132860462145 1.8851633
1.013902193936019 2.7611353
1.015291101825369 2.2445884
1.0166800097144915 2.441408
1.0180689176038413 2.7421806
1.019457825522295 2.4907618
1.0208467334114175 2.4321094
1.02223564130054 2.9887114
1.023624549190572 1.6385132
1.0250134570796945 1.7337638
1.0264023649683622 1.349781
1.027791272887498 0.09054173
1.0291801807766205 0.61459893
1.0305690886652883 0.099721074
1.031957996584424 -0.22221169
1.0333469044742287 -0.54396564
1.034735812391773 -0.20134954
1.0361247202811228 -0.28897056
1.0375136282000312 -0.40138775
1.038902536088699 -1.4295937
1.0402914440069253 -1.0644464
1.0416803518969573 -0.91501385
1.0430692598147289 -0.5125532
1.0444581677038514 -0.5353228
1.0458470756229872 -0.8242933
1.0472359835407588 -0.5792525
1.048624891458985 0.07528256
1.050013799349017 -0.1484789
1.0514027072672434 0.61662555
1.0541805231041508 0.3697369
1.055569431022377 0.2874804
1.0569583389406034 0.3463713
1.0583472468299533 -0.13453107
1.059736154748407 1.1672671
1.0611250626666333 0.24229896
1.0625139705848596 1.6910858
1.0639028785039955 1.0918056
1.065291786452235 0.93873715
1.0666806943700067 1.0553267
1.068069602288233 1.8621554
1.0694585102073688 0.8834226
1.070847418124913 1.1800227
1.0722363260433667 1.2342644
1.0736252339916064 1.6884631
1.0750141419091506 2.2381508
1.0764030498276043 1.8938658
1.0777919577756165 1.9979382
1.0791808656931607 1.8604865
1.0805697736116144 2.7322857
1.0819586815596267 2.8114429
1.0833475894780804 3.4336116
1.084736497425638 3.6171987
1.0861254053438643 2.976075
1.0875143132914218 2.6032982
1.0889032212098755 2.7045093
1.0902921291572056 2.4744298
1.091681037075432 1.8380746
1.0930699450229895 1.732214
1.094458852970547 0.5621455
1.0958477608887733 1.4711392
1.0972366688361035 0.8036696
1.0986255767838884 0.3718827
1.1000144847027968 0.112834424
1.101403392650809 0.28473854
1.1027923005976845 -0.89725125
1.1041812085450147 -1.031067
1.1055701164932543 -1.5597138
1.1069590244401297 -1.5722312
1.1083479323874599 -1.562575
1.1097368403065957 -1.3563973
1.111125748253471 -2.0518818
1.1125146562008013 -3.0144017
1.113903564149041 -3.5475786
1.115292472096371 -3.9220243
1.116681380072805 -3.1680663
1.1180702880203626 -3.3487923
1.11945919596792 -3.4891646
1.1208481039152502 -3.56552
1.1222370118628078 -3.0219717
1.1236259198103653 -3.8610473
1.1250148277576955 -2.9647498
1.1264037357341294 -1.8035626
1.127792643681687 -1.2779557
1.1291815516292445 -0.8933172
1.1305704596056785 -0.65191233
1.1319593675530086 0.82655835
1.1333482755012483 1.8194774
1.1347371834779096 2.297161
1.1361260914245577 2.879513
1.1375149993727973 4.096313
1.1389039073492313 4.0252624
1.1402928152967888 4.6616173
1.141681723273905 4.4504924
1.1430706312207803 4.4876866
1.1444595391972143 4.294682
1.1458484471745578 3.9055731
1.1472373551221153 2.0315561
1.1486262630987767 2.1979764
1.1500151710461068 1.541832
1.1514040790225408 1.1322186
1.1527929869992022 -0.20003821
1.1541818949467597 -0.135902
1.1555708029231937 -0.67885435
1.156959710899855 -1.1902155
1.1583486188765164 -2.5789192
1.1597375268238466 -3.4441023
1.1611264348002805 -4.041535
1.162515342776942 -3.4598384
1.1639042507536033 -3.6565983
1.1652931587307194 -5.190264
1.1666820667073807 -4.310418
1.16807097468336 -4.5176086
1.169459882660476 -4.705309
1.1708487906371374 -3.7271721
1.1722376986128893 -3.4851115
1.1736266065900054 -3.4166238
1.1750155145666668 -2.311228
1.1764044225424186 -2.2146661
1.177793330519762 -1.4512308
1.179182238496196 -0.95471156
1.1805711464730848 -0.9048212
1.181960054450201 -0.34094712
1.183348962455966 0.07480571
1.1847378704324 0.13858427
1.186126778408834 0.026167097
1.1875156863854954 -0.64613056
1.1889045943621568 0.00494731
1.1902935023676946 -0.0970984
1.191682410344356 0.3610344
1.1930713183210173 0.73023486
1.1944602263265551 -0.7211747
1.1958491343029891 0.08505796
1.1972380422803326 0.28855333
1.1986269502858704 -0.84533423
1.2000158582618496 -0.1329813
1.201404766268297 -0.43280017
1.202793674244731 -1.2555438
1.204182582249814 -1.0118142
1.2055714902271575 -2.3047905
1.2069603982326953 -2.0724459
1.2083493062086745 -2.6864488
1.2097382142148945 -3.0251307
1.2111271221915558 -2.6186168
1.2125160301964115 -2.0930102
1.2139049382026315 -3.5091922
1.215293846179975 -2.3043733
1.216682754185058 -2.111965
1.2180716621905958 -3.407981
1.2194605701679393 -3.1038706
1.220849478173477 -2.7701359
1.2222383861792423 -2.6544998
1.2236272941850075 -2.9301784
1.2250162021614415 -2.1125014
1.2264051101672067 -2.45774
1.2277940181729718 -1.79033
1.2291829261791918 -1.8941638
1.230571834184957 -1.1747178
1.2319607421898127 -1.4190434
1.2333496501960326 -1.4332893
1.234738558172694 -0.9933363
1.2361274661775496 -1.3637289
1.237516374183997 0.22930482
1.2389052821897621 -0.19717711
1.2402941901946178 0.41098434
1.2416830982010651 1.0679632
1.243072006206603 0.8778196
1.244460914211686 0.794371
1.2458498222181333 1.9308217
1.247238730253457 1.574973
1.2486276382583128 1.5599523
1.2500165462643054 1.7329293
1.2514054542705253 2.1077328
1.252794362275381 2.0582597
1.2541832702811462 0.46331853
1.2555721782873661 0.3503053
1.256961086321553 0.8964167
1.2583499943270908 0.34982845
1.2597389023335381 0.3629418
1.261127810339076 -0.22549003
1.2625167183741723 0.43947607
1.2639056263797102 -0.7813173
1.2652945343861575 -0.8929
1.266683442420799 -0.07617665
1.2680723504258822 -0.4350056
1.2694612584321021 -0.13715373
1.2708501664669711 -0.08803827
1.2722390744720542 -0.42952183
1.2736279824782741 0.08148159
1.2750168905131432 0.024676941
1.2764057985179988 0.22513239
1.2777947065533226 -0.32091948
1.27918361455977 -0.09274715
1.2805725225939568 0.038684387
1.2819614305994946 -0.67951
1.2833503386350458 0.4301775
1.2847392466401288 -0.201886
1.2861281546747705 0.6086383
1.2875170627103216 -0.92723316
1.2889059707151773 1.1430669
1.2902948787500463 -0.05024798
1.2916837867562663 0.6438059
1.2930726947902258 1.106588
1.2944616028250948 0.7700517
1.2958505108313148 0.64166015
1.297239418866866 1.1073033
1.298628326901735 1.7739383
1.3000172349065906 1.6164589
1.3014061429421417 1.9607439
1.3027950509767834 1.7487845
1.3041839590109703 1.4735235
1.3055728670465214 1.3034074
1.3069617750520592 0.786503
1.3083506830862461 0.06026181
1.3097395911217973 1.3870945
1.311128499157121 0.11021175
1.3125174071910806 -0.33051604
1.3139063152259496 -0.6007107
1.3152952232321695 -1.5902323
1.3166841312663564 -1.404738
1.318073039300998 -1.8687718
1.3194619473365492 -2.3542042
1.320850855370736 -2.4417655
1.3222397634053777 -1.5735425
1.3236286714409289 -2.7288883
1.3250175794751158 -1.7701236
1.3264064875097574 -1.4531977
1.3277953955453086 -1.2893404
1.3291843035799502 -1.0456109
1.3305732116145919 -0.14007443
1.3319621196496882 -0.3084618
1.33335102768433 0.61841375
1.3347399357480754 1.0561613
1.3361288437829444 1.7325716
1.3375177518182682 3.1678874
1.3389066598531372 2.64538
1.3402955678870967 2.3635623
1.3416844759226478 1.7051529
1.3430733839575169 3.0969563
1.3444622920205802 2.265808
1.3458512000561313 2.2919157
1.3472401080916825 2.9083624
1.348629016125642 2.8530478
1.3500179241896149 2.3822787
1.3514068322249386 2.9212375
1.3527957402588981 3.92727
1.3541846482939945 3.139515
1.3555735563584221 2.947941
1.3569624643923817 1.6603291
1.3583513724272507 2.8437493
1.3597402804916783 2.0693464
1.3611291885265473 2.1992877
1.3625180965614163 0.6974515
1.3639070046251618 1.5578065
1.3652959126598034 0.742156
1.3666848207240037 -0.31710467
1.3680737287586453 -0.70531946
1.3694626368223908 -1.0746988
1.3708515448572598 -0.55862874
1.3722404528921288 -1.8690698
1.3736293609558743 -1.4726889
1.375018268990516 -2.4674559
1.3764071770544888 -1.4676224
1.3777960850898125 -1.8255574
1.3791849931544675 -1.234622
1.3805739012177582 -1.2373639
1.3819628092524 -1.6519246
1.3833517173170549 -0.06765297
1.3847406253512418 -0.19443522
1.3861295334149872 -0.4990822
1.3875184414505384 -0.040770598
1.388907349513829 -0.75759405
1.3902962575775746 -0.9640101
1.3930740736768712 -0.7306521
1.3944629817406167 -0.62270534
1.3958518897754857 -1.7304854
1.3972407978394585 -1.0698111
1.398629705903204 -1.7777531
1.4000186139378457 -2.181525
1.4014075220020459 -2.664454
1.4027964300657914 -3.3207178
1.4041853381295368 -3.567487
1.4055742461644058 -3.7773602
1.4069631542283787 -3.8386354
1.4083520622921242 -4.139587
1.4097409703558696 -4.809381
1.4111298783914208 -4.23144
1.4125187864553936 -4.3721104
1.413907694518457 -4.2324533
1.415296602583112 -3.4656203
1.4180744187108303 -4.107936
1.419463326746154 -3.6239343
1.4208522348094448 -3.6771624
1.4222411428731903 -3.3594022
1.4236300509378452 -3.2018034
1.425018959001818 -3.3160088
1.426407867065791 -2.4566076
1.4277967751295364 -2.811562
1.4291856831932819 -1.8337829
1.4305745912572547 -1.4438992
1.4319634993212276 -1.0381602
1.433352407384973 -0.48412105
1.4347413154487185 -0.21088652
1.4361302235129187 0.47726637
1.4375191315766642 1.1726316
1.4389080396404097 1.5407591
1.4402969477043825 1.5526804
1.4416858557683554 1.4922397
1.443074763832783 1.8150666
1.4444636718967558 3.7054157
1.4458525799598192 3.493814
1.4472414880242468 3.1010094
1.448630396088447 2.0664854
1.4500193041515104 3.0617886
1.451408212215938 3.3538587
1.4527971203090146 1.7416317
1.454186028372078 2.2574632
1.455574936436733 1.1014618
1.4569638445004784 1.5617405
1.4583527525646787 0.5288853
1.4597416606291063 -0.25010738
1.4611305686930791 0.6275931
1.4625194767859284 -0.29183167
1.463908384849674 0.6603764
1.4652972929136467 0.59480965
1.4666862009776196 -0.29594448
1.468075109041365 -0.848255
1.4694640171342144 -1.0490085
1.4708529251984146 -1.0624795
1.47224183326216 -2.0982554
1.4736307413259055 -1.072851
1.4750196494196643 -2.5955493
1.4764085574834098 -2.5849395
1.4777974655467006 -2.559905
1.4791863736404594 -3.3631573
1.4805752817042048 -4.206823
1.4819641897674956 -3.5000725
1.4833530978612544 -5.045541
1.4847420059249998 -3.2835236
1.4861309139882906 -4.5440145
1.487519822081822 -3.4915488
1.4889087301457948 -4.191087
1.4902976382088582 -1.3837565
1.4916865463023896 -2.5281348
1.4930754543670446 -1.7381747
1.4944643624310174 -2.7052844
1.4958532705240941 -1.6363078
1.4972421785878396 -1.3596756
1.498631086680689 -0.6073866
1.5000199947446617 -0.91698086
1.5014089028377384 -0.21917178
1.502797810901484 -0.07534216
1.5041867189652294 1.2411788
1.5055756270585334 0.02485576
1.506964535122961 0.5241168
1.5083534432160377 0.6701518
1.509742351279101 0.91882867
1.5111312593726325 1.2732468
1.5125201674366053 1.0733278
1.5139090755287725 2.6720836
1.5152979835934275 0.8999931
1.5166868916865042 1.4683974
1.5180757997495675 1.2471393
1.5194647078433263 2.1774719
1.5208536159070718 2.497557
1.5222425239994664 1.4728081
1.5236314320932252 1.7334062
1.5250203401576528 1.4202355
1.52640924824982 -0.107052624
1.5277981563140202 0.8074844
1.5291870644075516 0.56476814
1.530575972470615 0.37438616
1.5319648805636916 -0.47613385
1.533353788657223 -1.4402632
1.534742696721196 -1.4914647
1.5361316048142726 -1.4405017
1.5375205129071219 -1.5226388
1.5389094209717769 -0.6748011
1.5402983290646262 -1.1930765
1.5416872371570207 -0.69161004
1.5430761452216757 -1.4258385
1.544465053314525 -0.45491406
1.5458539614069196 0.47702792
1.5472428694713471 -0.67420506
1.5486317775644238 -0.43709183
1.550020685656591 -0.103774294
1.5514095937210186 -0.014067049
1.5527985018143227 1.0417366
1.5541874099064898 1.948942
1.5555763179709174 2.1864128
1.5569652260646762 2.158875
1.5583541341570708 1.3828028
1.55974304224992 2.3416271
1.561131950314575 1.9355901
1.5625208584067423 2.2908428
1.563909766499819 1.5373019
1.5652986745935777 2.3745298
1.566687582685745 1.7646397
1.5680764907497178 0.17172529
1.5694653988432492 0.48370382
1.5708543069363259 -1.0466839
1.5722432150291752 -1.3945453
1.5736321230929207 -1.936067
1.5750210311866795 -1.6020938
1.5764099392797561 -3.6574924
1.5777988473719233 -4.1842914
1.5791877554656821 -3.9599338
1.5805766635585314 -5.1427584
1.5819655716218222 -5.1038356
1.583354479715581 -5.8217916
1.5847433878084303 -6.401938
1.5861322959008248 -6.371777
1.5875212039945836 -4.8877034
1.588910112088115 -5.3939385
1.5902990201802822 -5.1272607
1.591687928273359 -5.049594
1.5930768363377865 -4.07557
1.594465744430181 -3.2868614
1.5958546525230304 -2.653725
1.5972435606167892 -2.1189387
1.5986324687091837 -0.56375486
1.600021376802033 -0.89838374
1.6014102848957918 0.8730511
1.6027991929886412 0.53115034
1.6041881010817178 1.562575
1.6055770091747945 2.579098
1.6069659172676438 2.7438495
1.6083548253604931 3.5156298
1.6097437334537972 3.609569
1.6111326415175427 3.5205173
1.612521549610392 4.2841916
1.6139104577034686 4.076762
1.615299365797 5.3225303
1.6166882738900767 6.1559434
1.618077181982244 4.398039
1.6194660900760027 4.9204273
1.6208549981697615 5.436855
1.622243906262156 5.849091
1.6236328143550054 6.1123114
1.6250217224487642 5.373911
1.6264106305409314 5.1756606
1.627799538634008 5.059429
1.6291884467275395 5.1687465
1.6305773548197067 5.5780025
1.6319662629130107 4.179046
1.6333551710065422 3.7335498
1.6347440791287227 3.1770668
1.636132987221572 3.38545
1.6375218953144213 2.3502104
1.638910803407498 2.9441261
1.6402997115005746 1.0758313
1.641688619593424 0.096979186
1.6430775276862732 0.70877665
1.6444664357795773 -0.41563362
1.6458553438724266 0.20903873
1.647244251965276 -1.278373
1.6486331600583526 -2.6190937
1.6500220681514293 -2.4625084
1.6514109762442786 -3.0856907
1.6527998843380374 -3.5435255
1.6541887924599905 -3.5018606
1.6555777005528398 -3.4262204
1.6569666086465986 -5.106339
1.6583555167389932 -4.7048917
1.6597444248318425 -4.9619727
1.6611333329256013 -4.227864
1.6625222410179958 -4.327406
1.6639111491108451 -4.057867
1.665300057204604 -2.5400562
1.666688965326557 -3.1407666
1.6680778734196338 -2.38967
1.6694667815127104 -1.4402035
1.6708556896055597 -1.0966933
1.672244597698409 0.15122078
1.6736335057914857 0.3989439
1.6750224138845624 1.0052576
1.6764113220065155 1.6358906
1.6778002300993649 1.9767184
1.679189138192669 1.7056297
1.6805780462855182 2.7406306
1.6819669543783675 2.085917
1.6833558624714442 3.0398536
1.6847447705940795 2.2551982
1.6861336786871561 2.6961646
1.6875225867793233 3.4039278
1.6889114948730821 2.7676919
1.6903004029661588 3.0187528
1.6916893110883393 3.1418993
1.6930782191818707 4.3135176
1.694467127274038 4.1612835
1.6958560353671146 4.248547
1.697244943460646 4.629549
1.6986338515828265 5.3232455
1.7000227596759032 4.727661
1.7014116677687525 4.249739
1.7028005758618292 4.157588
1.7041894839549059 4.7561526
1.705578392076859 5.153964
1.7069673001697083 4.882041
1.708356208262785 3.751551
1.7097451163558617 3.6964748
1.7111340244778148 3.6629763
1.7125229325706641 2.8782017
1.7139118406639682 3.4466057
1.7153007487568175 3.5424526
1.7166896568796801 2.6542017
1.7180785649725294 2.5969799
1.719467473064924 2.7949915
1.7208563811584554 2.4042137
1.722245289280636 2.6023443
1.723634197372803 2.52283
1.7250231054663345 3.562957
1.7264120135596386 1.4858022
1.7278009216809096 1.1658365
1.729189829774441 2.53797
1.7305787378681998 2.785097
1.7319676459610491 2.690323
1.7333565540832296 2.6727989
1.7347454621763063 2.0480075
1.7361343702691556 1.7033646
1.7375232783913361 1.9180659
1.7389121864844128 1.4406209
1.7403010945772621 1.0348222
1.7416900026701114 1.7862172
1.743078910792292 0.49526745
1.7444678188853686 0.8825881
1.745856726978218 0.7190289
1.747245635100171 0.078262866
1.7486345431939299 -0.055076074
1.7500234512870065 0.41193804
1.7514123593791737 -1.246126
1.7528012675020364 -1.3827432
1.7541901755948857 -1.015629
1.7555790836872802 -0.61120135
1.7569679918101428 -0.8191672
1.7583568999029922 -1.9287951
1.7597458079953867 -1.330111
1.7611347161182493 -1.9196157
1.7625236242117808 -0.31323028
1.763912532303948 -1.6596138
1.7653014404261285 -0.41652772
1.76669034851966 0.5927831
1.7680792566120545 0.40645427
1.7694681647340076 -0.33129093
1.7708570728277664 0.59552497
1.772245980920843 0.37808174
1.7736348890139197 0.80378884
1.7750237971358729 1.4827027
1.7764127052296317 1.0692745
1.777801613322481 1.1816918
1.7791905214439794 2.4800327
1.7805794295375108 3.4098885
1.7819683376305875 2.87546
1.7833572457520859 3.209731
1.7847461538456173 3.3977287
1.786135061938694 2.6793556
1.787523970059965 3.159662
1.7889128781534964 3.373052
1.790301786246573 2.690204
1.7916906943678441 3.2570584
1.793079602461603 2.1891546
1.7944685105553617 1.6323142
1.79585741867686 1.4821067
1.7972463267697094 0.8371683
1.7986352348634682 0.7737473
1.8000241429847392 -0.4893664
1.801413051077816 -2.7132714
1.8028019592004512 -0.96937466
1.8041908672926183 -1.4123079
1.8055797753859224 -1.6541301
1.8069686835085577 -2.1234093
1.8083575916016343 -2.742121
1.8111354078164368 -2.6190937
1.8125243159101956 -2.0987918
1.8139132240030449 -2.7431343
1.8153021321245433 -1.2943473
1.816691040218302 -1.0651022
1.8180799483111514 -0.8416983
1.8194688564326498 -0.7650448
1.8208577645264086 -0.2387822
1.8222466726192579 1.4598141
1.8236355807407563 1.7078947
1.8250244888342877 1.4678012
1.8278023050493175 0.63128865
1.8291912131421668 1.9649165
1.8305801212359256 2.3570056
1.831969029357424 0.5034931
1.8333579374502733 1.118986
1.834746845573136 0.9193055
1.8361357536655305 1.0413789
1.8375246617583798 0.6875568
1.8403024779740917 -1.2249062
1.841691386066941 -1.0016216
1.843080294189349 -0.37683
1.8444692022821982 -0.3104884
1.8458581103750475 0.6383222
1.847247018497228 -0.9878526
1.8486359265907595 0.009656195
1.8500248346838362 0.15408188
1.8514137428051072 1.2604911
1.852802650898866 1.6484078
1.8541915590210465 1.4292957
1.8555804671132137 1.2904133
1.8569693752069725 2.2153814
1.858358283329835 1.7787068
1.861136099515079 2.3400774
1.8625250076377142 1.3876905
1.8639139157298814 1.752957
1.8653028238231855 1.887786
1.8666917319458207 2.0475307
1.8694695481310646 0.8015238
1.8708584562536998 0.6950672
1.8722473643467765 -0.18460022
1.8736362724398532 -1.1320398
1.8750251805618063 -0.840387
1.8764140886546556 -1.3523442
1.8778029967479597 -1.6809528
1.8791919048699128 -2.2506683
1.8805808129627621 -1.9862554
1.8819697210558388 -2.0174294
1.8833586291780193 -1.6895956
1.8847475372708686 -0.6160295
1.886136445363718 -0.24772313
1.8875253534861258 0.52626264
1.8889142615796572 0.17422874
1.8903031696731887 0.30250117
1.891692077794687 -0.072600275
1.8930809858875364 0.3445831
1.8944698939812952 1.6796415
1.8958588021027936 0.87221664
1.8972477101956429 1.5375403
1.8986366182894017 1.0758313
1.9000255264109 0.53293854
1.9014144345037494 1.9975805
1.9028033425975082 0.6006511
1.9041922507194613 0.35412008
1.9055811588123106 0.2824735
1.9069700669053873 0.481558
1.9083589750275678 0.44805935
1.909747883120417 -0.057043076
1.9111367912132664 0.34100673
1.9125256993356743 1.0677248
1.9139146074285236 0.71974415
1.915303515521373 -0.14710796
1.9166924236435534 1.4911667
1.9180813317370848 1.2383176
1.9194702398301615 1.3398864
1.9208591479514325 1.1781154
1.9222480560451913 0.6701518
1.923636964138268 0.33731115
1.925025872259539 0.17625536
1.9264147803532978 0.3989439
1.9278036884461471 -0.8895024
1.9291925965392238 0.17589772
1.930581504661859 -0.72850627
1.9319704127542536 -0.36222652
1.933359320847103 -0.85230815
1.9347482289699656 -2.2336805
1.9361371370630422 -1.548806
1.937526045156119 -2.890123
1.9389149532489682 -2.9688625
1.9403038613709214 -3.1186528
1.941692769463998 -2.1422448
1.9430816775570747 -2.6082454
1.9444705856790279 -3.6576116
1.9458594937718772 -2.6782231
1.9472484018651812 -1.89172
1.9486373099580305 -2.4532099
1.9500262180808932 -3.3605943
1.9514151261737425 -2.6311939
1.952804034266137 -2.203162
1.9541929423887723 -1.152127
1.955581850481849 -0.6044659
1.9569707585740161 0.07075249
1.9583596666675476 0.39524832
1.9597485747899555 0.37808174
1.9611374828821226 2.3540254
1.962526390975654 3.039496
1.9639152990687307 2.8576972
1.9653042071900018 3.7575116
1.9666931152837606 5.1098557
1.9680820233775194 4.053396
1.9694709314703687 5.126188
1.9708598395925492 5.271388
1.9722487476856259 4.3641825
1.9736376557784752 5.1501493
1.9750265638713245 4.0001087
1.976415471993505 3.1209178
1.9778043800865817 2.7619698
1.979193288179431 0.5707288
1.9805821962722803 1.1856258
1.981971104366039 -0.33164856
1.9833600124882196 -0.5459326
1.9847489205803868 -1.7152859
1.9861378286741456 -2.4719262
1.9875267367669949 -3.7508953
1.9889156448884933 -4.2754292
1.990304552982252 -4.5305433
1.9916934610751014 -4.813732
1.993082369167496 -4.8922935
1.9944712772612547 -5.729998
1.9958601853832079 -4.526252
1.9972490934756024 -4.399827
1.9986380015691338 -4.76867
2.0000269096626653 -3.895619
2.00141581775506 -3.5221865
2.002804725877013 -2.7660825
2.0041936339707718 -2.3469918
2.0055825420631663 -1.7006228
2.0069714501560156 -1.12292
2.0083603582497744 -0.80855733
2.0097492663426237 -0.90714586
2.0111381744648043 1.4239311
2.012527082557881 1.8806334
2.0139159906516397 1.855122
2.015304898744489 1.4565953
2.0166938068368836 1.897323
2.018082714930415 2.3084862
2.0194716230525955 1.6972848
2.0208605311447627 2.2261105
2.022249439238294 2.6449032
2.023638347331371 2.390266
2.025027255423538 1.2856449
2.026416163517297 1.5427858
2.0278050716110556 0.8778196
2.029193979732554 0.29773268
2.0305828878254033 0.3998976
2.031971795919162 -0.7125318
2.0333607040113293 -0.43828395
2.034749612104406 -1.3820876
2.0361385201979374 -1.9718904
2.0375274282901046 -2.3348918
2.0389163363834086 -2.303062
2.04030524447694 -2.6555727
2.041694152598211 -1.7281011
2.0430830606912878 -1.6166377
2.044471968784819 -2.5232472
2.045860876878578 -1.6672434
2.0472497849714273 -0.83698946
2.048638693063822 -0.30560067
2.0500276011575806 0.6987628
2.05141650925043 -0.2807449
2.0528054173428245 1.4577874
2.0541943254365833 1.9633667
2.0555832335294326 2.6301208
2.056972141621827 2.614504
2.0583610497444624 2.8414843
2.059749957837994 4.429988
2.0611388659303884 4.5298877
2.0625277740232377 3.9456286
2.0639166821169965 4.342725
2.065305590209391 4.0027313
2.0666944983022404 4.334857
2.068083406395999 3.9686365
2.0694723144883937 3.8848302
2.070861222581243 1.949538
2.072250130675002 1.6599715
2.073639038767851 1.0722549
2.075027946860928 -0.43125042
2.0764168549540045 -0.022829153
2.077805763046854 -0.9525061
2.079194671139703 -1.1480142
2.08058357923278 -2.137953
2.0819724873258565 -2.6209414
2.083361395418706 -2.1143491
2.084750303511555 -2.242979
2.086139211605314 -2.6038346
2.0875281196983906 -3.310406
2.0889170277905578 -2.5547192
2.0903059358843166 -3.2322025
2.0916948439780754 -2.408267
2.0930837520702426 -1.5126846
2.0944726601633192 -2.1962478
2.095861568257078 -2.2267065
2.097250476349245 -1.7405589
2.098639384442322 -1.6701045
2.1000282925358533 -1.745685
2.1014172006280205 -0.939512
2.1028061086919934 -1.5087506
2.104195016785525 -0.93533957
2.1055839248786015 -1.4241099
2.106972832971678 -0.62926203
2.1083617410645275 -1.4483696
2.109750649157604 -0.60303533
2.111139557250681 -0.8295387
2.11252846534353 -0.52828926
2.1139173734363794 -1.5497
2.115306281529456 -1.1976662
2.116695189622533 -1.405632
2.118084097715382 -0.88544923
2.1194730057791276 -1.7807931
2.1208619138724316 -1.1583858
2.122250821965281 -1.1532596
2.1236397300590397 -1.1825858
2.125028638151889 -1.7498574
2.1264175462447383 -1.0903751
2.127806454338497 -1.4658939
2.1291953624308917 -1.4276863
2.130584270494637 -2.0711346
2.131973178588396 -2.4441497
2.1333620866807905 -2.2327268
2.13475099477364 -1.3459066
2.1361399028673986 -2.2066789
2.137528810960248 -1.8796201
2.1389177190239934 -1.6532955
2.14030662711707 -1.1953416
2.1416955352101468 -1.034107
2.143084443302996 -0.5856303
2.1444733513960728 -1.3477545
2.1458622594600456 -0.83019435
2.147251167552895 -1.254888
2.148640075645744 -0.48966444
2.150028983738821 -0.21291313
2.1514178918323523 -0.39608282
2.152806799896325 -0.42207107
2.1541957079884924 0.3563851
2.155584616082251 0.7824498
2.156973524175328 0.88020384
2.158362432238391 0.69065636
2.15975134033215 1.72375
2.1611402484249993 2.1415892
2.162529156517394 2.2969227
2.163918064582049 1.6757075
2.165306972674898 1.8191198
2.1666958807677474 2.2628279
2.1680847888615062 0.80140454
2.169473696925479 1.5358714
2.1708626050185558 1.9401202
2.172251513111405 1.4298917
2.1736404211751505 1.4468199
2.1750293292682272 0.6956633
2.176418237361304 -0.07510374
2.177807145454153 -0.3222308
2.179196053518126 -0.92735237
2.1805849616112027 -1.2277673
2.181973869704052 -2.0804331
2.183362777768707 -2.3253548
2.1847516858615563 -3.2738674
2.186140593953951 -3.4594212
2.187529502018606 -4.408649
2.188918410111455 -4.5832353
2.1903073182038497 -4.4891768
2.1916962262682773 -6.053778
2.193085134361354 -5.2273393
2.1944740424244173 -5.5060577
2.1958629505179488 -4.4236693
2.1972518586117076 -5.116532
2.1986407666749983 -4.599448
2.2000296747678476 -5.1272607
2.2014185828616064 -3.948132
2.202807490924897 -3.6076021
2.2041963990177464 -2.5386853
2.2055853070824014 -1.7955754
2.2069742151752507 -0.73506296
2.208363123238996 -0.31507808
2.209752031332073 -0.02902819
2.2111409394251496 0.9151331
2.212529847488895 1.4409785
2.2139187555819717 1.037445
2.2153076636463993 2.5386853
2.216696571739476 2.6722028
2.2180854798025393 2.4377124
2.219474387896298 1.903522
2.2208632959600436 1.8002843
2.222252204052438 0.9977472
2.223641112117093 0.5957634
2.2250300202099424 0.78376114
2.226418928273233 -0.1543203
2.227807836366992 -1.0538962
2.2291967444314196 -1.3773787
2.2305856525235868 -2.242979
2.2319745605875596 -2.729544
2.233363468681091 -2.9974139
2.2347523767443818 -3.2081218
2.236141284837231 -3.8970494
2.237530192901886 -3.419664
2.2389191009942806 -3.4650836
2.240308009058026 -2.762685
2.241696917151785 -2.8693204
2.24308582521644 -2.5502489
2.2444747332801853 -1.9933486
2.24586364137258 -1.5082141
2.247252549437235 -0.29278535
2.248641457530084 -1.084355
2.250030365593375 0.13536555
2.2514192736869063 -0.6845169
2.252808181750879 -0.21404564
2.2541970898139425 0.063122906
2.255585997907474 0.014901535
2.256974905971447 -0.028193705
2.25836381403451 0.98046136
2.259752722128269 1.3667092
2.261141630192924 1.0791693
2.2625305382853185 0.48012745
2.263919446349064 0.9915482
2.265308354413719 2.2654505
2.266697262505886 2.1573253
2.268086170569859 2.7928457
2.269475078634514 2.1344364
2.270863986726681 1.7783492
2.272252894790654 2.515558
2.2736418028550816 1.0866796
2.2750307109190544 2.3003798
2.2764196190119037 2.1165545
2.277808527075649 1.8728846
2.279197435139622 0.6914908
2.2805863432326987 0.30607754
2.281975251296444 1.0338686
2.283364159361099 0.4076464
2.2847530674248446 -0.058175594
2.286141975517239 -0.18001054
2.287530883581894 -0.53454787
2.2889197916463218 -1.7587984
2.290308699709385 -0.8406254
2.291697607802462 -1.6646208
2.2930865158668894 -0.9927999
2.29447542393018 -1.3247465
2.295864331994153 -1.7341214
2.2972532400585806 -2.3518198
2.298642148150975 -2.950504
2.3000310562147206 -2.1062427
2.3014199642793756 -2.198334
2.3028088723426663 -3.0365155
2.3041977804064118 -3.3127902
2.3055866884710667 -2.9638557
2.306975596563916 -3.914991
2.308364504627889 -3.999453
2.3097534126918617 -3.4823694
2.311142320755607 -3.456739
2.3125312288193527 -2.8056014
2.3139201368833255 -3.2468657
2.3153090449472984 -2.07638
2.316697953011044 -2.4428384
2.3180868611041205 -1.8367037
2.3194757691680934 -2.0953944
2.320864677232521 0.4696368
2.322253585296494 -0.7841784
2.3236424933602393 0.102462955
2.3250314014248943 0.1398956
2.3264203094879576 1.7543875
2.3278092175519305 2.1004608
2.3291981256165855 1.6648592
2.330587033679649 2.7644732
2.3319759417436217 1.7779915
2.3333648498080493 2.46227
2.334753757872022 2.415062
2.3361426659357676 2.0096211
2.337531573999513 2.8722413
2.338920482063486 2.5776675
2.3403093901274588 3.1269977
2.3416982981912042 3.1054204
2.343087206255177 1.5358714
2.34447611431915 2.488616
2.3458650223828954 1.7596328
2.347253930446641 1.4875904
2.3486428385106137 1.141994
2.3500317465745866 0.5756165
2.351420654638332 0.2978519
2.352809562702987 -0.22954325
2.3541984707667325 -1.2805784
2.3555873788300232 -1.7736999
2.356976286894678 -3.3498056
2.3583651949584237 -3.798282
2.3597541030217144 -4.40692
2.361143011057038 -4.3076167
2.362531919121011 -5.0543027
2.3639208271847565 -5.3652678
2.3653097352494115 -6.131445
2.366698643313157 -6.402713
2.36808755137713 -5.958289
2.3694764594411026 -5.714441
2.370865367504848 -5.140076
2.3722542755394898 -4.4185433
2.3736431836034626 -3.422525
2.3750320916674355 -4.0663905
2.376420999731181 -3.074425
2.3778099077951538 -1.2195417
2.379198815830023 -0.97438157
2.3805877238944504 -1.1769829
2.3819766319584232 0.8933172
2.3833655400214866 1.4993924
2.384754448085914 3.0856311
2.3861433561210106 3.6053967
2.387532264184074 3.8277276
2.3889211722485015 4.3585796
2.3903100803124744 4.67938
2.391698988346434 5.3373127
2.393087896411089 4.905645
2.3944768044748344 5.7594433
2.395865712538125 3.9525428
2.397254620573676 4.7499537
2.398643528638331 3.3577929
2.4000324367013945 3.10697
2.4014213447362636 3.445652
2.402810252800691 2.6760175
2.404199160864664 2.4818208
2.4055880688993057 2.470138
2.406976976963051 1.6188432
2.408365885027024 -0.052036162
2.409754793061893 0.0863693
2.4111437011256385 0.90595376
2.4125326091902934 0.16075777
2.413921517224935 -0.8967148
2.415310425288226 -0.98022294
2.416699333323777 -1.2598951
2.4180882413875224 -2.1302044
2.419477149450813 -2.3781657
2.4208660574863643 -2.4289503
2.4222549655501098 -3.2682047
2.4236438735842967 -2.1492188
2.4250327816487243 -2.920999
2.426421689684048 -1.7540299
2.4278105977473388 -1.2911881
2.4291995058110842 -1.0599164
2.4305884138466354 -1.959671
2.431977321909926 -0.31871405
2.4333662299445677 0.26888332
2.4347551380092227 1.496293
2.4361440460434096 2.2283754
2.437532954107155 3.748213
2.4389218621427062 3.5453136
2.4403107702064517 4.5326295
2.4416996782410934 4.473262
2.4430885862759624 4.765809
2.44447749434039 4.365136
2.4458664023754864 4.7232504
2.4472553104385497 4.819097
2.4486442184738735 4.832806
2.4500331265378463 3.0095735
2.451422034571806 2.716669
2.452810942607357 0.966752
2.4541998506711025 0.49133343
2.4555887587052894 -0.2871228
2.4569776667699443 -2.0348344
2.4583665748054955 -3.0229254
2.459755482839455 -3.3988016
2.461144390903428 -5.4767313
2.4625332989387516 -4.632351
2.463922206972711 -5.687558
2.465311115036684 -6.4638686
2.4667000230720078 -7.675721
2.4680889311061947 -8.2652855
2.4694778391701675 -8.174624
2.4708667472054913 -7.513116
2.4722556552403603 -7.763759
2.473644563304333 -7.5548396
2.4750334713389748 -6.733169
2.4764223793736164 -6.404799
2.4778112874084854 -5.071052
2.4792001954724583 -3.8662927
2.4805891035080094 -3.2463293
2.483366919576838 -0.046969637
2.4847558276412656 0.68028486
2.4861447356765893 2.0793602
2.4875336437107762 4.037184
2.488922551745418 4.9058833
2.490311459810073 6.211854
2.4917003678442597 6.526098
2.4930892758789014 7.9287496
2.4944781839144525 8.531844
2.4958670919486394 8.821411
2.497255999983281 8.73224
2.498644908047936 8.737366
2.5000338160818956 9.043742
2.5014227241167646 7.7885556
2.5028116321523157 8.399518
2.5042005401869574 6.819956
2.505589448221599 6.866806
2.506978356256468 5.2467113
2.508367264291337 4.8134937
2.5097561723259787 3.8972282
2.5111450803606203 4.01346
2.512533988424593 1.9946003
2.513922896459462 1.9650357
2.515311804494104 1.4571913
2.516700712528973 0.4291046
2.5180896205642966 -0.39572516
2.5194785285991657 -0.8208958
2.5208674366340347 -0.31281304
2.5222563446693584 -0.4814984
2.523645252703318 -0.9750372
2.5250341607384144 -1.8035626
2.526423068773738 -2.4185789
2.5278119768076976 -3.0526688
2.5292008848425667 -3.4006495
2.5305897928778904 -2.1555965
2.5319787009127595 -1.8140533
2.5333676089476285 -2.438368
2.5347565169531663 -2.465489
2.536145424987808 -1.9346961
2.5375343330229043 -2.2749279
2.538923241057546 -1.8585792
2.5403121490921876 -1.0614662
2.551423413342036 0.8933172
2.552812321376223 0.31168053
2.5542012294115466 0.58193475
2.555590137417312 0.5650066
2.5569790454512713 1.3406017
2.558367953486595 1.4854445
2.559756861521464 1.3864985
2.561145769556333 0.8114184
2.5625346775627804 0.3350461
2.563923585597422 -0.19509089
2.5653124936320637 1.1448551
2.5667014016669327 0.4027587
2.568090309672698 0.08231608
2.5694792177073396 0.45926532
2.570868125741981 0.9485125
2.5722570337479738 0.25684285
2.5736459417826154 0.59862447
2.575034849817257 0.12880887
2.5764237578230222 0.5075463
2.577812665858346 -0.38946652
2.579201573893215 0.65226996
2.5805904818980707 0.041307054
2.581979389933622 -0.11480143
2.583368297968491 -1.1067668
2.5847572059733466 -0.53615725
2.5861461140088977 -0.31072682
2.5875350220435394 -0.45491406
2.5889239300486224 -1.1856258
2.5903128380841736 -1.3075799
2.5917017460903935 -1.6403611
2.593090654124353 -1.1552266
2.5944795621303456 -1.0101453
2.5958684701656694 -1.3813127
2.597257378199629 -1.5046973
2.598646286205394 -1.6991922
2.600035194240718 -1.3063878
2.601424102246483 -1.9942427
2.602813010281352 -1.3877501
2.60420191828689 -2.5520966
2.6055908263215315 -1.1566571
2.606979734327524 -1.7140937
2.6083686423621657 -1.31211
2.609757550368613 -1.1148732
2.611146458374151 -0.75014323
2.6125353664083377 0.14740598
2.6139242744145577 0.14919417
2.6153131824494267 0.46546435
2.6167020904542824 1.9117477
2.618090998489606 1.8873092
2.6194799064955987 2.0831752
2.6208688145004544 2.9714255
2.622257722535778 3.2992597
2.6236466305422255 4.114195
2.6250355385764124 3.6764472
2.62642444658195 4.561479
2.6278133545883975 3.386642
2.629202262622357 5.0929275
2.630591170628122 4.0195403
2.6319800786345695 3.5637915
2.633368986668529 4.1908484
2.634757894674294 4.1705823
2.636146802680514 2.8883348
2.637535710686734 2.5885158
2.638924618721603 1.897323
2.640313526726459 0.93349177
2.641702434732906 0.41229567
2.6430913427386713 0.13727294
2.644480250772631 -1.0413193
2.645869158779078 -1.2796843
2.647258066784616 -2.823066
2.648646974789699 -2.524797
2.65003588282525 -2.5355856
2.6514247908316975 -3.2758343
2.652813698836553 -3.0815778
2.6542026068423183 -2.2714112
2.6555915148485383 -3.2894843
2.656980422853394 -2.691396
2.658369330888263 -1.1251255
2.659758238894483 -0.90374833
2.661147146899566 -0.92735237
2.662536054905104 -0.9497642
2.663924962911551 -0.118437394
2.6653138709173163 -0.20689292
2.6667027789230815 0.65048176
2.6680916869286193 0.05418198
2.669480594934157 1.0831032
2.6708695029399223 1.5529188
2.6722584109747913 1.4344218
2.673647318980329 1.0165827
2.675036226985867 0.85600376
2.6764251349918595 0.12344432
2.6778140429980795 0.28986466
2.6792029510038446 -0.09346242
2.6805918590087003 -0.25362414
2.6819807670149203 -0.6793908
2.6833696750213676 -1.5400438
2.6847585830264507 -2.40934
2.6861474910319885 -3.8763661
2.687536399009332 -4.0204344
2.688925307014415 -4.354288
2.690314215019953 -3.8804193
2.6917031230264 -4.37366
2.693092031031256 -4.6225157
2.694480939037021 -5.2740703
2.695869847043241 -4.9700794
2.697258755049006 -4.05286
2.698647663054544 -4.263389
2.700036571060309 -3.9089708
2.7014254790369705 -3.4445195
2.7028143870425083 -4.320611
2.704203295048046 -3.666493
2.7055922030538113 -3.173431
2.7069811110595765 -1.952876
2.7083700190651143 -1.4886633
2.7097589270415483 -2.021602
2.7111478350479956 -1.6040609
2.712536743053761 -1.3335085
2.7139256510586165 -0.38183692
2.715314559065064 0.2759168
2.716703467041498 0.31644902
2.718092375047263 0.7891257
2.719481283053483 1.038637
2.720870191029462 1.2138791
2.722259099035 1.7872901
2.7236480070414473 2.2850013
2.7250369150472125 2.3376932
2.726425823023874 2.3320901
2.7278147310294116 2.6468105
2.7292036390349494 1.5049953
2.730592547011611 3.2491903
2.731981455017376 2.1198924
2.733370363022914 2.390862
2.734759270999575 3.2859077
2.7361481790053404 2.3246992
2.7375370869817743 1.8375977
2.738925994987312 2.2374356
2.7403149029930773 1.7236308
2.7417038109697387 2.0192773
2.7430927189759586 1.4269115
2.74448162695262 1.7040799
2.745870534957703 1.4631519
2.747259442934819 1.2876714
2.7486483509405844 1.206011
2.750037258916336 1.3479929
2.751426166922556 0.891529
2.7528150748992175 0.30226275
2.754203982904073 2.0755455
2.7555928908814167 2.0703
2.756981798887864 1.69347
2.758370706864298 1.5057107
2.759759614870063 1.8094636
2.7611485228467245 1.1586838
2.7625374308522623 0.88008463
2.7639263388286963 0.4784585
2.7653152468053577 0.84622836
2.766704154811123 -0.36532605
2.768093062787557 -0.9702687
2.769481970793322 -0.19181256
2.770870878770438 -0.3484575
2.7722597867470995 -0.88854873
2.773648694751955 -1.7090272
2.7750376027292987 -2.3658273
2.7764265107057327 -1.7554604
2.7778154187108157 -2.2888162
2.779204326688159 -4.31316
2.780593234664593 -4.0663905
2.7819821426696763 -3.628643
2.7833710506470197 -5.2003374
2.784759958624136 -5.1911583
2.7861488665998877 -5.5741277
2.787537774605653 -4.7863135
2.788926682582769 -5.385951
2.7903155905587482 -5.0856557
2.791704498535182 -5.087861
2.7930934065125257 -6.0538974
2.7944823145176088 -5.027361
2.7958712224940427 -4.9344945
2.797260130471386 -4.931872
2.7986490384487297 -4.389098
2.8000379464251637 -3.868498
2.8014268544302467 -3.368939
2.8028157624075902 -2.5432749
2.804204670384024 -2.4846225
2.8055935783600034 -1.1421728
2.8069824863371196 -0.36991572
2.808371394313781 0.57227856
2.8097603022895328 0.82369727
2.811149210266649 1.9560947
2.8125381182433102 2.0501533
2.813927026219062 3.6382992
2.8153159341964056 3.1711063
2.816704842173749 4.12099
2.818093750178832 3.7203174
2.819482658155266 4.255223
2.8208715661326096 4.703103
2.8222604741083614 4.7318335
2.823649382085023 4.249024
2.825038290033035 4.7593713
2.826427198008787 4.065437
2.8278161059856757 4.9831333
2.829205013962792 2.5579977
2.830593921939453 4.2660713
2.831982829915887 3.051298
2.833371737892321 3.0831275
2.8347606458696646 3.2208178
2.8361495538460986 2.7225103
2.837538461822078 2.2997837
2.8389273697994213 0.2570813
2.8403162777758553 0.51767933
2.8417051857227307 0.21952942
2.843094093700074 -0.43125042
2.8444830016771903 -0.6305734
2.845871909652942 -2.002528
2.8472608176296035 -2.8249137
2.8486497256067196 -2.4826555
2.850038633553595 -2.7971373
2.8514275415302563 -1.9315369
2.8528164495073725 -3.639253
2.8542053574833517 -2.707132
2.855594265430682 -2.536599
2.8569831734080253 -2.0571272
2.8583720813844593 -1.3841738
2.8597609893611207 -1.3188454
2.861149897308678 -0.28521538
2.862538805285112 -0.59677666
2.8639277132617735 0.7841188
2.865316621209331 0.62342066
2.866705529185765 0.71843284
2.868094437162199 0.7785158
2.8694833451097566 1.5971465
2.870872253086418 2.6521752
2.8722611610637614 3.0330584
2.8736500690110915 2.3592706
2.8750389769875255 3.5209942
2.876427884935765 3.186127
2.8778167929117444 2.759347
2.8792057008881784 3.1780207
2.880594608836418 2.9080048
2.88198351681217 2.3818018
2.8833724247597274 2.7406306
2.884761332737071 2.0359669
2.886150240683719 0.4807235
2.8875391486603803 0.44782093
2.8889280566083926 0.5018241
2.890316964585054 -0.6961997
2.891705872532384 -1.3429263
2.893094780508818 -2.673991
2.8944836884563756 -3.1845176
2.895872596433037 -4.167125
2.897261504380367 -3.7556043
2.8986504123279246 -5.317166
2.900039320304586 -6.063494
2.901428228251916 -5.172621
2.90281713622835 -5.3265834
2.90420604417659 -5.2197094
2.90559495212392 -5.8756757
2.906983860099899 -4.5267286
2.908372768048139 -3.8313038
2.909761675995469 -4.4702816
2.911150583971448 -4.373362
2.912539491919688 -3.2615886
2.913928399867018 -2.785693
2.915317307843452 -1.6857808
2.9167062157916916 -0.547542
2.918095123739022 -1.2708626
2.9194840316868067 0.8687595
2.9208729396632407 2.0260723
2.922261847610571 3.4548314
2.9236507555581284 2.621776
2.925039663505686 4.343321
2.92642857148212 4.092856
2.92781747942945 4.8856173
2.9292063873770076 5.043216
2.930595295324565 6.284335
2.9319842032728047 5.1325064
2.9333731112492387 5.916804
2.934762019196114 4.4770765
2.9361509271441264 4.7734385
2.937539835091684 3.8463247
2.938928743038332 2.8405306
2.9403176509863442 1.8631092
2.9417065589339018 0.22477476
2.94309546688055 -0.16284397
2.9444843748287894 -1.940001
2.945873282777029 -2.8836856
2.9472621907530083 -3.8607492
2.9486510987003385 -4.254746
2.950040006648578 -6.305257
2.951428914595226 -6.033214
2.9528178225427837 -6.8483877
2.9542067304910233 -6.2427893
2.9555956384383535 -6.712546
2.9569845463856836 -7.3335223
2.958373454333241 -6.8479705
2.959762362251695 -5.840925
2.961151270199025 -6.06713
2.962540178146355 -5.836753
2.963929086094595 -4.768372
2.9653179940421523 -3.6285238
2.9667069019888004 -2.958372
2.96809580993704 -2.5092397
2.96948471788437 -1.349185
2.9708736258312456 -0.023246394
2.9722625337794852 0.66872126
2.9736514416977116 1.1028924
2.975040349644587 1.0466243
2.9764292575928266 2.3062212
2.977818165540839 3.3800852
2.979207073487487 3.268622
2.9805959814059406 3.4137032
2.981984889353953 4.4011383
2.9833737973008283 4.5910435
2.9847627052481585 4.4225965
2.9861516131672943 3.8384566
2.9875405211141697 4.7907243
2.9889294290615 4.660902
2.9903183370097395 4.042548
2.991707244927966 5.1059217
2.9930961528755233 2.704748
2.994485060823081 1.7160012
2.9958739687419893 1.8870708
2.997262876689547 2.415658
2.998651784636195 2.0171313
3.0000406925551033 0.8518313
3.001429600502888 -0.56208587
3.0028185084495362 -1.3819684
3.0042074163684447 -1.250835
3.0055963243166843 -2.1248398
3.006985232234456 -2.2898295
3.008374140181786 -2.8528094
3.009763048100922 -4.180298
3.01115195604757 -3.5813754
3.0125408639660236 -3.4973307
3.0139297719142633 -3.401186
3.0153186798609113 -3.439036
3.016707587779365 -3.190061
3.0180964956982734 -2.5507257
3.019485403645831 -3.0551126
3.0208743115640573 -2.3493164
3.0222632195113874 -2.102726
3.0236521274300685 -1.2530999
3.0250410353773987 -0.7950863
3.026429943295625 -0.8947478
3.0278188512431825 -0.53609765
3.029207759161636 -0.3039317
3.0305966670798625 0.72630084
3.031985575028102 1.3352371
3.033374482947238 1.464821
3.034763390864782 1.245828
3.0361522988123397 2.053372
3.037541206731248 2.4602435
3.0389301146487924 2.0705385
3.04031902259635 1.7555796
3.0417079305152583 1.2746774
3.04309683843303 1.0572342
3.04448574638036 0.40716955
3.045874654299496 0.97235495
3.0472635622179496 -0.54265434
3.0486524701364033 -0.693279
3.0500413780837334 -0.4707693
3.0514302860019598 -2.1470728
3.0528191939204135 -1.5547069
3.054208101838867 -1.6116904
3.0555970097570935 -2.0153432
3.0569859177044236 -3.112394
3.0583748256231047 -3.5916276
3.059763733541331 -3.9841342
3.0611526414595573 -4.12546
3.062541549378011 -5.4809036
3.0639304572964647 -4.837694
3.065319365215373 -3.8074613
3.066708273133827 -5.1353674
3.068097181080475 -4.0982203
3.0694860889993834 -3.714297
3.0708749969180644 -5.1584344
3.0722639048362907 -3.9418135
3.0736528127554266 -3.6883686
3.0750417206729708 -3.7882085
3.0764306285914245 -2.40475
3.077819536510333 -2.731928
3.0792084444287866 -1.7359692
3.080597352347013 -1.7123652
3.0819862602654666 -0.4232632
3.0833751681839203 -0.794371
3.0847640761021466 0.7621837
3.086152984020373 0.6218709
3.0875418919388267 1.5264536
3.0889307998281765 2.2164543
3.090319707746403 2.230998
3.091708615664629 2.439739
3.093097523583765 2.7293055
3.0944864315022187 3.7163835
3.095875339419763 3.0369923
3.0972642473388987 2.5489376
3.098653155257125 3.7461865
3.100042063145793 2.623445
3.1014309710649286 3.1520324
3.102819878983155 2.9837046
3.1042087869009265 1.5190624
3.1055976947909585 2.4561903
3.106986602709867 2.0894933
3.108375510627411 1.8138745
3.109764418545865 0.42087895
3.1111533264356694 0.3209791
3.112542234354123 -0.40138775
3.113931142272577 -0.9768255
3.115320050190803 -1.121728
3.116708958080153 -1.5157841
3.1180978659986067 -1.4371041
3.119486773916833 -1.646262
3.120875681806865 -2.7274578
3.1222645897250914 -2.5774887
3.123653497613759 -1.5435606
3.1250424055326675 -1.7877073
3.1264313134511212 -3.3181548
3.127820221339789 -1.7747729
3.1292091292586974 -1.6918011
3.1305980371480473 -1.6828005
3.1319869450655915 -2.6015694
3.1333758529845 -1.8152454
3.134764760874532 -2.5921516
3.1361536687923035 -2.7378888
3.137542576681426 -2.2793984
3.138931484600562 -2.2132356
3.1403203924892296 -1.8264514
3.141709300407456 -2.0411527
3.143098208297488 -2.19136
3.1444871161859282 -1.415467
3.145876024104382 -0.56858295
3.1472649319941866 -0.34398705
3.1486538399126403 -0.24486202
3.1500427478017627 0.5695367
3.1514316557202164 0.8782965
3.152820563610021 0.96424854
3.154209471499371 1.2603719
3.155598379416915 0.97211653
3.156987287306947 2.5420232
3.1583761951960696 0.59147173
3.159765103113841 1.1870563
3.161154011003873 0.97926927
3.1625429188929957 2.0468154
3.1639318267816634 2.084725
3.165320734700799 0.95399624
3.166709642590604 -0.041605085
3.168098550479044 0.11629158
3.169487458397498 -0.10782751
3.1708763662873025 -0.33677468
3.1722652741759703 -0.98892546
3.1736541820650928 -1.2697301
3.1750430899551247 -1.3379194
3.1764319978728963 -2.3697612
3.177820905762019 -2.8718836
3.179209813652051 -3.176292
3.1805987215411733 -3.1468465
3.181987629430523 -3.0903995
3.183376537319873 -3.9800806
3.1847654452089955 -3.4697926
3.1861543530983454 -4.388442
3.187543261016799 -4.2091475
3.1889321689059216 -3.6546314
3.191709984684394 -2.6999197
3.1930988925741985 -1.4330509
3.1944878004642305 -0.93313414
3.1958767083528983 -0.43870118
3.1972656162420208 0.7066308
3.1986545241320528 1.1645252
3.2000434320207205 2.0352516
3.201432339909843 2.554898
3.202821247799875 3.258489
3.2042101556883154 5.0379705
3.205599063577665 5.817023
3.206987971438366 5.554279
3.208376879327716 4.9622707
3.2097657872168384 4.889432
3.2111546951061882 4.828276
3.212543602995538 4.733741
3.2139325108846606 2.9827507
3.215321418773783 3.2297587
3.216710326663133 2.6626658
3.218099234523379 1.7479501
3.2194881424125015 1.0835801
3.220877050301624 0.4639146
3.222265958191656 -0.45193377
3.223654866081006 -1.1535577
3.2250437739403424 -1.3981812
3.2264326818303743 -1.0258217
3.227821589719497 -2.5291483
3.2292104976088467 -1.7987345
3.2305994054695475 -2.7538037
3.2319883133582152 -2.6093183
3.233377221247565 -2.9967582
3.234766129108266 -2.927973
3.2361550369976158 -3.390695
3.2375439448869656 -2.4865894
3.2389328527469843 -1.8108941
3.2403217606361068 -1.7888995
3.2417106685254566 -1.2276481
3.2430995763857027 -1.1611276
3.244488484274825 -1.371895
3.245877392135071 -1.0654002
3.247266300024421 -1.1206551
3.2486552078844397 -1.5058299
3.2500441157744717 -1.2784922
3.251433023663594 -0.7269565
3.252821931523158 -1.3591392
3.25421083941319 -0.74227524
3.2555997472732088 -1.2443974
3.2569886551618765 -0.8037292
3.2583775630225773 -1.6331487
3.2597664708828233 -0.40907696
3.2611553787712637 -1.1567763
3.2625442866319645 -2.0908046
3.2639331945219965 -1.3925782
3.2653221023815604 -0.71670425
3.266711010270683 -0.8897409
3.268099918131611 -0.9898195
3.2694888259916297 -0.95405585
3.2708777338809796 -1.0602741
3.2722666417412256 -1.1174959
3.2736555496012443 -0.22256933
3.2750444574903668 -0.8427712
3.276433365350613 -1.0032905
3.2778222732113136 -0.7485935
3.279211181100891 -0.9449957
3.2806000889602274 -0.27049267
3.281988996820928 0.24051078
3.283377904681174 1.2107795
3.2847668125696146 0.9855875
3.2861557204305427 0.73154616
3.2875446282905614 2.1901083
3.2889335361501253 1.6561567
3.2903224440401573 2.7557707
3.291711351900176 1.7592752
3.29310025975974 2.2996645
3.294489167620668 3.1593041
3.295878075481369 4.6432586
3.2972669833407053 2.935066
3.2986558912009514 3.3159492
3.300044799090756 3.31738
3.30143370695032 1.5154861
3.3028226148103386 2.6655269
3.3042115226712667 1.7028878
3.3056004305308306 2.6726797
3.3069893383908493 1.2811148
3.3083782462517775 0.96150666
3.3097671541127056 0.9603145
3.3111560619727243 -0.17703024
3.312544969832288 -0.48376343
3.3139338776932163 -0.693279
3.315322785553235 -0.9470223
3.316711693412799 -0.9728914
3.3181006012734997 -1.0226625
3.3194895091337457 -1.2454703
3.3208784169930823 -1.0088339
3.322267324853783 -1.9186621
3.3236562327147112 -1.7047951
3.3250451405451713 -1.3938895
3.32643404840519 -2.2332633
3.327822956266118 -1.4365677
3.329211864125682 -1.8893358
3.3306007719857007 -1.8627516
3.331989679846629 -1.6510901
3.3333785877059654 -1.7251209
3.3347674955371076 -1.768991
3.3361564033980358 -2.469542
3.3375453112580544 -1.9240862
3.338934219118073 -2.1302044
3.3403231269492153 -1.5796223
3.3417120348094613 -1.618128
3.34310094266948 -1.7585003
3.3444898505294987 -0.7433481
3.345878758360641 0.580981
3.347267666220887 0.09161464
3.3486565740809056 -0.5777623
3.35004548191273 0.45401996
3.351434389773658 1.631599
3.3528232976329946 1.618128
3.354212205464137 2.1383703
3.3556011133248376 2.4473686
3.3569900211550703 1.8237691
3.3583789290155437 2.0130782
3.3597678368762445 2.5811245
3.361156744706477 2.4399774
3.362545652566723 2.4036176
3.36393456039832 2.2216995
3.365323468258566 1.4807954
3.3667123760897084 1.7008612
3.368101283949727 0.924074
3.369490191780642 1.5296724
3.3708790996411153 1.3512115
3.37226800747203 1.2035075
3.373656915332049 -0.20200521
3.375045823163191 0.8799654
3.376434731023437 -0.47208062
3.377823638854352 -0.40591782
3.379212546686176 -1.1290594
3.380601454546195 -1.7308431
3.381990362376655 -2.252516
3.383379270237583 -1.9563928
3.384768178068498 -2.121025
3.386157085898958 -2.7367563
3.387545993759659 -3.0801473
3.388934901590801 -3.5966942
3.390323809421716 -3.6312656
3.391712717282644 -3.7607899
3.393101625113559 -4.0362897
3.394490532944701 -4.668353
3.3958794407758432 -4.505032
3.397268348635862 -5.0358844
3.3986572564667767 -4.6192374
3.400046164297919 -3.8530004
3.401435072129061 -4.1635485
3.40282397998908 -2.8156152
3.4042128878199946 -2.6785808
3.4056017956513642 -2.5801113
3.406990703482961 -1.9668834
3.4083796113141034 0.40407002
3.409768519144336 -0.3990035
3.411157426975933 0.08827669
3.4125463348070753 0.6465478
3.413935242666412 1.5578065
3.415324150498236 1.337979
3.4167130583293783 1.5020151
3.418101966159611 0.94755876
3.4194908739914354 0.5979092
3.4208797818232597 0.7913907
3.4222686896534924 0.603989
3.4236575974846346 0.20212443
3.4250465053162316 -0.22149642
3.4264354131473738 -1.0203379
3.4278243209782886 -0.44495985
3.429213228809431 -0.96365243
3.430602136640573 -1.0963356
3.431991044471488 -1.3476351
3.4333799523024027 -1.9746323
3.434768860105123 -2.6527712
3.436157767936038 -2.0328674
3.437546675766498 -2.5811245
3.4389355835983224 -1.6627729
3.4403244914292372 -2.298532
3.4417133992596973 -1.6922183
3.4431023070915217 -1.8861767
3.4444912148933327 -1.4683974
3.4458801227237927 -1.4014596
3.4472690305553897 -1.2052958
3.4486579383869866 -2.0136147
3.4500468462174467 -1.8797989
3.4514357540192577 -0.9835609
3.452824661851082 -1.4996904
3.454213569681542 -1.4701259
3.455602477483353 -1.1601143
3.4569913853151775 -0.83788353
3.4583802931456376 -1.1552266
3.4597692009474486 -1.1337683
3.461158108779273 -2.077453
3.4625470166101877 -0.19836923
3.463935924412226 -0.5628608
3.4653248322433683 -0.38761872
3.4667137400749652 0.7665945
3.4681026478770036 0.15074393
3.4694915557072363 0.81571007
3.4708804635097295 1.5163206
3.4722693713408717 1.6039417
3.4736582791711044 2.0732803
3.475047186973825 2.5365393
3.476436094805649 1.3466815
3.4778250026070054 1.8207887
3.4792139104379203 1.5790262
3.4806028182406408 1.674277
3.4819917260708735 0.45390075
3.483380633872912 -0.40216264
3.4847695416756324 -0.013649806
3.486158449505865 -0.9243124
3.4875473573079034 -2.4022467
3.4889362651395004 -2.7465317
3.4903251729415388 -3.39302
3.4917140807433498 -3.3238769
3.494491896376303 -5.635999
3.495880804207445 -4.611906
3.497269712009256 -5.075642
3.4986586198112946 -5.909293
3.500047527613333 -4.288781
3.5014364354442478 -5.7108645
3.5028253432460588 -5.2073116
3.504214251048097 -5.1433544
3.5056031588792393 -5.4220724
3.5069920666817325 -5.187284
3.5083809744842256 -4.6818237
3.509769882285582 -4.155025
3.51115879008762 -4.5833545
3.512547697919217 -2.766619
3.5139366057205734 -2.8682475
3.5153255135223844 -1.405632
3.516714421325105 -0.9567977
3.518103329126461 -0.5383627
3.519492236928272 -1.1116545
3.5208811447309927 0.74585164
3.5222700525619075 1.2528615
3.523658960363946 2.3241029
3.5250478681659843 3.468541
3.5264367759677953 3.2264209
3.5278256837696063 3.7738435
3.5292145915716446 4.8968234
3.530603499373683 5.695784
3.531992407175494 6.223775
3.5333813149775324 5.9922647
3.5347702227795708 5.304529
3.536159130582064 5.140374
3.5375480383841023 4.4880443
3.538936946185231 4.5234504
3.5403258539877243 4.9238844
3.5417147617897626 3.7315233
3.5431036695617877 2.0086672
3.544492577364508 2.5963838
3.5458814851665466 1.7254189
3.547270392968585 1.2005273
3.548659300771078 -0.21029046
3.5500482085731164 0.08684615
3.5514371163749274 -2.0350132
3.5528260241476346 -1.0344646
3.554214931949673 -1.9826195
3.5556038397517113 -2.401293
3.5569927475535223 -2.7046285
3.558381655326457 -2.0446694
3.5597705631284953 -2.3354282
3.5611594709303063 -2.267179
3.5625483787321173 -1.3782728
3.563937286505734 -1.2429669
3.565326194307545 -1.0760101
3.566715102108901 0.27198282
3.568104009882518 -0.60041267
3.569492917684329 0.72355896
3.570881825485685 1.3450125
3.572270733259302 2.6716068
3.573659641061113 2.8100123
3.575048548862469 4.26476
3.5764374566358583 4.1978817
3.5778263644237995 3.9106994
3.579215272225156 4.5533724
3.5806041800126422 3.5850112
3.5819930878005835 4.309226
3.583381995587388 3.7097075
3.584770903374647 3.2650456
3.5861598111628155 2.7765136
3.5875487189500745 3.4734285
3.588937626737561 2.1787832
3.5903265345250475 0.7093727
3.591715442313216 0.75407726
3.593104350085923 -0.46641806
3.5944932578727276 -0.86905754
3.5958821656606688 -2.7853353
3.597271073448155 -3.2778013
3.598659981234732 -3.1609733
3.6000488890081215 -3.5029337
3.6014377967958353 -3.6061716
3.6028267045824123 -4.3652554
3.6042156123558016 -5.4441266
3.60560452014397 -5.213451
3.6069934279307745 -5.298688
3.6083823357034817 -5.436259
3.6097712434916502 -4.779161
3.6111601512636753 -4.4036417
3.6125490590511617 -4.8349524
3.6139379668247784 -3.7708035
3.6153268746113554 -2.6889522
3.61671578238429 -2.9811413
3.618104690172231 -0.8015834
3.6194935979451657 0.640468
3.620882505717873 1.518824
3.622271413505132 2.2048907
3.6236603212787486 4.2764425
3.625049229051683 4.9833717
3.626438136823708 7.417329
3.6278270446118768 7.629526
3.629215952384584 7.843512
3.6306048601568364 8.455787
3.631993767930453 9.600582
3.6333826757038423 9.55683
3.6347715834758674 9.373841
3.6361604912490293 9.229713
3.6375493990224186 8.199957
3.6389383067944436 8.742493
3.640327214567378 6.7409177
3.6417161223407675 5.999298
3.64310503011302 5.610428
3.644493937885727 3.7097075
3.6458828456593437 2.4983914
3.647271753432051 1.3148518
3.648660661190661 0.32705888
3.650049568963368 -1.4385346
3.6514384767360752 -2.9243965
3.65282738450901 -4.601117
3.6542162922673924 -5.9119163
3.6556052000400996 -3.5311275
3.6569941078128068 -6.423873
3.6583830155711894 -6.660569
3.659771923344124 -6.648648
3.6611608311177406 -6.400567
3.662549738875896 -5.500693
3.663938646648603 -6.0295186
3.6653275544076678 -5.499739
3.66671646217992 -4.3446918
3.6681053699380755 -4.262197
3.66949427769714 -2.5154984
3.6708831854691653 -2.860916
3.672272093227548 -1.5295532
3.6736610010011645 0.25827342
3.67504990875932 0.77875423
3.676438816517475 1.4395479
3.6778277242758577 2.4398582
3.6792166320487922 3.967802
3.6806055398069475 4.696785
3.6819944475651027 4.4956737
3.6833833553237127 4.2931323
3.684772263081868 5.433636
3.6861611708400233 4.0364685
3.687550078598406 3.8385758
3.6889389863572433 3.771817
3.690327894115626 3.160854
3.691716801873099 2.5783827
3.693105709632164 2.417804
3.6944946173905464 1.2300919
3.6958835251480195 1.4848485
3.6972724329070843 -0.002563064
3.6986613406652395 0.19246823
3.70005024842294 -0.6256857
3.701439156182005 -0.49186987
3.7028280639262903 -0.27549958
3.704216971684673 -0.9665136
3.705605879442828 0.19950175
3.706994787201211 -0.015259173
3.7083836949450415 -0.30047455
3.7097726027031968 0.95268494
3.7111615104468 0.33635744
3.7125504182051827 -0.4086597
3.7139393259635654 0.4153952
3.7153282337071687 1.602988
3.7167171414662334 0.7305925
3.718106049209837 0.9406445
3.7194949569675373 0.4971748
3.72088386471205 1.2829031
3.7222727724556535 2.0733995
3.723661680213354 1.8839712
3.7250505879576394 1.0836993
3.72643949570147 1.1020579
3.7278284034589433 2.1941614
3.7292173112032287 1.6381556
3.7306062189477416 1.9656317
3.73199512669089 2.1088057
3.7333840344490454 1.2039845
3.7347729421935583 1.3150902
3.736161849936707 1.1204166
3.73755075768031 0.5327001
3.738939665424823 -0.060440626
3.7403285731677443 -0.6580518
3.741717480911575 -1.374458
3.743106388656088 -1.1181515
3.7444952964003733 -1.8309219
3.745884204144204 -0.7666542
3.747273111887125 -1.6358906
3.7486620196314107 -1.7171336
3.7500509273752414 -1.940001
3.7514398351036107 -0.86053383
3.7528287428481235 -0.9534002
3.7542176505919542 -0.008821708
3.7556065583348754 -0.1310143
3.7569954660793883 0.9680633
3.758384373809349 1.2350988
3.7597732815522704 2.276418
3.761162189296101 2.638704
3.762551097026062 3.0936182
3.7639400047689833 3.7861223
3.765328912498262 3.2717216
3.7667178202425475 3.1032743
3.768106727970917 2.9835854
3.7694956357147476 2.840769
3.770884543444481 1.4980811
3.772273451188312 1.920927
3.7736623589175906 -0.28348678
3.775051266646642 0.33862248
3.7764401743904727 0.005066522
3.7778290821197515 -0.52435523
3.779217989848803 -1.7561758
3.780606897593316 -1.7754285
3.7819958053223672 -2.8693204
3.783384713050964 -3.2933586
3.784773620780925 -2.798568
3.7861625285106584 -3.7348614
3.7875514362535796 -2.950981
3.7889403439828584 -2.869678
3.790329251712592 -1.136093
3.7917181594411886 -0.09763486
3.79310706717024 -0.80527896
3.794495974900201 -0.07146776
3.7958848826287976 1.0525849
3.797273790357849 2.580767
3.79866269808781 1.9302256
3.8000516058168614 3.2114
3.8014405135315883 3.179332
3.802829421260867 3.487734
3.8042183289899185 4.4296303
3.80560723671897 5.2339554
3.8069961444482487 4.70966
3.8083850521629756 3.446844
3.809773959892027 3.328705
3.811162867621306 3.1494095
3.8125517753360327 3.055351
3.8139406830657663 1.3996118
3.815329590780493 0.5086192
3.8167184985088625 -0.67819864
3.818107406238596 -0.24736547
3.819496313953323 -1.2764059
3.82088522166805 -2.2002413
3.8222741293980107 -2.3588533
3.823663037111828 -2.9270787
3.825051944841107 -1.3256406
3.8264408525562885 -3.0238194
3.8278297602710154 -2.7709107
3.829218668000067 -3.2036512
3.8306075757145663 -3.9576688
3.8319964834295206 -2.9961026
3.833385391158572 -3.7017798
3.8347742988730715 -3.7292583
3.8361632065877984 -4.7757034
3.8375521143025253 -3.1728945
3.838941022017025 -2.9425168
3.8403299297315243 -3.3722172
3.8417188374469333 -2.8445244
3.843107745161433 -2.2745702
3.8444966528754776 -1.8998265
3.8458855605908866 -1.6791646
3.847274468305386 -1.1480142
3.848663376019431 -0.43214452
3.8514411914493394 0.5956442
3.852830099163384 -1.2690744
3.854219006878566 0.7913907
3.8556079145791955 0.4027587
3.8569968222932403 1.3384559
3.858385730007967 -0.1911569
3.8597746377231488 0.3339732
3.8611635454233237 0.9110799
3.8625524531380506 -0.30577952
3.86394136085255 -0.4038316
3.8653302685524977 -1.2542324
3.866719176267452 -1.0495449
3.8681080839673996 -0.3283702
3.8694969916828086 -1.3311243
3.870885899382756 -1.152127
3.872274807096801 -2.4419444
3.8736637147974307 -0.88372064
3.8750526225121575 -1.2537556
3.876441530211423 -1.4562377
3.8778304379120527 -1.5269305
3.879219345627007 -1.0627775
3.8806082533262725 -0.7335132
3.881997161026902 -0.4512781
3.8833860687277593 -0.05573174
3.884774976441804 -0.2686449
3.8861638841417516 -0.30744848
3.8875527918426087 -0.62622213
3.888941699541874 -0.20295891
3.890330607242049 -0.07683232
3.8917195149429062 -0.03290259
3.8944973303423467 0.9395716
3.8958862380429764 0.79353654
3.8972751457431514 0.51100343
3.898664053443099 0.137869
3.9000529611430466 0.69709384
3.9014418688439036 0.6392759
3.9028307765440786 1.1164826
3.904219684243344 1.9626515
3.906997499629597 3.2084198
3.9083864073290897 3.3234596
3.909775315029947 3.7063694
3.9111642227160246 3.562361
3.91255313041529 3.6236362
3.9139420381156924 4.4674206
3.91533094580177 4.4047146
3.9167198535010357 4.231619
3.9181087611866587 3.4760513
3.9194976688872885 2.6295247
3.9208865765729115 2.583032
3.9222754842730865 2.1862936
3.923664391958482 1.5084525
3.9250532996584298 0.4904989
3.92644220734428 -0.22221169
3.927831115029676 -1.2923803
3.9292200227296235 -1.6318374
3.9306089304152465 -2.971962
3.9319978381008696 -2.768586
3.9333867457862652 -3.9317403
3.9347756534871223 -3.9334688
3.936164561172518 -3.9211302
3.937553468857459 -3.97263
3.94033128422916 -2.9976523
3.9417201919145555 -2.4419444
3.9431090996008606 -1.570443
3.9444980072858016 -1.4330509
3.9458869149711973 -0.85898405
3.9472758226575024 -0.78548974
3.948664730342898 -0.3036337
3.950053638028521 0.49359846
3.951442545714144 0.38475764
3.95283145339954 1.2194821
3.9542203610849356 0.9328957
3.9556092687705586 1.3026922
3.9569981764416298 1.668078
3.9583870841270254 1.168936
3.959775991812421 1.5129826
3.9611648994837196 1.3550264
3.9625538071697974 0.6942327
3.9639427148554205 0.8450362
3.965331622525582 1.0946667
3.96672053021166 0.22990088
3.968109437882731 -0.08779985
3.9694983455674446 0.3950099
3.970887253239198 0.33099288
3.972276160924821 -0.9612682
3.9736650685949826 -0.7547329
3.9750539762812878 -0.326284
3.976442883953041 -1.643997
3.977831791623885 -1.1856258
3.9792206993092805 -2.1993473
3.9806096069803516 -2.7020059
3.9819985146514227 -3.0336545
3.9833874223368184 -2.5987084
3.9847763300078896 -3.529637
3.9861652376789607 -2.8452992
3.9875541453498045 -1.8893358
3.988943053020648 -2.2204478
3.9903319606924015 -1.5597138
3.9917208683632452 -0.60172397
3.9931097760336343 -0.4283297
3.9944986837053875 0.21952942
3.9958875913762313 1.0224241
3.9972764990466203 1.345251
3.9986654067183736 2.1171505
4.000054314389217 1.8712156
4.001443222059606 2.5422616
4.002832129731132 2.3157582
4.004221037402658 2.90419
4.005609945058495 3.2279706
4.006998852729339 3.2727945
4.008387760401092 4.0681787
4.009776668071481 3.294491
4.011165575727773 3.2838812
4.012554483399526 4.270959
4.013943391069915 3.4182332
4.015332298726207 3.690395
4.0167212063979605 3.6764472
4.018110114055162 2.9233832
4.019499021726006 3.6512935
4.020887929381843 2.4101744
4.022276837053369 2.134198
4.023665744709888 0.6420178
4.0250546523654975 -0.066997305
4.026443560037023 -0.8259623
4.027832467693543 -0.3358806
4.029221375349152 -1.3149114
4.030610283020906 -2.012065
4.031999190678107 -1.8941638
4.033388098333944 -2.131635
4.034777005990236 -2.9469874
4.036165913661989 -4.1743374
4.037554821317599 -4.1301694
4.038943728974118 -3.69874
4.0403326366313195 -4.651425
4.041721544286929 -4.296232
4.043110451943448 -4.0881467
4.044499359600422 -3.537088
4.045888267256942 -2.7756195
4.0472771749132335 -3.4086366
4.048666082569525 -3.375734
4.0500549902260445 -1.1340067
4.051443897882564 -2.1431985
4.052832805524304 -1.4432435
4.054221713180823 -0.22936444
4.055610620837342 0.09662155
4.056999528493634 0.0572815
4.058388436136283 0.4204021
4.059777343793257 0.49610192
4.061166251448867 0.9944092
4.062555159091062 2.053372
4.063944066748036 0.79854345
4.065332974389094 1.7303066
4.066721882045613 1.5829602
4.068110789702587 3.0723984
4.069499697343872 1.8983959
4.070888604985612 0.9268159
4.072277512642813 2.2112088
4.073666420284553 1.7022917
4.0750553279413 0.53103113
4.07644423558304 0.5106458
4.07783314322478 0.714022
4.079222050881299 0.33838406
4.080610958523266 0.46713334
4.081999866165006 -0.722486
4.083388773806746 -0.12946454
4.084777681448713 0.03677699
4.086166589105233 -0.43256176
4.087555496747882 -0.4524106
4.088944404389622 -0.081123956
4.090333312030907 0.41301095
4.0931111273152965 -0.5034931
4.094500034956354 0.18305047
4.095888942598776 0.73965263
4.097277850240744 0.49920142
4.098666757882711 1.0131255
4.1000556655108085 0.9395716
4.101444573152548 1.4009231
4.102833480794288 0.63426894
4.104222388436256 1.3428667
4.105611296078223 1.1672671
4.107000203705411 1.4663707
4.108389111347151 1.6960927
4.109778018989346 1.3599141
4.111166926616534 1.2957778
4.1125558342582735 0.120225586
4.113944741900241 0.052155375
4.115333649528111 -0.08821709
4.116722557170078 -0.38678423
4.118111464796584 -1.4024132
4.119500372439234 -0.70978993
4.120889280066649 -0.7826286
4.122278187693155 -1.1033692
4.123667095335804 -1.8212657
4.125056002963902 -2.4195325
4.126444910590408 -1.9700425
4.127833818232375 -1.8463598
4.129222725860245 -1.6172935
4.130611633486751 -3.9283428
4.132000541114394 -2.6269617
4.133389448756816 -3.3034916
4.134778356383322 -3.6599958
4.136167264010737 -2.5920324
4.137556171638607 -2.7988064
4.138945079266705 -3.0319855
4.140333986893893 -2.8378484
4.141722894520626 -3.523617
4.143111802148724 -3.3240557
4.144500709775912 -4.0225205
4.145889617402645 -3.3880725
4.1472785250307425 -3.434327
4.1486674326579305 -3.5390549
4.150056340270112 -3.2191489
4.151445247897982 -4.0176926
4.152834155525852 -3.9047983
4.154223063152585 -3.3804429
4.1556119707652215 -2.2897103
4.157000878393319 -1.9820831
4.158389786020052 -1.0419154
4.159778693632688 -0.088753544
4.161167601260786 0.9042848
4.162556508887519 1.5537533
4.163945416500155 2.1755645
4.165334324128253 2.8641348
4.166723231740889 2.6975951
4.168112139368304 3.2582505
4.169501046981168 2.7669766
4.170889954593804 2.2197921
4.172278862220992 2.4907618
4.175056677447174 2.0099788
4.176445585074589 1.2757503
4.177834492686543 0.8966552
4.1792234003000885 0.40025523
4.180612307913634 0.8328766
4.1820012155258155 0.25875026
4.1833901231530035 -0.68857014
4.184779030766549 -0.76045513
4.186167938378503 -0.24146447
4.187556845991367 -0.77726406
4.188945753604685 -1.0798249
4.190334661216639 -1.1595778
4.19172356882973 -1.3604505
4.193112476443048 -0.5462306
4.194501384055911 -1.3205144
4.195890291668547 -1.0910307
4.197279199266632 -0.5418795
4.198668106879495 -0.87221664
4.200057014492359 0.091257006
4.201445922104995 -1.7799586
4.202834829717858 -1.5952988
4.20422373731617 -1.9915009
4.205612644928806 -0.7927021
4.207001552541442 -0.16636074
4.208390460140436 -1.8216233
4.209779367753072 -2.6365583
4.211168275350701 -1.5032072
4.212557182964247 -2.0192773
4.213946090562331 -3.3166645
4.215334998175194 -2.9500868
4.216723905773961 -3.0840812
4.218112813386142 -3.4266973
4.219501720984226 -3.4992976
4.22089062858322 -3.9921212
4.222279536195856 -2.279756
4.223668443794168 -3.07973
4.225057351392479 -3.1753383
4.226446259005115 -3.256045
4.227835166603427 -2.487245
4.229224074201738 -2.1197135
4.230612981799823 -1.2338471
4.232001889397907 -0.97616976
4.233390796996218 -0.6238975
4.23477970459453 -1.1235161
4.2361686122080755 -0.42856815
4.23755751980616 -0.7388778
4.238946427389237 0.45378155
4.2403353349880035 -0.30077258
4.241724242586315 0.35018608
4.243113150183717 0.24182211
4.2445020577824835 0.7373876
4.245890965380795 0.702816
4.247279872978197 0.50146645
4.248668780577191 -0.29266614
4.2500576881616325 -0.6714035
4.251446595759262 -0.49634033
4.252835503357346 -1.3401845
4.254224410941788 -2.3952727
4.255613318539872 -2.6522348
4.257002226137956 -2.405227
4.258391133721716 -2.5605607
4.259780041320482 -3.8175347
4.261168948904469 -4.375627
4.262557856501871 -3.6406238
4.263946764086086 -5.1487784
4.265335671684397 -4.0694304
4.2667245792672475 -4.2092667
4.268113486851689 -4.362752
4.269502394449773 -3.5330944
4.270891302032851 -3.9944458
4.272280209617293 -3.3788931
4.273669117216286 -3.0919492
4.2750580247991365 -3.4811773
4.276446932382896 -1.9931102
4.277835839967111 -2.3778677
4.279224747549961 -0.9488105
4.28061365513372 -0.248498
4.282002562717935 0.8307308
4.283391470315564 1.2581068
4.284780377899324 0.9176366
4.286169285483538 2.1014144
4.287558193052746 2.1429005
4.288947100636506 4.08916
4.290336008220038 3.971736
4.29172491580357 3.7030315
4.29311382338733 4.900519
4.2945027309710895 4.765332
4.295891638555531 4.5315566
4.297280546124512 4.4811296
4.298669453707589 4.0414753
4.3000583612918035 5.579552
4.301447268861466 4.2348375
4.3028361764445435 3.7653794
4.304225084028076 2.8396962
4.305613991597966 3.7796848
4.307002899181043 2.3494952
4.3083918067500235 2.5417848
4.309780714334465 1.5476735
4.311169621902991 0.5352036
4.312558529486523 0.4027587
4.313947437056413 0.13333894
4.315336344639945 -0.42940262
4.316725252208926 -0.19640224
4.318114159778361 -1.9364842
4.319503067361893 -1.7480097
4.320891974930873 -2.250847
4.322280882500081 -2.3600454
4.323669790069289 -2.206798
4.325058697638269 -2.3072941
4.3264476052218015 -2.4827747
4.327836512791009 -2.1241841
4.329225420360672 -1.4143345
4.330614327930107 -1.780495
4.332003235498405 -0.7962188
4.3333921430680675 -0.87060726
4.334781050637275 -0.65387934
4.336169958206483 -0.8647063
4.3375588657761455 0.2757976
4.338947773329892 0.70889586
4.340336680899327 2.6961646
4.341725588468989 2.7644732
4.343114496038197 4.46599
4.3445034036071775 4.218267
4.345892311161606 4.420689
4.347281218730814 4.398158
4.348670126300021 6.1493864
4.35005903385445 5.4620085
4.35144794142343 5.287005
4.352836848992865 4.5483656
4.354225756547294 3.3672104
4.355614664116274 3.80615
4.357003571671612 2.3435347
4.358392479240592 1.7592752
4.359781386794566 0.9810574
4.361170294349904 0.33373478
4.362559201918884 -1.2137599
4.363948109472858 -0.5566617
4.365337017042748 -2.9350064
4.3667259245978585 -3.1313488
4.368114832151605 -3.5185504
4.369503739706261 -3.4162662
4.370892647261371 -4.435233
4.372281554830579 -3.818429
4.373670462385235 -4.2781715
4.375059369939663 -3.2537205
4.376448277494319 -3.2378652
4.377837185048975 -3.3006902
4.379226092603403 -2.6235642
4.380615000158741 -2.5394006
4.38200390771317 -1.1108199
4.383392815267143 -0.69709384
4.384781722822481 -0.32461503
4.38617063037691 0.67825824
4.387559537930883 1.1866987
4.388948445471442 1.5129826
4.390337353026098 2.0970037
4.391726260579844 2.4466534
4.393115168134955 2.4331822
4.394504075675741 3.8133028
4.3958929832297144 4.4504924
4.397281890784143 3.9384756
4.398670798324929 3.8357146
4.400059705878903 3.1846964
4.401448613418779 3.5900183
4.402837520974117 2.7910576
4.4042264285133115 3.1795704
4.405615336067967 2.060644
4.407004243608526 3.140111
4.408393151163182 3.1982868
4.409782058703058 3.3734095
4.411170966243162 2.445342
4.412559873798273 3.7614455
4.413948781338377 3.7745588
4.415337688877571 3.7356958
4.416726596418357 2.0378745
4.4181155039727855 1.7623748
4.419504411512207 1.6140747
4.420893319052993 0.9448169
4.422282226593779 1.0708244
4.425060041673078 1.1861026
4.426448949213636 0.32980075
4.427837856752831 -0.5464691
4.429226764292935 -0.73124814
4.430615671833493 -0.08452151
4.432004579372915 -0.9383795
4.433393486912792 -1.2250254
4.434782394453578 0.22870876
4.43617130197913 -0.7027564
4.4375602095192335 -0.74728215
4.43894911705911 -1.2166805
4.4403380245989865 -1.3016789
4.4417269321245385 -0.72945994
4.443115839664642 -1.5854638
4.444504747204519 -0.13166997
4.445893654730071 -0.904404
4.447282562270175 -1.4160035
4.448671469795499 -0.2076678
4.4500603773362855 -0.5623243
4.45144928486161 -1.5722312
4.452838192401487 -1.7877073
4.454227099927721 -1.9922757
4.4556160074671425 -2.8051245
4.457004914992467 -2.2712324
4.458393822518701 -2.590423
4.459782730058578 -2.7749639
4.46117163758413 -2.3853185
4.462560545109682 -2.7739506
4.463949452635006 -1.7236308
4.465338360160331 -2.1345556
4.466727267700662 -1.760825
4.468116175225987 -1.9887588
4.469505082751311 -0.71175694
4.470893990276863 -0.72630084
4.472282897802415 -0.5676889
4.473671805328422 -0.6432695
4.475060712853974 0.41992527
4.476449620378617 0.5089768
4.477838527904623 0.8428904
4.479227435430403 0.5580923
4.480616342940493 0.9855875
4.4820052504665 1.0839378
4.483394157992052 1.0190862
4.4847830655166945 1.7295914
4.486171973042929 1.2448742
4.487560880554611 1.7769186
4.488949788079253 0.735957
4.490338695604805 0.83704907
4.491727603116487 1.2982813
4.493116510641812 0.95900315
4.494505418152585 0.23776889
4.495894325678137 0.5151759
4.497283233189137 0.40061286
4.498672140714461 0.5009896
4.500061048225234 -0.2028993
4.501449955751468 0.00023842457
4.502838863262468 -1.0804806
4.504227770772559 0.33337712
4.505616678298793 0.33719194
4.507005585809566 0.8161869
4.508394493319884 0.0135902
4.509783400831566 0.15277053
4.51117230835689 0.59480965
4.512561215867208 0.67396665
4.513950123378891 -0.25386256
4.515339030890345 -0.023365606
4.516727938400436 0.61328757
4.518116845911436 1.0641484
4.519505753422891 0.5367533
4.520894660933209 0.44436377
4.5222835684439815 0.2146417
4.523672475955664 1.1636907
4.525061383465982 0.6660986
4.526450290976754 1.7039607
4.5278391984884365 0.21690674
4.529228105984657 1.0012044
4.530617013495657 0.5415218
4.5320059210066574 0.06765297
4.533394828518112 -0.8622624
4.53478373601456 -0.36037874
4.536172643524651 -0.7354802
4.537561551036106 -0.8045041
4.538950458533236 -0.95274454
4.540339366043554 -2.123767
4.541728273539775 -1.011397
4.543117181051457 -1.2046402
4.544506088547223 -2.1293101
4.545894996057996 -1.2514906
4.547283903555126 -0.16731444
4.548672811050892 -0.9699111
4.550061718561665 -0.13131233
4.551450626058795 0.40788484
4.552839533555016 0.18483865
4.5542284410657885 0.067176126
4.555617348562237 0.608996
4.557006256058685 0.62640095
4.558395163554906 1.612048
4.559784071051126 0.97891164
4.561172978547802 2.4472494
4.562561886058575 2.7698379
4.563950793554795 2.0468154
4.5653397010512435 2.75136
4.566728608548146 2.8568628
4.568117516044595 3.6795468
4.569506423526491 2.9646306
4.570895331023621 3.1826699
4.57228423851916 3.4574542
4.573673146015608 3.8383374
4.575062053512511 4.2925363
4.5764509610080495 4.0300307
4.577839868489946 3.8154485
4.579228775986849 3.558427
4.580617683483297 3.0073085
4.582006590965193 3.5138416
4.583395498461414 3.0526092
4.584784405957862 3.4318235
4.586173313439758 3.4071465
4.587562220935979 3.4195447
4.588951128417648 3.080505
4.590340035914096 1.855122
4.591728943395992 1.6596138
4.593117850892213 2.7790172
4.594506758374791 1.7288761
4.59589566585646 2.0023491
4.597284573352226 0.99095213
4.598673480834805 2.4192345
4.6000623883164735 -0.21875453
4.601451295797688 -0.3854729
4.6028402032945905 -0.25374335
4.6042291107769415 -1.12292
4.605618018258156 -1.7385919
4.6070069257398245 -2.308069
4.608395833222403 -2.615875
4.609784740704299 -4.023951
4.611173648186195 -3.641637
4.612562555667864 -5.056687
4.613951463149533 -4.794837
4.615340370631429 -4.9421835
4.616729278113326 -5.3744473
4.619507093077573 -5.2837863
4.620896000544235 -4.587527
4.622284908026586 -3.442791
4.623673815508482 -3.3004518
4.625062722989469 -2.8542402
4.626451630457268 -2.2241435
4.627840537939164 -0.91072226
4.629229445420151 0.49264473
4.6306183528881775 1.6398245
4.632007260370756 1.8411741
4.633396167837418 2.8543594
4.634785075319087 3.8278468
4.636173982787113 4.09977
4.6375628902681 4.220532
4.638951797735444 5.084106
4.640340705218023 5.140851
4.641729612684458 4.89885
4.643118520151802 6.0088353
4.644507427619601 5.603633
4.645896335101497 4.3883824
4.647285242568614 3.451255
4.648674150035731 3.9707823
4.650063057503758 4.031819
4.651451964971102 2.8269405
4.652840872452089 2.6965222
4.654229779920115 2.246019
4.655618687387232 1.9750495
4.657007594853894 1.5376595
4.658396502321921 1.5095254
4.65978540978972 0.60017425
4.661174317256155 0.60696936
4.662563224709174 0.38904926
4.6639521321769735 1.796231
4.665341039643408 1.3341643
4.666729947110753 1.3677821
4.668118854578552 0.49920142
4.669507762031344 1.4635096
4.670896669498688 2.0103364
4.672285576965805 1.5152477
4.67367448441837 2.7356238
4.676452299353059 2.8898845
4.677841206805624 2.727279
4.679230114272968 2.6379888
4.680619021725761 2.5450034
4.682007929192878 3.426578
4.683396836646352 3.8115146
4.684785744113469 3.3200026
4.6861746515655796 2.4811056
4.687563559019054 2.7163115
4.688952466486171 2.094858
4.690341373938736 1.9308217
4.693119188844321 1.1269733
4.694508096296886 0.32980075
4.695897003764912 0.022113878
4.69867481867027 -1.086322
4.700063726123062 -1.8266302
4.701452633575627 -2.2660465
4.704230448480985 -3.1681855
4.705619355933777 -2.8723009
4.707008263386342 -3.3744228
4.709786078277375 -3.7965534
4.7139528006352975 -3.0256672
4.715341708088545 -1.2818897
4.716730615526785 -1.6410167
4.718119522978668 -1.6626537
4.719508430432143 -0.77225715
4.720897337870383 0.02145821
4.723675152761189 0.23729204
4.725064060214663 0.6271162
4.726452967651994 0.3455368
4.727841875104787 0.4243361
4.729230782543482 1.1309073
4.730619689996274 0.1028206
4.732008597434287 0.99882007
4.733397504872528 0.072302245
4.734786412325775 0.6171024
4.7361753197640155 0.4863265
4.7375642272013465 -0.097873285
4.738953134640269 -1.3421514
4.740342042078282 -1.7391284
4.7417309495303925 -1.6345792
4.743119856969315 -1.8099405
4.745897671844887 -3.2120557
4.747286579283809 -3.1061952
4.7486754867225045 -4.032236
4.7500643941598355 -3.623815
4.751453301598076 -3.3419375
4.752842209036771 -2.7340145
4.754231116459778 -3.9474764
4.755620023897791 -2.9615908
4.757008931336713 -1.8808122
4.758397838774272 -1.0686785
4.759786746212285 -0.054420404
4.761175653636656 0.99226344
4.762564561074669 1.3738619
4.763953468512909 1.9397626
4.765342375936598 3.616841
4.76673128337552 3.947536
4.768120190798982 4.443578
4.76950909823654 5.407886
4.770898005660683 4.077239
4.772286913098924 4.843178
4.773675820521703 5.807486
4.775064727960398 5.717123
4.776453635384769 5.454379
4.777842542807775 4.4338026
4.782009265093166 4.0753317
4.783398172516627 3.4425526
4.784787079955549 2.8308744
4.7861759873783285 2.2069173
4.787564894802017 0.966752
4.78895380222616 1.0457897
4.790342709649849 -0.1466311
4.79173161707331 -1.6887015
4.793120524496999 -2.37602
4.794509431920687 -3.0865848
4.7958983393441486 -3.0971947
4.79728724676761 -4.3769383
4.798676154191298 -4.5520015
4.800065061615442 -4.1741586
4.801453969024806 -4.5641017
4.802842876447585 -5.970628
4.804231783871728 -5.3737917
4.805620691295417 -4.996306
4.807009598704553 -5.5477223
4.808398506128697 -4.406145
4.809787413551476 -4.3393273
4.811176320960612 -3.4577522
4.812565228384756 -3.1613905
4.81395413579412 -2.6580164
4.815343043217581 -1.2557226
4.81673195062649 -1.4094468
4.818120858050179 0.56011885
4.8195097654593155 -0.28295034
4.820898672882777 1.984348
4.822287580291686 0.7900794
4.823676487700823 1.5444547
4.825065395124511 1.0776194
4.826454302533421 1.026835
4.827843209943239 1.4465815
4.829232117352149 1.4439588
4.830621024760603 0.9829649
4.832009932170422 1.8465387
4.833398839593883 1.0722549
4.834787747002338 0.58324605
4.8361766544121565 1.9173506
4.837565561821066 1.6515074
4.83895446922952 1.9254571
4.840343376639112 2.40326
4.841732284048703 2.1976187
4.843121191442606 1.6500769
4.844510098851515 1.4331105
4.845899006261334 0.9799845
4.847287913670243 0.53115034
4.848676821079607 1.0227817
4.8500657284739646 0.56357604
4.851454635883783 -0.5840806
4.852843543292693 -0.15640652
4.854232450686595 -0.36312062
4.855621358096187 -0.23043734
4.857010265490771 0.17983173
4.858399172898999 -0.9796269
4.85978808030859 -1.0850703
4.861176987703402 -0.7074653
4.862565895097077 -1.4825239
4.863954802506669 -0.968719
4.865343709901936 -1.4209508
4.86673261731039 -1.47102
4.868121524704748 -0.62520885
4.869510432100014 -0.59480965
4.87089933949369 -0.28795725
4.872288246902826 0.31382635
4.873677154298093 0.6026777
4.8750660616917685 0.7756547
4.876454969086353 0.16361885
4.877843876481393 0.807842
4.8792327838759775 0.5962402
4.880621691270335 0.9417174
4.882010598664692 1.3104409
4.883399506059504 1.2497619
4.884788413453862 1.8693082
4.886177320848219 2.6675534
4.887566228243486 2.5421424
4.888955135637843 2.8135886
4.890344043031746 3.7832613
4.891732950427013 3.1614501
4.893121857807728 2.836239
4.894510765201403 3.7013626
4.895899672595988 2.1587558
4.897288579976475 3.488211
4.898677487370151 2.9062166
4.900066394764735 2.647645
4.901455302145223 1.3506155
4.902844209539808 2.007356
4.9042331169198405 0.8017622
4.905622024314198 0.2902223
4.907010931694231 0.19890569
4.9083998390888155 -0.44341007
4.909788746468621 0.5533238
4.911177653848426 -0.15855233
4.912566561243011 -1.6360694
4.913955468623044 -1.0850106
4.9153443760028495 -2.6183188
4.916733283383564 -2.5194921
4.918122190777922 -2.8982294
4.9195110981572725 -3.1963196
4.9209000055379875 -3.0233426
4.922288912917793 -2.9959238
4.923677820297144 -2.7410479
4.925066727677631 -3.1427934
4.926455635057664 -2.298532
4.9278445424374695 -1.4602909
4.9292334498181845 -1.3676629
4.93062235719799 -0.73965263
4.932011264578023 -0.30732927
4.933400171958056 0.8716206
4.934789079323309 0.79186755
4.936177986703115 1.1582069
4.937566894083147 1.6042993
4.93895580146318 1.9810102
4.940344708828434 2.911939
4.941733616208467 2.9401922
4.9431225235884995 2.5185382
4.944511430954435 3.6480746
4.945900338334468 3.1907763
4.947289245699039 3.4501822
4.948678153079527 3.27196
4.950067060445008 1.6652168
4.951455967824131 1.8601289
4.952844875190294 2.0927122
4.954233782571009 1.563171
4.955622689935808 1.7372209
4.957011597301062 0.38583055
4.958400504667225 0.024200093
4.959789412046348 -0.4039508
4.961178319411829 -0.1990249
4.962567226777992 -1.4064665
4.963956134143245 -1.5184067
4.965345041508499 -1.6998478
4.96673394887398 -1.8181065
4.9681228562544675 -2.1554773
4.969511763619948 -2.6252928
4.97090067098452 -2.6109872
4.972289578350683 -2.091937
4.9736784857013845 -2.1554773
4.975067393066183 -2.5649118
4.976456300432346 -1.255663
4.9778452077976 -1.2666901
4.979234115162399 -1.376723
4.980623022528562 -1.4534361
4.9820119298799455 -1.4313223
4.983400837244517 -0.39089707
4.984789744610225 -0.0320085
4.986178651961609 -0.9238356
4.98756755932618 -0.3438678
4.988956466691661 0.7055579
4.990345374043045 0.2408684
4.991734281407844 0.3407683
4.993123188758545 0.15837352
4.9945120961247085 0.8812768
4.99590100347541 0.4161105
4.9972899108265665 0.83979094
4.99867881819182 0.10007871
5.000067725542522 1.1727508
5.001456632893451 1.7380555
5.002845540258932 0.45533133
5.004234447610315 0.9324189
5.005623354961699 1.4204739
5.007012262311946 0.08100474
5.008401169662648 0.8294195
5.009790077028811 0.27722815
5.0111789843790575 0.7829267
5.012567891729759 0.41742182
5.01395679908137 0.31692585
5.015345706431617 0.058235202
5.016734613782319 0.3160914
5.01812352113393 0.3017859
5.01951242847008 0.6950672
5.020901335821009 0.20224364
5.022290243171938 0.1612346
5.023679150522639 -1.1958184
5.025068057873341 -2.0000246
5.026456965209718 -2.7841432
5.027845872560647 -1.4881865
5.029234779911349 -1.6534743
5.030623687247498 -2.4586937
5.032012594598655 -2.25645
5.033401501950038 -2.4187577
5.0347904092864155 -2.0596306
5.036179316636435 -0.9768851
5.037568223973267 -1.23039
5.038957131324196 -0.9649638
5.0403460386596635 -1.0720761
5.051457297380466 3.2074661
5.052846204716843 3.84549
5.054235112052993 4.167006
5.05562401938937 4.8515224
5.057012926726202 5.6880355
5.058401834062579 6.4542127
5.0597907413980465 6.02481
5.061179648735106 7.234457
5.062568556071255 5.633198
5.06395746340695 4.8772726
5.06534637074401 5.1552753
5.066735278080159 4.7855983
5.068124185415854 3.9192824
5.069513092738362 3.6896799
5.070902000075193 2.1905851
5.072290907410661 1.5851061
5.073679814732486 0.7483551
5.075068722069318 -0.15759864
5.076457629390461 -0.9569766
5.077846536726611 -1.6329103
5.07923544406367 -2.7207818
5.080624351384813 -3.0796108
5.082013258706411 -3.2952063
5.08340216604347 -3.6148145
5.084791073365977 -3.4852307
5.086179980702127 -2.5626469
5.08756888802327 -3.3591042
5.088957795345777 -2.7194705
5.090346702681927 -3.3339503
5.09173561000307 -3.3062334
5.09312451732535 -1.5198374
5.094513424647175 -1.3888826
5.095902331968091 -0.9468435
5.097291239290371 -0.9569766
5.098680146612878 0.013470988
5.100069053934021 0.176613
5.101457961270171 0.076117046
5.102846868578126 1.2373639
5.104235775899269 1.6304067
5.105624683220867 2.3400774
5.1070135905433744 1.7052721
5.108402497864972 2.183194
5.10979140518657 1.9543066
5.111180312508395 2.335905
5.1125692198156685 2.5631237
5.113958127137266 2.0104556
5.1153470344590914 2.8915536
5.116735941766365 2.7419422
5.1181248490879625 2.4775293
5.11951375640956 2.162332
5.120902663716834 1.8569101
5.1222915710391135 1.2949433
5.123680478346387 1.2360525
5.125069385668212 1.7107558
5.126458292976167 1.3097256
5.127847200297083 0.88091916
5.129236107604356 0.7210555
5.130625014912084 0.6925638
5.132013922233 1.4619598
5.133402829540273 0.48561123
5.134791736848001 0.54104495
5.136180644155502 0.057400715
5.137569551462548 -0.30703124
5.1389584587841455 -0.86929595
5.140347366091419 -0.7317846
5.141736273398692 -0.9517312
5.143125180705738 -1.2265155
5.144514088012784 -0.73309594
5.145902995320739 -0.6664562
5.147291902628012 -1.2234757
5.148680809934376 -1.1426497
5.1500697172423315 0.018656721
5.1514586245348255 -0.79729176
5.152847531841417 -1.1344241
5.154236439149372 -0.2951696
5.155625346456418 0.1551548
5.157014253763009 1.4087912
5.1584031610564125 1.5183471
5.1597920683641405 1.3826836
5.161180975656862 1.2373639
5.162569882963908 1.2629945
5.163958790270954 1.2027923
5.165347697563675 -0.16099618
5.166736604870948 0.366995
5.168125512163442 0.6565616
5.169514419470488 0.19246823
5.170903326763437 -0.094237305
5.172292234055931 -0.4941945
5.173681141363886 -1.3060898
5.17507004865638 -1.0794077
5.176458955948419 -0.37021375
5.177847863241595 -0.8779985
5.179236770548869 -1.3779151
5.1806256778406805 -1.0844146
5.182014585133857 -1.4049764
5.18340349242726 -1.3699279
5.184792399719299 -2.1480267
5.186181307011793 -2.534632
5.187570214305197 -2.333461
5.188959121597236 -2.816867
5.19034802888973 -2.9726176
5.191736936183133 -3.0569603
5.193125843474945 -3.6924217
5.1945147507676666 -3.6720364
5.19590365806107 -4.121109
5.197292565339012 -3.3828273
5.198681472631506 -3.7095883
5.200070379924227 -3.7745588
5.2014592872174035 -4.230069
5.202848194495573 -3.8901947
5.204237101787385 -3.9886045
5.205626009080788 -4.1635485
5.207014916358958 -3.8445363
5.2084038236507695 -3.258787
5.209792730929621 -3.995757
5.2111816382230245 -2.8635387
5.212570545500284 -2.61361
5.213959452778454 -1.3299322
5.215348360071857 0.2660222
5.216737267349117 1.1645252
5.218126174627287 2.0568292
5.219515081920463 1.851188
5.220903989197723 4.2522426
5.222292896475892 3.988545
5.223681803754516 4.7480464
5.225070711032686 4.780353
5.226459618325407 5.3507833
5.227848525603349 4.653511
5.2292374328815185 5.6751604
5.230626340159688 4.831495
5.23201524743763 2.8016675
5.233404154715572 3.222606
5.234793061979872 2.22921
5.236181969257814 2.0499148
5.237570876535301 0.53317696
5.238959783814153 -1.3397672
5.240348691092095 -1.5857618
5.241737598370264 -3.159006
5.243126505634336 -4.621681
5.244515412911824 -5.297555
5.245904320189766 -4.752159
5.247293227454065 -6.1513534
5.248682134732007 -6.383043
5.250071041995852 -6.829433
5.251459949273794 -6.2277093
5.2528488565371845 -5.9627595
5.254237763815354 -5.599818
5.255626671078971 -4.79436
5.2570155783569135 -4.3719316
5.258404485620304 -3.0613117
5.259793392883921 -2.327739
5.2611823001620905 -0.30351448
5.26257120742639 0.79604
5.26396011468978 1.532295
5.265349021952716 2.1687696
5.26673792923134 3.4760513
5.268126836494957 4.79895
5.269515743757665 4.393032
5.270904651021738 5.5815787
5.272293558286037 4.885021
5.273682465548973 4.773081
5.275071372812363 4.3061266
5.2764602800766625 3.4694946
5.277849187339598 3.6323385
5.279238094602988 2.4098167
5.280627001852736 1.536229
5.282015909116126 2.098911
5.283404816379516 1.2153096
5.284793723643361 0.15706219
5.286182630892881 -0.27943358
5.287571538156499 -1.0211128
5.288960445419207 -1.6609251
5.290349352668727 -2.4462361
5.291738259932345 -2.9379272
5.293127167180501 -3.4643087
5.2945160744448 -4.604455
5.2959049816936385 -3.9727492
5.297293888956574 -5.452591
5.298682796206322 -4.606243
5.300071703470621 -3.903189
5.301460610718777 -4.683135
5.302849517967843 -4.0148907
5.304238425231915 -2.9947317
5.305627332480071 -2.4086843
5.307016239729137 -1.8657914
5.308405146978657 -0.2940967
5.30979405422795 0.23228514
5.31118296149134 0.26256505
5.312571868740179 1.6995498
5.313960775989244 2.3070557
5.31534968323831 2.7279942
5.316738590487148 2.8038132
5.318127497735986 3.7869568
5.319516404985279 3.6363919
5.3209053122341174 2.2464957
5.322294219469313 2.4825363
5.323683126718834 1.7454466
5.32507203396699 1.8931506
5.326460941216055 1.3894788
5.327849848451024 0.6842189
5.329238755699407 -0.42195186
5.330627662948245 -0.6322424
5.332016570183441 -1.89172
5.333405477431825 -1.6273669
5.334794384680663 -0.9488105
5.336183291915859 -2.5502489
5.337572199164697 -2.1805117
5.338961106399211 -2.054862
5.340350013648276 -3.5224845
5.3417389208825625 -2.8444052
5.343127828116849 -3.4485729
5.344516735366142 -1.7870517
5.345905642600428 -2.9799492
5.347294549835624 -2.4624488
5.34868345706991 -3.2154534
5.350072364318294 -2.1073155
5.351461271553262 -0.9738451
5.352850178787776 -0.5845574
5.354239086021607 -1.1912287
5.355627993256576 0.05763914
5.3570169004910895 -0.049294278
5.358405807725376 0.73810285
5.359794714960572 1.9463193
5.361183622194858 1.1111181
5.362572529429144 1.2199589
5.363961436663658 2.0660086
5.365350343898172 2.6770906
5.366739251132458 3.1784976
5.36812815835242 3.3808005
5.369517065586933 3.5349422
5.37090597282122 2.8997793
5.372294880040954 3.0162494
5.373683787275468 3.1042283
5.375072694510436 3.4070272
5.376461601730398 3.3409839
5.377850508964002 3.1688414
5.379239416184646 2.3580785
5.38062832341916 3.3154724
5.382017230638212 3.0656033
5.383406137873408 3.0347273
5.384795045094052 3.036754
5.386183952313104 2.756009
5.3875728595476176 3.1441643
5.388961766768261 1.7865748
5.390350673987314 1.490213
5.3917395812072755 2.3753643
5.393128488442244 0.7133067
5.394517395661296 1.0107414
5.395906302881258 -0.086607724
5.3972952101016745 -0.37951228
5.398684117322318 -0.7375664
5.40007302454228 -1.2688956
5.401461931761332 -2.0766184
5.402850838981976 -2.3853185
5.404239746201711 -2.7555919
5.40562865342099 -3.576428
5.407017560641634 -3.9408002
5.408406467846817 -4.6960697
5.409795375066096 -5.485732
5.41118428228674 -6.2349215
5.412573189507157 -6.229259
5.413962096711657 -6.143247
5.415351003931619 -6.1568375
5.416739911152035 -6.113861
5.418128818356763 -5.440312
5.4195177255764975 -6.8684154
5.420906632782589 -4.7467947
5.422295540002324 -5.3402333
5.423684447207961 -4.8220773
5.4250733544276954 -4.698752
5.426462261632878 -3.3725152
5.427851168838288 -1.5067836
5.4292400760582495 -1.6897148
5.430628983263432 -0.86762697
5.4320178904686145 -0.2512399
5.433406797688576 0.4629609
5.434795704893986 -0.10991372
5.436184612100078 0.3485171
5.437573519305261 0.65048176
5.438962426510443 1.3432244
5.440351333716535 1.7337638
5.441740240921263 0.9567381
5.443129148126445 0.9266967
5.444518055332537 1.8393859
5.4459069625370375 1.5966697
5.447295869742447 1.2608488
5.448684776948539 0.16564547
5.450073684153722 0.81165683
5.451462591344352 0.9731895
5.452851498549762 0.51767933
5.454240405755172 0.016212871
5.455629312960355 -0.47523975
5.457018220150985 -0.17714944
5.458407127356622 -0.07444807
5.459796034562487 -0.6567404
5.461184941753345 -0.9933363
5.462573848957845 -1.4842525
5.463962756149158 -0.7835227
5.465351663354568 -0.98743534
5.466740570544516 -0.40138775
5.468129477736056 -0.56572187
5.469518384941466 -1.4804378
5.470907292131415 -0.7433481
5.472296199322955 0.13512713
5.473685106529047 0.9450553
5.475074013718995 1.6811912
5.476462920909853 1.6146708
5.477851828101166 2.310036
5.479240735292024 2.4516602
5.480629642482654 3.338242
5.482018549688064 4.091425
5.483407456878922 3.7232976
5.4847963640695525 3.9869952
5.486185271260183 3.651532
5.487574178437171 4.6755652
5.488963085627802 3.908792
5.490351992817978 3.5865612
5.491740900009518 2.986208
5.493129807200148 3.2648072
5.494518714390324 1.9959116
5.495907621567312 2.2406542
5.497296528758625 0.77637
5.498685435948573 0.5327001
5.500074343124879 -1.3637289
5.501463250316192 -1.6152072
5.502852157491816 -2.5392218
5.5042410646824464 -2.9882345
5.505629971859435 -3.473369
5.50701887904961 -5.1608186
5.508407786225689 -5.038865
5.509796693417229 -5.618296
5.511185600593308 -7.128656
5.512574507769614 -6.4460464
5.513963414960472 -5.9333143
5.51535232213655 -5.7026386
5.516741229312856 -6.052884
5.518130136489162 -4.8020496
5.519519043680475 -5.2350283
5.520907950856781 -4.156098
5.522296858032178 -2.8720624
5.523685765208938 -3.688905
5.5250746723859265 -2.2299848
5.52646357956155 -1.2514906
5.527852486737629 -1.4226794
5.529241393914617 -0.8652427
5.530630301090241 -0.0320085
5.53201920826632 0.57060957
5.533408115428756 0.8105839
5.534797022604835 1.6051338
5.536185929780913 2.4387853
5.537574836957447 2.883924
5.538963744118973 3.1064932
5.540352651295052 2.8433917
5.541741558471358 3.7618032
5.543130465633112 2.6999793
5.544519372809191 3.5375648
5.545908279970718 4.770816
5.547297187147024 4.454903
5.548686094309232 4.218863
5.550075001485766 3.1557279
5.55146390864661 3.4734285
5.552852815808819 3.7310464
5.554241722985125 3.2582505
5.555630630146879 1.7099214
5.557019537309088 1.3794649
5.558408444470842 1.2057726
5.559797351646921 0.79186755
5.561186258808448 0.07790523
5.562575165970429 -0.21011165
5.563964073131956 0.2511207
5.565352980293483 -0.49252552
5.566741887455237 -0.20909835
5.568130794616991 0.41408387
5.569519701778518 0.047267668
5.570908608940044 -0.5498666
5.572297516102481 -0.10597972
5.573686423264235 0.88366103
5.575075330425079 1.1322186
5.576464237572964 2.5219955
5.57785314473449 2.2159774
5.579242051895562 3.338719
5.580630959043447 3.5695138
5.582019866204973 3.5844152
5.583408773366045 4.705607
5.58479768051393 6.2883883
5.5861865876761385 5.7785172
5.587575494822431 6.1117153
5.588964401984185 7.1936865
5.590353309131842 6.8641834
5.591742216292914 6.092522
5.593131123439889 7.3632064
5.594520030587773 5.5988646
5.59590893775021 5.381302
5.597297844897184 6.774774
5.5986867520437045 4.709183
5.600075659206141 4.2579646
5.6014645663531155 3.8198595
5.602853473499636 3.2506208
5.6042423806472925 2.0284567
5.605631287794495 1.454688
5.607020194940787 1.0006083
5.608409102088444 0.18471944
5.609798009236329 -0.32235
5.611186916382849 -1.6589582
5.6125758235298235 -1.8657914
5.613964730677708 -3.2364347
5.615353637824228 -3.196737
5.616742544956651 -2.982989
5.618131452104535 -4.133686
5.619520359251055 -3.7837381
5.62090926639803 -3.9996915
5.622298173531362 -4.2658925
5.623687080678337 -3.1828487
5.625075987825312 -3.8351185
5.626464894957962 -3.3304336
5.6278538021051645 -3.8862607
5.629242709237587 -2.9532459
5.630631616384562 -3.4594808
5.63202052351744 -2.6943166
5.633409430665097 -2.239045
5.634798337797747 -2.169902
5.63618724493017 -2.167041
5.637576152078054 -0.28789765
5.638965059209795 -0.23985511
5.640353966342445 0.2223905
5.641742873475778 0.8618452
5.6431317806075185 1.1923016
5.644520687754721 1.9725461
5.645909594887826 3.5631955
5.647298502020476 3.1779015
5.648687409152899 4.120632
5.650076316285322 4.271674
5.651465223417972 5.8974915
5.652854130550622 5.203437
5.654243037668493 5.273653
5.655631944801144 4.3533344
5.657020851934249 4.676519
5.658409759066899 3.6744206
5.65979866619864 2.7343125
5.66118757331742 2.1073751
5.662576480449843 2.1536295
5.663965387581811 0.16969869
5.665354294700592 0.16242673
5.666743201833015 -0.18918988
5.668132108964983 -0.5909949
5.669521016083763 -1.3720142
5.670909923216868 -2.2609205
5.672298830334057 -2.3677943
5.6736877374521555 -1.9101384
5.6750766445852605 -2.091043
5.676465551703586 -2.1857572
5.677854458821457 -1.6453084
5.67924336595388 -1.4720929
5.6806322730719785 -1.1332319
5.682021180190077 -0.6023797
5.683410087307948 -0.38368472
5.68479899444128 0.013709412
5.686187901559151 -0.42403808
5.6875768086765675 0.9859452
5.688965715795348 0.7124722
5.690354622913219 0.9536386
5.691743530030635 0.5793121
5.693132437149188 0.7743434
5.694521344267741 1.1388944
5.695910251385158 1.1059918
5.697299158488477 1.231284
5.698688065607257 0.4717826
5.700076972724673 2.2492375
5.701465879842544 0.4785777
5.702854786946773 1.0839378
5.704243694064189 0.81511396
5.70563260118206 1.6470965
5.707021508286289 1.2219855
5.70841041540416 1.6937084
5.709799322507479 1.4288188
5.7111882296258045 1.4908091
5.712577136729806 0.7799463
5.713966043847904 1.4626751
5.715354950950541 0.3872611
5.716743858069094 1.0976471
5.718132765173323 0.59457123
5.719521672276187 0.69530565
5.720910579379506 -1.1672671
5.722299486498287 0.37533987
5.723688393601151 -0.7832843
5.72507730070447 -0.5999358
5.7264662078086985 -0.6547734
5.7278551149113355 -1.1277481
5.729244022014882 -2.2238455
5.730632929118883 -1.7180277
5.73202183622243 -3.4578714
5.733410743325749 -3.8014412
5.734799650429295 -3.700707
5.7361885575328415 -4.106446
5.737577464636161 -4.438869
5.73896637173948 -4.5783477
5.740355278843026 -5.6958437
5.741744185932021 -5.611739
5.74313309303534 -6.965633
5.744522000138659 -5.616329
5.745910907228335 -6.7412753
5.747299814331882 -5.931944
5.748688721434519 -5.6370125
5.7500776285241955 -5.4646907
5.7514665356275145 -3.592939
5.752855442716509 -2.3781657
5.754244349805958 -2.1291313
5.755633256909732 -1.8358096
5.757022163998499 -0.714022
5.758411071101818 0.9191863
5.759799978190813 0.88413787
5.761188885279807 2.4333014
5.762577792368575 3.1880345
5.763966699457342 3.323102
5.765355606560888 4.308511
5.766744513649883 5.5912347
5.76813342073865 5.876391
5.7695223278283265 6.127332
5.770911234917094 6.809584
5.772300142005406 6.3184295
5.773689049095083 6.326536
5.77507795618385 6.704797
5.776466863272162 4.0606685
5.777855770361612 5.531152
5.779244677436509 4.208492
5.780633584524821 3.4635339
5.782022491613816 2.493027
5.783411398703265 1.4832988
5.784800305777026 0.5528469
5.786189212865793 -0.2862287
5.7875781199554694 -1.8115498
5.78896702702923 -2.516154
5.790355934117997 -3.5085366
5.791744841193122 -5.33314
5.7931337482827985 -4.820647
5.794522655357014 -6.1928396
5.795911562445326 -6.3363113
5.7973004695202235 -6.5440392
5.798689376594666 -6.8581038
5.800078283682751 -5.633615
5.8014671907576485 -5.3615723
5.8028560978323185 -5.6316476
5.804245004905852 -4.429213
5.805633911980749 -3.4544737
5.807022819070426 -2.2022083
5.808411726144186 -0.9991181
5.809800633218401 0.07718995
5.811189540293526 0.33421162
5.812578447367059 1.6584216
5.813967354441502 1.6842906
5.8153562615166265 2.844584
5.816745168590842 3.9248857
5.818134075650505 3.7085154
5.819522982724948 3.6648836
5.82091188979939 4.1902523
5.822300796873606 4.707276
5.823689703933269 4.1816688
5.8250786110077115 3.872432
5.826467518082154 3.223798
5.8278564251418175 2.736339
5.82924533221626 2.8898845
5.830634239291157 2.5405927
5.832023146351048 1.7926546
5.833412053425491 1.6599715
5.834800960485836 0.13238524
5.836189867544817 0.5368725
5.837578774619487 -1.1962357
5.838967681679833 -1.0819111
5.8403565887397235 -0.95614207
5.841745495813939 -2.6813226
5.843134402873602 -2.6940186
5.844523309933493 -2.4523754
5.8459122169933835 -2.2504299
5.847301124053047 -2.7483795
5.848690031127262 -3.3157704
5.85007893818738 -2.8285499
5.851467845247043 -1.4247656
5.852856752306707 -1.0245104
5.85424565936728 -0.5859284
5.855634566426943 0.47321314
5.8570234734716 1.3851871
5.858412380532172 3.282093
5.859801287591836 2.719411
5.861190194651044 3.4048815
5.862579101711617 4.678903
5.863968008757411 5.3531675
5.865356915816392 6.539211
5.8667458228762825 6.0820317
5.868134729922076 5.953521
5.869523636981285 6.6051354
5.870912544026396 5.981416
5.872301451086969 5.2694807
5.873690358132308 4.0821266
5.875079265192198 3.4340885
5.87646817223731 1.5784302
5.877857079297883 0.72034025
5.879245986342994 -0.56035733
5.880634893387651 -1.136093
5.8820238004482235 -1.6373807
5.883412707493335 -2.7165499
5.8848016145379916 -4.2495008
5.886190521583785 -4.177556
5.887579428629124 -5.1212406
5.888968335673553 -5.004651
5.890357242719347 -5.734051
5.891746149765368 -5.2345514
5.893135056810024 -4.761458
5.894523963855136 -5.4295235
5.895912870901157 -5.877464
5.898690684990925 -4.4270673
5.9000795920369455 -4.297007
5.901468499082057 -2.9250522
5.9028574061126164 -2.4564288
5.904246313157955 -0.19962096
5.905635220203294 -0.4718422
5.9070241272338535 -0.72445303
5.908413034279192 0.41861394
5.909801941324531 1.2966123
5.911190848355091 2.9447222
5.912579755400202 2.2731993
5.913968662431671 2.9864464
5.91535756946314 3.916779
5.916746476507569 3.8844726
5.918135383538356 4.2783504
5.919524290584377 5.124042
5.920913197614254 4.8035994
5.922302104645041 4.9009957
5.923691011676283 4.545862
5.92507991870707 4.2696476
5.926468825752181 2.9515173
5.927857732782741 3.2255864
5.929246639813755 2.0486035
5.930635546844314 2.330302
5.932024453874874 1.0618834
5.933413360905661 -0.3805256
5.934802267936448 -0.749726
5.936191174967007 0.54104495
5.937580081997567 -0.37778372
5.938968989014484 -1.5448719
5.9403578960452705 -1.3128252
5.941746803075148 -0.7104456
5.943135710106617 -0.23621912
5.9445246171226245 -1.5119097
5.945913524152729 -1.1076609
5.947302431184198 -1.4368657
5.948691338200888 -0.7328575
5.950080245231675 -0.6725957
5.951469152247682 -0.059546534
5.952858059278469 -0.1068142
5.954246966294704 0.30738887
5.955635873325264 0.18305047
5.957024780341271 0.34970924
5.958413687357506 1.0037078
5.959802594388293 0.22882798
5.961191501404301 0.82548547
5.962580408421218 0.62640095
5.963969315451777 0.5577346
5.96535822246733 -0.38970494
5.966747129484247 -0.7063924
5.968136036500255 -0.14096852
5.9695249435158075 0.05775835
5.970913850532497 -0.85952055
5.972302757548732 -0.4765511
5.973691664564058 -0.51279163
5.975080571580747 -1.0817323
5.976469478597664 -0.49306202
5.977858385613217 -1.292738
5.979247292614673 -0.25189555
5.98063619963159 0.29391786
5.982025106647143 -1.0623603
5.98341401366315 -1.4313223
5.984802920665516 -1.6771977
5.986191827681523 -1.1834203
5.987580734697758 -0.9786732
5.988969641699441 -1.5958352
5.990358548716131 -2.0151048
5.991747455717814 -1.9354709
5.993136362733139 -1.7556392
5.994525269735277 -0.75717676
5.995914176751512 -3.0089178
5.997303083752286 -1.914132
5.998691990754651 -1.922894
6.000080897771568 -2.2678347
6.001469804772569 -2.3498528
6.002858711774024 -0.9344455
6.00424761877639 -0.5627416
6.005636525777163 -0.43434992
6.007025432793398 0.20212443
6.008414339795763 -0.2706715
6.009803246797219 0.16946025
6.0111921537986746 -0.6107841
6.012581060800358 0.22775507
6.013969967802041 0.81213367
6.015358874788944 0.22358264
6.0167477817904 1.2813532
6.018136688792083 0.33921853
6.019525595793766 0.5125532
6.020914502795222 0.7942518
6.022303409782353 -0.054301195
6.023692316784491 -0.24927288
6.025081223786174 -0.03582329
6.026470130772395 -0.32175395
6.0278590377747605 -0.73011565
6.029247944776216 -1.164704
6.030636851763347 -0.7834035
6.032025758765485 -1.5347985
6.033414665752844 -1.3780344
6.034803572739747 -1.8768783
6.036192479741203 -2.5196114
6.037581386728334 -1.3175341
6.038970293715465 -2.2931077
6.040359200716921 -2.2913196
6.041748107703825 -1.7015169
6.043137014690956 -1.7769783
6.044525921678087 -2.0116477
6.045914828664991 -1.5492232
6.047303735667356 -1.582245
6.0486926426542595 -1.3363696
6.0500815496407085 -1.1244698
6.051470456628522 -1.776561
6.0528593636154255 -1.832114
6.0542482706018745 -1.2091702
6.055637177575136 -1.6349964
6.057026084562722 -0.8701304
6.058414991548943 -0.8182135
6.0598038985360745 -0.64171976
6.06119280552366 1.4025921
6.062581712495557 0.24659061
6.063970619482461 -0.05805638
6.065359526470274 0.1669568
6.0667484334421715 1.4204739
6.068137340429075 1.6863172
6.069526247402337 0.6334345
6.07091515439015 1.0145562
6.072304061362502 0.6844573
6.073692968348951 0.84122145
6.075081875321985 0.67527795
6.076470782294564 0.48716098
6.0778596892807855 -0.08034908
6.079248596253819 0.5591652
6.080637503227081 -0.58485544
6.082026410198978 0.23419254
6.083415317185882 0.29153362
6.084804224159143 0.1611154
6.08619313113104 0.3874995
6.087582038103392 0.9262198
6.088970945076653 1.087514
6.09035985204855 1.0162251
6.091748759020902 1.7651166
6.093137665994163 1.9546642
6.094526572966515 1.4918821
6.095915479938867 1.8128016
6.097304386896894 2.7579165
6.098693293869474 0.90500003
6.100082200841825 1.5576873
6.101471107814177 0.87710434
6.102860014772432 0.4086001
6.104248921744784 -0.3814793
6.105637828702584 -1.1381792
6.107026735675845 -1.518824
6.108415642649106 -2.4448054
6.109804549606224 -2.2602649
6.111193456578803 -1.8682353
6.112582363537513 -2.980605
6.1139712704946305 -2.5625277
6.11536017746721 -1.5012999
6.116749084425692 -1.8103577
6.118137991383719 -2.0563524
6.119526898356071 -2.8196685
6.120915805313871 -2.3189173
6.122304712271898 -1.6847675
6.123693619229925 -1.3019173
6.125082526187725 -0.75914377
6.126471433145753 0.6708671
6.12786034010378 0.3562659
6.12924924706158 0.02747843
6.13063815401938 0.7342881
6.132027060978089 1.9187813
6.133415967935889 1.5089294
6.134804874893234 1.3864985
6.136193781851944 3.1286666
6.137582688809744 3.2121153
6.138971595752537 3.0522516
6.140360502711246 4.6450467
6.141749409669728 3.0976715
6.143138316612294 2.6704147
6.144527223570321 3.2214139
6.145916130514252 3.571898
6.147305037472506 2.4182808
6.148693944415754 2.7406306
6.150082851373554 1.821981
6.1514717583170295 1.5370635
6.152860665275057 1.0513928
6.154249572218305 0.24349108
6.155638479162462 -0.8419367
6.157027386120262 -1.3433436
6.1584162930630555 -2.1528547
6.159805200007213 -2.3913984
6.161194106950461 -3.0198853
6.162583013893254 -3.2018034
6.163971920851736 -4.674373
6.165360827795666 -4.3632884
6.16674973473846 -4.632053
6.168138641681708 -4.7864923
6.169527548625865 -5.086669
6.170916455568658 -4.7351117
6.1723053624973545 -4.7535896
6.173694269441512 -4.0151887
6.175083176384305 -3.8048387
6.176472083327553 -2.8157344
6.177860990271711 -2.7387233
6.179249897200407 -2.652652
6.180638804143655 -0.7893045
6.182027711087358 0.75026244
6.183416618016054 1.0082378
6.184805524959302 3.4649644
6.186194431888225 3.5746398
6.187583338832155 4.721581
6.188972245761761 5.0467925
6.190361152704554 5.6359396
6.19175005963325 5.504091
6.193138966562856 6.608235
6.194527873505649 6.7953978
6.195916780434345 6.6028705
6.197305687363951 5.714262
6.198694594291965 6.2082777
6.20008350123544 4.891578
6.201472408164818 3.9419327
6.202861315093742 4.1039424
6.204250222022438 2.5217571
6.205639128951361 0.6602572
6.207028035880285 0.28962624
6.208416942808981 -1.3236735
6.209805849737677 -1.7782896
6.2111947566666 -3.6700695
6.212583663595979 -3.7909505
6.21397257051035 -5.5059385
6.215361477438364 -6.6558604
6.21675038436797 -6.177938
6.218139291296893 -6.795219
6.219528198210355 -7.0621357
6.220917105139961 -6.441099
6.222306012054105 -6.868177
6.223694918982346 -6.8716936
6.225083825911952 -6.1142783
6.2264727328270055 -4.8825774
6.22786163974115 -4.3907075
6.229250546669846 -3.4322407
6.230639453584217 -2.6034174
6.232028360513141 -2.106779
6.233417267427285 -0.44966874
6.234806174341429 -0.033439048
6.236195081256483 0.6256857
6.237583988185179 1.5485079
6.238972895098868 2.9026403
6.240361802013922 3.3048625
6.241750708928066 3.8471591
6.243139615841756 4.5540876
6.244528522756809 4.622039
6.245917429670953 4.6935663
6.247306336584643 4.4262924
6.248695243499469 4.991955
6.250084150414295 4.447989
6.251473057327985 3.9033082
6.2528619642278045 3.6130261
6.254250871142631 2.6247563
6.25563977805632 3.0319855
6.2570286849559125 2.2377932
6.258417591870966 0.5187523
6.25980649878511 -0.4727363
6.2625843125993015 -0.8846147
6.263973219498894 -2.6645732
6.265362126413265 -4.0314016
6.266751033313085 -2.4649525
6.268139940227911 -4.3731236
6.269528847127731 -4.951661
6.270917754026641 -5.4978914
6.272306660941467 -5.9122143
6.273695567841969 -5.9065514
6.2750844747411065 -5.7990217
6.276473381640699 -5.5204225
6.2778622885412005 -3.8150313
6.27925119545489 -4.3994694
6.280640102354482 -3.9842534
6.282029009254984 -2.6515791
6.283417916154576 -0.9497642
6.2848068230541685 -1.5176319
6.2861957299542155 0.51159954
6.287584636839256 0.6057772
6.288973543738848 2.591496
6.290362450638668 3.151198
6.291751357538487 3.6608305
6.29314026443808 3.624113
6.29452917132312 4.598435
6.29591807822294 4.110022
6.297306985123214 4.2459245
6.298695892008709 4.936044
6.300084798907619 4.973596
6.301473705793342 4.887763
6.302862612693161 4.45991
6.304251519578429 4.6959505
6.305640426478703 3.5597384
6.307029333363971 3.2143803
6.308418240249011 3.6946867
6.309807147148831 1.5501769
6.311196054034099 1.7889591
6.312584960919139 1.3500195
6.3139738678041795 0.52256703
6.315362774703999 -0.39661926
6.316751681589267 -0.85963976
6.318140588474307 -1.4119502
6.3195294953593475 -1.4647018
6.320918402245297 -1.2830819
6.322307309130565 -2.0973017
6.323696216014923 -2.3950343
6.325085122900873 -1.3327336
6.3264740297859134 -1.0839974
6.327862936655947 -1.7821044
6.329251843541897 -1.8723482
6.330640750427847 -0.028372522
6.332029657312205 0.28593066
6.333418564182921 -0.70806134
6.334807471068643 0.19866727
6.3361963779530015 1.1175555
6.337585284823717 0.9182326
6.33897419170944 1.1799035
6.3403630985794734 2.1272836
6.341752005464514 2.6809053
6.343140912335912 2.326368
6.3445298192218615 3.1190104
6.34591872609235 2.5440497
6.347307632962384 3.4501822
6.348696539833782 3.4835615
6.350085446718822 2.738008
6.351474353588856 2.7946339
6.3528632604602535 2.1886778
6.354252167331424 2.6941378
6.35564107420123 2.6516984
6.357029981071946 2.0638626
6.358418887943117 2.3078902
6.35980779481315 2.381921
6.361196701683639 2.1805713
6.362585608555037 1.9471538
6.36397451542507 3.2519321
6.365363422295559 1.4955776
6.366752329166957 0.92717355
6.368141236037445 1.1418748
6.369530142893609 2.2850013
6.370919049764325 1.5829602
6.372307956634813 2.0033028
6.37369686349075 1.6312413
6.375085770361466 1.4891402
6.3764746772176295 1.1884868
6.377863584089027 2.5793364
6.379252490944964 0.65680003
6.380641397814998 0.83085
6.382030304671616 1.4930742
6.383419211542332 1.0727317
6.384808118398269 -0.25976357
6.386197025255115 0.13441186
6.387585932124921 -0.21249588
6.388974838981085 -1.121728
6.390363745837931 -1.3209317
6.391752652693867 -1.0537174
6.393141559549804 -1.2233565
6.394530466405968 -1.0955012
6.395919373262132 -1.8331869
6.397308280118068 -2.3114665
6.398697186974005 -2.5064979
6.400086093830396 -1.995554
6.4014750006870145 -1.3701663
6.402863907543178 -2.4219167
6.404252814398433 -1.1918844
6.405641721255051 -0.08410426
6.407030628096663 0.5267395
6.408419534951918 0.56870216
6.409808441808764 0.83967173
6.411197348650376 0.65572715
6.41258625550563 1.9588366
6.413975162347924 1.1435437
6.41536406920477 2.4342551
6.416752976045473 1.8308027
6.418141882901637 3.213069
6.419530789743703 3.4816542
6.420919696598958 2.5351088
6.422308603440797 2.047769
6.423697510282864 2.3851397
6.425086417139482 3.179332
6.426475323981094 2.1822402
6.427864230821797 1.444674
6.429253137664091 1.7592752
6.4306420445054755 2.042166
6.432030951346405 0.8277505
6.433419858188699 -0.88395905
6.434808765030084 -0.8058154
6.436197671871014 -0.62270534
6.437586578713308 -1.4116522
6.438975485555375 -2.665646
6.440364392396077 -2.0521798
6.441753299237689 -2.7572012
6.443142206079756 -3.4581099
6.444531112906134 -2.62571
6.445920019747518 -1.8867131
6.4473089265898125 -1.8247824
6.4486978334168725 -1.9848249
6.4500867402584845 -2.2792792
6.451475647085317 -0.8734088
6.452864553926702 -0.8744221
6.454253460753762 -0.797709
6.455642367595374 0.42493215
6.4570312744222065 0.59862447
6.4584201812638184 1.5449315
6.4598090880908785 1.93714
6.461197994917711 1.6234925
6.462586901760005 2.6867468
6.463975808586838 2.1248994
6.465364715413671 3.506808
6.466753622241413 2.3671386
6.468142529067791 2.5568056
6.469531435894623 1.5079757
6.470920342722366 1.675469
6.472309249549198 0.8105839
6.473698156376258 1.3650402
6.475087063203318 1.3024538
6.476475970030151 -0.052155375
6.477864876856984 -1.8251996
6.479253783684044 -1.8805737
6.480642690511104 -2.7716856
6.482031597324294 -3.4169219
6.483420504151127 -3.9847898
6.484809410977505 -4.2175517
6.486198317790468 -4.488402
6.487587224617528 -5.3774276
6.488976131443678 -3.9049175
6.490365038256641 -4.0916634
6.491753945083929 -4.430763
6.493142851895527 -3.9676232
6.49453175870849 -2.5477455
6.495920665536232 -2.6685073
6.497309572348058 -2.5050673
6.498698479160339 -3.2412627
6.500087385988081 -1.5210295
6.502865199612643 0.083865836
6.504254106425378 -0.6960209
6.505643013238341 -0.22543043
6.507031920050849 0.5583307
6.508420826862448 1.3463238
6.509809733675411 0.96377164
6.511198640487919 1.848446
6.512587547299518 1.6259959
6.513976454112708 1.312706
6.515365360925216 1.8019532
6.516754267736815 2.509836
6.518143174550005 2.1722267
6.519532081348643 2.084844
6.520920988160242 1.3431052
6.52230989497275 0.7756547
6.523698801771161 0.6336729
6.52508770858276 0.16159225
6.526476615380943 0.15193605
6.527865522193906 -0.22006586
6.529254428991862 -0.30625635
6.530643335804143 -1.8730038
6.532032242601872 -1.1639887
6.53342114941438 -1.9615188
6.534810056212336 -1.6601503
6.536198963010065 -2.9857311
6.537587869807794 -2.15053
6.53897677662053 -1.2893404
6.540365683418258 -1.0086551
6.541754590216897 -2.1544044
6.543143497015308 -1.5812913
6.5445324038123545 -1.6768996
6.545921310610311 -2.2890546
6.547310217408722 -1.5384345
6.548699124205996 -1.7054509
6.550088031003725 -1.7275647
6.551476937802363 -1.8272859
6.552865844600319 -1.1925997
6.554254751398275 -0.5155335
6.555643658181452 -0.675874
6.557032564979181 -1.2364699
6.558421471777137 0.60351217
6.559810378560542 0.5739475
6.561199285358271 1.2130445
6.562588192156227 2.0455039
6.563977098939631 0.8663752
6.56536600573736 2.0753071
6.566754912521446 1.0614066
6.568143819304623 2.126926
6.569532726101897 1.2656173
6.570921632885984 3.017084
6.572310539669161 1.8794413
6.573699446466435 2.5588322
6.575088353250294 2.6483603
6.576477260034153 2.8495908
6.577866166816875 3.3864036
6.579255073600052 1.7089676
6.5806439803986905 2.7258484
6.582032887181867 2.7619698
6.583421793965499 2.8046477
6.584810700748676 1.9645588
6.586199607531853 1.7032454
6.587588514300705 0.1660031
6.58897742108411 0.5697751
6.590366327867969 0.6573961
6.591755234651373 0.12773596
6.593144141433868 -0.22978167
6.594533048203175 -0.8812172
6.595921954986807 -0.9585263
6.5973108617693015 -0.7550906
6.598699768538609 -2.0826385
6.600088675322695 -1.7763226
6.601477582090865 -1.86299
6.602866488874042 -2.302287
6.604255395643577 -1.622062
6.605644302426072 -0.8799058
6.607033209194924 -1.0755929
6.6084221159644585 -1.1669095
6.609811022747635 -0.27734736
6.6111999295162605 -0.027299613
6.612588836285113 1.231761
6.613977743053965 1.6373211
6.61536664982259 1.7276839
6.616755556605767 2.807032
6.618144463374847 3.796613
6.619533370143472 3.1628807
6.620922276912097 4.6791415
6.6223111836816315 3.4847538
6.623700090436614 4.721581
6.625088997204557 4.503661
6.626477903973409 3.9766235
6.627866810742944 4.162714
6.629255717510887 3.9881873
6.630644624265187 2.852571
6.6320335310344944 2.8590086
6.633422437803347 1.845585
6.63481134455742 1.6441162
6.636200251326045 0.6979283
6.637589158094897 0.06836824
6.638978064849198 -0.37778372
6.640366971617823 -1.7635072
6.641755878372123 -1.9202714
6.643144785126424 -2.448501
6.644533691895049 -3.353203
6.645922598649122 -2.3007374
6.6473115054041045 -3.676626
6.648700412158178 -4.548783
6.650089318926348 -3.3085582
6.6514782256813305 -2.9695778
6.652867132435404 -3.2358983
6.654256039189022 -2.3084266
6.655644945944005 -2.3854973
6.65703385269876 -1.509287
6.658422759452151 -0.92168975
6.659811666206451 0.20033623
6.6612005729612065 0.21142298
6.662589479715734 1.9916201
6.6639783864698074 1.1003889
6.665367293209329 1.7081331
6.666756199963629 2.6311939
6.66814510671793 3.8584843
6.669534013457451 3.2832851
6.670922920212433 1.8042183
6.6723118269665065 3.2439451
6.673700733705573 3.0875385
6.6750896404605555 3.89091
6.676478547200077 3.3668528
6.677867453953695 2.8799899
6.679256360693898 2.297042
6.680645267434102 1.8921969
6.68203417418772 1.9276029
6.683423080927241 2.6735141
6.684811987667672 1.0314842
6.686200894406738 -0.7913907
6.6875898011608115 -0.518335
6.688978707901242 -0.27114835
6.690367614640309 -1.1374043
6.69175652137983 -0.39757296
6.6931454281202605 -0.8804423
6.694534334859782 -2.2467937
6.695923241599303 -1.4314415
6.697312148339051 -1.4368657
6.698701055079255 -1.9284971
6.700089961804679 -2.428831
6.701478868543518 -1.7802566
6.702867775283721 -2.4862914
6.704256682024152 -2.772222
6.705645588748666 -3.1954255
6.7070344954881875 -2.6578972
6.708423402214066 -2.4962456
6.709812308953133 -1.8634073
6.711201215692654 -1.2101239
6.712590122418533 -1.7152859
6.713979029143502 -1.8346174
6.715367935883023 -0.9598377
6.71675684260822 -0.1912761
6.718145749347968 -0.76909804
6.719534656072938 0.29427552
6.720923562797907 0.09089936
6.722312469523331 1.0788116
6.7237013762483 0.6209172
6.725090282987821 1.1111181
6.726479189713018 1.6636671
6.7278680964386695 2.7624466
6.729257003163866 3.4162066
6.730645909888153 1.9897125
6.732034816614032 2.7946339
6.733423723339229 3.126044
6.734812630048964 2.7388425
6.736201536774843 3.207943
6.7375904435007214 3.3042665
6.738979350225691 3.1379652
6.74036825695066 2.391458
6.741757163661305 3.2397726
6.743146070386501 2.6736333
6.744534977096919 1.7273263
6.745923883822115 1.4869944
6.747312790547312 1.2350988
6.748701697257729 -0.55093956
6.750090603968147 0.3272973
6.7514795106940255 -0.83526087
6.752868417404443 -0.9179346
6.754257324128957 -2.2192557
6.755646230840284 -1.9590154
6.757035137550702 -2.3009758
6.758424044260664 -2.6292267
6.759812950986543 -2.385855
6.7612018576976425 -2.3181424
6.762590764407378 -2.9255886
6.7639796711180225 -2.7405114
6.765368577829122 -2.5721242
6.7667574845390845 -2.6923497
6.768146391249502 -1.7775147
6.769535297960829 -1.3243291
6.770924204670791 -0.77517784
6.772313111366657 -1.5882652
6.773702018077984 -0.26959857
6.775090924788401 0.44102582
6.776479831499046 1.263829
6.777868738195139 1.6496
6.779257644906465 2.2475686
6.780646551616883 2.2276602
6.7820354583122935 2.9775054
6.783424365023393 3.5494862
6.7848132717199405 4.1683173
6.786202178429903 4.0291963
6.787591085125769 4.511648
6.7889799918225435 4.609879
6.790368898532506 3.4345653
6.791757805228372 4.1124067
6.7931467119251465 2.6985488
6.794535618621012 4.22542
6.795924525331657 2.1192963
6.7973134320277495 2.4222147
6.798702338723615 1.5697277
6.80009124541948 0.53997207
6.801480152115801 1.5581641
6.802869058811666 0.97521603
6.8042579655075315 0.15181684
6.807035778899717 -0.1369153
6.808424685581713 -0.8846147
6.809813592277806 0.022590728
6.811202498972989 -0.8157697
6.8125914056695365 -1.0823879
6.813980312351305 -1.3354756
6.815369219046488 -1.3235543
6.816758125728484 -1.3102025
6.818147032425259 -2.069704
6.819535939121124 -2.5789192
6.820924845802665 -2.7903423
6.822313752484206 -2.8726585
6.823702659180071 -2.7266233
6.825091565861612 -2.2700999
6.826480472557705 -2.1585174
6.827869379239019 -1.8133976
6.829258285920332 -1.7392476
6.830647192601873 -1.0711224
6.832036099283869 -0.60631365
6.8334250059799615 0.10770829
6.834813912660593 1.3574107
6.836202819342816 1.7206504
6.837591726024357 2.358317
6.838980632704988 3.332043
6.840369539387211 3.3626804
6.841758446069434 4.061503
6.843147352735514 3.822959
6.844536259417055 3.3372884
6.845925166099278 4.2301884
6.847314072779909 3.9089112
6.848702979446898 4.013818
6.850091886128894 3.4435062
6.851480792810435 3.5786932
6.852869699477196 1.9647973
6.85425860615851 2.7730565
6.855647512825499 2.9808433
6.85703641950704 2.8125157
6.858425326173801 1.25763
6.859814232856024 1.4915245
6.861203139522786 0.51803696
6.862592046189093 -0.055850953
6.863980952871316 -1.0617046
6.86536985953876 0.5384223
6.866758766204839 0.05084404
6.868147672871828 -2.5362413
6.869536579539272 -1.6533551
6.870925486205579 -1.668674
6.872314392872568 -2.1054678
6.873703299540011 -2.7114832
6.875092206207 -2.8551342
6.876481112873989 -2.740273
6.877870019540751 -3.4113786
6.879258926207513 -2.5460167
6.880647832874729 -2.514187
6.882036739526939 -1.9053103
6.8834256461937 -1.9689696
6.884814552860689 -1.0500814
6.886203459513126 -0.5914121
6.887592366179888 -1.0211128
6.888981272847559 0.39822862
6.890370179499769 0.3677103
6.891759086166076 1.0732086
6.893147992819195 0.87030923
6.894536899485956 2.0514646
6.895925806138166 1.8002843
6.897314712791285 2.3214803
6.898703619458047 2.8225296
6.900092526110484 1.8187622
6.901481432762921 1.9677775
6.902870339415131 1.6026303
6.90425924606734 1.683933
6.905648152720005 1.1509349
6.907037059372215 1.0864412
6.908425966025334 0.03224692
6.9098148726775435 0.1933027
6.911203779329298 -0.033319835
6.91259268598219 0.19342193
6.913981592634627 -0.8228032
6.915370499286155 -1.3512712
6.916759405939047 -0.5920678
6.918148312591711 -0.21416485
6.919537219228687 0.42195186
6.920926125881579 -0.43661496
6.922315032534698 -0.23943786
6.923703939171901 -1.5823642
6.9250928458241106 -1.4453298
6.926481752462678 -2.2526948
6.927870659114433 -1.7159415
6.929259565752091 -1.579205
6.930648472390658 -3.611536
6.9320373790428675 -3.6691751
6.9348151923184105 -2.060644
6.936204098971302 -3.3285859
6.9375930056091875 -4.712104
6.938981912246163 -3.2677279
6.94037081888473 -3.696892
6.9417597255226156 -3.7988183
6.943148632159591 -2.1345556
6.9445375387981585 -2.1303236
6.947315352073701 0.57633173
6.948704258711587 0.032127712
6.950093165350154 0.5383031
6.9514820719871295 1.2776576
6.952870978610463 1.2051766
6.954259885248803 1.1822878
6.955648791886688 1.0889446
6.957037698509794 2.9503253
6.9584266051474515 2.5353472
6.959815511785337 2.6881773
6.96120441840867 2.236601
6.962593325046328 3.3846154
6.963982231669661 3.528743
6.965371138293449 3.5243323
6.966760044931334 3.383185
6.968148951553758 2.6342933
6.969537858177773 2.0843673
6.970926764815431 2.365112
6.972315671438082 1.6953773
6.973704578062097 0.26733354
6.975093484685203 0.9164444
6.9764823913085365 -0.54885334
6.9778712979323245 0.12415959
6.979260204555658 -1.5286591
6.980649111178991 -1.2942281
6.982038017802097 -1.8228154
6.983426924425203 -1.5903515
6.984815831048763 -2.211924
6.986204737671869 -3.126938
6.987593644280423 -2.0462193
6.9889825509044385 -2.9447222
6.990371457527544 -2.5553153
6.9917603641501955 -3.1570392
6.993149270759659 -3.4812965
6.994538177382765 -2.714881
6.995927083990864 -2.472403
6.997315990614879 -1.6062067
6.998704897223433 -1.4585623
7.0000938038460845 -0.6483956
7.001482710455321 -0.77046895
7.004260523687208 0.35257033
7.005649430295762 1.2030307
7.007038336905225 0.87901175
7.008427243513324 0.4657028
7.009816150121878 1.2846912
7.011205056731342 1.2949433
7.012593963354448 1.2167401
7.013982869963229 0.6553695
7.01537177657201 -0.14514095
7.016760683166922 -0.35274914
7.018149589775476 0.34577522
7.019538496383575 -1.3126464
7.020927402992811 -2.5546596
7.022316309602047 -2.0787046
7.023705216210146 -2.1381915
7.025094122804148 -3.5276701
7.027871936021711 -3.5133052
7.029260842615713 -4.050416
7.0306497492251765 -4.2644024
7.032038655818724 -3.7684193
7.034816469022189 -2.490285
7.036205375616191 -2.634353
7.037594282224745 -2.3368587
7.038983188818975 -1.9577041
7.040372095413204 -1.2233565
7.041761002021758 -1.1282846
7.043149908615987 -0.7553886
7.044538815210217 0.5853919
7.045927721804901 0.29284495
7.04731662839913 0.87388563
7.04870553499245 1.9065024
7.0500944415871345 1.3360716
7.051483348181364 2.3365011
7.052872254774684 3.0456948
7.054261161369595 2.9132502
7.055650067964507 3.3947484
7.057038974543957 3.9819884
7.058427881138186 2.1947577
7.059816787732416 3.112573
7.061205694311866 3.742014
7.062594600905868 3.7764661
7.063983507500325 2.6300015
7.065372414079775 3.3153532
7.066761320673777 2.4008758
7.068150227253454 2.2350514
7.069539133833587 2.5472686
7.070928040427816 1.7655935
7.072316947006584 1.2578684
7.073705853601496 0.20367418
7.076483666759941 0.50826156
7.077872573340301 0.60685015
7.07926147992066 -0.7047234
7.080650386499428 0.13810742
7.082039293079106 -0.23240435
7.083428199659238 -0.32300565
7.084817106238006 -0.9177558
7.086206012817684 -0.2437891
7.087594919397816 -0.019550815
7.088983825976811 -0.7814365
7.090372732556489 -0.73667234
7.091761639136621 -1.430905
7.093150545702429 -1.6867346
7.094539452281879 -2.2487607
7.095928358860874 -2.8038132
7.097317265426682 -3.699932
7.098706172006132 -3.7083366
7.100095078585127 -3.9596357
7.101483985150935 -4.1690326
7.102872891731067 -4.2557592
7.104261798295283 -4.30714
7.105650704860409 -3.977458
7.107039611440541 -4.743755
7.109817424569883 -4.926507
7.111206331135691 -4.0947037
7.112595237715368 -2.813231
7.113984144280494 -2.5538847
7.115373050845392 -2.7396173
7.11676195741029 -1.8237095
7.118150863975416 -1.0347626
7.119539770540541 -0.102760985
7.120928677105439 0.9941708
7.122317583670338 1.6625941
7.123706490235691 1.3807763
7.125095396786037 2.0137935
7.126484303351845 2.8910768
7.127873209916743 2.455475
7.129262116481186 2.4939806
7.130651023032215 3.02674
7.13203992959734 2.7482603
7.1334288361476865 2.8050053
7.1362066492638405 3.1161494
7.13898446237954 2.0204694
7.140373368944438 1.8180469
7.141762275494784 0.94100213
7.143151182045358 1.1688168
7.144540088595932 0.0028014886
7.145928995161739 -0.6267586
7.147317901712086 -0.3987651
7.148706808261977 -0.89856255
7.1500957148130055 -1.89929
7.151484621363579 -0.71318746
7.152873527913243 -1.461483
7.154262434464272 -1.2673458
7.1556513410148455 -1.5935105
7.15704024756451 -0.6810002
7.158429154115765 0.18269283
7.159818060652469 0.93396866
7.161206967202361 1.595716
7.162595873752707 1.916397
7.163984780303963 2.0481267
7.165373686839075 2.9970562
7.166762593389649 3.8817306
7.168151499926353 4.1903715
7.169540406476699 4.5251193
7.170929313012493 4.2841916
7.172318219563067 3.8530004
7.1737071260995435 3.938118
7.1764849391852295 1.8771763
7.179262752258637 0.3224096
7.180651658808529 -0.5285277
7.182040565344323 -1.5736021
7.183429471881027 -2.2357666
7.184818378416139 -3.9273891
7.186207284952161 -4.499667
7.1875961914886375 -5.561551
7.18898509802375 -6.372552
7.190374004559999 -7.3868103
7.191762911096475 -7.022855
7.193151817617945 -7.2663465
7.19454072415374 -7.814723
7.195929630689534 -7.393784
7.197318537225556 -7.821935
7.1987074437470255 -8.275836
7.20009635028282 -6.7126055
7.201485256818614 -5.7499065
7.202874163340766 -5.899518
7.204263069876788 -4.50682
7.205651976397348 -3.0684645
7.2070408829195 -2.632982
7.208429789455295 -2.821874
7.209818695976082 -1.0257025
7.211207602498234 0.65072024
7.212596509034938 1.0925208
7.213985415556181 1.2322378
7.215374322077423 2.824556
7.216763228598893 3.6334116
7.218152135120363 3.9322767
7.220929948162848 5.2166696
7.222318854684318 5.1750646
7.223707761205787 4.280973
7.22509666772703 5.127976
7.226485574249182 3.588111
7.227874480770424 2.935066
7.22926338727666 2.5268831
7.230652293798812 1.9743342
7.2320412003200545 1.9779105
7.233430106840842 1.7521225
7.234819013348442 1.4197587
7.236207919870367 0.49669796
7.237596826376375 1.0121719
7.238985732897845 -0.23151025
7.240374639405218 -0.5356208
7.2417635459260055 -0.05573174
7.243152452432696 -0.5058773
7.244541358940296 -0.64297146
7.245930265446987 -0.005006916
7.247319171968684 -1.3739811
7.248708078475374 0.029385827
7.250096984982065 -0.1698179
7.251485891488983 0.88187283
7.252874797995901 0.9408829
7.254263704503273 0.41169962
7.255652611010191 1.3445357
7.2570415175162 0.7124722
7.258430424023572 0.67325133
7.2598193305311725 0.8393141
7.261208237037408 1.071182
7.262597143529547 1.6370827
7.263986050037147 0.79341733
7.265374956543383 1.3043611
7.266763863050073 1.5781918
7.268152769543121 1.6221812
7.269541676049812 1.5175127
7.270930582541951 0.43148884
7.272319489049096 0.025094185
7.2737083955412345 -0.69381547
7.275097302047925 -0.061513536
7.276486208540291 -0.21827768
7.277875115032657 -1.4491445
7.27926402154003 -1.54517
7.280652928032396 -2.0875263
7.28204183452408 -1.8847461
7.2834307410169 -2.7790172
7.284819647509266 -1.9974017
7.286208554000723 -2.2991877
7.287597460493544 -2.1968439
7.28898636698591 -2.369344
7.290375273478276 -2.3620126
7.291764179971096 -1.9756455
7.293153086463462 -2.470615
7.294541992955601 -2.1955326
7.295930899447967 -1.7760246
7.297319805925781 -1.9240862
7.29870871241792 -0.5894451
7.300097618910058 -2.4759796
7.3014865253878725 -1.0974683
7.302875431880693 -0.4046065
7.304264338373059 -0.067116514
7.305653244849964 -0.120165974
7.307042151343012 0.37319404
7.308431057820826 -0.133935
7.309819964297731 1.3746964
7.311208870790779 1.3535959
7.312597777269275 1.7466387
7.3139866837461796 1.694066
7.315375590223994 2.3189769
7.316764496717042 1.6826217
7.318153403193946 4.4302263
7.3195423096717604 2.1458807
7.320931216150029 2.7697186
7.322320122626934 2.486351
7.323709029104748 3.0095735
7.325097935583017 1.9588366
7.326486842060831 3.0275745
7.327875748524093 1.9334444
7.32926465500168 1.9042373
7.330653561480176 2.2263489
7.332042467957763 2.1892738
7.333431374420343 1.8595328
7.334820280898839 1.8349751
7.336209187362556 2.4853973
7.3375980938394605 2.4043329
7.338987000317502 3.041284
7.340375906781219 2.4157772
7.3417648132435716 2.0575445
7.343153719721386 2.4541636
7.344542626185103 1.1602335
7.345931532648365 1.6654552
7.347320439126179 0.5462903
7.348709345589214 -0.6862455
7.350098252052248 0.07647468
7.351487158515738 -1.4003867
7.352876064978773 -2.3709536
7.354264971441808 -3.2633767
7.35565387790507 -2.4462361
7.357042784368332 -3.8119318
7.358431690831367 -4.6163764
7.359820597295311 -3.9402637
7.361209503758346 -4.069907
7.362598410220926 -3.721271
7.363987316670318 -3.6487303
7.365376223133353 -3.1116192
7.366765129595933 -2.7315109
7.368154036045098 -1.9367822
7.369542942508815 -1.2185284
7.370931848972077 -1.4478332
7.3723207554207875 -0.8652427
7.373709661883822 -1.4547476
7.3750985683325325 0.044764213
7.376487474781243 -0.093820065
7.377876381244278 -0.37253836
7.37926528769367 -0.028372522
7.382043100590181 0.41694495
7.383432007054125 2.2839284
7.384820913502608 2.5862508
7.386209819950636 2.0251186
7.387598726399801 3.154655
7.388987632848512 1.7127824
7.390376539296312 2.4462957
7.391765445745477 2.6861508
7.39315435219487 2.808105
7.394543258628346 2.224203
7.395932165076829 1.7067026
7.397321071526221 2.6065168
7.398709977974249 0.9809382
7.40009888440818 2.2205074
7.401487790857573 1.1517694
7.402876697291504 1.503088
7.4042656037399865 1.1943282
7.405654510174145 1.2843336
7.407043416622855 1.1328146
7.408432323056786 0.95936084
7.409821229505496 0.8910522
7.4112101359401095 1.8125632
7.41259904237495 2.2070365
7.413987948822978 1.3395288
7.415376855256909 1.2719355
7.4167657616917495 1.2027923
7.418154668124998 1.2863601
7.419543574559157 1.3462046
7.420932480993997 0.68183464
7.422321387427246 0.46856388
7.423710293861404 1.271101
7.425099200296017 0.28914937
7.426488106730176 1.0379218
7.427877013164107 -0.18263322
7.429265919583486 -0.39036062
7.4306548260178715 -0.5481976
7.4320437324518025 -0.271804
7.4334326388857335 0.57525885
7.43482154530534 -0.8340688
7.436210451739953 -0.6005319
7.437599358159559 -1.0490085
7.438988264592808 -1.3193818
7.440377171013097 -0.50796354
7.441766077447028 0.21821807
7.443154983865952 -0.45765597
7.444543890286241 0.76051474
7.445932796721081 -0.03475038
7.447321703139778 0.9598377
7.4487106095593845 0.6254473
7.450099515979446 -0.3455368
7.451488422399052 -0.27102914
7.452877328818431 -0.34780183
7.4542662352380376 -0.09346242
7.455655141657644 0.22346342
7.457044048077023 -1.1182708
7.458432954496402 -1.1201185
7.459821860916691 -1.819537
7.46121076733607 -1.8411741
7.462599673754994 -2.2218783
7.463988580160731 -3.5541353
7.46537748658011 -2.830636
7.466766392999034 -3.955821
7.468155299404771 -4.153356
7.469544205824832 -4.473679
7.470933112228977 -5.1151013
7.472322018648583 -4.663346
7.4737109250540925 -5.1694617
7.475099831473017 -4.7582984
7.476488737877844 -3.5838788
7.477877644283581 -3.7715783
7.479266550688635 -4.0329514
7.4806554571082415 -3.112275
7.482044363513069 -1.8517244
7.483433269917896 -2.1384299
7.48482217632295 -0.88765466
7.486211082728005 -0.28664592
7.4875999891337415 1.2283038
7.488988895538569 1.5935701
7.490377801942941 2.628571
7.49176670834845 3.5139608
7.4931556147539595 3.518014
7.49454452114378 4.7138324
7.495933427548607 5.7354817
7.497322333954344 5.123923
7.498711240358716 5.400495
7.500100146748991 5.8182154
7.501489053154728 5.9903574
7.504266865950058 5.606017
7.50565577234056 5.863039
7.508433585135663 5.6657424
7.509822491526165 5.438524
7.51121139793122 5.3811827
7.5126003043224046 3.5673678
7.51398921071268 4.2987356
7.5153781171025 4.9491577
7.516767023493458 4.36156
7.51815592988396 3.2007902
7.519544836273553 3.4026165
7.520933742664511 2.3741722
7.522322649055695 1.9684927
7.523711555445516 2.0252378
7.525100461835791 1.2689552
7.526489368226976 0.5249513
7.527878274617251 0.27651286
7.529267180993202 -1.0916864
7.530656087383704 -0.6866031
7.5320449937739795 -1.3934723
7.533433900149703 -1.6780918
7.534822806540433 -2.2692654
7.536211712916838 -2.3258913
7.537600619307341 -3.1282494
7.538989525682382 -2.6813226
7.540378432073339 -1.5659726
7.551489683094815 -1.9090058
7.552878589470765 -0.91566956
7.554267495847171 -1.6765419
7.555656402223121 -0.21893336
7.557045308598845 -0.9177558
7.558434214974795 -0.8734088
7.559823121336194 -0.24563691
7.5612120277119175 0.38881084
7.562600934087641 0.6922061
7.5639898404635915 -0.21952942
7.56537874682499 0.45986137
7.5667676532007135 0.520302
7.568156559562794 0.7006702
7.569545465939427 -0.8534407
7.5709343722999165 -0.31793916
7.572323278675867 -1.0423326
7.573712185037721 -1.3506751
7.57510109139821 -1.733585
7.576489997759609 -2.3409119
7.577878904136014 -2.9283903
7.57926781049764 -3.3501036
7.580656716858812 -2.8571012
7.582045623219983 -3.049629
7.583434529581382 -2.6161134
7.584823435942781 -3.048556
7.586212342303952 -3.0507019
7.587601248665123 -1.6843503
7.588990155027204 -1.0621219
7.590379061388376 -1.3665304
7.591767967749092 -0.6828479
7.593156874096621 -0.12463644
7.594545780457793 0.67348975
7.595934686818509 0.5447405
7.597323593166038 1.589517
7.598712499527892 0.91847104
7.600101405873829 1.9618168
7.601490312235455 2.9616504
7.602879218582757 1.923669
7.604268124943246 2.6443071
7.605657031290093 2.8374312
7.607045937637395 2.5759985
7.608434843998793 2.9560475
7.60982375034564 3.2080622
7.61121265669226 3.264688
7.612601563039789 3.153463
7.613990469386408 2.971664
7.615379375732573 3.2912724
7.616768282080102 2.8811822
7.618157188426721 3.2032936
7.619546094772886 2.7289479
7.620935001120188 2.6028214
7.622323907467489 1.7795414
7.623712813813654 1.33631
7.6251017201602735 0.91859025
7.626490626493251 -0.20099191
7.627879532839415 0.12344432
7.629268439186035 -0.7603359
7.630657345519012 -1.1700685
7.632046251865631 -0.21905257
7.633435158197926 -0.8121933
7.634824064544773 -1.1338875
7.636212970876841 -1.3614042
7.637601877209136 -2.094679
7.6389907835559825 -1.6997286
7.64037968988805 -1.275333
7.641768596220118 -1.9697444
7.6431575025524126 -1.2775384
7.644546408899259 -1.1803803
7.645935315232009 -1.9730229
7.647324221564304 -1.106111
7.648713127896372 -1.5371231
7.650102034229349 -1.0277888
7.6514909405609615 -0.74251366
7.652879846893029 -0.5577346
7.654268753211454 -0.20623726
7.655657659543522 0.050367188
7.657046565875589 0.54712474
7.658435472207884 -0.05400316
7.659824378525627 -0.25010738
7.661213284857695 0.16183066
7.662602191175438 -0.07444807
7.663991097507733 1.2232969
7.6653800038259305 0.81487554
7.6667689101582255 0.06491109
7.668157816475059 0.9586455
7.669546722807809 1.689536
7.670935629125779 1.5698469
7.672324535442613 1.241298
7.673713441775362 1.3214085
7.675102348093787 1.765832
7.676491254410848 1.1528423
7.677880160728364 1.7001458
7.679269067046789 1.3930551
7.680657973363623 1.7119479
7.682046879681366 1.0665327
7.683435785999791 0.4474633
7.6848246923173065 -0.47899494
7.686213598634822 -1.2897576
7.687602504938013 -0.8939729
7.688991411256211 -1.8201927
7.690380317573954 -2.422036
7.6917692238907875 -2.692886
7.693158130194661 -2.7656653
7.694547036512404 -2.3739338
7.695935942814685 -2.0831752
7.6973248491331105 -1.8673413
7.698713755436984 -1.5659726
7.700102661753817 -1.084653
7.701491568057008 0.29379866
7.702880474360654 0.6649065
7.704269380662936 0.37235954
7.705658286980906 1.7716733
7.707047193284552 2.2181232
7.708436099587743 2.738604
7.709825005890707 3.5119343
7.711213912193671 3.5434062
7.712602818496862 3.0405688
7.713991724800053 3.8528812
7.715380631103017 3.8844726
7.71676953740598 4.291702
7.718158443709399 4.681049
7.719547349997811 4.025024
7.720936256300774 3.810084
7.722325162604648 3.7174563
7.723714068907611 2.9964602
7.7251029751962506 3.9189248
7.726491881499896 2.2509067
7.7278807877878535 2.842438
7.729269694090817 1.6593754
7.7306586003801385 2.277014
7.73204750668333 1.2461857
7.733436412971969 0.5740667
7.734825319260381 0.51684487
7.7362142255487925 -0.6029161
7.737603131851984 -1.3468603
7.738992038140623 -1.3524634
7.740380944429035 -1.4470583
7.741769850718356 -2.254781
7.743158757006768 -1.3641461
7.744547663294725 -2.6940782
7.745936569584046 -3.2785761
7.747325475872458 -3.6225035
7.748714382160415 -3.200373
7.750103288449736 -3.0476618
7.751492194724278 -2.8950703
7.752881101012008 -3.1414225
7.754270007300647 -3.2222483
7.755658913575189 -3.4843366
7.757047819863146 -2.9431725
7.758436726137006 -2.1851015
7.7598256324263275 -2.7132714
7.761214538699733 -1.6079949
7.7626034449881445 -0.76534283
7.763992351262914 -1.7685738
7.765381257552235 -1.101283
7.766770163826095 0.24241817
7.7681590700995 0.15384345
7.769547976374042 0.668006
7.7709368826481295 1.596312
7.772325788935859 2.0315561
7.773714695210401 2.9450798
7.775103601485171 2.5450034
7.776492507758576 3.1504827
7.777881414017884 3.234289
7.779270320292653 2.7008138
7.780659226566058 3.5052583
7.782048132839918 3.2118769
7.783437039114688 3.0054011
7.784825945373996 3.3428912
7.786214851648083 1.1849104
7.78760375792217 2.3114665
7.788992664181478 1.8577446
7.790381570455338 1.0740432
7.791770476714873 1.0414981
7.793159382988961 -0.01144438
7.794548289248951 -0.5238188
7.795937195508486 -0.65203154
7.797326101781891 -1.014735
7.7987150080418814 -1.054671
7.800103914301417 -1.319978
7.801492820560043 -1.7685738
7.802881726834585 -1.4459854
7.80427063309412 -1.1428285
7.805659539353655 -0.6420774
7.8070484456136455 0.14704835
7.808437351873181 -0.61746
7.809826258117937 -0.79234445
7.811215164377472 -0.50128764
7.812604070637008 -0.116768435
7.813992976896316 0.2328812
7.815381883155624 -0.44323125
7.816770789400607 -0.9017813
7.818159695660597 0.20140915
7.81954860192036 1.204819
7.820937508164434 -0.302978
7.822326414424424 0.4863265
7.8237153206694074 0.77064776
7.825104226913481 0.11879504
7.826493133173699 -0.27794343
7.8278820394193644 0.030220313
7.829270945663438 0.80808043
7.830659851922974 0.16147302
7.832048758168639 0.18376574
7.833437664412713 -0.24128565
7.834826570657697 -0.6324212
7.836215476903135 -0.2407492
7.837604383148118 0.13059705
7.838993289392874 0.201886
7.8403821956376305 -0.38481724
7.841771101882614 0.1435912
7.843160008127597 -0.19574657
7.8445489143723535 -0.6451172
7.845937820603467 -0.3017859
7.847326726848223 -0.5632184
7.8487156330925245 0.24909407
7.850104539323638 -0.35262993
7.851493445569076 0.33516532
7.852882351798598 0.40609664
7.854271258043809 -0.14686953
7.8556601642746955 0.17637457
7.857049070518769 -0.13125272
7.858437976749201 -0.15604888
7.859826882980087 0.07301752
7.861215789210519 -0.21708556
7.862604695455502 0.46117273
7.863993601685706 0.5846766
7.8653825079159105 0.15908879
7.866771414146569 1.0471011
7.868160320376774 0.11426497
7.869549226606978 0.8681634
7.870938132838091 1.528361
7.872327039068296 1.2294959
7.873715945298045 1.3797033
7.875104851514607 2.2828555
7.876493757744811 2.2211034
7.87788266397456 2.9118197
7.879271570191122 2.1372974
7.880660476422008 2.0078328
7.88204938265244 3.0548742
7.883438288868092 2.4592898
7.884827195098296 2.242681
7.886216101314176 1.8229346
7.8876050075300554 2.0940235
7.88899391376026 1.4741195
7.890382819976139 -0.05638741
7.891771726192019 0.65215075
7.893160632422223 -0.28008923
7.894549538638785 -1.0825667
7.895938444854437 -1.5083333
7.8973273510696345 -1.9591346
7.898716257286196 -2.9045477
7.900105163501848 -3.1934586
7.901494069717046 -3.7617435
7.90288297593338 -4.442028
7.904271882149715 -4.3402214
7.90566078835036 -4.96549
7.9070496945660125 -4.109605
7.908438600782574 -4.0090494
7.909827506997772 -4.4125233
7.911216413198872 -3.887572
7.912605319415434 -4.1535945
7.913994225616534 -2.1167333
7.915383131832414 -2.1583385
7.916772038033741 -1.115052
7.918160944249394 -0.23538464
7.919549850450494 0.28199664
7.920938756651822 0.89713204
7.922327662853604 1.8751496
7.923716569070166 1.9721885
7.925105475270811 2.4033792
7.926494381471912 3.8357146
7.927883287673922 2.5795748
7.929272193874567 2.7592278
7.9306611000756675 3.9444366
7.932050006277677 3.9827037
7.9334389124780955 3.6774008
7.934827818679423 3.0865848
7.936216724866881 3.260277
7.9376056310679814 3.0217333
7.938994537269082 2.1603055
7.9403834434704095 2.0502725
7.941772349657185 2.1285949
7.943161255858286 1.2564379
7.944550162044834 0.66192615
7.945939068246389 0.6203211
7.94732797443362 -0.40502372
7.948716880634947 -1.055446
7.950105786820814 -0.9325977
7.951494693008044 -1.9177679
7.952883599209372 -2.8174036
7.954272505395238 -3.3655415
7.955661411582696 -3.0639343
7.957050317770154 -3.8501394
7.958439223956248 -3.5525856
7.959828130142796 -4.2442555
7.961217036330254 -4.0869546
7.962605942516802 -4.3018947
7.963994848703351 -4.042429
7.9653837548901265 -3.9132624
7.966772661077357 -3.338838
7.968161567249808 -2.836418
7.969550473435675 -1.3480525
7.970939379622905 -0.7758335
7.972328285795129 -1.1049786
7.973717191980995 0.055970166
7.975106098153901 0.256366
7.976495004341359 0.997628
7.9778839105126735 2.0145087
7.979272816699449 2.028695
7.980661722872355 3.649982
7.98205062904367 3.8013816
7.983439535215894 4.0072613
7.984828441403124 5.048342
7.9862173475744385 4.533583
7.987606253746662 3.851689
7.988995159919341 3.839768
7.990384066091792 3.2524092
7.991772972263789 2.931609
7.993161878435785 2.5759985
7.994550784608009 2.5720646
7.995939690780233 1.5983387
7.9973285969376775 1.5756884
7.998717503109674 1.1605911
8.00010640928258 -0.013947837
8.001495315440025 0.80998784
8.002884221612476 0.8358569
8.004273127785154 -0.55707896
8.005662033941917 0.027120793
8.00705094011414 -1.566509
8.008439846272267 -0.008404466
8.00982875242994 -0.013053745
8.011217658602163 -0.176613
8.012606564759608 -1.0980047
8.013995470917052 -1.1723932
8.015384377074952 -0.51779854
8.016773283246948 -1.2429669
8.018162189404393 -1.6056702
8.019551095562747 -1.3009039
8.020940001720192 -1.214952
8.022328907877181 -1.7525994
8.023717814035535 -1.2875522
8.025106720178428 -0.584319
8.026495626335418 -1.3316607
8.027884532493772 -0.24313344
8.029273438651217 -0.45175496
8.030662344793654 -1.2017194
8.032051250951781 -1.4335277
8.033440157109908 -0.7229033
8.034829063252346 -0.5957038
8.03621796940979 0.069560364
8.037606875553593 -0.14251828
8.038995781711264 -0.1370345
8.040384687854385 0.965083
8.041773593997277 1.1571339
8.04316250014108 1.398062
8.044551406298524 1.0105029
8.045940312440962 1.7964694
8.047329218584764 1.5334872
8.048718124727657 1.6596138
8.050107030870095 1.202077
8.05149593701367 1.437879
8.052884843157244 0.28926858
8.054273749299682 1.3221238
8.055662655442575 -0.06622242
8.057051561586377 0.24790195
8.058440467714263 -1.916695
8.059829373857156 -1.152902
8.061218280000958 -2.760599
8.062607186129298 -3.2739866
8.063996092272419 -3.5853093
8.065384998400987 -3.152092
8.06677390454388 -4.8226137
8.06816281067222 -4.0684767
8.06955171681534 -4.8998036
8.070940622943908 -4.7442913
8.072329529073158 -5.785253
8.0737184352015 -5.757357
8.075107341343937 -5.476314
8.07649624747296 -4.7516227
8.077885153601528 -4.6970234
8.079274059729869 -3.8551462
8.08066296585912 -3.8112166
8.082051871986778 -2.6192725
8.083440778115346 -0.8172002
8.084829684244596 -0.56572187
8.086218590372937 1.7121863
8.087607496486726 1.7487845
8.088996402615294 2.001753
8.090385308743862 4.852476
8.09177421485765 5.8228645
8.093163120985992 6.1594005
8.094552027100235 6.7564154
8.095940933229258 6.2508364
8.097329839343274 7.8374324
8.098718745470933 7.3515234
8.100107651585404 7.874269
8.10149655769942 8.1398735
8.104274369941777 6.955381
8.105663276056475 7.7408705
8.10705218216981 7.751838
8.108441088283598 6.3029323
8.109829994398297 5.446988
8.111218900511403 5.151699
8.11260780662542 4.410437
8.11399671273989 3.4352806
8.115385618853907 3.2651649
8.116774524967695 1.3893595
8.118163431081712 -0.036061715
8.11955233718163 0.083269775
8.120941243295647 -2.1254954
8.122330149394202 -3.3220887
8.1237190555089 -4.054827
8.125107961622689 -3.8524044
8.126496867721471 -4.8568277
8.127885773821617 -5.4173636
8.129274679936316 -4.7340984
8.13066358603487 -5.4641542
8.132052492134335 -5.752529
8.133441398248806 -4.854086
8.13483030434736 -3.408875
8.136219210446825 -4.4943027
8.137608116546744 -3.3232212
8.138997022646436 -3.5620034
8.140385928745673 -2.1045141
8.14177483484491 -2.0114093
8.143163740944374 -0.4718422
8.144552647043838 -0.8355589
8.145941553143075 0.3710482
8.14733045922776 0.98272645
8.148719365327906 0.60220087
8.150108271427143 1.3060302
8.151497177511374 1.9481075
8.15288608361152 1.2495235
8.154274989696205 1.0567573
8.155663895794987 1.3055532
8.157052801880582 0.8436057
8.1584417079805 0.6812386
8.159830614065413 -0.28795725
8.161219520150098 0.39346012
8.162608426234783 -1.8039203
8.163997332334475 -0.79717255
8.16538623841916 -1.7353135
8.166775144503845 -1.2269924
8.16816405058944 -2.004197
8.169552956674124 -2.8637772
8.170941862758355 -2.8377292
8.172330768843949 -3.075319
8.173719674928634 -3.1651456
8.175108580998312 -3.1427934
8.176497487083907 -2.2237263
8.177886393168592 -2.843988
8.179275299252822 -2.6853757
8.180664205323637 -1.6728464
8.182053111409004 -1.8898722
8.183442017478683 -1.3328528
8.184830923563368 -1.4598737
8.18621982963441 -1.0383986
8.18760873571864 -0.79365575
8.188997641788774 0.26816803
8.190386547859816 0.72522795
8.19177545392995 0.72832745
8.193164360014862 1.755222
8.194553266085222 2.4410503
8.195942172155355 4.0854645
8.197331078225488 4.4464393
8.198719984296076 3.755485
8.200108890366892 5.07135
8.201497796437707 5.452591
8.202886702507385 5.7247524
8.204275608577518 6.4788895
8.205664514634009 6.6195602
8.207053420703687 5.560478
8.20844232677382 5.8267984
8.209831232830311 5.1825747
8.211220138900444 5.449134
8.212609044956253 5.148123
8.213997951026613 3.2426336
8.215386857082194 3.7945864
8.216775763152327 3.3850923
8.218164669208136 1.9396434
8.219553575263944 1.3758886
8.220942481334987 0.73965263
8.222331387390568 -0.66538334
8.223720293445695 -1.8133976
8.225109199501958 -2.6918132
8.226498105557766 -3.9657755
8.227887011612665 -3.962378
8.229275917668929 -4.6675186
8.230664823724737 -5.074986
8.232053729779636 -6.038221
8.233442635836127 -6.0124116
8.234831541878066 -5.7640333
8.236220447933647 -5.870251
8.237609353989455 -6.0053186
8.238998260030712 -5.1376324
8.240387166086293 -4.3694277
8.241776072127323 -3.7135222
8.243164978183358 -2.682753
8.24455388422507 -2.16114
8.245942790280878 -0.83657223
8.247331696321226 -0.54712474
8.248720602362937 0.615791
8.250109508418745 2.241489
8.251498414459093 2.8507829
8.252887320501031 3.2154534
8.25427622654297 3.560692
8.255665132583545 3.6143377
8.257054038624574 4.512006
8.258442944666513 3.9596953
8.25983185070686 4.461102
8.261220756748116 5.1360826
8.262609662789828 3.5083578
8.263998568816532 4.554803
8.265387474857562 4.0681787
8.266776380898818 4.250335
8.268165286925523 3.929058
8.269554192966552 3.155847
8.27094309899303 3.133316
8.272332005034286 2.51675
8.273720911061446 2.1454039
8.275109817102702 1.513221
8.276498723129407 0.7289235
8.277887629156794 0.60983044
8.27927653518259 -1.0599164
8.280665441223846 -1.4561185
8.282054347251005 -1.4330509
8.28344325327771 -2.5308769
8.284832159304187 -3.4424334
8.286221065330665 -2.6284518
8.287609971357597 -3.401186
8.288998877384074 -3.6374648
8.290387783396 -2.1871877
8.291776689422704 -2.606934
8.293165595449409 -1.5740789
8.294554501475886 -1.7272071
8.295943407487812 -1.3200376
8.297332313515199 0.13286209
8.298721219527124 0.2914144
8.300110125553147 1.618724
8.301499031565982 1.648527
8.302887937592459 3.104586
8.30427684360393 3.229282
8.305665749631316 3.9148717
8.307054655643924 3.259085
8.308443561655167 3.708277
8.309832467667547 4.660425
8.311221373680155 3.8030505
8.312610279691398 3.3649454
8.313999185703551 1.9137744
8.315388091716159 2.744684
8.316776997728994 2.0015147
8.318165903740919 1.3493042
8.31955480975239 0.80533856
8.320943715765225 -0.28807646
8.322332621762598 -0.1882958
8.323721527774069 -0.30244157
8.325110433786904 -1.2995926
8.32649933978496 -1.976182
8.327888245796203 -2.0130186
8.329277151793804 -2.1422448
8.330666057806411 -1.2464241
8.33205496380333 -1.4030689
8.333443869800703 -1.3513308
8.334832775813538 -0.93009424
8.33622168181114 -0.31126326
8.33761058780874 -0.97909045
8.338999493806114 -0.8014642
8.340388399803487 -0.8058154
8.341777305801088 -1.1121314
8.343166211798689 -0.9793289
8.344555117796062 -0.4028183
8.345944023793663 -1.1129062
8.347332929791264 -0.32866824
8.348721835788638 -0.55093956
8.35011074178692 -0.8173194
8.351499647769742 -0.30244157
8.352888553766661 0.23466939
8.354277459764717 0.7128298
8.355666365747766 1.3837565
8.35705527174514 1.5207314
8.35844417772887 1.6526995
8.359833083726244 2.32458
8.361221989709293 3.3210754
8.362610895692342 3.5914488
8.363999801675163 4.6096406
8.365388707672537 4.1882257
8.366777613655586 5.4776254
8.368166519638635 5.111763
8.369555425622366 4.6207275
8.370944331605187 4.320194
8.372333237587554 5.0643167
8.373722143571058 3.9513507
8.375111049554107 3.418114
8.376499955536246 1.8017148
8.377888861505198 1.8843288
8.37927776748893 1.3653978
8.380666673471296 0.9483933
8.382055579439566 0.1999786
8.383444485423297 -0.08678654
8.384833391391112 -0.27794343
8.386222297373934 -1.02153
8.387611203343113 -0.87913096
8.389000109325934 -0.37164426
8.390389015294204 -1.3155671
8.391777921262928 -0.54122376
8.39316682724575 -1.5641247
8.39455573321402 -0.062407628
8.395944639182517 0.8815152
8.397333545151469 0.33230424
8.398722451120648 -0.5447405
8.400111357088463 -0.47458407
8.401500263056732 -0.74555355
8.402889169025912 -0.9551288
8.404278074993726 -0.30834258
8.405666980947444 -0.787874
8.407055886916623 -1.9521011
8.408444792884211 -0.58038497
8.409833698838156 -0.9688978
8.411222604807108 -0.609592
8.412611510775605 -0.86273926
8.414000416729323 -0.5565425
8.41538932269782 -0.37933347
8.416778228651765 -0.19783278
8.418167134605483 0.13572319
8.419556040573752 -0.65018374
8.420944946527698 -0.47523975
8.422333852482097 -0.0863693
8.423722758436043 -0.03564447
8.425111664389078 0.14800204
8.426500570343705 0.54724395
8.42788947629765 0.22203287
8.429278382250686 1.454211
8.430667288205314 0.924074
8.43205619415994 1.2614448
8.433445100113659 1.4778152
8.434834006067376 1.510956
8.436222912006997 1.3226006
8.437611817960715 2.3267257
8.43900072389988 2.86485
8.440389629853826 2.1445694
8.441778535793674 2.5268831
8.443167441747619 3.2309508
8.444556347686103 2.8872619
8.44594525364073 2.7022443
8.447334159580123 3.3155916
8.448723065518607 2.5467916
8.450111971458682 2.4954112
8.45150087741331 0.8784157
8.452889783351793 1.2012426
8.454278689291186 0.24384871
8.455667595231034 0.005185734
8.457056501169518 0.16242673
8.458445407109139 -0.8498047
8.459834313034435 -1.7198756
8.461223218973828 -1.8382534
8.462612124912994 -2.6327436
8.46400103085216 -2.809297
8.465389936777001 -2.8666382
8.466778842716394 -1.2673458
8.46816774865556 -1.8555392
8.469556654580174 -1.1664921
8.470945560505243 -0.89719164
8.472334466444408 0.08207765
8.473723372369932 0.8719782
8.47511227830978 1.6526995
8.476501184233712 2.4007566
8.477890090158553 2.3411503
8.479278996083849 4.052085
8.480667902008008 3.6582077
8.482056807932622 3.2211754
8.483445713858146 4.172013
8.484834619782987 3.4077425
8.486223525707828 3.445652
8.487612431632442 3.0228062
8.489001337557056 1.5029688
8.490390243481897 1.6945429
8.491779149392187 0.475955
8.4931680553168 0.12380195
8.494556961242324 -0.8843763
8.495945867152386 -2.711364
8.497334773076545 -3.1447008
8.498723678987517 -3.1474426
8.500112584897579 -4.9240036
8.501501490821738 -4.6425433
8.502890396732482 -5.0248575
8.504279302643226 -5.0956697
8.505668208567386 -5.8670325
8.507057114477675 -4.6974406
8.50844602038842 -5.4930634
8.509834926298026 -4.3272867
8.511223832208088 -4.135772
8.51261273811906 -3.0902207
8.514001644030031 -2.5008354
8.515390549940093 -1.6416724
8.516779455835149 0.22286735
8.51816836174612 -0.09000527
8.519557267656182 2.21407
8.520946173551238 1.9569292
8.522335079461982 3.0563047
8.523723985372726 3.994267
8.525112891267781 5.048819
8.526501797177843 5.3687844
8.527890703074263 5.3625855
8.529279608969318 6.3401265
8.53066851487938 5.57228
8.5320574207758 5.87353
8.53344632667131 5.7257066
8.534835232567048 6.30329
8.536224138462785 4.99267
8.537613044358295 4.147813
8.539001950253805 2.9437685
8.54039085614977 2.541308
8.54177976204528 0.96055293
8.54316866794079 1.1078993
8.544557573836528 -0.048280973
8.545946479717713 -0.9389756
8.547335385613906 -1.5920204
8.548724291509643 -2.242979
8.55011319738992 -2.7775865
8.551502103286111 -3.9511123
8.552891009167524 -4.714309
8.554279915063034 -5.1463943
8.555668820944902 -4.5482464
8.557057726840412 -3.2254076
8.55844663272137 -4.500204
8.559835538602556 -3.9346013
8.561224444483742 -4.9313354
8.5626133503647 -1.9164566
8.564002256245885 -1.8584003
8.56539116212707 -1.6428645
8.566780068008711 -2.11119
8.568168973889897 -0.62652016
8.569557879770173 -0.024140486
8.570946785651813 0.8259623
8.572335691532999 1.9403586
8.573724597413275 2.4348512
8.57511350328059 2.7572012
8.576502409162458 3.3986824
8.57789131502841 4.613098
8.579280220909368 4.460625
8.580669126776684 5.1398973
8.58205803265696 6.852381
8.583446938523593 6.3272514
8.584835844405461 5.328014
8.586224750271867 5.11069
8.587613656138274 5.726064
8.589002562004907 4.545624
8.590391467871541 3.620775
8.591780373737947 3.38843
8.593169279604354 1.9229536
8.59455818547167 1.352523
8.595947091338985 0.5249513
8.597335997204937 -0.4758954
8.598724903071343 -0.70341206
8.600113808938659 -1.5513093
8.60150271478983 -3.1504827
8.602891620656465 -3.7630548
8.604280526523553 -4.501456
8.605669432375635 -5.4512796
8.607058338242041 -5.5144024
8.608447244094123 -6.008716
8.609836149960756 -5.488891
8.61122505581261 -6.767085
8.612613961664465 -6.2708044
8.614002867516547 -5.9919667
8.61539177338318 -6.2429085
8.616780679235035 -5.4398947
8.61816958508689 -5.355433
8.619558490939653 -4.731595
8.620947396791735 -3.6187484
8.622336302642907 -3.1541781
8.62372520849567 -2.9761941
8.625114114347525 -1.325879
8.626503020184373 -1.6811316
8.627891926037137 -0.46540475
8.6292808318899 0.22358264
8.630669737727203 0.73130774
8.632058643579057 2.2845244
8.633447549416587 2.1820018
8.634836455268669 1.9484651
8.636225361105971 4.0588803
8.637614266957826 2.92386
8.639003172796038 3.6770432
8.64039207863334 3.821886
8.641780984470188 2.8796322
8.643169890322952 2.4153004
8.644558796160254 1.5736617
8.645947701997102 2.0968845
8.647336607835314 0.74263287
8.648725513673298 0.6582306
8.650114419509919 0.07134855
8.651503325347448 0.0514401
8.652892231170881 -0.032544952
8.654281137007729 -2.226766
8.655670042845259 -2.0660086
8.657058948668691 -2.8026211
8.658447854506221 -3.422525
8.659836760343751 -3.5108016
8.661225666166501 -3.921905
8.662614572003804 -3.6276298
8.66400347782701 -3.4384995
8.66539238364976 -3.5263588
8.666781289487062 -2.76042
8.668170195310722 -4.003268
8.669559101133473 -2.464416
8.67094800695645 -3.3425932
8.672336912779883 -1.6433413
8.673725818602179 -2.2678347
8.67511472442493 -1.2580472
8.67650363024859 0.2686449
8.677892536071568 -1.3619407
8.679281441894545 0.36532605
8.680670347717296 0.13190839
8.682059253525495 0.26411483
8.683448159348472 0.6844573
8.68483706517145 0.048936643
8.686225970979649 -0.14108773
8.687614876803309 -0.50993055
8.689003782611508 -0.2223309
8.690392688419251 -0.8585668
8.691781594242912 -0.8831842
8.69317050005111 -1.1844336
8.694559405858854 -2.0150452
8.695948311682287 -2.14904
8.697337217490713 -2.5148427
8.698726123298457 -3.0597024
8.700115029107337 -2.5625277
8.701503934916218 -3.9574304
8.702892840723962 -3.6777585
8.70428174653216 -3.9213686
8.705670652326717 -4.619893
8.70705955813446 -3.975491
8.70844846394266 -4.3394465
8.709837369751767 -3.8477552
8.711226275546323 -3.7625184
8.712615181354522 -4.016083
8.714004087147714 -3.8009048
8.715392992956595 -3.329003
8.716781898750469 -2.8984678
8.718170804557985 -1.5304472
8.719559710352314 -1.6936488
8.72094861614687 -1.9826195
8.722337521940062 -1.3548476
8.723726427733709 -0.8571363
8.725115333542817 0.26637986
8.726504239336009 -0.3445235
8.727893145129656 0.26888332
8.729282050924212 0.9389756
8.730670956703307 0.8592225
8.732059862496953 0.5459326
8.733448768291055 -0.32044262
8.734837674084702 1.1393714
8.736226579863796 0.4397145
8.73761548565767 -0.12117928
8.739004391451545 -0.39846706
8.740393297231321 -0.9523869
8.741782203025195 -0.9014237
8.743171108803608 -0.8058154
8.744560014583385 -1.0193843
8.745948920377487 -1.1858642
8.7473378261559 -1.1390138
8.748726731935676 -1.2940493
8.75011563771568 -2.258417
8.751504543494775 -1.6611636
8.75289344928865 -2.1372974
8.754282355067971 -2.2013142
8.755671260832514 -1.4880673
8.757060166611836 -1.470722
8.758449072391159 -0.77344924
8.759837978170935 -1.5923184
8.761226883950258 -0.30524305
8.762615789714118 -0.029683856
8.764004695493895 0.77732366
8.765393601273217 0.5037315
8.766782507037078 0.6694366
8.768171412817082 0.32932392
8.769560318582535 0.5435484
8.770949224346623 -0.07271949
8.772338130125718 0.16147302
8.77372703589117 -0.58193475
8.77511594165503 -0.3686044
8.776504847419801 -1.3877501
8.777893753185253 -1.9546046
8.779282658949114 -2.3518198
8.780671564713884 -3.2000153
8.78206047047911 -2.7346702
8.78344937624388 -3.1488135
8.784838282008423 -2.6359026
8.786227187772965 -3.3332946
8.787616093537736 -3.5845344
8.789004999287954 -3.481833
8.790393905052497 -2.800535
8.791782810803397 -1.66474
8.79317171656885 -2.2101955
8.794560622318158 -1.6738597
8.795949528082929 -0.57329184
8.797338433833602 0.07325595
8.798727339597463 0.2603
8.800116245347908 2.336382
8.801505151098581 3.209612
8.8028940568488 3.6952827
8.80428296259879 4.954999
8.805671868348782 6.1009865
8.807060774099 6.4940295
8.808449679849218 5.7667155
8.80983858559921 6.641376
8.8112274913492 5.770292
8.8126163971001 5.414443
8.814005302835767 5.5229263
8.815394208585076 4.030865
8.816783114335976 3.729616
8.818172020071415 2.126926
8.819560925820952 1.4494425
8.8209498315573 -0.09501219
8.822338737307973 -1.3407209
8.82372764304273 -2.5224724
8.825116548778624 -2.707013
8.826505454514745 -4.6434374
8.827894360264963 -5.163799
8.829283266000402 -5.5131507
8.830672171735841 -6.002815
8.83206107747219 -5.842773
8.833449983207629 -6.2406435
8.834838888942613 -4.7021494
8.836227794678962 -5.5035543
8.837616700399849 -5.0828543
8.839005606134833 -5.117843
8.840394511871182 -4.2442555
8.841783417607303 -4.6761017
8.843172323327508 -3.2701716
8.844561229063174 -3.1341505
8.845950134784744 -2.7911172
8.847339040519728 -2.2081094
8.848727946240842 -1.6005441
8.850116851962412 -1.3811935
8.851505757698078 -1.1657172
8.852894663419193 -0.048877034
8.85428356914008 0.2972558
8.855672474860967 1.1439015
8.857061380582081 0.9567381
8.858450286303196 2.253291
8.859839192024083 2.3812058
8.86122809774588 2.828371
8.862617003466767 3.4066696
8.864005909187199 2.406717
8.865394814894444 2.6766136
8.86678372061533 2.3951535
8.868172626336218 2.5829127
8.869561532043463 2.0582597
8.870950437763895 1.8910048
8.87233934347023 1.3411977
8.873728249192027 0.91358334
8.875117154898362 0.60839987
8.876506060604925 0.6486936
8.87789496632604 0.47833925
8.879283872032374 -0.068010606
8.88067277773871 -1.3606293
8.8820616834455 -1.49522
8.883450589151835 -2.5404139
8.88483949485908 -1.6957947
8.886228400565415 -2.005389
8.887617306271295 -2.6421614
8.889006211978312 -2.2041755
8.890395117670323 -1.8209677
8.891784023375976 -1.5085717
8.893172929082994 -1.4394287
8.894561834775686 -1.1437227
8.895950740481567 0.111403875
8.89733964617335 0.49848616
8.898728551880595 1.0097877
8.900117457571923 1.2784922
8.901506363278259 1.988878
8.902895268970951 2.747545
8.904284174662735 2.65599
8.905673080354745 4.18453
8.907061986046756 4.3099413
8.908450891739221 4.991001
8.909839797431232 4.82017
8.911228703122333 5.0849404
8.912617608814799 5.826083
8.914006514507491 4.76116
8.91539542019882 4.217075
8.916784325890603 4.026693
8.918173231568744 4.0781927
8.919562137260073 2.6955686
8.920951042951856 2.1362245
8.922339948629997 0.9770043
8.92372885432178 0.55403906
8.925117759999011 -0.15157841
8.926506665676698 -0.87209743
8.92789557136848 -1.9493592
8.929284477045712 -3.1740866
8.930673382723171 -3.6856265
8.93206228840063 -4.1472163
8.933451194078543 -5.6401715
8.934840099756002 -5.348876
8.936229005432551 -5.468029
8.937617911110465 -5.348459
8.939006816788151 -5.174409
8.9403957224647 -5.2058215
8.941784628142614 -5.379156
8.943173533806203 -4.670797
8.94456243948298 -4.1178308
8.94595134516021 -4.186259
8.9473402508238 -3.334129
8.948729156501031 -1.9560351
8.950118062163938 -1.9912624
8.951506967826845 -2.2356474
8.952895873504758 -1.6366655
8.954284779167665 -1.3299918
8.955673684829662 -1.0876333
8.957062590493024 -1.339648
8.95845149615593 -0.582352
8.959840401817928 0.041307054
8.961229307481517 0.5132685
8.962618213145106 0.8602954
8.96400711880733 0.59779
8.96539602447001 0.9756929
8.9667849301336 1.873123
8.968173835795596 1.8818254
8.969562741443951 2.5618124
8.970951647107313 3.0315087
8.972340552755668 2.1839092
8.973729458418347 2.2951343
8.975118364066702 2.1126206
8.976507269729609 1.8280607
8.977896175377737 1.3841141
8.979285081025864 1.4797225
8.980673986688771 1.4613638
8.982062892337126 0.09244913
8.983451797985254 0.1397764
8.984840703633608 0.07885893
8.986229609282418 0.1465715
8.987618514930773 -0.7046638
8.989007420579128 -0.06681848
8.990396326227938 -0.0026822763
8.991785231860831 -0.10025753
8.993174137509186 -0.049830735
8.994563043157996 0.6759932
8.995951948792026 0.63975275
8.997340854440154 1.0271926
8.99872976007373 0.8898601
9.000118665722084 1.3741003
9.001507571355887 1.9228344
9.002896477004015 2.8898845
9.00428538263759 2.6468105
9.005674288272076 3.1583505
9.007063193905879 3.386046
9.008452099538772 2.1073751
9.009841005173257 3.1415417
9.011229910806833 3.4207368
9.012618816439954 3.1058972
9.014007722074439 2.842438
9.015396627708697 3.2075853
9.01678553334159 2.619511
9.01817443897562 3.1135268
9.019563344595326 3.1944718
9.02095225022822 1.3602717
9.02234115584747 1.8765802
9.023730061481729 0.9374258
9.025118967101662 0.92228585
9.026507872735237 0.2923681
9.027896778353806 -1.1325762
9.02928568397374 -1.1511734
9.030674589607315 -3.0040302
9.032063495225884 -3.7659159
9.033452400845817 -3.2750595
9.034841306465523 -4.435829
9.036230212083865 -5.389885
9.037619117703116 -5.625091
9.039008023322822 -6.6887627
9.04039692894139 -6.1458697
9.041785834545863 -6.2227616
9.043174740165796 -6.621825
9.044563645785047 -5.7345877
9.045952551389746 -4.878584
9.04734145700877 -5.722249
9.048730362613242 -3.9281044
9.050119268232493 -3.9230971
9.051508173837192 -2.117389
9.052897079456216 -2.1283565
9.054285985061597 -1.3346411
9.055674890666069 0.9895215
9.057063796270086 0.3280126
9.058452701875467 2.5941188
9.059841607479939 3.3434873
9.061230513083956 2.9239793
9.062619418689337 4.5635056
9.064008324294491 4.4719505
9.06539722989919 4.3670435
9.066786135503662 5.349353
9.068175041108134 5.5467687
9.069563946698281 5.813208
9.07095285230298 6.3370266
9.0723417578929 5.0935235
9.073730663498282 5.692923
9.075119569088201 5.6907773
9.076508474692218 5.4075284
9.077897380283048 5.208325
9.079286285872968 4.999584
9.080675191476985 5.2254915
9.082064097067587 3.5931177
9.083453002658189 3.4278893
9.084841908247654 1.9529952
9.086230813837574 0.9688978
9.087619719428403 1.816378
9.089008625017868 -0.17238095
9.090397530593236 -2.0273838
9.091786436184066 -1.5203738
9.093175341773986 -2.1880817
9.094564247364133 -2.3959284
9.095953152939728 -2.8206818
9.097342058529648 -4.295576
9.098730964105243 -2.9156344
9.10011986969539 -2.8300996
9.101508775270759 -2.448978
9.102897680847036 -2.5628257
9.104286586436956 -1.9798775
9.105675492012324 -2.099984
9.107064397588601 -1.5368847
9.108453303163515 -1.302871
9.109842208738883 -0.94016767
9.11123111431516 -0.40937498
9.112620019890528 0.3445831
9.114008925466123 -0.15277053
9.115397831041719 -0.31841603
9.116786736602535 1.3273691
9.118175642177903 0.83180374
9.119564547753725 0.8775812
9.120953453314542 0.2970174
9.12234235888991 -0.8969532
9.123731264450953 -0.39769217
9.125120170026548 -0.4892472
9.126509075588046 -1.0094897
9.12789798114909 -0.5583903
9.129286886709224 -0.29367945
9.130675792285274 -0.18787855
9.132064697846545 -1.5535148
9.133453603406679 0.14263749
9.134842508968177 0.34756342
9.136231414529902 0.40430847
9.137620320090264 -0.91203356
9.13900922565108 -0.2788971
9.140398131198253 -0.97044754
9.141787036758387 0.035704076
9.14317594231943 -0.5624435
9.144564847866604 0.09876738
9.145953753428103 -0.67402625
9.147342658974594 -0.7699325
9.148731564534728 -0.2552931
9.150120470081674 -0.22441712
9.151509375628166 -0.36443195
9.1528982811883 -1.0127083
9.154287186735473 -0.34291413
9.155676092282647 -0.21315156
9.157064997828456 0.47929296
9.15845390337472 0.5621455
9.159842808921894 1.8068409
9.161231714467476 1.7850251
9.162620620013968 1.0500814
9.164009525560914 2.5051866
9.165398431107405 2.111667
9.166787336639118 2.7530289
9.16817624218561 1.900661
9.169565147717549 3.365899
9.170954053263813 2.699741
9.172342958795525 2.8033364
9.173731864342017 3.761207
9.175120769874411 3.9604106
9.176509675420903 4.5201125
9.177898580951933 4.528338
9.179287486484554 5.5287676
9.180676392016494 4.5894938
9.182065297547524 3.4790316
9.183454203080146 2.8259869
9.184843108612768 2.5213995
9.18623201414448 1.5791454
9.187620919676192 1.3442973
9.189009825208359 0.20736977
9.19039873072552 0.14216064
9.191787636257231 -1.4973658
9.193176541789171 -1.7684546
9.194565447307014 -2.036563
9.195954352838953 -3.8776774
9.197343258355431 -3.856577
9.198732163873501 -5.4208803
9.20012106940544 -5.103299
9.201509974921919 -5.5915923
9.202898880439989 -5.145083
9.204287785958059 -5.970866
9.205676691474537 -4.874471
9.207065596991924 -5.912691
9.208454502509767 -5.167852
9.209843408026245 -5.134056
9.21123231354386 -3.1988232
9.212621219061703 -4.8100367
9.21401012457909 -3.2072277
9.215399030081699 -2.3331034
9.216787935598859 -3.2491307
9.218176841116247 -2.1892738
9.219565746619082 -2.7014098
9.22095465212169 -2.0632665
9.22234355763976 -1.1825858
9.223732463143278 -1.4013404
9.225121368659757 -0.297077
9.226510274162592 -0.38380393
9.227899179665883 0.10830436
9.22928808516781 0.5007512
9.230676990670645 0.40025523
9.232065896173935 1.547435
9.233454801676999 1.2742006
9.234843707179607 0.8649447
9.236232612682215 0.65203154
9.2376215181705 0.9904752
9.239010423673335 1.5905899
9.240399329175943 2.865446
9.241788234664 2.3287523
9.243177140167518 1.3384559
9.244566045655574 1.8980383
9.245954951157728 1.095978
9.247343856646694 1.8278223
9.24873276213475 1.8014764
9.250121667636904 1.4263153
9.25151057312587 2.5961454
9.252899478614609 2.211328
9.254288384101983 1.2906517
9.255677289590494 1.4568337
9.257066195079233 2.337574
9.258455100566607 1.0008467
9.259844006040339 0.9220474
9.261232911529078 1.143663
9.262621817018044 0.9768851
9.2640107225061 0.6806425
9.26539962797915 -0.10299941
9.266788533468116 0.3182372
9.26817743894162 -0.75890535
9.269566344429222 -1.5023131
9.270955249903636 -1.8963097
9.272344155377823 -2.3390045
9.273733060850645 -2.542798
9.27512196633893 -2.6165307
9.276510871813116 -2.3028235
9.277899777286166 -2.6122987
9.27928868275967 -2.1198924
9.280677588234084 -0.8372279
9.282066493707816 -2.3035984
9.283455399166996 -2.1346748
9.284844304640501 -2.1167333
9.286233210114005 -0.61656594
9.287622115587737 -0.42862776
9.289011021046917 0.006079826
9.290399926520422 -0.21225746
9.291788831980284 0.67909276
9.293177737453789 0.79544395
9.294566642912287 0.5927831
9.295955548372149 2.8066742
9.297344453831101 2.4505873
9.298733359304151 3.216884
9.300122264763786 2.5243797
9.301511170222966 1.487352
9.302900075681919 1.7180277
9.30428898114178 2.143258
9.305677886600733 2.7316897
9.307066792045362 2.1216807
9.308455697504542 2.5140083
9.309844602963494 1.3911477
9.311233508422447 0.9592416
9.312622413867075 0.33516532
9.314011319326255 0.9809382
9.315400224771565 0.32765496
9.316789130230518 -0.1679701
9.318178035674464 -0.20427024
9.319566941119547 -0.2905203
9.320955846564175 -0.9678249
9.322344752022445 -0.9702687
9.323733657467528 -1.291963
9.325122562912838 -2.0889568
9.326511468356784 -2.216931
9.327900373801185 -0.51964635
9.329289279246495 -2.0359073
9.33067818467589 -1.2563187
9.33206709012029 -0.8029543
9.3334559955656 -0.42874697
9.334844901010001 -1.2563783
9.33623380643985 -0.4835846
9.337622711884705 -1.1819898
9.339011617314554 0.43148884
9.340400522744403 -0.68547064
9.341789428189031 -0.605658
9.343178333619562 -0.17637457
9.34456723905032 -0.2107673
9.345956144494266 0.14895575
9.347345049924115 -0.0026822763
9.348733955354874 0.2349078
9.350122860784268 -0.10627775
9.351511766214117 -0.10049596
9.352900671630323 0.35292795
9.354289577060172 0.28390405
9.35567848249002 0.012517289
9.357067387920097 -0.27716854
9.358456293335621 0.35161662
9.35984519876547 -1.5121481
9.361234104180994 -1.2372447
9.36262300961107 -1.5603099
9.36401191502705 -2.5201478
9.365400820457126 -3.6678042
9.36678972587174 -4.40692
9.36817863128772 -2.7518368
9.369567536703244 -4.0390315
9.370956442117858 -4.521662
9.372345347534065 -4.8245807
9.373734252950271 -5.0885167
9.375123158365113 -4.1909676
9.37651206378041 -3.9377604
9.377900969196617 -5.020387
9.379289874611231 -4.060907
9.380678780012204 -3.9483705
9.38206768542841 -2.932801
9.384845496245362 -0.8094514
9.386234401645424 -0.77029014
9.387623307061403 0.71187615
9.389012212462376 1.6063259
9.390401117862439 2.4753835
9.391790023264093 2.7695992
9.3931789286803 3.7000513
9.39456783408059 3.612311
9.395956739481335 4.0600724
9.39734564488299 4.6279993
9.3987345502685 4.590328
9.400123455669473 4.2447324
9.4015123610709 3.748809
9.402901266471872 2.351641
9.404290171858065 2.7915344
9.405679077259038 1.1956396
9.40706798266001 -0.009596589
9.408456888046203 -0.02795528
9.409845793432396 -1.9906068
9.411234698833368 -0.95286375
9.412623604220244 -2.85579
9.414012509606664 -2.8666978
9.415401414992175 -3.3955233
9.41679032039383 -3.6272125
9.41817922578025 -4.190312
9.41956813116667 -4.0529194
9.420957036538994 -3.729914
9.422345941925414 -3.2819738
9.423734847311607 -3.7250857
9.4251237526978 -2.7809842
9.426512658084448 -2.4710321
9.42790156345609 -3.1086986
9.429290468842282 -2.257344
9.43067937421415 -1.5356926
9.432068279601026 -1.0870968
9.433457184972895 -0.5095133
9.434846090343854 -0.30101103
9.436234995730956 -0.51463944
9.437623901102597 0.6370109
9.439012806473784 0.21607226
9.440401711846334 -0.0417243
9.441790617218885 1.3462046
9.443179522589844 1.0168211
9.444568427961713 0.66860205
9.445957333334036 1.0180132
9.447346238690443 1.5158437
9.448735144062312 1.1825262
9.450124049434635 1.7520033
9.451512954792179 2.351164
9.45290186016382 0.8865221
9.45429076552091 2.0321522
9.455679670892778 1.6307645
9.457068576250094 1.2910093
9.458457481607184 1.786694
9.459846386979734 1.3185474
9.461235292337733 2.0596902
9.46262419769414 0.85075843
9.464013103051457 0.42362082
9.465402008409228 0.14263749
9.466790913765635 0.70686924
9.468179819122952 1.3069838
9.469568724466171 0.81571007
9.470957629823488 0.63629556
9.472346535180804 -0.24420637
9.473735440537894 0.02455773
9.475124345880658 -0.63903743
9.476513251237975 -0.6631779
9.477902156580512 -1.3171169
9.47929106192305 -1.647931
9.480679967281048 -1.2596567
9.482068872623586 -0.89069456
9.483457777965668 -1.9093635
9.484846683309115 -2.0116477
9.486235588651653 -2.145821
9.487624493993735 -1.8922565
9.489013399337182 -2.8122177
9.490402304680401 -2.557819
9.491791210022257 -2.7142253
9.493180115365021 -2.2068577
9.494569020693689 -0.51291084
9.495957926035771 -1.5113733
9.497346831363757 -1.2066071
9.498735736707204 -0.29540804
9.500124642036099 -0.26357836
9.501513547378636 -0.005185734
9.502902452706167 0.81559086
9.504291358035061 0.8651831
9.505680263377599 1.7183853
9.50706916870513 1.8885013
9.508458074034024 1.849519
9.509846979362692 3.0034938
9.511235884689995 2.4771717
9.512624790018208 1.647931
9.514013695332324 2.7541018
9.515402600659854 1.9560947
9.51679150598784 1.9302256
9.518180411316735 1.5352753
9.519569316630395 1.0176556
9.520958221958608 0.9885678
9.522347127272042 0.5222094
9.523736032585475 0.6712247
9.525124937913688 0.67992723
9.526513843227349 0.68481493
9.527902748540782 0.14514095
9.529291653855125 -0.53150797
9.530680559168559 -0.50152606
9.53206946449609 -1.0520484
9.53345836979588 -1.3878694
9.534847275109314 -1.5214467
9.536236180422293 -1.00943
9.537625085736408 -1.8079139
9.539013991050524 -1.4700663
9.54040289634986 -1.4165399
9.541791801663294 -2.0617168
9.543180706962175 -1.5402822
9.544569612275836 -1.0943091
9.545958517574945 -1.4209508
9.547347422888379 -0.44901305
9.54873632818817 0.79663604
9.550125233487051 0.5373494
9.551514138785478 0.58801454
9.55290304408527 2.353787
9.554291949384151 2.2106128
9.555680854682578 3.2552702
9.557069759982141 3.1988828
9.558458665281705 3.2271361
9.559847570580132 3.8059115
9.561236475879014 3.3447986
9.562625381164253 3.3964174
9.56401428646268 3.3111808
9.56540319174701 2.1687696
9.5667920970468 1.8068409
9.56818100233113 1.0074034
9.569569907630239 0.8227436
9.570958812914796 0.25171673
9.572347718199126 0.08338899
9.573736623483455 -0.6546542
9.57512552876824 0.30345488
9.57651443405257 -1.5583429
9.577903339337809 -1.6440566
9.579292244622138 -2.4575016
9.580681149906468 -1.1471201
9.582070055191707 -2.5852375
9.58345896046103 -2.2687886
9.58484786574536 -2.4446862
9.586236771030599 -2.726802
9.587625676300377 -2.7578568
9.589014581584934 -1.9863746
9.590403486854939 -2.055518
9.591792392124717 -0.8610703
9.593181297409046 -0.95971847
9.594570202679051 -0.37843937
9.595959107949056 0.7416792
9.597348013219744 -0.40216264
9.598736918489521 0.16755286
9.600125823758844 0.98987913
9.601514729029304 0.6075654
9.60290363429931 0.8731703
9.604292539553853 0.6646681
9.605681444824313 1.0258813
9.607070350095 0.49610192
9.608459255349771 0.61841375
9.60984816061955 0.42087895
9.611237065875684 0.7873375
9.612625971145007 0.30834258
9.614014876400233 0.76385266
9.615403781656369 0.9076227
9.616792686926829 -0.46749097
9.618181592182282 -0.69679576
9.619570497436825 -0.043512482
9.620959402692733 -0.541343
9.622348307948414 -0.8221475
9.623737213202958 0.36627975
9.625126118444314 0.0835082
9.626515023700449 -0.42713758
9.629292834195894 0.10890042
9.63068173945203 0.14776362
9.632070644692021 -0.95942044
9.633459549947474 0.37295562
9.634848455189058 -0.08410426
9.636237360444284 -0.07939538
9.637626265684958 -0.30601794
9.639015170925859 -0.006735494
9.64040407616676 0.08076632
9.641792981407434 -0.04434697
9.643181886648108 0.8631565
9.644570791889237 -1.2598951
9.645959697130593 -1.3661131
9.647348602371494 -0.5855111
9.648737507596934 -0.51493746
9.65012641283829 -0.99607825
9.651515318079191 -1.3788092
9.652904223304631 -0.7628394
9.654293128546215 -1.0662943
9.655682033773246 -1.2585837
9.657070938999368 -1.9870303
9.65845984424027 -1.0324976
9.66123765469274 -0.8356781
9.662626559918863 -1.0339878
9.664015465145212 0.18567312
9.665404370372016 0.23967628
9.666793275598593 0.4456751
9.668182180824033 0.9765274
9.669571086050837 0.8958207
9.670959991262635 1.5212083
9.672348896488074 2.7725797
9.673737801715106 2.6635003
9.676515612153025 3.1247327
9.677904517364823 2.2058444
9.679293422577302 2.5073323
9.680682327802742 3.5631955
9.68207123301454 3.0453372
9.683460138226792 2.6362007
9.68484904343859 1.9832752
9.68623794865016 1.040902
9.690404664285325 0.40013602
9.691793569482343 -0.44984755
9.69318247469414 -1.309666
9.694571379906392 -1.1628562
9.695960285103638 -2.1592922
9.698738095513136 -2.0251782
9.700127000724024 -3.039019
9.704293716316442 -3.8629546
9.70568262151346 -3.2578928
9.707071526710479 -3.7046409
9.708460431907724 -2.8488755
9.70984933710497 -2.9491928
9.711238242301988 -2.4933846
9.712627147499234 -1.6696873
9.714016052696934 -2.5667598
9.715404957879628 -1.6829197
9.716793863075964 -1.1315033
9.720960578638369 1.481153
9.722349483821745 2.1315753
9.723738389019672 3.0253096
9.72651619938415 4.6856985
9.727905104567299 4.504257
9.729294009749083 5.3822556
9.730682914931776 4.7544837
9.732071820114925 3.929058
9.733460725297618 4.2376986
9.73484963046576 3.1764708
9.736238535648226 2.7182188
9.737627440831602 1.9711154
9.739016345999516 1.8738383
9.740405251181528 1.1213703
9.741794156350352 -0.2788971
9.743183061518948 -0.8799058
9.744571966700732 -1.5485675
9.745960871869102 -0.90011233
9.747349777037698 -1.1544517
9.74873868220493 -1.8266302
9.750127587373072 -1.193911
9.751516492541668 -2.3223743
9.75290539770981 -1.7410953
9.754294302877952 -1.7093848
9.755683208045866 -2.305029
9.757072113199229 -0.42844892
9.758461018367598 -0.23621912
9.759849923535512 -0.9660963
9.761238828688874 -0.19771357
9.762627733843146 1.3365484
9.76401663901106 1.3146133
9.765405544163968 1.9525183
9.76679444931824 2.2010758
9.768183354486155 2.1974995
9.769572259639062 3.4588847
9.770961164793334 3.0471253
9.772350069947379 2.0055678
9.77373897510006 2.9584317
9.775127880239097 2.2367203
9.776516785393142 2.4334207
9.777905690546731 2.1974995
9.77929459568577 2.1866512
9.780683500839132 2.3019295
9.782072405993404 2.2546022
9.783461311132214 2.422334
9.78485021627057 2.0885396
9.786239121424842 2.4045713
9.787628026563652 2.136463
9.789016931702008 1.3832797
9.790405836841728 2.69533
9.79179474198122 3.0054011
9.79318364711935 3.1769476
9.794572552258387 3.1458333
9.79596145739788 2.2454228
9.797350362536235 2.7580357
9.798739267675046 3.6350806
9.800128172800214 2.129191
9.801517077939025 0.85290426
9.802905983063738 2.0571868
9.804294888202548 0.47738558
9.805683793326807 0.2864075
9.807072698451293 -0.38302904
9.808461603590331 -0.53103113
9.80985050871459 -1.0612278
9.811239413839758 -1.4774574
9.812628318964016 -1.4071221
9.814017224088275 -1.8253188
9.815406129213443 -2.1438541
9.816795034337247 -2.0044353
9.818183939461505 -2.540533
9.819572844572122 -2.7515388
9.82096174969638 -2.8712277
9.822350654820866 -2.1552389
9.8237395599308 -3.6958787
9.825128465055059 -4.2695284
9.826517370164993 -3.5473402
9.827906275274927 -3.805375
9.829295180399185 -3.3495672
9.830684085509802 -2.7087414
9.832072990619508 -2.9885921
9.83346189572876 -2.7875407
9.834850800839149 -3.1390977
9.836239705949083 -2.3149831
9.837628611058335 -1.4658939
9.839017516154172 -2.0580213
9.84040642126456 -0.9737259
9.841795326373813 -1.0602741
9.843184231468967 -0.79520553
9.844573136579584 -0.16570507
9.845962041674284 -0.33063525
9.84735094678399 0.2562468
9.848739851880055 0.14108773
9.85012875697521 -0.6698538
9.851517662085143 -0.39781138
9.852906567180526 -0.22596689
9.854295472276362 0.304647
9.855684377371745 0.6321232
9.857073282466217 -0.10037674
9.858462187562054 -0.41837552
9.859851092643567 0.69065636
9.861239997738267 0.3687832
9.862628902833421 0.931346
9.864017807914934 1.2383176
9.865406713009634 0.52650106
9.866795618090237 1.9671814
9.8681845231863 2.9447222
9.869573428266904 2.0353708
9.870962333347507 2.1511261
9.872351238428564 1.8488038
9.873740143509167 2.3770332
9.875129048604322 2.530698
9.8765179536706 3.1999557
9.87790685875143 1.4083143
9.879295763832715 2.0193965
9.880684668913545 1.0002507
9.882073573993694 1.4332297
9.883462479060427 0.725824
9.884851384141257 0.35948464
9.886240289206626 -0.07105052
9.88762919428791 0.20212443
9.889018099354871 -0.22715901
9.89040700443502 -0.5088576
9.89179590950107 -0.31573373
9.89318481456803 -1.230688
9.894573719634081 -1.6237309
9.89596262470036 -1.8247824
9.897351529766638 -2.4725819
9.898740434833371 -3.993969
9.90012933989965 -3.3738267
9.901518244965018 -3.026442
9.9029071500172 -2.2423234
9.904296055083478 -3.0683453
9.905684960134295 -2.9993212
9.907073865201255 -2.5887542
9.908462770253664 -2.4124393
9.90985167531926 -2.2540061
9.911240580370759 -2.4576209
9.912629485423167 -1.665634
9.914018390473984 -1.4285804
9.91540729552571 -0.9471415
9.91679620057812 0.06085787
9.918185105629618 -0.5235804
9.919574010681117 0.46355698
9.920962915732844 0.39191037
9.92235182078457 0.95280415
9.923740725821517 0.9956014
9.925129630873016 1.4391903
9.926518535924743 1.0327957
9.927907440962372 0.46641806
9.929296345999774 0.84753966
9.93068525105059 1.0482932
9.93207415608822 1.2604911
9.933463061126076 0.73679155
9.934851966163023 0.53913754
9.936240871200198 0.6912524
9.937629776237372 0.54831684
9.93901868127432 2.1698425
9.940407586311494 1.1347221
9.941796491348668 1.174539
9.943185396386298 2.068512
9.94457430140892 0.47297472
9.945963206445185 1.6320758
9.947352111468263 1.5848677
9.948741016505437 2.2593708
9.95012992152715 1.6164589
9.951518826565007 1.6003653
9.952907731588311 1.898992
9.954296636610252 1.4248848
9.955685541632647 0.53424984
9.957074446655952 1.4712584
9.958463351677665 0.94434005
9.959852256700287 0.6583498
9.961241161723592 -0.45503327
9.962630066731435 0.3873803
9.96401897175383 -0.19562735
9.965407876776453 -0.72540677
9.966796781784524 0.7094919
9.968185686806919 -1.8902894
9.969574591814762 -2.542798
9.970963496838067 -2.545361
9.97235240184682 -2.4929674
9.973741306854208 -3.3727539
9.975130211862052 -3.4882705
9.976519116870804 -3.4531624
9.977908021877965 -4.2735815
9.979296926886036 -4.8176665
9.980685831894561 -4.398933
9.982074736902632 -3.3467062
9.983463641910475 -3.834463
9.984852546903994 -2.2079902
9.986241451912065 -2.8624659
9.987630356905356 -1.465119
9.9890192619132 -0.95942044
9.991797071900692 -0.10782751
9.993185976908762 0.83347267
9.994574881901372 1.3161632
9.995963786895572 1.5368251
9.997352691889091 1.7353135
9.9987415968817 2.4487991
10.000130501875901 2.2774909
10.001519406870102 1.6573488
10.00290831184816 1.9791026
10.004297216841678 2.4060018
10.005686121835652 1.3081759
10.007075026813709 2.5024447
10.008463931807455 0.6219901
10.009852836786877 1.3878098
10.011241741766298 0.6497665
10.012630646759817 -0.18102385
10.014019551737874 -0.5320444
10.015408456717523 -0.3143628
10.016797361696263 -0.8812172
10.018186266674547 -1.3470987
10.019575171654196 -0.84807616
10.020964076633845 -1.0530617
10.02235298159735 -1.2277673
10.023741886576317 -1.864957
10.025130791555739 -1.4589795
10.026519696519244 -1.5427858
10.027908601498211 -1.2761079
10.029297506463081 -0.89182705
10.030686411427723 -2.3064597
10.032075316406463 -0.057698745
10.03346422137065 -0.75395805
10.034853126335065 0.38857242
10.03624203129948 0.34577522
10.037630936263668 -0.3611536
10.039019841227855 1.4730467
10.040408746192952 2.1158392
10.051519985850064 0.54855525
10.0529088907997 -0.6462498
10.054297795764114 -0.85206974
10.055686700713977 -1.0277888
10.057075605663613 -2.058975
10.058464510613248 -2.855909
10.059853415563794 -2.4905233
10.061242320498877 -3.089565
10.062631225448058 -4.368951
10.064020130398603 -4.025143
10.065409035333687 -4.5967064
10.066797940282868 -4.185305
10.068186845218861 -5.11379
10.069575750169179 -5.191814
10.07096465510358 -4.60976
10.072353560038891 -5.282892
10.073742464974657 -3.804183
10.075131369909286 -4.380038
10.07652027484437 -3.6354978
10.077909179780363 -2.969101
10.079298084715674 -2.4944575
10.080686989650985 -2.46382
10.082075894586069 -0.74620926
10.083464799521153 -1.5007633
10.084853704441912 -0.14108773
10.086242609377223 -0.27847987
10.087631514297755 -0.16194987
10.089020419219196 0.0378499
10.09040932415428 0.18007016
10.091798229075039 0.32860863
10.093187133996253 0.5402105
10.09457603891633 1.4234543
10.095964943836861 0.7817345
10.097353848758303 0.58968353
10.098742753679062 2.2610397
10.100131658599821 1.4120098
10.101520563520353 2.2069173
10.102909468426333 2.9370928
10.104298373347092 2.0759032
10.1056872782533 2.292154
10.107076183173831 2.4668002
10.10846508808072 1.4548072
10.109853993001252 1.5069028
10.111242897906777 1.0727317
10.112631802813667 1.1468817
10.114020707720329 0.9373066
10.115409612625626 1.112787
10.116798517531834 -0.34029144
10.118187422438496 -1.0106221
10.12096523225 -0.8728723
10.122354137142338 -1.1449147
10.123743042048545 -1.1092702
10.1251319469402 -1.8491018
10.12652085184618 -0.7678463
10.127909756737608 -0.7585477
10.129298661629264 -0.81010705
10.130687566535471 -0.2766917
10.132076471427808 -1.1230392
10.133465376319919 -0.99482644
10.134854281210664 0.61972505
10.13624318610232 -0.32759532
10.13763209099443 0.039757296
10.139020995885403 0.00989462
10.140409900762279 -0.7598591
10.141798805654616 -0.22835113
10.143187710546044 -0.0678914
10.144576615423375 -0.17440757
10.145965520314803 0.25267044
10.14735442519168 0.94720113
10.148743330068783 0.24062999
10.150132234945886 0.5316272
10.151521139837314 0.9418366
10.1529100447151 0.328251
10.154298949591976 -0.039220843
10.155687854468397 -0.43345585
10.15707675933163 0.96257955
10.158465664208506 -0.4570003
10.159854569084928 -1.2386752
10.161243473962486 -0.6591247
10.162632378825492 -1.54517
10.164021283701913 -0.70204115
10.165410188564238 -0.3696773
10.166799093427471 -0.42701837
10.168187998304575 -0.3466097
10.169576903167126 -0.43214452
10.17096580802945 0.6432099
10.172354712892684 0.27448627
10.173743617755008 -0.02873016
10.175132522616877 0.4930024
10.176521427480111 0.54879373
10.177910332342435 1.099316
10.179299237189753 0.79842424
10.180688142052759 0.5975516
10.182077046915765 1.0255237
10.183465951763083 1.1100451
10.184854856610855 0.44937068
10.186243761474088 1.1996928
10.187632666321406 0.9152523
10.189021571169178 1.2237737
10.19041047601786 1.5519651
10.191799380865632 1.319501
10.193188285713632 1.2836183
10.194577190561631 0.4331578
10.195966095409403 1.5026112
10.197355000257176 1.2616832
10.198743905090623 1.2836183
10.200132809938623 0.05227459
10.201521714787305 0.72653925
10.202910619620525 0.2766321
10.20429952445329 0.45759636
10.205688429301745 0.6124531
10.207077334135192 -0.7090151
10.208466238968413 -0.24927288
10.209855143802542 -0.9695535
10.211244048635763 5.9606144e-05
10.21263295346921 0.09459494
10.214021858302658 0.5688214
10.215410763135878 0.47154418
10.216799667969099 0.0056029772
10.218188572787994 0.47464368
10.219577477621442 0.6498857
10.22096638244102 0.9212129
10.22235528727424 0.61841375
10.223744192092454 0.8123721
10.225133096911804 0.4689215
10.226522001745252 0.83883727
10.227910906563238 0.6682444
10.229299811382589 0.57883525
10.230688716202167 0.8749585
10.23207762102038 0.63617635
10.233466525839049 0.5303159
10.234855430644075 0.9989393
10.236244335462288 0.5991013
10.237633240280957 -0.3426757
10.239022145085983 -0.7736877
10.240411049904651 -1.0844146
10.241799954708767 -1.485683
10.243188859513111 -2.3883584
10.244577764332007 -3.3061142
10.245966669137033 -2.1537488
10.24735557394115 -3.6542141
10.248744478745266 -4.3496985
10.250133383550292 -3.286027
10.251522288353954 -3.7500608
10.252911193143518 -3.1866038
10.254300097948544 -3.05857
10.25568900275266 -2.53493
10.257077907542453 -2.6559303
10.258466812346796 -1.2684187
10.259855717136361 -1.0164039
10.261244621940477 -0.8796674
10.26263352673027 0.51648724
10.264022431520061 1.1511734
10.265411336310308 1.8007611
10.2668002411001 1.7604673
10.26818914588921 3.06763
10.269578050679456 3.2977097
10.270966955469248 3.7465441
10.27235586025813 3.225944
10.273744765048377 3.217003
10.2751336698243 3.5363727
10.27652257461341 3.4398108
10.277911479388422 2.8357623
10.279300384178896 3.75775
10.280689288953454 3.4857075
10.282078193728466 2.2262297
10.283467098504389 2.3084862
10.284856003279401 1.788363
10.286244908054414 1.9532337
10.287633812829654 1.3630136
10.289022717605349 1.9463193
10.290411622380816 1.988878
10.291800527155146 1.214952
10.29318943191629 1.1723932
10.294578336692211 1.1009849
10.295967241452217 0.8980857
10.29735614622723 0.13929954
10.2987450509886 0.07099091
10.300133955748379 -0.6026777
10.301522860509067 -0.7043062
10.302911765284989 -0.86422944
10.30430067004545 -0.9700303
10.30568957480591 -2.0781085
10.307078479552047 -2.0341787
10.308467384312735 -2.463164
10.309856289073196 -1.6097234
10.311245193833656 -2.3604627
10.312634098579792 -2.7378888
10.314023003340935 -3.324175
10.315411908087299 -2.8455973
10.316800812832525 -2.8348682
10.318189717593668 -1.8333061
10.319578622339804 -1.8375977
10.320967527085031 -2.3072941
10.32235643183185 -1.8725866
10.323745336578668 -0.36431274
10.325134241323894 -0.850222
10.32652314607003 -0.4283297
10.327912050816849 0.83824116
10.329300955548206 -0.20099191
10.330689860294115 1.0200399
10.332078765025699 1.1008657
10.33346766977229 1.9975805
10.334856574503874 2.0249994
10.336245479234549 1.4183282
10.337634383981367 1.2558419
10.339023288712951 2.5839856
10.340412193443626 1.6609251
10.341801098175893 1.7068218
10.343190002908159 2.097242
10.344578907638834 1.7925354
10.345967812355866 2.252218
10.347356717088132 1.2882675
10.35013452653584 1.6224196
10.351523431267879 1.5533956
10.352912335984911 1.6510305
10.354301240701716 1.3106794
10.35569014541852 1.2484506
10.357079050150105 0.55570805
10.358467954867592 0.16147302
10.359856859584852 0.8307308
10.361245764300975 0.7278506
10.36263466900391 0.2388418
10.364023573720942 0.11951031
10.365412478437975 0.58849144
10.36680138314091 -0.36926004
10.368190287857942 0.6796888
10.369579192560195 -0.7900794
10.370968097277228 -0.8178559
10.372357001979708 -0.1252325
10.373745906681961 -1.0609298
10.375134811398766 1.0050192
10.376523716101246 -0.57138443
10.377912620804182 0.34041068
10.37930152549211 1.1541537
10.380690430193681 1.4151094
10.382079334896844 2.3093207
10.383468239599324 2.5225916
10.384857144286343 3.0372307
10.386246048989506 3.45352
10.387634953678116 3.159662
10.389023858379687 3.8341649
10.390412763067616 3.6024163
10.391801667756226 2.5658658
10.393190572443245 3.2375076
10.394579477145726 2.8238409
10.395968381834109 1.7610635
10.397357286507486 1.7943237
10.398746191195187 0.76933646
10.400135095882888 0.7758931
10.401524000570816 -0.9298558
10.402912905244193 -1.6290954
10.404301809931894 -2.1180446
10.405690714605953 -3.4365323
10.407079619294564 -3.4970326
10.40846852396703 -3.907123
10.409857428640407 -4.921798
10.411246333314239 -5.326345
10.412635237986706 -5.0418453
10.414024142660082 -5.462545
10.415413047333914 -5.8504024
10.416801952007518 -5.873172
10.418190856680667 -5.479473
10.419579761353816 -6.040963
10.42096866601264 -4.8201103
10.422357570686017 -5.022235
10.423746475344615 -4.5863347
10.425135380003212 -4.154906
10.42652428467727 -3.656956
10.427913189336095 -2.7299612
10.42930209399401 -1.8956541
10.430690998653517 -0.76194525
10.432079903312115 0.1874613
10.433468807970257 0.7211747
10.434857712629764 1.6649784
10.436246617289044 3.5500822
10.437635521932407 3.2485943
10.439024426591459 4.874054
10.440413331236186 5.1620703
10.441802235894102 5.27711
10.443191140538374 5.8998756
10.444580045183102 5.076715
10.445968949842609 6.29566
10.447357854486654 5.4626045
10.448746759130245 4.8247
10.4501356637752 3.730808
10.451524568420155 4.199074
10.452913473048966 2.6357238
10.454302377693239 2.1946385
10.455691282337966 1.0558037
10.457080186966778 0.5125532
10.45846909161105 0.21035007
10.459857996241226 -0.8601762
10.461246900871174 -2.0077732
10.46263580551522 -2.1685908
10.464024710144713 -1.8617382
10.465413614774434 -1.9897721
10.466802519404155 -2.0695848
10.468191424033648 -1.8931506
10.469580328663142 -2.1033816
10.470969233293545 -2.0158796
10.472358137908714 -1.8497574
10.473747042537525 -0.8895024
10.475135947153376 -0.6547734
10.47652485178287 -0.5055793
10.477913756397356 0.07850129
10.47930266102776 1.3420322
10.480691565643383 1.4153478
10.482080470257642 1.9520415
10.483469374873039 1.8458234
10.484858279488662 2.9970562
10.486247184103831 2.8200262
10.487636088718773 2.650983
10.489024993319163 2.7444456
10.490413897935014 3.2541974
10.491802802549955 3.337646
10.49319170714989 2.2592514
10.494580611765741 2.3462765
10.49596951636613 1.3590796
10.497358420966066 1.7723886
10.498747325567365 0.7074653
10.500136230182989 1.0223049
10.501525134782696 -0.42600507
10.502914039383313 0.08684615
10.504302943969833 -0.34148356
10.505691848569768 -1.0512736
10.507080753170158 -2.6968203
10.508469657771457 -1.6893572
10.509858562357522 -2.2822595
10.511247466958139 -2.8662806
10.512636371543977 -2.8428552
10.514025276129814 -2.7020059
10.515414180730431 -3.4021993
10.516803085316496 -3.3595214
10.518191989902334 -2.4284139
10.519580894489081 -2.737412
10.52096979907492 -2.6872237
10.52235870364575 -2.601331
10.523747608232497 -1.3079375
10.525136512818335 -2.1094017
10.526525417404173 -1.1948051
10.527914321976368 -1.08662
10.529303226547881 -1.316044
10.530692131133947 -0.44495985
10.532081035705232 -0.6879145
10.533469940276518 -0.5737091
10.534858844848713 0.37927386
10.53624774942 -0.2233442
10.53763665399083 -0.43434992
10.539025558563026 0.34970924
10.540414463134312 -1.3307071
10.541803367705143 0.3038125
10.543192272262786 0.35102057
10.544581176834754 0.5368725
10.545970081390806 0.53997207
10.547358985962319 0.36413392
10.548747890519735 0.6304542
10.550136795076014 1.0720165
10.551525699632748 0.46105352
10.552914604204943 0.5287661
10.554303508747353 1.1552266
10.555692413304314 -0.18966673
10.557081317861048 1.5829602
10.558470222417782 0.9152523
10.559859126974743 0.5327001
10.561248031517152 -0.08243529
10.562636936074796 -0.010431075
10.56402584061766 -0.20361458
10.56541474515916 -0.5760933
10.566803649716121 -0.27365178
10.568192554258985 -0.5277528
10.569581458800712 -0.8652427
10.570970363342894 -1.1737045
10.572359267885986 -0.8815152
10.573748172428168 -0.44966874
10.575137076970805 -0.26423404
10.576525981498435 0.32443622
10.577914886040617 0.8852108
10.579303790568474 0.8940325
10.580692695110884 1.671535
10.582081599638514 2.5349896
10.583470504167053 2.0992687
10.584859408709235 2.3754835
10.58624831323641 2.3552175
10.58763721776495 1.7931316
10.58902612229258 1.9980574
10.590415026819755 2.326845
10.591803931333516 3.5424526
10.593192835861828 2.685316
10.594581740389003 2.9888306
10.595970644902081 1.2367679
10.597359549430621 0.6401104
10.598748453943244 1.3500195
10.600137358456323 0.025571035
10.601526262984862 -0.7891853
10.60291516749885 -1.2209722
10.604304072011928 -0.908338
10.605692976524551 -2.4746683
10.607081881038539 -2.8287883
10.608470785537747 -3.024356
10.609859690050143 -3.1492903
10.611248594563449 -3.9077787
10.612637499062657 -4.358699
10.61402640357528 -5.621455
10.615415308073807 -4.892949
10.616804212587795 -4.53865
10.61819311708632 -4.4627113
10.619582021585302 -4.600998
10.620970926083828 -4.3074975
10.622359830582354 -4.010599
10.623748735081108 -3.4906547
10.625137639579862 -3.1379056
10.626526544078388 -2.8224103
10.627915448563272 -3.3617268
10.629304353061798 -2.5044117
10.630693257545317 -1.7662492
10.632082162044753 -2.3135526
10.633471066528728 -1.4207124
10.634859971012247 -0.74543434
10.636248875496904 -1.5830199
10.63763777998156 -0.42755485
10.63902668446508 -0.36467037
10.640415588949054 -0.7075845
10.641804493433938 -0.40800405
10.64319339791814 -0.2446832
10.644582302402341 0.646667
10.645971206871764 -0.026345912
10.647360111356647 0.58348453
10.64874901582607 -0.26411483
10.650137920295037 0.7793503
10.651526824779694 0.11211915
10.652915729249344 -0.37814134
10.654304633718311 0.8610107
10.655693538188416 1.4487273
10.65708244265852 1.7517649
10.658471347127488 1.4942663
10.659860251582359 1.8180469
10.66124915605269 2.200599
10.662638060521658 3.2650456
10.664026964976529 2.662189
10.66541586944686 2.1439734
10.666804773901731 3.2879343
10.668193678356829 2.5200882
10.669582582811927 3.0560663
10.670971487266797 1.865851
10.672360391721668 2.8125157
10.673749296176766 1.6590178
10.675138200631864 1.5607867
10.676527105087644 1.3291574
10.677916009527962 -0.14925377
10.679304913982378 -0.25481626
10.68069381843793 -0.8699516
10.682082722878931 -1.5226388
10.683471627319477 -1.5339044
10.684860531774575 -1.7288761
10.686249436214894 -3.3533819
10.687638340655212 -1.9785066
10.689027245095986 -1.8187622
10.690416149536304 -1.2330723
10.69180505396298 -2.67113
10.693193958403299 -2.1400394
10.694582862843163 -2.2141893
10.695971767269612 -1.7635072
10.697360671710157 -1.8165568
10.698749576135242 -1.66474
10.700138480576243 -2.4924905
10.701527385002919 -2.392829
10.70291628942823 -1.9591346
10.704305193853997 -1.2897576
10.705694098280674 -1.3303494
10.707083002705986 -1.4996904
10.708471907131752 -2.2622318
10.709860811558428 -1.4332893
10.711249715969643 -0.5388991
10.712638620395637 -0.49878418
10.71402752480708 -0.28599027
10.715416429232846 0.34982845
10.71680533364406 0.9795077
10.718194238055503 1.0872756
10.719583142466945 0.33230424
10.72097204687907 0.95971847
10.722360951290284 -0.20212443
10.723749855701499 0.62330145
10.725138760113623 -0.85582495
10.726527664524383 -0.07707074
10.727916568921046 -0.32956234
10.72930547333317 -0.94910854
10.730694377729833 -2.2692654
10.732083282141048 -2.2120433
10.733472186538165 -2.349972
10.734861090934828 -2.9453778
10.736249995331491 -2.44111
10.737638899728381 -2.8129926
10.739027804125271 -1.7017553
10.740416708522616 -2.7308552
10.741805612919507 -1.5744962
10.743194517300935 -1.5670455
10.74458342169828 -0.6337325
10.745972326095853 -0.32771456
10.747361230477509 0.14549859
10.74875013485962 0.63426894
10.750139039257192 0.6979283
10.751527943638848 1.4860406
10.75291684802096 2.1138127
10.75430575240398 1.7179085
10.75569465678609 2.5901847
10.757083561168429 2.5655081
10.758472465536215 2.3133738
10.759861369919008 2.8237216
10.761250274301347 2.6271405
10.762639178668223 1.6219428
10.764028083036465 2.0927122
10.765416987419485 1.5846293
10.76680589178659 2.5212803
10.768194796154148 0.79747057
10.769583700522617 1.5543493
10.770972604889721 1.0058537
10.77236150925728 -0.004112824
10.773750413625748 -0.8029543
10.775139317993307 -1.8623343
10.776528222346315 -1.7963502
10.777917126714328 -3.3129094
10.779306031067335 -3.5743418
10.780694935434894 -3.0669148
10.782083839788129 -4.2441363
10.783472744141363 -6.2594194
10.784861648495053 -6.4840155
10.786250552848287 -4.966205
10.787639457200612 -6.3829236
10.789028361554301 -5.897134
10.790417265907763 -5.7518735
10.791806170245536 -5.6683054
10.793195074599225 -5.3143044
10.794583978953142 -5.5164886
10.795972883291142 -5.1335793
10.797361787629598 -4.063887
10.798750691983514 -3.665897
10.80013959632197 -4.031521
10.801528500660652 -2.8631215
10.802917404999334 -2.8686647
10.804306309338472 -2.3011546
10.805695213662602 -0.41760063
10.807084118000375 0.54080653
10.808473022339513 0.93671054
10.809861926664325 2.4956496
10.811250831002326 2.2953727
10.81263973532623 3.2685027
10.814028639651042 2.7816398
10.815417543989042 3.4452944
10.816806448312946 3.9831805
10.818195352637758 4.4886403
10.819584256961662 3.889241
10.820973161285565 3.6450944
10.822362065595144 3.5031126
10.823750969919274 3.787672
10.825139874243177 2.7462337
10.826528778552756 2.8382657
10.827917682876887 1.7438968
10.82930658718692 1.5952392
10.830695491496499 0.8180943
10.832084395805168 0.35841173
10.833473300115202 0.32288644
10.83486220442478 -0.512434
10.83625110873345 -1.3473967
10.83764001304371 -1.6776745
10.839028917353971 -1.5932125
10.84041782164877 -1.9804735
10.84180672595835 -2.1911216
10.843195630253376 -3.3160684
10.844584534562728 -3.2553895
10.845973438857527 -2.8599622
10.847362343152781 -2.0840693
10.848751247448263 -3.0161302
10.85014015174329 -2.0495572
10.851529056037407 -1.7769783
10.852917960332888 -2.2968035
10.854306864627915 -1.2165613
10.85569576890748 -0.8112992
10.85708467320319 -0.74448067
10.858473577484347 0.12928572
10.859862481778691 0.5460518
10.861251386058939 0.8371683
10.862640290340096 0.68207306
10.864029194619661 1.2607296
10.865418098900136 1.337979
10.866807003181066 1.6186048
10.86819590746154 1.9110324
10.869584811741788 1.7766802
10.870973716022263 1.4279844
10.872362620288186 2.458813
10.873751524569116 1.8833752
10.875140428835039 1.1230392
10.876529333100052 0.8682826
10.877918237380982 1.2530999
10.879307141646905 0.34100673
10.880696045912828 -0.6927426
10.882084950179433 -0.38678423
10.883473854445128 -0.9921442
10.884862758710824 -2.3485415
10.886251662962195 -3.2850137
10.887640567228118 -3.4939332
10.889029471479262 -4.4033437
10.890418375744957 -4.8379326
10.891807279996556 -4.7147264
10.893196184248382 -4.828634
10.894585088514305 -5.253685
10.895973992764766 -6.2320604
10.897362897016592 -6.1103444
10.898751801267963 -5.1701174
10.900140705503873 -4.7999635
10.901529609755926 -4.916374
10.902918514007979 -3.5094903
10.904307418244116 -3.0150573
10.90569632249526 -1.6737405
10.907085226732761 -1.4735235
10.90847413096867 -0.6651449
10.909863035220042 0.80808043
10.911251939457316 1.5370635
10.912640843694135 2.9246945
10.914029747930726 3.9182096
10.915418652152994 4.82017
10.916807556389813 4.923646
10.918196460626405 5.202483
10.919585364848444 4.14519
10.920974269085946 4.9390244
10.922363173308895 4.3025503
10.923752077530253 3.7962554
10.925140981767072 3.5289814
10.926529885990021 3.8322575
10.927918790212061 2.7052248
10.929307694434101 2.153868
10.930696598641816 0.9395716
10.932085502864084 0.022471515
10.933474407086123 -0.097873285
10.934863311293611 -0.37277678
10.936252215515879 -1.3105601
10.937641119724049 -1.0014428
10.939030023946543 -1.9511474
10.940418928153349 -1.8237095
10.941807832361519 -3.108937
10.943196736569234 -2.6518772
10.94458564077604 -2.6056228
10.945974544984438 -3.244124
10.947363449178283 -2.5562692
10.948752353385316 -2.332567
10.950141257592804 -3.1846368
10.95153016178665 -2.2327268
10.952919065978904 -2.1782467
10.954307970186619 -1.3888826
10.955696874380237 -1.8576254
10.957085778573855 -1.395201
10.958474682767019 -0.6208576
10.959863586959273 -0.3281318
10.961252491153118 -0.56202626
10.962641395346282 -0.6628799
10.964030299523984 -0.99846244
10.965419203717829 -0.48847234
10.966808107897123 -0.064255424
10.968197012089377 -0.7547329
10.969585916267988 -0.8419367
10.970974820447282 -1.2495235
10.972363724624984 -1.3911477
10.973752628803595 -0.026524732
10.975141532982661 -1.3622984
10.976530437161273 -1.7843099
10.977919341339657 -0.76897883
10.97930824550349 -0.7890661
10.9806971496821 -1.1887848
10.982086053846615 -1.3637289
10.983474958025454 -0.094118096
10.984863862188604 0.078262866
10.986252766353118 0.22668216
10.987641670517178 -0.41587207
10.989030574680328 0.86899793
10.99041947884507 1.0565189
10.991808383009811 0.43613812
10.993197287172961 1.5470773
10.994586191322469 0.9586455
10.99597509548721 1.4887825
10.997363999636491 0.35388166
10.998752903800323 1.0835801
11.00014180794983 -0.5368129
11.001530712099793 0.17804354
11.0029196162493 -0.8669713
11.004308520397899 -1.6074584
11.005697424548089 -0.06175196
11.007086328697596 -2.0535507
11.008475232846195 -1.961638
11.009864136981832 -3.0110042
11.011253041132022 -3.05249
11.012641945266068 -3.08581
11.014030849415576 -2.9961026
11.015419753551214 -3.0470061
11.01680865768526 -3.3874168
11.018197561820216 -2.4026043
11.019586465955626 -2.7877195
11.020975370090582 -2.9301784
11.02236427422531 -3.3782375
11.023753178345487 -2.421857
11.025142082480443 -2.2227726
11.026530986600847 -0.39059904
11.027919890735575 -1.3466219
11.029308794855979 -0.51767933
11.030697698976837 0.15014787
11.032086603111793 -0.08189883
11.033475507231287 0.937545
11.034864411337821 0.7961592
11.036253315458907 1.1033692
11.037642219579084 1.7776339
11.039031123699488 1.2967316
11.04042002780534 1.9577637
11.041808931925516 1.7238692
11.04319783603114 2.2106128
11.044586740136992 2.3936038
11.045975644257851 2.3862126
11.047364548363703 0.7407255
11.048753452468645 1.481749
11.05014235657518 2.28977
11.051531260681031 0.8825881
11.052920164771422 0.7817345
11.054309068877956 1.7481885
11.055697972969938 0.9322997
11.05708687707488 -0.4289854
11.05847578116618 -0.04577752
11.059864685272487 0.5375878
11.061253589362877 -0.20558159
11.062642493454405 0.13214682
11.06403139754616 -1.3462046
11.06542030163746 -2.5460763
11.06680920571398 -1.7275647
11.068198109805053 -2.0023491
11.069587013896353 -2.549176
11.0709759179731 -1.988878
11.072364822064173 -1.5191816
11.073753726140694 -3.1102483
11.075142630218124 -1.9401798
11.076531534294872 -2.4575016
11.07792043837162 -1.5055915
11.079309342448823 -1.9487035
11.080698246525571 -1.3903133
11.082087150602092 -0.45467564
11.083476054678613 -0.96150666
11.084864958741036 -0.20409143
11.086253862817557 0.57037115
11.087642766879526 0.47261706
11.089031670941722 1.0735662
11.090420575004373 1.332972
11.091809479066569 2.1879625
11.093198383127856 2.0720882
11.094587287190734 2.3634431
11.09597619125293 3.3868804
11.097365095314217 3.056543
11.098753999362543 2.7347894
11.100142903425422 3.2413223
11.101531807472156 3.379966
11.102920711534352 2.2839284
11.104309615582451 1.7418702
11.105698519629186 2.4665618
11.107087423677058 1.4290572
11.108476327725157 1.253696
11.109865231772801 1.0670096
11.111254135820218 0.32205197
11.112643039853083 -0.5707288
11.114031943900727 -2.0037796
11.11542084793382 -2.9076471
11.116809751981236 -4.1258774
11.11819865601501 -4.7056665
11.119587560048785 -4.4179473
11.120976464080968 -6.298819
11.12236536811406 -6.099854
11.123754272147607 -5.864529
11.125143176194342 -6.186044
11.126532080227435 -5.0152607
11.127920984260982 -5.5960035
11.12930988827975 -4.7003016
11.130698792312614 -3.5797064
11.132087696330927 -1.9099
11.133476600349468 -0.78560895
11.134865504368463 0.18674603
11.136254408387003 0.8259623
11.137643312404634 2.4722838
11.139032216423857 3.734623
11.140421120442397 4.1642637
11.141810024445476 6.1526055
11.143198928464699 6.2544127
11.14458783246937 6.802193
11.145976736487 6.908888
11.147365640490989 6.3980637
11.148754544495432 7.302766
11.150143448498511 7.3963475
11.151532352502727 6.1763287
11.15292125650717 5.9054785
11.154310160511614 6.168222
11.155699064515602 4.938071
11.157087968504129 4.313756
11.1584768725088 2.5085244
11.159865776498009 1.2631137
11.161254680486763 1.0924016
11.162643584476882 -0.004351248
11.164032488481553 -1.0836993
11.16542139247008 -3.0430722
11.166810296444964 -3.8240914
11.168199200434856 -4.77022
11.169588104423383 -5.3521543
11.17097700841282 -5.6532254
11.172365912388159 -6.11714
11.173754816363271 -4.8247
11.17514372035248 -5.858509
11.176532624327137 -5.2684674
11.177921528302022 -4.6812873
11.179310432277362 -3.7253244
11.180699336252246 -4.4176493
11.182088240226221 -3.322208
11.183477144201788 -1.6293339
11.184866048161894 -1.2868966
11.186254952136096 -0.124219194
11.187643856097111 0.27925476
11.189032760072678 0.9297962
11.190421664032101 1.923669
11.191810567992434 2.7208414
11.193199471953221 3.3632765
11.194588375913554 3.2268977
11.19597727987366 4.253673
11.197366183833765 4.68999
11.198755087780228 4.1150293
11.20014399174056 4.162118
11.201532895685432 4.1287384
11.202921799646447 4.652319
11.204310703592 3.1628807
11.205699607537099 2.511624
11.207088511483562 2.2184808
11.208477415430025 2.7709107
11.209866319374896 1.4917629
11.211255223320677 1.2939897
11.21264412725236 0.52173257
11.214033031197232 0.75693834
11.215421935128461 0.5744244
11.216810839074697 0.31001154
11.218199743005925 0.07540177
11.219588646937154 -0.015795628
11.220977550868156 0.84444016
11.222366454799385 0.81988245
11.223755358731069 0.94302875
11.225144262662297 0.96246034
11.226533166592617 1.6679587
11.227922070509976 0.4891876
11.229310974440978 1.7103982
11.230699878356972 0.90988773
11.232088782274332 0.81535244
11.233477686206243 0.7631374
11.234866590122692 0.6173408
11.236255494039142 0.6006511
11.237644397955819 1.1138599
11.239033301857944 1.0257621
11.240422205774394 2.0604055
11.241811109690843 1.0736854
11.24320001359365 -0.03564447
11.244588917495776 0.7900794
11.245977821411543 0.85588455
11.24736672531435 0.16171145
11.248755629216248 0.13560398
11.250144533117691 -0.13143155
11.251533437020498 0.20438945
11.252922340923305 -0.028372522
11.25431124480997 0.062526844
11.255700148712094 -0.68702036
11.257089052600122 -1.3900748
11.258477956501338 -0.70680964
11.259866860388911 -1.2639482
11.261255764276939 -1.4921205
11.262644668164512 -1.1447359
11.264033572052085 -2.544467
11.265422475939431 -1.6140151
11.266811379827004 -1.9538894
11.268200283715032 -1.8740171
11.269589187588053 -2.3032408
11.270978091474717 -1.9992495
11.27236699534842 -2.1126206
11.273755899235766 -1.1261388
11.275144803109015 -1.5978022
11.276533706982491 -2.6350086
11.277922610855512 -3.1795704
11.279311514728306 -1.5781322
11.2807004186011 -1.8892165
11.28208932245957 -1.1881292
11.28347822633259 -1.0655195
11.284867130190833 -0.14478332
11.286256034063626 -0.894569
11.287644937922778 -0.24927288
11.289033841781247 0.07337516
11.290422745638807 1.102654
11.291811649497959 1.3106794
11.2932005533562 1.8993496
11.294589457213988 2.5394006
11.29597836107314 1.9054295
11.297367264917511 2.7945147
11.298756168775071 3.7774198
11.300145072619216 4.158065
11.301533976463588 4.02562
11.302922880306596 4.699169
11.304311784150514 3.7526238
11.305700687994886 3.3582697
11.307089591838803 2.4503489
11.30847849568272 3.8603916
11.30986739952641 3.0949297
11.311256303355776 2.8280134
11.312645207200148 3.0230446
11.314034111029514 2.4976761
11.31542301485888 1.4472967
11.3168119186887 1.8662087
11.318200822531708 1.841651
11.319589726346521 0.55570805
11.320978630176342 1.1012233
11.322367534005934 0.43780708
11.323756437835073 -0.2569025
11.325145341649659 -1.0503198
11.326534245479024 -1.5577469
11.327923149293838 -1.6932912
11.329312053108424 -1.0383986
11.33070095692301 -1.273366
11.332089860738506 -1.1439611
11.33347876455332 -1.2616236
11.334867668367224 -1.0149734
11.33625657218272 -0.4235016
11.337645475982754 0.19485247
11.339034379796885 0.9084572
11.34042328359783 0.9042848
11.341812187413097 1.4298917
11.34320109121245 2.210732
11.344589995012939 1.8675201
11.345978898813655 2.2265873
11.347367802613007 2.6636195
11.348756706413269 2.2369587
11.350145610199434 2.7477834
11.351534514000377 3.2929413
11.352923417800412 3.230474
11.35431232158544 3.4184716
11.355701225371831 2.1388474
11.357090129158223 2.5290291
11.358479032943023 1.2836183
11.359867936728733 0.8728127
11.361256840514898 0.6969746
11.362645744299698 0.3854729
11.364034648085408 -0.5796101
11.36542355185702 -1.0236163
11.366812455642958 -0.6476207
11.368201359413888 -1.5332487
11.369590263184818 -2.0305429
11.370979166955976 -0.83514166
11.373756974498065 -1.516559
11.375145878268995 -1.665932
11.376534782040835 -1.1054554
11.377923685811993 -2.1898103
11.37931258956769 -2.4179828
11.38070149333953 -2.61361
11.382090397095908 -2.856684
11.383479300851832 -2.9267807
11.38486820460912 -2.9396558
11.38625710836618 -3.1386805
11.387646012121877 -3.384377
11.38903491587871 -3.778612
11.390423819635771 -3.3927815
11.391812723377825 -2.741465
11.393201627134204 -2.3668406
11.39459053087603 -1.8423066
11.395979434618766 -1.5309837
11.397368338360593 -1.2036864
11.398757242116517 -1.3490658
11.401535049587437 0.1786396
11.402923953328582 0.1484789
11.404312857070636 0.20880032
11.405701760798593 0.714618
11.407090664539737 1.2366487
11.40847956826724 0.62985814
11.409868471995196 1.2517886
11.411257375722926 2.1024876
11.4126462794502 1.8764609
11.414035183177475 3.1060164
11.415424086904977 2.365589
11.41681299063248 2.6983104
11.418201894345202 2.9667764
11.419590798072477 2.3183808
11.42097970178611 2.9353044
11.422368605513384 1.762494
11.423757509225652 1.2411788
11.425146412939284 0.32574755
11.426535316652007 -0.4037124
11.427924220364275 -1.973321
11.429313124063356 -1.8951175
11.43070202777676 -2.266583
11.43209093148971 -3.255926
11.434868738886053 -4.3002853
11.436257642585133 -3.8289196
11.437646546298083 -4.389098
11.439035449995572 -4.4159207
11.440424353694652 -5.3956075
11.441813257378271 -3.921011
11.443202161075988 -3.978352
11.444591064775068 -3.1413033
11.445979968459596 -2.159769
11.447368872142533 -1.7929527
11.448757775840932 -1.9689696
11.450146679525233 -0.965083
11.45153558320817 0.51851386
11.452924486892016 1.0765465
11.454313390576317 1.9987726
11.455702294245611 2.8680687
11.457091197929458 3.9792461
11.458480101613077 3.7230592
11.459869005282371 4.094167
11.461257908951666 4.0468397
11.462646812635285 4.849019
11.464035716304352 4.9385476
11.465424619974328 3.6187484
11.466813523628844 3.3358579
11.468202427297456 2.6069937
11.469591330967432 3.429201
11.4709802346365 2.4199498
11.472369138291242 1.8182853
11.47375804194644 0.7679059
11.475146945615734 -0.1308951
11.476535849270476 -0.582352
11.477924752924991 -1.4382366
11.479313656579507 -2.4213803
11.48070256022038 -2.7281134
11.482091463875122 -4.0126853
11.483480367528955 -2.9242773
11.484869271169828 -4.3668647
11.486258174824343 -5.419867
11.487647078463851 -6.2039857
11.489035982104724 -6.810955
11.490424885745597 -6.301442
11.491813789384878 -6.6591387
11.493202693025069 -7.3325686
11.494591596665714 -4.814507
11.495980500290443 -6.0201006
11.497369403930634 -6.37744
11.498758307556727 -4.4518633
11.500147211196918 -4.5968256
11.501536114822557 -4.251706
11.502925018447968 -3.496675
11.504313922073607 -2.7917728
11.505702825699245 -1.4468199
11.507091729310105 -0.5891471
11.508480632935516 -0.74424225
11.509869536561837 0.82453173
11.511258440172696 1.1896789
11.51264734378401 1.624923
11.514036247410104 1.3513308
11.51542515102119 2.9981291
11.51681405463205 2.923264
11.51820295824291 3.7098267
11.519591861839444 3.649982
11.520980765450531 3.566414
11.52236966906139 2.8157344
11.523758572657698 2.2878625
11.525147476254915 1.5921396
11.526536379866002 1.3184282
11.527925283461627 0.86768657
11.529314187058844 1.1757311
11.530703090655152 1.2303303
11.532091994251005 -0.26655868
11.53348089783367 0.4252898
11.53486980143066 -0.33719194
11.536258705011733 -0.5302563
11.537647608608495 -0.763495
11.539036512190933 -0.027538037
11.540425415772006 -0.29856715
11.541814319353989 -1.3333297
11.543203222936427 -1.5218043
11.54459212651841 -0.9652022
11.545981030100393 -0.7104456
11.547369933667596 -0.3234229
11.548758837250261 -0.6709267
11.550147740818375 -0.75693834
11.551536644384896 -1.217992
11.552925547966879 -1.6528187
11.554314451534765 -3.1252096
11.555703355101286 -2.1189387
11.557092258654166 -2.3182616
11.558481162222051 -2.7712088
11.55987006578971 -3.5482342
11.561258969342362 -3.5963366
11.562647872909565 -3.8057327
11.564036776462444 -3.2911532
11.565425680015323 -2.460899
11.566814583567975 -2.020827
11.568203487120627 -2.6116428
11.569592390674188 -1.3561589
11.570981294227067 -0.86065304
11.572370197764485 -0.41748142
11.573759101318046 -0.10431075
11.575148004856146 0.9956014
11.576536908408343 0.64607096
11.577925811947352 1.1012233
11.579314715486134 1.2819493
11.580703619023552 1.6039417
11.582092522562107 2.2919157
11.583481426086337 1.0908519
11.584870329623755 1.3705239
11.586259233162082 0.90595376
11.587648136686312 0.521971
11.58903704021077 0.26328033
11.590425943734317 -0.8164253
11.59181484725741 -1.4927762
11.593203750781868 -1.889455
11.594592654306325 -1.8977402
11.595981557829191 -2.3062212
11.597370461352966 -2.476218
11.598759364862644 -3.4695542
11.60014826838551 -3.5723748
11.601537171894734 -3.4751573
11.602926075404412 -3.1368327
11.604314978913862 -3.1345081
11.605703882422858 -3.3458717
11.607092785931854 -1.6583024
11.608481689441078 -2.4221551
11.60987059293575 -1.7566526
11.611259496444745 -0.99035597
11.61264839993919 -1.0921036
11.614037303449095 -0.34190083
11.615426206943766 -0.3193697
11.616815110437528 -0.0242597
11.618204013932882 1.0819111
11.619592917427326 1.985421
11.620981820906763 2.6055632
11.622370724402117 2.1231112
11.623759627882691 2.2661657
11.625148531376453 3.4185908
11.6265374348568 3.8137796
11.627926338337375 4.3193593
11.629315241817949 4.4274845
11.630704145298068 4.2522426
11.632093048777278 4.5015154
11.63348195225808 3.7764661
11.63487085572342 3.7837381
11.636259759202858 3.4096498
11.637648662669108 3.2906764
11.63903756614991 3.2638535
11.640426469614567 2.303956
11.641815373080135 2.0323906
11.643204276546157 1.5096446
11.644593179996264 1.9290335
11.645982083461831 1.232357
11.647370986927854 1.3785112
11.648759890379097 0.45080125
11.650148793844437 0.10139005
11.651537697295225 -0.2731153
11.652926600746241 -0.08362741
11.654315504197257 -1.08662
11.655704407648045 -0.9091725
11.657093311098834 -1.6047165
11.65848221453598 -3.0801473
11.659871117986768 -2.5044117
11.66126002142255 -3.6991572
11.662648924874247 -2.7518368
11.664037828311393 -3.8745184
11.665426731746948 -4.861775
11.666815635183411 -5.115459
11.66820453862033 -4.473202
11.669593442056794 -5.5538616
11.670982345478478 -3.77587
11.672371248914715 -4.5995674
11.673760152337309 -4.1926365
11.675149055773772 -2.5118625
11.676537959194775 -2.0875263
11.677926862617369 -1.1819302
11.679315766039053 -1.8989323
11.680704669460283 0.29546764
11.682093572882877 1.0559229
11.68348247629092 1.6250422
11.684871379711922 1.7824024
11.686260283119282 1.5764036
11.687649186541648 3.0096927
11.689038089948099 2.3185
11.690426993355459 1.9311793
11.691815896763273 1.5909475
11.693204800170633 1.6921587
11.694593703563442 2.3866894
11.695982606970574 2.2525756
11.697371510363382 1.5225196
11.698760413771197 1.6991922
11.700149317164005 1.0593799
11.701538220555904 0.56476814
11.702927123949394 1.6786878
11.704316027341974 1.0493661
11.7057049307341 1.7993306
11.70709383412759 1.5014191
11.708482737506529 -0.9045828
11.70987164089911 0.4161105
11.711260544277138 0.6942327
11.712649447655394 -0.97658706
11.71403835103365 -0.27257887
11.71542725441168 -0.50796354
11.716816157789708 -0.95435387
11.718205061168646 0.89188665
11.719593964546902 -1.5678203
11.720982867909697 -1.472987
11.722371771274084 -1.2827839
11.723760674652112 -1.1723932
11.725149578015134 -1.599352
11.72653848137952 -0.34869593
11.727927384743907 -1.2068455
11.729316288106702 -0.049294278
11.730705191455854 -0.051678523
11.732094094820013 -0.35668316
11.733482998183717 1.2606103
11.734871901532642 1.3828028
11.736260804881567 0.43888
11.73764970823072 1.5977426
11.739038611579872 1.3311839
11.740427514928797 2.614981
11.74181641827795 3.054159
11.743205321627556 2.902402
11.744594224962157 2.0558755
11.745983128311309 2.7562475
11.747372031646364 2.1868896
11.748760934980055 1.8548836
11.750149838314883 0.50528127
11.751538741649938 0.867925
11.752927644984538 0.7599187
11.754316548318911 -0.35680237
11.755705451653284 -0.5776431
11.757094354973333 -0.6228246
11.758483258293381 -1.3798225
11.759872161627754 -1.9202714
11.761261064947576 -1.7312603
11.762649968268306 -2.539639
11.764038871588355 -3.1753979
11.765427774907494 -2.34878
11.766816678213672 -1.8080331
11.768205581534403 -1.7438372
11.76959448483899 -2.0186217
11.770983388159038 -2.192552
11.77237229146499 -2.1508877
11.773761194769577 -1.1331127
11.7751500980753 -1.4537342
11.776539001381252 -1.3897768
11.777927904686749 -0.95077753
11.779316807977466 -0.97616976
11.780705711282735 -1.1526039
11.78209461457368 -0.5740071
11.783483517864624 -0.26268426
11.784872421169894 -0.113728516
11.78626132446152 -0.31257463
11.787650227753147 0.39202958
11.78903913102863 -0.42064053
11.790428034319575 -0.47023284
11.791816937610974 0.13345815
11.793205840886458 0.12332511
11.79459474416285 0.15086314
11.79598364745425 0.98904467
11.79737255073087 0.28581142
11.798761454007035 0.3611536
11.8001503572832 1.5308645
11.801539260545042 0.7092535
11.802928163821889 1.8079139
11.80431706708373 0.84014857
11.805705970359213 1.7618979
11.807094873621736 1.008357
11.808483776883577 1.4498003
11.809872680144508 0.19461405
11.811261583407031 0.38690346
11.812650486669554 -0.61459893
11.814039389930485 -0.56202626
11.815428293177774 -0.9344455
11.81681719644007 -1.4579066
11.81820609968645 -1.5795627
11.819595002933966 -1.3134212
11.82098390618171 -1.5393882
11.822372809428998 -1.6145515
11.82376171267606 -2.5669982
11.825150615923121 -1.897323
11.82653951915654 -1.8886801
11.827928422404511 -1.0268946
11.829317325636339 -1.0741624
11.830706228869076 -1.5591774
11.832095132117047 -0.0008344859
11.833484035348874 -0.90416557
11.83487293856706 -0.7913907
11.836261841800251 -0.23079498
11.837650745032988 0.13131233
11.839039648250946 0.033439048
11.840428551483456 0.34970924
11.841817454701868 0.13214682
11.843206357919826 0.8353801
11.844595261137783 0.81690216
11.845984164355968 1.4191626
11.847373067574608 1.9454848
11.848761970792793 1.241298
11.850150873995517 0.925743
11.851539777214384 2.0556371
11.852928680418017 1.8310411
11.854317583620741 1.3779151
11.855706486825056 0.5154143
11.857095390029372 -0.027538037
11.858484293232095 0.17339426
11.859873196435728 -0.6364744
11.861262099625264 -0.08309096
11.862651002828898 -1.1508157
11.864039906017751 -1.4220238
11.865428809221385 -2.0198138
11.86681771241092 -1.576344
11.868206615600002 -1.7463406
11.869595518788174 -2.341329
11.870984421963385 -1.9025683
11.872373325153148 -2.0198138
11.873762228326768 -2.6491354
11.87515113151585 -1.5687144
11.876540034691061 -1.7909857
11.87792893786468 -2.0454443
11.87931784103921 -1.9676583
11.880706744214194 -1.9211655
11.882095647388724 -0.9993565
11.883484550563026 -1.3712393
11.884873453722776 0.15098235
11.886262356897532 0.38487685
11.887651260057282 0.68564945
11.889040163217032 0.10353587
11.89042906637701 0.8658984
11.891817969537442 1.1164826
11.89320687269742 2.403856
11.894595775856487 1.7767994
11.895984679002595 1.3107986
11.897373582163254 0.83025396
11.898762485307998 0.5486745
11.900151388453196 -0.11253639
11.901540291599304 -0.10901963
11.902929194744502 0.08267371
11.9043180978897 -0.17726867
11.905707001035125 -0.7325595
11.907095904166454 -0.41509718
11.90848480731188 -0.92055726
11.909873710441843 -1.2644848
11.911262613587951 -0.9076823
11.912651516718824 -0.76713103
11.914040419848789 -1.1146348
11.915429322980344 -1.1946263
11.916818226097348 -1.6897744
11.918207129227312 -1.3079375
11.919596032343634 -1.3922802
11.92098493547519 -1.6970464
11.922373838590602 -1.2207338
11.923762741706923 -1.7585003
11.9251516448237 -1.8369421
11.926540547940021 -1.5395074
11.927929451056116 -1.3430455
11.929318354157658 -0.7482955
11.93070725727398 -1.4976043
11.932096160376204 -0.9941112
11.933485063492753 0.51171875
11.934873966593614 0.9678249
11.936262869695838 0.049771126
11.937651772797608 0.0863693
11.939040675898468 1.6623557
11.940429578986368 3.5231402
11.94181848208882 1.9310601
11.94320738517581 3.0396152
11.944596288263028 3.9070039
11.945985191364798 3.5523472
11.947374094451789 4.374912
11.948762997538779 3.7767045
11.950151900611445 4.897777
11.951540803699118 3.4274125
11.952929706786335 4.4674206
11.954318609858092 2.9034748
11.95570751293144 3.5963366
11.957096416004788 3.2788742
11.958485319091324 3.245614
11.95987422214921 2.7885542
11.961263125222558 2.0296488
11.962652028294315 1.6215851
11.96404093136698 1.8408165
11.965429834425777 0.6228246
11.966818737483663 0.20617765
11.96820764054155 -0.8316249
11.969596543614216 -1.9680755
11.970985446657778 -1.2587029
11.972374349715665 -2.122098
11.973763252773551 -3.0344293
11.975152155831665 -2.7038536
11.976541058875682 -3.6096883
11.977929961919472 -3.8764853
11.979318864962124 -4.3956547
11.980707768020693 -4.3050537
11.982096671049703 -4.590388
11.983485574093265 -4.5785265
11.984874477137282 -3.7839766
11.986263380180844 -3.4910123
11.987652283209627 -3.2029955
11.989041186238637 -2.7041516
11.9904300892822 -3.1815374
11.991818992311664 -1.8572677
11.993207895340674 -1.189977
11.994596798354223 -0.0016093658
11.995985701383688 0.22048311
11.997374604412698 0.58372295
11.998763507426247 2.0540872
12.000152410441387 1.8828983
12.00154131347108 1.7000266
12.002930216484856 3.5339885
12.004319119499087 2.7006946
12.005708022499675 2.8290863
12.007096925513224 3.7986395
12.008485828527682 3.5181332
12.009874731528043 4.1531773
12.01126363452795 4.223632
12.01265253754218 3.8742204
12.014041440542087 3.0982676
12.015430343541993 3.3021207
12.016819246542354 4.1455474
12.018208149527709 3.478197
12.019597052526706 2.8475642
12.020985955512515 2.9244561
12.022374858512649 2.7297823
12.023763761497776 2.5501297
12.025152664483812 1.9652741
12.02654156746894 0.984753
12.027930470454066 0.041307054
12.029319373424869 -0.38314825
12.030708276410223 -0.20635647
12.032097179380798 -1.4273883
12.033486082351374 -1.7561758
12.034874985336955 -1.9748707
12.036263888308213 -1.5185856
12.037652791279015 -2.8047073
12.039041694234356 -2.8869638
12.040430597205614 -3.1098907
12.041819500176416 -3.1960812
12.043208403131757 -2.020827
12.04459730608869 -2.0154624
12.045986209060175 -0.710684
12.047375112015743 -1.5075585
12.048764014971766 -0.9731895
12.050152917914147 -0.77905226
12.05154182087017 -0.59677666
12.052930723826194 -0.16194987
12.054319626767892 0.49550587
12.058486335592761 1.1574916
12.05987523853446 2.4025447
12.061264141476613 1.5744962
12.062653044418312 2.0512261
12.064041947345231 1.3898364
12.065430850287612 2.26402
12.06681975321385 2.5086436
12.068208656140996 1.8621554
12.069597559068825 1.5028496
12.070986461995744 1.2062495
12.072375364922664 1.7556988
12.073764267835259 0.28175822
12.075153170762405 1.2647828
12.076542073675682 0.95590365
12.07793097658805 0.14835969
12.079319879514514 -0.5682253
12.080708782427564 -0.71002835
12.082097685325607 -0.91531193
12.083486588237292 -1.3255213
12.084875491150342 -2.0114093
12.086264394049067 -1.7033646
12.08765329696098 -1.8045759
12.089042199858795 -2.5860124
12.09043110275752 -2.833497
12.091820005654881 -2.913131
12.093208908552697 -1.9951963
12.094597811451422 -2.5283732
12.095986714334686 -2.0641606
12.097375617232501 -1.448608
12.098764520115992 -1.6490039
12.100153422999483 -0.43655536
12.101542325882747 -0.44931108
12.102931228766238 0.70329285
12.104320131650184 1.3373829
12.105709034534357 1.9390473
12.107097937402614 2.3137314
12.108486840285877 1.6864365
12.109875743155499 3.3952253
12.11126464602421 3.63818
12.11265354889315 3.4363534
12.114042451762089 4.3809915
12.1154313546308 3.8137796
12.116820257499512 3.762876
12.1182091603539 4.5718503
12.119598063208286 4.723608
12.12098696607768 5.200576
12.122375868932068 3.905454
12.123764771785773 4.0907097
12.125153674640615 3.8789887
12.126542577495002 3.8199787
12.127931480333928 4.6138134
12.12932038318877 2.387643
12.130709286029287 3.2273746
12.13209818886844 2.5906615
12.1334870917226 1.7675009
12.134875994548565 1.6661705
12.136264897388173 1.4475352
12.137653800228009 1.165598
12.139042703067844 0.1611154
12.140431605893582 -0.2715656
12.141820508733417 -0.8550501
12.143209411557791 -0.41944844
12.14459831438353 -1.2496427
12.145987217209495 -1.1556438
12.147376120034096 -1.7948005
12.1487650228446 -1.6008421
12.150153925670566 -1.6345792
12.151542828480615 -1.7030666
12.15293173130567 -1.3466219
12.154320634117084 -1.9432794
12.155709536927588 -1.3223622
12.157098439738093 -1.0877525
12.158487342549051 -2.3345342
12.159876245345004 -1.731916
12.161265148156417 -0.9786732
12.16265405095237 -1.0352991
12.166820759355232 -0.52942175
12.168209662150502 0.15050551
12.169598564932585 -0.20385301
12.170987467729447 0.45950374
12.172376370510392 0.016451295
12.173765273306344 1.3996118
12.175154176088654 0.34732497
12.1765430788696 1.5355138
12.177931981651 1.799569
12.17932088443331 1.816378
12.18070978721562 2.1002223
12.182098689982467 2.358317
12.183487592763413 2.3124201
12.184876495530943 1.7256573
12.18626539829802 2.381325
12.189043203831716 1.3251041
12.190432106599474 1.3760078
12.191821009365867 1.0090724
12.193209912118164 0.866256
12.194598814885921 0.3873803
12.195987717638218 -0.7430501
12.197376620390742 0.064553455
12.198765523143265 -0.90690744
12.200154425895562 -1.8452274
12.201543328647858 -2.2060232
12.202932231386058 -1.9786854
12.204321134138354 -1.9067408
12.205710036877008 -1.7881246
12.207098939614752 -2.9532459
12.208487842366594 -1.9075752
12.20987674510502 -1.5304472
12.21126564782844 -1.9791622
12.212654550565503 -1.321945
12.21404345330393 -0.6976303
12.215432356028032 -0.031114407
12.21682125875077 0.59480965
12.218210161488514 1.8695467
12.219599064212616 2.011767
12.220987966936718 1.8154242
12.222376869645359 3.0007517
12.223765772368097 3.2588465
12.225154675092199 3.8370261
12.22654357780084 3.606112
12.227932480509025 4.475765
12.229321383218348 4.3495197
12.230710285927671 4.277516
12.232099188635857 5.5702534
12.233488091344498 4.8592715
12.234876994054048 3.8830419
12.236265896747682 3.2862654
12.23765479944177 3.22654
12.23904370215132 3.1393957
12.24043260484541 1.1382984
12.241821507539726 0.98737574
12.243210410234042 1.1713202
12.244599312913579 0.13238524
12.245988215608577 -1.1620216
12.247377118288114 -0.65703845
12.248766020981748 -1.7924162
12.250154923662194 -2.7270405
12.251543826341731 -2.3278582
12.252932729020813 -2.9383445
12.25432163168648 -1.9408355
12.255710534366699 -3.7383184
12.257099437045781 -3.2496076
12.258488339710766 -2.0809696
12.25987724237666 -2.7863486
12.261266145041873 -1.4844909
12.262655047707085 -1.10325
12.26404395037207 -0.93522036
12.265432853037964 -0.5171429
12.266821755688397 -0.67706615
12.268210658352928 0.6353419
12.26959956100427 1.0181324
12.270988463655385 0.7113993
12.272377366305136 1.1273309
12.273766268955796 1.1604719
12.275155171606912 1.5679395
12.27654407425689 1.4993924
12.277932976892771 0.34184122
12.279321879544113 1.5750923
12.280710782179995 1.8755072
12.28209968481633 0.5746628
12.283488587452212 -0.23407333
12.284877490088093 1.0741624
12.286266392724201 0.7036505
12.287655295345758 0.95602286
12.289044197981639 -0.0011325167
12.290433100603877 -0.118198976
12.293210905860633 -0.51279163
12.29459980846832 0.03987651
12.295988711089649 -1.7636265
12.297377613710978 -1.2485102
12.298766516333217 -2.0607631
12.300155418939994 -1.568476
12.301544321546999 -0.9951842
12.302933224154003 -1.9177679
12.30432212676078 -1.1830031
12.305711029368467 -2.0176678
12.307099931975245 -1.9024491
12.308488834581567 -1.1243505
12.309877737174702 -1.5812913
12.311266639766927 -0.9978068
12.31265554237325 -1.3011423
12.314044444966385 -1.1161846
12.315433347559292 -1.4399651
12.316822250150835 -1.6268901
12.318211152728736 -0.8445594
12.319600055321644 -1.5837947
12.320988957898862 -1.1492064
12.322377860491088 0.12201377
12.32376676306967 0.35006687
12.325155665647344 0.7586073
12.326544568225472 0.91167593
12.327933470788594 1.999011
12.329322373366267 2.712735
12.33071127594485 3.2830467
12.332100178507972 3.3713827
12.333489081070638 4.34499
12.33487798363467 4.676519
12.33626688619779 4.3555994
12.337655788760912 4.619893
12.339044691324943 4.477792
12.34043359387374 4.229354
12.34182249643709 3.5268357
12.343211398985659 2.5111473
12.344600301534228 2.6035366
12.345989204083025 2.4447458
12.347378106631822 1.8552412
12.348767009180392 1.1034884
12.350155911729871 -0.20623726
12.351544814263889 0.020921756
12.352933716797452 -1.2687763
12.35432261934693 -0.57412636
12.35571152188163 -1.9222383
12.357100424414966 -1.9419681
12.358489326949211 -3.2149167
12.35987822946936 -3.9705439
12.361267132002922 -3.7694325
12.362656034522615 -4.029554
12.364044937057315 -4.767776
12.365433839577008 -4.517728
12.366822742096701 -4.752457
12.368211644616167 -3.8593187
12.369600547135633 -4.188822
12.370989449640774 -2.919032
12.372378352160467 -2.9237409
12.373767254665381 -1.8893358
12.375156157171205 -1.1590414
12.376545059676118 -0.7630778
12.37793396218126 0.2766321
12.379322864686856 0.7581305
12.380711767191997 2.2213418
12.382100669682586 2.5208035
12.3834895721875 3.031747
12.38487847467809 3.9438405
12.386267377168679 3.4574542
12.38765627965904 3.099102
12.389045182149403 3.3867612
12.391822987131036 2.8880963
12.393211889606391 2.836239
12.394600792097663 2.3796558
12.395989694573473 1.3211701
12.397378597048828 0.5137453
12.398767499525547 -0.06306329
12.40015640200204 -0.122609824
12.401545304477168 -0.93307453
12.402934206938653 -0.59469044
12.404323109415145 -0.98618364
12.405712011876858 -0.95971847
12.407100914338116 -0.8486126
12.408489816799374 -0.86357373
12.40987871926086 -0.81874996
12.411267621722345 -0.7988415
12.412656524183603 -0.70323324
12.41404542663031 -0.66079366
12.415434329077925 -0.8439037
12.41682323153941 0.7041274
12.418212133986344 0.76933646
12.419601036433733 1.2293767
12.420989938879757 0.6124531
12.422378841312138 2.1073751
12.423767743759527 2.1924925
12.425156646191908 1.3653978
12.426545548638842 1.9570484
12.427934451070996 2.019635
12.429323353503378 1.6834562
12.430712255936214 1.3059108
12.432101158368596 0.5206596
12.433490060785516 -0.01776263
12.43487896321858 -0.813147
12.436267865636182 -2.0533123
12.43765676805333 -2.874685
12.439045670471842 -2.467575
12.440434572890354 -3.1907167
12.441823475307274 -3.108937
12.443212377725104 -3.85157
12.444601280143388 -4.1373816
12.445990182545756 -4.687725
12.447379084949034 -4.271078
12.448767987367319 -3.842927
12.450156889770824 -4.733979
12.451545792173874 -3.2176588
12.452934694562373 -3.624888
12.45432359696565 -3.3815157
12.455712499369383 -3.5881705
12.45710140175811 -2.78009
12.458490304146835 -3.7471998
12.459879206536016 -3.2202814
12.461268108923832 -3.6282854
12.462657011312785 -2.374053
12.464045913701966 -2.199228
12.46543481607614 -2.7427766
12.466823718464639 -2.9274366
12.468212620838585 -2.872718
12.46960152321276 -2.1442118
12.470990425586933 -1.6655148
12.47237932796088 -1.9379148
12.473768230334827 -0.74424225
12.475157132709683 -0.7629586
12.476546035069305 -0.34035105
12.479323839802873 -0.2932026
12.480712742163178 0.64571327
12.48210164452189 0.937545
12.483490546881512 2.279756
12.484879449241816 0.9417174
12.486268351585977 1.7911049
12.4876572539456 2.3078902
12.489046156291124 2.4018295
12.490435058636194 2.6880581
12.491823960981037 3.0911148
12.49321286332588 3.1762323
12.494601765671632 3.236077
12.495990668016702 3.5261204
12.497379570346311 2.8523326
12.498768472692063 2.6351278
12.500157375023264 2.0748303
12.501546277352872 2.2978764
12.50293517968339 2.197261
12.504324082014364 2.013555
12.505712984344882 2.0525374
12.507101886660621 2.7766328
12.50849078899114 1.7640437
12.509879691307106 2.4259102
12.511268593622844 2.3677347
12.512657495938583 2.3778677
12.51404639825455 2.6270213
12.51543530057097 3.0560663
12.516824202886937 3.4843962
12.518213105187442 3.0491521
12.51960200750409 3.8599148
12.520990909805505 4.142567
12.52237981210601 4.028362
12.523768714408106 2.520565
12.525157616710203 3.3103464
12.526546519010708 2.6025827
12.527935421312122 1.7301874
12.529324323599667 1.2067263
12.530713225886302 0.51589113
12.53210212818749 0.34434468
12.533491030474352 -0.86053383
12.534879932761669 -0.8123721
12.536268835048531 -1.7475328
12.537657737319932 -2.2221763
12.539046639607477 -1.9930506
12.54043554188047 -3.1097715
12.551546760043493 -3.8882873
12.552935662301252 -3.475813
12.554324564573562 -3.5249283
12.555713466817224 -2.7147617
12.557102369074983 -2.629465
12.558491271331832 -2.280829
12.559880173590045 -1.8895742
12.561269075833252 -1.78276
12.562657978090101 -0.6113206
12.56404688033399 0.58574957
12.565435782577879 0.09054173
12.566824684820403 0.67241687
12.568213587063383 1.0778579
12.56960248929272 1.6152668
12.570991391535017 1.940001
12.572380293763672 2.2681923
12.573769196007333 2.3132546
12.575158098236443 2.6570628
12.576547000465325 2.2547214
12.57793590269307 3.056424
12.579324804907628 2.5229492
12.580713707136965 2.5997217
12.582102609364938 1.3355948
12.583491511578814 1.5208507
12.584880413793599 1.3668284
12.58626931600702 1.3470391
12.587658218220895 1.0895406
12.58904712043568 1.2807572
12.590436022649556 0.6205596
12.59182492484888 1.0535386
12.593213827062982 1.1517694
12.594602729262533 0.30011693
12.595991631461857 1.0153906
12.597380533675732 1.5021343
12.598769435860959 1.816378
12.600158338060965 2.3783445
12.601547240260516 2.511028
12.602936142459157 2.7603006
12.604325044644611 2.5833895
12.605713946830292 2.9314897
12.607102849014609 3.8526428
12.608491751213933 4.3658514
12.609880653385062 4.1258774
12.611269555569379 4.460506
12.61265845775415 5.0631247
12.61404735992528 5.140851
12.615436262110734 4.822554
12.616825164281181 4.572804
12.618214066450719 4.0355144
12.61960296862162 3.266953
12.620991870792295 2.9735713
12.622380772961833 2.4837284
12.623769675132735 0.7060347
12.625158577289312 1.1248274
12.626547479444525 0.22847034
12.627936381614745 -1.1108199
12.629325283771323 -1.6008421
12.63071418592699 -1.9878051
12.632103088082886 -2.772997
12.633491990224229 -3.515749
12.634880892379897 -4.164383
12.636269794521013 -3.9254222
12.637658696676908 -4.3296113
12.639047598818252 -4.9795566
12.640436500960277 -4.140004
12.641825403101393 -4.517728
12.643214305242054 -4.8489594
12.644603207383852 -4.203664
12.645992109511099 -4.402986
12.64738101165176 -3.6137414
12.648769913778324 -4.121884
12.650158815905797 -2.9376888
12.651547718031907 -2.7067149
12.65293662015847 -1.1215491
12.654325522285944 -1.4313223
12.655714424413418 -0.46629885
12.65710332652543 -0.32449582
12.65849222865154 0.08791906
12.659881130764234 0.13250445
12.661270032876473 1.3738619
12.662658934987803 1.5691316
12.664047837100497 2.5141275
12.665436739213419 3.7925599
12.666825641324976 4.0659137
12.668214543422437 4.7280188
12.669603445535358 5.0485806
12.670992347632819 5.4980106
12.672381249730506 4.8223157
12.673770151828194 4.7177663
12.675159053925654 4.37217
12.676547956023114 4.8188586
12.677936858106477 4.297901
12.679325760203938 3.9650602
12.680714662287755 2.8209798
12.682103564385216 2.5715878
12.68349246646767 1.7436584
12.68488136855126 0.9859452
12.686270270634395 1.034107
12.687659172716849 0.1398956
12.689048074785887 0.21857572
12.690436976869478 0.035108015
12.691825878938062 0.4457943
12.693214781021197 0.24206053
12.694603683089554 0.52745473
12.69599258515882 -0.025869066
12.697381487227176 -0.6373685
12.698770389280526 0.43148884
12.700159291349792 -0.25988278
12.701548193418148 -0.49830735
12.702937095471498 -0.8262007
12.704325997525984 -1.2394501
12.705714899595023 -0.58300763
12.707103801648373 -0.09083976
12.708492703702177 -1.7802566
12.70988160574234 -0.9599569
12.711270507795689 -0.7835227
12.712659409849493 0.057043076
12.714048311889655 -0.33534414
12.715437213928908 -0.9770043
12.71682611598294 -0.3028588
12.71821501802242 -0.46552396
12.719603920061672 -0.076534286
12.720992822101834 0.73643386
12.722381724126535 0.5422371
12.723770626165333 1.1340067
12.725159528190943 1.3020961
12.726548430230196 1.0872756
12.727937332254442 1.7409165
12.729326234279824 0.89260197
12.730715136305207 0.3020243
12.732104038330363 0.19938254
12.733492940355063 0.01668972
12.734881842365212 -0.29642135
12.73627074439014 -0.3096539
12.737659646400516 0.35435852
12.739048548410665 0.11951031
12.740437450421723 -0.29057994
12.741826352431872 -1.2079184
12.743215254441566 -0.2057008
12.744604156452624 -0.44877464
12.745993058463455 -0.020206481
12.74738196045837 -0.18895146
12.748770862468746 -0.7358378
12.750159764465025 -0.19467366
12.751548666460167 -0.12201377
12.752937568455764 -0.09280676
12.75432647045227 0.559642
12.755715372448094 1.5243078
12.757104274443918 1.5501769
12.758493176424963 1.1807381
12.75988207842056 1.0193247
12.761270980402514 2.0854402
12.76265988238356 2.2833323
12.76404878436415 2.493623
12.765437686346104 3.0697758
12.766826588327149 3.1548934
12.768215490307739 3.0437875
12.769604392289693 2.6848392
12.770993294256868 3.558308
12.77238219623814 2.4777677
12.773771098204634 2.2565095
12.775160000171127 1.5641247
12.776548902138074 1.5784302
12.777937804104567 0.009656195
12.77932670607106 -0.009715801
12.780715608038463 -0.10758908
12.782104509990404 -1.6461428
12.783493411956442 -1.8303854
12.784882313909293 -2.082102
12.786271215861916 -2.3577209
12.787660117813175 -2.7403922
12.78904901976557 -3.8926983
12.790437921718194 -3.752147
12.791826823669453 -2.8542402
12.793215725621621 -3.4788527
12.794604627559693 -2.90872
12.795993529511861 -3.3563623
12.797382431449478 -2.578502
12.798771333386867 -2.6643348
12.800160235324256 -2.768288
12.8015491372621 -1.6662897
12.80293803919949 -2.6171863
12.804326941136878 -1.1276289
12.805715843060625 -1.2907709
12.807104744998014 -0.90231776
12.808493646920397 -0.7482955
12.809882548858695 -0.83698946
12.811271450782442 -1.0323784
12.81266035270528 -0.84598994
12.814049254628117 -0.53115034
12.815438156551181 0.010013832
12.816827058474246 0.36890242
12.818215960382531 0.11033097
12.819604862305368 0.3019051
12.820993764214563 0.10115162
12.822382666123076 0.24670982
12.82377156803068 0.08267371
12.825160469954426 0.7744626
12.826549371862711 0.4621264
12.82793827375599 1.3268923
12.829327175665185 0.8499239
12.830716077574152 0.08887276
12.832104979467204 -0.4572983
12.833493881375944 0.06026181
12.83488278327036 -0.7909735
12.83627168516432 -0.7980666
12.837660587058053 -1.587848
12.839049488951787 -1.8223982
12.840438390845748 -1.1936129
12.841827292739708 -1.4635692
12.84321619461889 -0.5394356
12.844605096512623 -0.2047471
12.845993998392714 -0.3153165
12.847382900286675 -0.2805661
12.848771802165174 0.5622647
12.850160704045265 0.603989
12.851549605925356 1.0926402
12.852938507804538 1.4863982
12.85432740968372 1.3695703
12.855716311548804 1.8485652
12.857105213427985 1.9297488
12.858494115292615 1.4625559
12.859883017172024 0.77887344
12.861271919037335 1.5177511
12.862660820902192 0.40538138
12.86404972276614 0.47965062
12.865438624631679 -0.4767895
12.866827526496309 -0.23633835
12.868216428360483 -0.16874498
12.86960533021147 -1.234324
12.87099423207701 -1.6925163
12.872383133926405 -1.7508707
12.873772035791262 -2.18534
12.875160937642022 -0.993992
12.876549839492327 -1.3097852
12.877938741342405 -0.5487341
12.87932764319271 -1.2132831
12.880716545043015 -0.19282587
12.88210544687854 0.63820297
12.883494348728618 0.18686524
12.884883250578923 0.6678868
12.886272152415131 1.0606914
12.887661054250884 1.8000458
12.889049956086637 0.9193055
12.890438857937625 0.5785968
12.891827759772468 0.96102977
12.89321666159367 0.39560595
12.894605563429877 0.694948
12.89599446526563 -0.023127183
12.897383367101156 -0.9836801
12.89877226892213 -0.40031484
12.900161170743331 -1.592676
12.90155007257954 -2.3035984
12.902938974400968 -2.2097187
12.90432787622126 -2.4676943
12.905716778042915 -3.177186
12.907105679864117 -3.375138
12.908494581684408 -4.052383
12.909883483506292 -2.9550936
12.911272385313623 -3.6443791
12.912661287134142 -3.5652816
12.914050188940564 -3.1053011
12.915439090747896 -2.8938782
12.91682799256887 -3.1029763
12.918216894375291 -3.2034128
12.91960579618194 -2.3835304
12.92099469798859 -2.3802521
12.922383599795012 -1.4173149
12.923772501586882 -1.2250254
12.925161403393759 -1.4017576
12.926550305200863 -1.6876286
12.92793920699296 -1.518824
12.929328108799382 -0.7764892
12.930717010592161 -1.3106794
12.93210591238335 -1.2016002
12.933494814175447 -0.38875124
12.934883715968226 -0.7139624
12.936272617760096 -0.069858395
12.937661519551966 0.5083808
12.939050421344064 0.40740797
12.940439323121609 1.7244653
12.941828224914161 1.4403824
12.943217126691707 2.224084
12.944606028482895 2.4799135
12.945994930260895 3.7376032
12.947383832038668 2.4491568
12.948772733815304 2.2622318
12.950161635593304 2.953067
12.951550537371531 3.611834
12.952939439148395 2.171273
12.954328340925713 2.2091823
12.95571724270394 2.6187956
12.957106144466024 2.8275366
12.95849504624357 2.18379
12.959883948007246 2.670653
12.961272849784564 1.9712346
12.96266175154733 1.8402205
12.964050653310323 0.20498551
12.965439555073317 0.24682903
12.966828456836765 -1.0657579
12.968217358599759 -0.71676385
12.969606260362525 -1.5180491
12.970995162111649 -1.2083952
12.97238406387396 -1.5218043
12.973772965636726 -1.157432
12.97516186738585 -2.2349918
12.976550769148616 -1.5184067
12.97793967089683 -0.80408686
12.9793285726455 -1.4356735
12.980717474393714 -2.8686051
12.982106376142838 -2.9900227
12.983495277891052 -1.7117095
12.984884179638811 -2.2495356
12.986273081387708 -2.1749685
12.98766198313615 -2.1205482
12.989050884883682 -2.0391858
12.990439786618026 -0.97068596
12.99182868836715 -0.6710459
12.993217590100357 0.15098235
12.994606491848572 -0.9486913
12.995995393583144 0.19509089
12.997384295316351 -0.115039855
12.998773197050014 0.95781106
13.000162098784585 0.1660031
13.001551000518248 1.1286422
13.00293990225191 1.701338
13.004328803986027 1.6093062
13.00571770571969 1.9270068
13.007106607454261 1.5615021
13.008495509173372 2.3714304
13.009884410907034 3.2609923
13.011273312627054 2.7847393
13.012662214360262 3.0433106
13.014051116079372 2.5057826
13.015440017799392 1.8821831
13.016828919518503 2.0733995
13.01821782123784 2.4422424
13.019606722957178 1.1819302
13.020995624676289 -0.35501418
13.022384526396309 -0.5123148
13.023773428115419 -1.5518459
13.025162329834075 -1.3507943
13.026551231554095 -1.8382534
13.027940133258653 -2.9197474
13.029329034977309 -2.6111064
13.03071793668255 -2.9029384
13.032106838402342 -3.8916848
13.033495740106446 -3.6247687
13.034884641811004 -2.6637983
13.036273543531024 -2.9117005
13.037662445235128 -2.505723
13.039051346939686 -1.6065643
13.040440248645154 -1.0432863
13.041829150349713 -0.29445434
13.043218052054499 0.032485347
13.044606953759285 0.7927021
13.045995855449291 2.1152432
13.04738475715476 1.9087673
13.048773658859318 3.2538397
13.050162560549552 3.3116577
13.051551462254793 2.8971565
13.052940363944344 3.847636
13.054329265648903 3.1669338
13.055718167339819 2.7041516
13.057107069029826 3.2553895
13.058495970734839 3.1163878
13.059884872424846 2.0003226
13.061273774114852 0.83800274
13.062662675805768 0.55022424
13.064051577495775 0.9885678
13.065440479185327 0.6305734
13.066829380876243 -0.10353587
13.068218282551697 -0.107350655
13.06960718424125 -1.084355
13.070996085932165 -0.13536555
13.072384987622854 -0.58849144
13.073773889297627 -0.7395334
13.07516279098786 -0.9860048
13.076551692663998 -1.2689552
13.07794059435355 -1.1222644
13.079329496029004 -0.66383356
13.08071839771992 -0.86053383
13.082107299395602 -0.3234229
13.083496201071284 -0.60518116
13.084885102746739 -0.32157513
13.086274004423103 0.3311121
13.08766290609924 0.14096852
13.089051807788564 0.36019993
13.090440709464247 0.68529177
13.091829611125831 1.1160058
13.093218512800831 1.5179895
13.094607414476513 2.496484
13.09599631615265 2.231952
13.097385217828332 2.5640774
13.098774119504014 2.4247181
13.100163021164917 3.4975095
13.101551922840372 2.9702334
13.102940824502184 3.7075617
13.104329726177866 4.1960936
13.105718627852639 3.590376
13.107107529514451 2.6050863
13.108496431175354 3.2834044
13.109885332850354 2.8305168
13.111274234512166 2.1936846
13.112663136173751 0.9728318
13.114052037848523 1.6413743
13.115440939509881 1.5498192
13.116829841171466 0.5250705
13.118218742831687 0.34243727
13.119607644492817 -0.02873016
13.120996546168954 -0.5071887
13.122385447830084 0.04404894
13.123774349491214 -0.71360475
13.125163251152117 -0.6711651
13.126552152799377 -0.86869985
13.12794105446119 -1.4030689
13.12932995612141 -0.73023486
13.13071885778254 -1.0375046
13.132107759444125 -1.1433053
13.133496661104346 -0.2940967
13.134885562750924 -0.23741125
13.136274464412509 0.54700553
13.137663366073866 0.26471087
13.139052267734769 -0.30417013
13.14044116938112 1.0070457
13.14183007104225 0.13536555
13.143218972689283 2.1978571
13.144607874350413 2.421738
13.145996775996082 0.8446786
13.147385677657894 1.6770188
13.148774579304472 1.197547
13.150163480964693 1.5873711
13.151552382611953 1.5234733
13.152941284273766 1.2151904
13.154330185919434 0.9311075
13.155719087566013 1.293036
13.157107989227597 0.87412405
13.158496890873266 0.7273738
13.159885792520072 0.4863265
13.161274694181657 0.8980857
13.162663595828235 0.18614997
13.164052497474586 -0.75026244
13.165441399120937 -0.03671738
13.166830300782749 -0.3805256
13.16821920243001 -1.0865008
13.169608104075678 -1.1341856
13.170997005722256 -2.0438945
13.172385907369517 -1.747652
13.173774809015185 -2.3918753
13.175163710676316 -2.6150405
13.176552612323349 -3.0358598
13.177941513969927 -2.5596666
13.179330415616278 -2.6783423
13.180719317262628 -2.3913388
13.182108218909434 -2.3058636
13.183497120556467 -1.849817
13.184886022203045 -1.2725911
13.186274923848714 -0.80343115
13.187663825495747 -1.6526995
13.189052727142325 -0.19783278
13.190441628787994 0.07659389
13.191830530435254 0.47297472
13.193219432082515 0.9904752
13.19460833372841 1.5952392
13.195997235374762 1.4829412
13.197386137022022 1.601319
13.19877503866769 1.7320948
13.200163940314269 2.0806715
13.201552841961302 2.1444502
13.20294174360788 1.9229536
13.204330645254231 2.2385085
13.20571954690081 1.5413551
13.207108448547842 2.0806715
13.208497350195103 2.13539
13.209886251840999 1.3500195
13.21127515348735 1.0319611
13.21266405513461 2.8635387
13.214052956780279 1.7534338
13.215441858426857 1.4583834
13.216830760074117 1.6300491
13.21821966173502 1.8390282
13.219608563381371 1.7041991
13.22099746502795 0.30488542
13.222386366674527 0.9917866
13.22377526832156 0.89391327
13.225164169968139 1.4040227
14.35989824634953 1.9851825
14.361287152704108 2.547507
14.362676059067326 2.3703573
14.364064965445323 1.1058726
14.365453871821956 0.77911186
14.366842778206319 0.19807121
14.368231684598868 0.017345386
14.36962059099801 -0.14126655
14.37100949740443 -0.48781666
14.372398403817897 -1.405632
14.37378731023864 -1.9121649
14.375176216667114 -2.113157
14.37656512310241 -2.5235453
14.37795402954589 -2.8614523
14.379342935996647 -3.5500822
14.380731842453088 -3.419008
14.382120748917714 -3.5165238
14.383509655382795 -4.0896964
14.384898561861974 -3.9795442
14.3862874683482 -3.3538587
14.387676374834655 -3.666016
14.389065281335661 -2.1057062
14.39045418783735 -1.7002054
14.39184309435268 -2.0707173
14.393232000867556 -0.30113024
14.394620907391072 0.2241787
14.39600981392823 -0.036061715
14.397398720464935 0.23621912
14.398787627010051 0.49157184
14.400176533562444 1.4396671
14.401565440121885 1.6270689
14.402954346688148 1.6639055
14.404343253261686 2.716669
14.405732159836134 3.3822312
14.407121066424452 3.6871762
14.408509973019136 3.4878533
14.409898879615412 4.198597
14.41128778622533 3.855504
14.412676692834793 4.599746
14.414065599452897 4.764736
14.415454506085553 3.6671486
14.416843412716844 4.232215
14.418232319355866 4.0214477
14.419621226003073 3.19173
14.421010132649371 3.0044475
14.422399039310221 2.7055824
14.423787945978802 2.5283136
14.42517685264761 2.2716496
14.426565759330515 2.2819018
14.427954666012738 1.265498
14.42934357271065 2.0955732
14.430732479408562 1.025166
14.432121386112613 0.6591843
14.433510292824394 1.3661131
14.434899199544361 0.692683
14.436288106263646 0.32860863
14.437677012997483 0.5256666
14.439065919731092 0.59862447
14.440454826479481 -0.2378881
14.44184373322787 -0.21917178
14.443232639983307 0.06228842
14.444621546746248 -0.002563064
14.44601045351692 -0.60124713
14.447399360294412 -0.8749585
14.44878826707918 -1.1362122
14.450177173864631 -1.6144323
14.451566080663724 -1.2101239
14.452954987462817 -1.6402419
14.454343894269641 -1.1918844
14.455732801083286 -1.2283038
14.457121707904207 -1.5400438
14.458510614732631 -2.3147447
14.459899521561056 -1.1374043
14.461288428404714 -2.3177252
14.462677335247463 -2.2678347
14.464066242097033 -1.5079757
14.465455148955243 -1.2945857
14.466844055820502 -0.3290259
14.468232962691673 -0.8604146
14.469621869571256 -1.4357927
14.471010776451067 -0.7172407
14.472399683337699 -1.163333
14.473788590238655 -1.1254832
14.475177497139612 -1.9917393
14.476566404041478 -0.82816774
14.477955310957213 -0.86458707
14.479344217879316 -2.0737574
14.48073312480301 -2.2095995
14.48212203173398 -2.069704
14.483510938670861 -3.2299972
14.484899845615473 -2.9716043
14.48628875256827 -2.899839
14.487677659519704 -3.308737
14.489066566478868 -3.5283258
14.490455473453494 -3.0211968
14.49184438042721 -2.5765946
14.493233287401154 -3.0890286
14.494622194389649 -2.6622486
14.496011101378826 -2.2653909
14.497400008382328 -2.2684903
14.498788915384466 -1.2532191
14.50017782239479 -1.5142343
14.501566729405567 0.08625008
14.50295563642976 0.054897256
14.504344543454636 0.2986864
14.505733450487241 1.5321758
14.507122357526896 1.8341405
14.508511264573372 2.537493
14.509900171627123 2.7040324
14.511289078681102 1.7646397
14.512677985742812 3.8830419
14.51406689281157 3.3469446
14.515455799886468 3.129978
14.516844706962729 2.9033556
14.518233614053315 2.4864702
14.519622521143447 2.28369
14.521011428241763 1.7175509
14.52240033533917 1.7621363
14.523789242451357 1.3658746
14.525178149563544 0.698882
14.52656705668278 1.2145944
14.5279559638102 1.4599333
14.529344870936711 0.6659794
14.53073377807732 0.4864457
14.532122685219292 0.2154762
14.53351159236854 1.0821495
14.534900499516198 0.9246701
14.536289406679316 0.30226275
14.537678313842889 -0.14186262
14.539067221012374 -0.57502043
14.540456128190272 0.5093345
14.541845035368397 -1.084653
14.543233942560619 -1.645368
14.544622849752614 -2.8091779
14.546011756952112 -3.344441
14.547400664152065 -3.0873597
14.54878957135952 -3.6298351
14.550178478580165 -4.0293155
14.551567385793987 -4.0243683
14.552956293023271 -3.631981
14.554345200251191 -3.5541353
14.555734107486842 -3.6688771
14.557123014730678 -3.5040066
14.55851192198088 -2.2757027
14.559900829231538 -2.336203
14.561289736489016 -1.6162801
14.56267864375377 -1.6556798
14.564067551019434 -0.64523643
14.56545645829874 0.45080125
14.566845365577592 0.64285225
14.568234272857808 0.71986336
14.569623180151666 0.50826156
14.571012087445979 1.00943
14.572400994747795 0.83526087
14.573789902056433 1.0256429
14.575178809364843 0.21201904
14.576567716680529 0.26709512
14.577956624003946 -0.6094728
14.57934553132759 0.3028588
14.580734438665331 -1.7253593
14.58212334600239 -0.54515773
14.583512253340587 -1.2598951
14.58490116069288 -1.4576682
14.586290068044264 -1.6611636
14.587678975404287 -1.8421874
14.589067882764539 -2.5171077
14.590456790137978 -1.6987749
14.591845697504596 -1.8406377
14.593234604886675 -2.2416677
14.594623512268754 -1.6239693
14.596012419664476 -1.7987345
14.597401327052467 -1.3975255
14.598790234456374 -1.6068027
14.600179141859371 -1.0423326
14.60156804926919 -1.5736021
14.602956956680373 -0.1543203
14.604345864106108 0.24563691
14.605734771522975 -0.3630014
14.607123678955304 0.7667138
14.608512586388315 0.42493215
14.609901493827692 1.0581878
14.611290401274346 1.1608295
14.612679308721226 0.320383
14.614068216175383 -0.051380493
14.615457123636588 0.9152523
14.616846031105297 0.7910331
14.61823493857446 0.65048176
14.61962384604385 -0.2768109
14.62101275352643 -0.1407301
14.622401661009462 -0.33194658
14.62379056850068 -0.30327603
14.625179475991217 -0.61996347
14.62656838348903 -0.8580304
14.62795729099389 -0.89367485
14.629346198498752 -1.2397481
14.63073510601862 -0.24939209
14.632124013530756 -0.4512781
14.633512921057445 -0.42219028
14.634901828585043 -0.060679052
14.63629073611196 -0.7172407
14.637679643652518 -1.2219259
14.639068551194669 -1.581947
14.640457458744095 -2.3332226
14.641846366292611 -2.6918132
14.643235273848632 -2.8702145
14.644624181404652 -3.6849709
14.646013088975906 -3.4773626
14.64740199654625 -4.416636
14.64879090411614 -4.557247
14.65017981169467 -4.490369
14.651568719279567 -4.8043146
14.652957626871284 -3.7075021
14.654346534464139 -4.1788673
14.65573544206427 -3.3715615
14.657124349663263 -3.192922
14.658513257270215 -2.520863
14.659902164884898 -1.0241528
14.661291072499353 -1.0817323
14.662679980120629 -0.023127183
14.664068887741905 0.31990618
14.665457795378643 1.2722931
14.666846703007423 1.6864365
14.668235610649845 1.9179467
14.669624518293858 2.7664998
14.671013425945148 3.743802
14.672402333595073 3.594429
14.67379124125273 5.201172
14.675180148911295 4.363825
14.676569056576227 4.7683125
14.677957964248662 3.185054
14.679346871921098 4.4487042
14.680735779600582 3.1345081
14.682124687287342 2.299903
14.683513594974556 2.3235068
14.684902502668592 1.5251423
14.686291410363538 -0.44680762
14.68768031806485 -0.6420774
14.689069225773665 -1.873123
14.690458133482934 -2.1533911
14.691847041199026 -3.2097907
14.693235948915117 -4.2810326
14.694624856638256 -4.4607444
14.696013764361624 -6.181574
14.697402672099543 -6.119643
14.698791579829958 -5.8648868
14.700180487575153 -5.514581
14.701569395320803 -5.52084
14.702958303065998 -6.096099
14.70434721081756 -4.584666
14.705736118577988 -4.8907437
14.707125026338417 -4.23299
14.708513934104758 -4.4895344
14.709902841871553 -3.4684813
14.711291749646534 -2.4995239
14.712680657427882 -2.8542402
14.714069565209684 -1.4702451
14.715458472998307 -1.3374425
14.71684738078784 -0.514401
14.71823628858374 -0.24206053
14.719625196379184 0.42803168
14.721014104183269 1.1236353
14.722403011994402 0.9395716
14.723791919804171 2.1654315
14.725180827615077 1.5281225
14.726569735440762 2.2131164
14.727958643258717 1.7134976
14.729347551090996 1.9222383
14.730736458923275 1.8743151
14.732125366756009 0.66657543
14.733514274595564 -0.11086742
14.734903182442395 -0.8669713
14.736292090290135 -1.0383986
14.737680998145152 -1.6329103
14.739069905998804 -3.0743654
14.740458813860187 -2.9063358
14.741847721722479 -2.087884
14.743236629591138 -3.0703123
14.744625537460024 -3.2969348
14.746014445336186 -2.493921
14.747403353219397 -2.2290907
14.748792261102835 -1.641434
14.750181168986273 -2.5280752
14.751570076884036 -1.4818683
14.752958984775432 -1.444972
14.754347892673195 -0.2960637
14.755736800577779 0.7327383
14.757125708483727 1.6882247
14.758514616396951 3.18565
14.759903524316542 3.8226013
14.761292432228856 4.446201
14.762681340156178 4.4712353
14.764070248083044 5.23479
14.76545915600991 5.854694
14.766848063944508 6.278732
14.768236971886608 6.909007
14.769625879828254 6.63017
14.77101478776899 6.4517093
14.772403695718367 5.6115007
14.773792603675247 5.5298405
14.775181511630763 4.415563
14.776570419586733 3.7687173
14.777959327550889 3.2915108
14.779348235520956 3.1222293
14.780737143491478 1.2397481
14.782126051470186 1.518824
14.783514959448894 0.8847339
14.784903867433968 -0.076117046
14.786292775418588 -0.31674704
14.787681683404571 -0.7278506
14.789070591405107 -1.6187836
14.790459499396775 -0.97462
14.791848407396628 -1.5565548
14.79323731540444 -1.480855
14.794626223411342 0.3406491
14.79601513142552 -0.7159294
14.797404039439925 -0.21917178
14.798792947461607 -0.50444674
14.80018185548306 -0.61954623
14.801570763512018 -0.19205098
14.802959671540975 -1.0805998
14.804348579570615 -1.4665495
14.80573748760662 -0.8658984
14.807126395649902 -2.0738766
14.808515303694094 -2.5245585
14.809904211744652 -3.0520132
14.811293119795664 -2.6909192
14.812682027846222 -2.9101508
14.814070935904056 -2.6930053
14.81545984396962 -2.632982
14.81684875203473 -2.0535507
14.81823766009984 -2.5996025
14.819626568173135 -1.622956
14.821015476245748 -2.4002798
14.822404384324727 -1.1595778
14.823793292412574 -0.5169045
14.825182200493146 -0.8750777
14.826571108586904 -1.265498
14.827960016673842 -1.2730083
14.829348924776241 0.029981889
14.830737832870454 -0.75222945
14.832126740972171 -0.3368939
14.833515649081164 0.23824574
14.834904557190612 0.24015313
14.83629346530688 0.3028588
14.837682373422467 -0.27716854
14.83907128153919 0.85278505
14.84046018966319 1.1182708
14.841849097786053 1.2232969
14.843238005916874 1.076785
14.844626914048149 1.4068837
14.846015822185564 2.3664234
14.847404730323433 2.1598287
14.848793638469488 2.2693846
14.85018254661486 2.1412315
14.851571454767509 2.6366775
14.85296036291993 2.5380893
14.854349271072579 2.062909
14.855738179232958 2.6290479
14.857127087392882 2.9606967
14.858515995560083 3.197214
14.859904903727966 2.0469346
14.861293811902215 1.5774765
14.862682720076464 1.442409
14.864071628251168 0.70841897
14.865460536432693 0.18161991
14.866849444621494 -0.929677
14.86823835281075 -1.2517886
14.86962726099955 -1.7285185
14.87101616918926 -1.7500958
14.872405077392614 -1.7148687
14.873793985588236 -1.9915009
14.875182893792498 -2.4466534
14.87657180200381 -1.7911049
14.87796071020648 -1.8580427
14.87934961842484 -1.5798608
14.88073852663615 -1.3376809
14.882127434854283 -0.5659603
14.883516343079464 -0.14424686
14.884905251304644 -0.23723243
14.886294159530735 1.1800227
14.887683067763419 0.91000694
14.889071975995193 1.299235
14.890460884235836 1.8313987
14.891849792476478 1.9916201
14.893238700715756 2.108448
14.894627608962764 2.6553938
14.896016517217959 2.7202454
14.897405425464513 2.8545978
14.898794333718797 3.6138606
14.900183241981267 2.8396962
14.901572150242828 2.7369351
14.902961058504616 2.417804
14.90434996677368 1.7511687
14.905738875043426 0.75109696
14.90712778332022 1.0424519
14.90851669159565 0.6774238
14.909905599872218 -0.011027136
14.911294508156288 0.010192649
14.912683416439904 0.26328033
14.914072324730569 -0.72487026
14.915461233021233 -1.3521056
14.916850141312352 -2.1234093
14.918239049610293 -2.7651289
14.919627957908233 -2.1442118
14.921016866206628 -3.0198853
14.922405774512526 -2.991334
14.923794682825246 -3.332639
14.92518359112978 -4.037422
14.926572499442955 -3.2078834
14.927961407763632 -3.4708655
14.929350316083628 -3.6902163
14.930739224403624 -3.9756103
14.932128132730668 -3.65183
14.93351704105794 -3.6109996
14.934905949385211 -4.108949
14.936294857719531 -3.6675658
14.93768376605476 -2.849114
14.939072674396357 -2.4037964
14.940461582737498 -2.4814632
14.941850491080004 -2.0732207
14.943239399429785 -1.6539513
14.944628307777975 -0.20331655
14.946017216127075 0.11617237
14.947406124484132 2.232548
14.948795032839598 1.0990776
14.95018394120325 2.6675534
14.951572849567356 3.5032318
14.952961757931462 4.3397446
14.954350666302616 3.3775818
14.955739574672634 5.262209
14.957128483044016 4.2943244
14.958517391422902 3.6598766
14.959906299800423 3.975789
14.961295208185675 3.790891
14.962684116571836 2.6612353
14.964073024957088 2.5030408
14.96546193335007 1.8938658
14.966850841742598 1.6144323
14.968239750135126 0.5405681
14.969628658535385 0.1058009
14.971017566935188 -0.6094728
14.972406475334992 -1.2034479
14.973795383742981 -1.12292
14.975184292150288 -1.4273883
14.976573200557596 -2.7106488
14.977962108972633 -2.8603795
14.979351017387216 -2.785991
14.980739925808848 -2.682157
14.982128834230707 -2.3096187
14.983517742652566 -3.4941716
14.984906651081474 -2.3084862
14.986295559510609 -1.8839712
14.987684467939744 -1.6985365
14.989073376369333 -1.0422134
14.990462284805744 -0.08398505
14.991851193248749 0.12761675
14.993240101685615 0.35662353
14.994629010129756 0.39560595
14.996017918580037 0.9700899
14.997406827023724 1.0293385
14.998795735475142 2.3117049
15.00018464393338 1.5567336
15.001573552384343 2.5715878
15.002962460842355 2.0621936
15.004351369308552 1.6592562
15.005740277766563 2.371192
15.007129186231396 3.1986444
15.008518094704868 2.8432724
15.009907003178341 2.3866894
15.011295911650222 2.2486415
15.012684820123013 1.7661896
15.014073728603762 1.2259195
15.015462637083601 1.8464195
15.01685154556344 0.9127488
15.01824045405101 1.1033692
15.019629362538126 -0.2203639
15.021018271025241 -0.19807121
15.022407179520087 -0.42582625
15.02379608801516 -0.35274914
15.025184996510234 -1.3519268
15.02657390500417 -1.8756264
15.027962813505837 -1.0821495
15.02935172201569 -2.0061638
15.030740630517585 -1.7206504
15.032129539026755 -1.2404038
15.033518447535698 -1.1295959
15.034907356052145 -2.5842838
15.036296264568591 -2.142662
15.03768517308481 -1.7015169
15.039074081601257 -1.566509
15.040462990125434 -1.7131996
15.041851898649156 -2.4054058
15.043240807179245 -2.0305429
15.04462971570365 -1.1866987
15.04601862423533 -1.2680014
15.047407532773377 -1.3364888
15.048796441304603 -0.6044659
15.05018534984265 -0.09471416
15.051574258380697 1.1701281
15.052963166926247 0.40991142
15.054352075471797 1.3820876
15.05574098401803 0.8668521
15.057129892563353 1.4343026
15.058518801115497 2.052299
15.059907709669005 2.4043329
15.061296618229562 2.3379316
15.062685526781479 1.4588603
15.064074435341809 2.2146661
15.065463343902366 1.8138745
15.066852252469744 2.2081094
15.068241161036894 1.5041609
15.069630069604045 1.1573724
15.071018978172106 0.78674144
15.07240788674676 0.6058964
15.073796795320504 0.6126915
15.075185703903117 -0.08362741
15.076574612478453 -0.2523128
15.0779635210597 0.3523319
15.079352429641403 -0.3797507
15.080741338231292 -0.25219357
15.082130246812994 -0.99846244
15.083519155409476 -1.6090678
15.084908063998682 -1.5925568
15.086296972587661 -1.7273263
15.087685881184143 -1.2584645
15.089074789787901 -1.7610039
15.090463698384156 -1.5256191
15.091852606988596 -0.41116318
15.093241515592126 -1.519897
15.094630424195884 -0.43148884
15.096019332807373 -1.0724337
15.097408241418634 -0.6976303
15.09879715002944 0.035584863
15.100186058640247 0.4112228
15.101574967258784 -0.3815985
15.102963875876867 -0.05495686
15.10435278449495 0.0514401
15.105741693120535 -1.0690361
15.107130601746576 -0.3017859
15.108519510372389 -0.60160476
15.109908418997065 -0.32658204
15.111297327630382 -1.0316035
15.112686236263926 -0.33611903
15.114075144896105 -1.5584025
15.11546405352874 -0.9579899
15.11685296216956 -0.7832843
15.11824187081038 -0.7352418
15.11963077945029 -0.48084274
15.121019688097022 -0.784834
15.122408596737841 -0.6113206
15.123797505392304 0.0999595
15.125186414039035 0.56870216
15.126575322687131 0.79162914
15.127964231342503 2.325176
15.129353139996283 2.9720216
15.130742048658249 1.8299681
15.132130957313393 3.133912
15.133519865975359 2.8506637
15.134908774637097 2.34425
15.136297683306339 2.278564
15.137686591968304 2.623445
15.139075500637318 2.1468344
15.14046440930656 1.5619789
15.141853317983532 1.2861217
15.143242226660732 0.77517784
15.144631135329291 1.0466243
15.146020044012857 0.22727822
15.147408952690057 0.27007544
15.148797861373623 0.38618818
15.150186770057644 1.2091106
15.15157567874121 1.2058918
15.152964587424776 0.5812195
15.154353496116528 1.1080185
15.155742404807597 0.70031255
15.157131313497757 0.7164062
15.158520222196785 1.1900367
15.159909130887627 1.3652786
15.16129803958529 1.0995544
15.162686948284318 1.0851299
15.164075856990621 1.0738046
15.165464765688284 1.2064879
15.166853674393678 1.342509
15.168242583099982 0.20713134
15.169631491813561 1.1721548
15.171020400518955 0.06741455
15.17240930923117 -0.02270994
15.173798217944523 -0.58390176
15.175187126664696 -0.78000593
15.176576035376911 -0.33599982
15.177964944097539 -1.9122841
15.179353852818167 -2.8253908
15.180742761537658 -2.8467298
15.18213167026488 -2.6733353
15.183520578993011 -4.3546457
15.18490948772046 -3.1553106
15.18629839644791 -3.0554106
15.187687305175132 -3.436413
15.189076213909857 -3.4973307
15.190465122645037 -2.157981
15.19185403137999 -2.5422616
15.193242940121763 -3.4361746
15.19463184885717 -1.9456636
15.196020757598262 -1.1375831
15.197409666340263 -1.1813341
15.198798575082947 -0.9869585
15.200187483831996 -0.5641721
15.201576392581046 -0.038565174
15.20296530133055 -0.4695772
15.2043542100796 0.91882867
15.20574311882956 0.34029144
15.207132027585885 0.20152837
15.208520936341756 0.6600188
15.209909845098991 1.4703047
15.211298753855317 1.5355138
15.212687662618464 1.8100597
15.2140765713757 0.90333104
15.215465480139983 1.581649
15.216854388911088 0.9395716
15.21824329767469 1.1298344
15.219632206445795 0.8097494
15.221021115210078 1.8811102
15.222410023981183 1.1796651
15.223798932758655 1.0808382
15.225187841530442 1.2901748
15.226576750308823 1.4153478
15.227965659086294 0.9152523
15.229354567865357 1.7903897
15.23074347664442 2.0968845
15.232132385429395 2.6931841
15.233521294214825 2.2832131
15.234910203001164 2.5347512
15.236299111786593 2.592688
15.23768802057225 3.7556043
15.239076929365183 2.6954494
15.240465838158798 2.509836
15.241854746952185 2.975479
15.243243655744209 2.8141847
15.244632564537369 1.5167974
15.246021473338033 1.7176701
15.247410382137332 1.2670478
15.24879929093754 0.88556844
15.250188199738204 1.3529998
15.25157710853864 0.46617964
15.252966017345898 0.14037246
15.254354926153155 -1.309666
15.255743834960867 -1.765832
15.257132743768807 -1.6943045
15.258521652583568 -1.9781489
15.259910561390143 -2.3261297
15.261299470205358 -2.9775054
15.262688379020346 -2.5265255
15.264077287842156 -3.1374884
15.265466196657599 -3.9298925
15.266855105479408 -3.1457736
15.268244014301445 -2.644784
15.269632923123481 -3.2550318
15.27102183194529 -2.3503892
15.27241074076801 -1.8896338
15.273799649597095 -1.7835349
15.275188558425725 -1.8553008
15.27657746725572 -1.0466839
15.277966376085715 0.19807121
15.279355284914118 -0.02008727
15.280744193750706 0.99095213
15.282133102587977 1.578907
15.283522011423656 1.0533001
15.284910920260245 2.83004
15.286299829097288 2.5557325
15.287688737941608 2.3376932
15.2890776467857 2.7724605
15.290466555621379 2.2912004
15.291855464472974 1.4735235
15.29324437331752 1.149862
15.294633282160703 -0.10079399
15.297411099863439 -1.0125891
15.298800008713897 -2.5249758
15.30018891756481 -2.374351
15.301577826416633 -2.9376888
15.302966735274822 -2.7933226
15.304355644133466 -4.2995105
15.305744552991655 -3.6186888
15.307133461849844 -3.3110616
15.308522370708943 -3.134091
15.309911279574635 -2.3837688
15.311300188433052 -2.9282115
15.312689097299199 -1.7612423
15.314078006164891 -2.4846225
15.315466915030356 -0.7621837
15.316855823903325 -1.609485
15.318244732769017 -0.50969213
15.319633641641758 -0.35471615
15.321022550514726 -0.0112059545
15.322411459387695 0.324317
15.323800368261345 1.0088339
15.325189277141362 1.1573724
15.326578186013649 1.6610444
15.327967094894348 1.1144559
15.329356003775047 1.3481121
15.330744912654609 1.3297534
15.332133821534853 0.9954822
15.333522730422828 2.2115664
15.3349116393033 1.3489466
15.336300548190593 2.9904995
15.337689457077886 1.757487
15.339078365966088 3.1432106
15.340467274860657 2.303956
15.341856183747495 2.7686455
15.343245092642974 2.301691
15.344634001538452 1.686198
15.34602291042529 1.4219044
15.347411819327135 1.8330677
15.348800728222614 0.7372684
15.350189637117182 0.49026048
15.351578546019027 -0.06288448
15.352967454921327 -1.2503581
15.354356363823172 -1.0085359
15.355745272725017 -0.974918
15.357134181627316 -2.0932486
15.358523090537119 -3.0907571
15.359911999439646 -3.1500654
15.361300908348312 -3.2575948
15.362689817257433 -4.558201
15.364078726167463 -4.045588
15.365467635076811 -4.3456454
15.366856543993435 -4.0986376
15.368245452902556 -4.3691893
15.36963436181918 -3.5719576
15.371023270735805 -4.1753507
15.372412179652201 -3.4638915
15.373801088568825 -3.2795298
15.375189997485904 -2.4754431
15.376578906409804 -1.9235498
15.377967815325519 -0.3931025
15.379356724250101 0.21988705
15.380745633174683 0.83478403
15.382134542098356 1.214356
15.383523451022484 1.8634669
15.384912359953432 3.1206794
15.386301268878015 3.2358387
15.387690177808963 3.0098119
15.389079086739457 3.3808005
15.390467995671315 4.344513
15.391856904602264 4.2549844
15.393245813540034 3.0033746
15.394634722471892 2.6923497
15.396023631410799 2.6831703
15.397412540341065 1.8657318
15.398801449279745 1.7510495
15.400190358218651 0.73023486
15.40157926716438 -0.107052624
15.402968176102604 -1.0445976
15.404357085040829 -2.1079116
15.405745993987239 -3.9827037
15.407134902932967 -3.932396
15.408523811877785 -5.4347687
15.409912720824195 -5.8082013
15.411301629770605 -6.1724544
15.412690538715651 -6.72399
15.414079447668428 -7.0557575
15.415468356622114 -6.985005
15.416857265567614 -7.4405155
15.418246174520618 -6.921882
15.419635083473622 -6.919021
15.421023992433675 -5.5357413
15.42241290138736 -6.416303
15.423801810340137 -4.439167
15.425190719299735 -4.5193973
15.426579628260697 -2.3548002
15.42796853722075 -1.8880244
15.42935744618103 -0.3274761
15.430746355141764 0.5073079
15.432135264102271 1.4730467
15.4335241730696 2.2314749
15.434913082029652 2.7470682
15.436301990997435 3.5110996
15.437690899965446 4.0982203
15.439079808933002 4.0919023
15.440468717899648 5.093166
15.441857626867659 4.6177473
15.443246535843173 4.138395
15.444635444810046 4.9790797
15.44602435378465 3.9425287
15.447413262760165 4.0049963
15.448802171727039 3.3505208
15.450191080708919 2.6596856
15.451579989684433 2.042166
15.452968898659947 1.4347794
15.454357807634551 1.3729082
15.455746716615977 0.78042316
15.457135625598767 0.2241787
15.458524534581557 -0.7026968
15.459913443555479 -1.2901152
15.461302352544863 -1.5736021
15.462691261527652 -1.5190624
15.46408017050885 -2.0626109
15.465469079498234 -1.2196609
15.466857988480797 -1.8023705
15.46824689747018 -1.2465433
15.469635806459337 -0.9534002
15.47102471544872 0.05561253
15.472413624438104 -0.12314628
15.47380253342817 0.15920801
15.475191442417326 1.632791
15.476580351413304 2.2093015
15.47796926040337 1.9825599
15.479358169400484 2.0304832
15.480747078397144 1.5131018
15.482135987393576 2.1784256
15.483524896390009 1.6555606
15.484913805386896 1.326773
15.486302714383328 1.5916628
15.487691623387036 1.3029306
15.489080532384378 1.5650784
15.490469441388313 -0.6460113
15.49185835039134 0.08172002
15.493247259395957 -0.65691924
15.494636168400575 -2.1206675
15.496025077403829 -2.2254548
15.497413986407537 -3.0105867
15.49880289541943 -3.343666
15.500191804422684 -3.573567
15.501580713433668 -2.8368351
15.502969622438286 -4.47958
15.50435853145018 -4.4603868
15.505747440461164 -4.807593
15.507136349471693 -4.5379944
15.50852525848336 -4.6572065
15.509914167502302 -4.551346
15.511303076512831 -5.8324013
15.512691985531319 -5.1085443
15.514080894542985 -4.82917
15.5154698035617 -5.0532894
15.51685871257996 -4.475825
15.51824762159822 -4.4468565
15.519636530616708 -5.0394015
15.521025439635196 -4.691659
15.522414348660732 -3.973524
15.52380325767922 -3.3401494
15.525192166698162 -3.4298565
15.526581075724152 -2.48802
15.527969984749689 -2.1158988
15.529358893776134 -1.7079543
15.53074780280167 0.036538564
15.532136711827206 0.397871
15.533525620853197 0.028074492
15.534914529878733 0.6534621
15.536303438912455 1.3853064
15.537692347937991 1.8842096
15.539081256970348 3.2134266
15.540470165996794 3.1206794
15.541859075029606 3.412392
15.543247984061964 2.7203646
15.544636893095685 3.2317853
15.54602580212918 4.250335
15.54741471116131 4.0904713
15.548803620201852 3.1068509
15.550192529235346 3.485469
15.551581438276116 3.5682025
15.552970347309383 3.4514935
15.55435925634879 3.5379224
15.55574816538956 2.393723
15.557137074429875 2.2311172
15.55852598346928 2.5600243
15.559914892510278 1.5812913
15.561303801551276 2.1014144
15.562692710598185 1.1404443
15.564081619638273 1.4058108
15.565470528686546 0.9905945
15.566859437726634 1.1162442
15.568248346774453 1.5803376
15.569637255821817 0.027836068
15.571026164869181 0.11915267
15.572415073917455 -1.3875713
15.573803982964819 -1.6672434
15.575192892012637 -2.374053
15.57658180106796 -1.2773
15.577970710114641 -1.7008612
15.57935961916246 -2.1566694
15.580748528217782 -2.6513407
15.58213743727265 -2.506915
15.58352634632729 -2.2320712
15.584915255374653 -2.9164689
15.586304164429748 -1.9971633
15.58769307348507 -3.9672656
15.589081982547214 -2.9860888
15.590470891601399 -3.9912271
15.59185980065672 -3.413584
15.593248709719319 -3.0975523
15.594637618773504 -3.597469
15.59602652783542 -3.0625038
15.597415436898245 -2.8028595
15.598804345953113 -3.3837214
15.600193255015256 -2.646751
15.601582164077172 -2.3495548
15.602971073139997 -2.4771717
15.60435998220919 -2.0307813
15.60574889127065 -2.1621532
15.607137800333476 -2.56068
15.608526709403577 -2.116316
15.609915618464811 -2.3776293
15.61130452753423 -2.3853185
15.612693436597056 -1.528361
15.614082345665565 -1.1191052
15.615471254734985 -1.722379
15.616860163805086 -0.62818915
15.618249072874278 -0.42856815
15.61963798194347 0.20105152
15.621026891012889 -0.56649673
15.622415800090039 -0.10323784
15.62380470916014 0.61793685
15.625193618236153 0.3590078
15.626582527305345 1.1989775
15.627971436382722 1.2454703
15.629360345459418 1.2635906
15.630749254528837 2.7227488
15.632138163605305 1.9389281
15.633527072682 2.414585
15.634915981758695 2.3171887
15.636304890835163 2.487424
15.637693799918907 3.040092
15.639082708996284 2.091043
15.64047161807298 2.1676967
15.641860527156041 2.0556371
15.643249436233418 2.1856976
15.646027254401815 0.64559406
15.64741616347851 0.42874697
15.648805072562482 0.5402105
15.651582890730879 -0.34100673
15.652971799814168 -0.5252493
15.654360708906097 -0.27734736
15.65574961798984 -0.8786541
15.65713852707313 -0.5171429
15.658527436165059 -2.0061638
15.659916345249485 -1.3444761
15.661305254339823 -0.99476683
15.662694163423794 -1.1044421
15.66547198160697 -0.25505468
15.66686089069799 -0.1437104
15.66824979978901 0.92014
15.669638708880939 0.07242146
15.671027617972186 0.33909932
15.675194345246382 -0.015080353
15.676583254344223 1.0518696
15.677972163435243 1.3068646
15.679361072534448 -0.21356879
15.680749981625468 1.5718735
15.68213889072399 -0.60708857
15.683527799822514 -0.8768063
15.68491670892081 -0.96442735
15.686305618020015 -0.9048212
15.68769452711831 0.002443852
15.689083436216151 -0.24605414
15.690472345315357 -0.9967339
15.691861254413652 -0.93194205
15.693250163512175 -0.45258942
15.694639072611153 0.27937397
15.69602798171718 -0.58509386
15.697416890815475 0.33909932
15.698805799921047 -0.26399562
15.70019470901957 0.73822206
15.701583618125824 0.9848722
15.70297252723185 1.0304114
15.70436143633674 1.879322
15.705750345442993 1.8669239
15.707139254542199 2.2141893
15.708528163647316 2.4589322
15.709917072760163 3.6588037
15.711305981866644 4.3100605
15.712694890971761 3.3809197
15.714083800077333 5.036421
15.715472709183814 4.36001
15.716861618297571 5.5355625
15.718250527403143 5.4499683
15.719639436515536 5.2920117
15.721028345622017 4.641113
15.722417254735774 5.4047866
15.72380616384794 4.6108327
15.725195072961014 3.7030315
15.726583982067268 3.4009476
15.727972891179434 2.2048907
15.729361800292736 2.0644586
15.730750709406266 1.4397863
15.73213961851934 0.1698179
15.733528527639464 -0.19169335
15.73491743675254 -0.953281
15.736306345865614 -1.1936129
15.737695254979371 -1.9600883
15.739084164099495 -1.8436179
15.740473073212343 -2.9828103
15.741861982333376 -4.317571
15.743250891446223 -3.0861676
15.744639800566802 -4.254746
15.746028709686925 -2.4567268
15.747417618799773 -3.4669316
15.748806527920351 -2.734253
15.750195437040475 -2.9595046
15.751584346160598 -2.8788574
15.752973255281631 -1.1092702
15.754362164401755 -1.2271713
15.755751073521424 -1.263829
15.757139982642457 -0.6157314
15.758528891770766 -0.683444
15.759917800890435 -0.17303662
15.761306710010558 -0.120165974
15.762695619138867 0.23216592
15.76408452825899 0.28485775
15.76547343738639 0.02193506
15.766862346506969 1.0559229
15.76825125563505 0.2146417
15.769640164755401 0.18448101
15.771029073882346 0.32085988
15.772417983010428 0.25016698
15.77380689213851 -0.06622242
15.775195801265454 -0.24927288
15.776584710392854 -0.06818942
15.777973619521163 -0.101926506
15.77936252864879 0.16636074
15.780751437776416 -0.6023797
15.782140346903816 -0.265903
15.783529256031443 -0.85570574
15.784918165159525 -1.4563569
15.786307074294655 -0.46904072
15.787695983421372 -1.4701259
15.789084892549454 -0.36401471
15.790473801684357 -1.2269924
15.791862710811984 -0.9327169
15.793251619947569 -1.1290594
15.794640529082244 -0.28789765
15.796029438209644 -0.054539617
15.797418347344774 0.24992853
15.79880725647945 -0.7395334
15.800196165615034 0.6646681
15.80158507474971 0.9917866
15.802973983876655 0.5805042
15.80436289301224 1.3545495
15.805751802146915 1.6945429
15.807140711281136 1.135199
15.808529620423997 2.131337
15.809918529559354 3.0535629
15.811307438693348 3.0437875
15.812696347828478 2.9304168
15.814085256971111 3.1106656
15.815474166106469 4.21934
15.816863075241372 4.6635246
15.818251984382641 5.2486186
15.819640893518226 4.7267075
15.821029802661087 4.4264116
15.822418711795308 5.688393
15.82380762093726 5.329325
15.82519653008012 4.7543645
15.826585439214341 4.3267503
15.827974348356292 4.0708013
15.829363257499153 3.8090112
15.830752166641105 2.4646544
15.832141075783284 2.663381
15.833529984925462 3.0434299
15.834918894067414 1.2201973
15.836307803210275 1.3043611
15.837696712352226 0.15587007
15.839085621494633 -0.7108628
15.840474530637266 -1.234324
15.841863439779445 -0.93128633
15.843252348928672 -2.2714112
15.844641258070624 -2.8885732
15.84603016721303 -3.1547742
15.847419076362257 -3.7292583
15.848807985504209 -3.4310486
15.850196894646615 -4.14978
15.851585803796524 -4.5692873
15.85297471294598 -3.8535368
15.854363622087249 -4.1039424
15.855752531237158 -3.7445772
15.857141440380019 -3.0546358
15.858530349528792 -2.811562
15.859919258678019 -3.1879153
15.861308167828156 -3.2217715
15.862697076971017 -1.4205931
15.864085986120244 -1.1965933
15.865474895269017 -0.8335919
15.866863804419154 -0.76391226
15.868252713568381 0.02145821
15.869641622717154 1.5246655
15.87103053186729 0.7228437
15.872419441017428 1.1254236
15.873808350165973 1.3394096
15.875197259322704 2.122396
15.87658616847284 0.8437249
15.877975077622068 0.9467243
15.879363986771295 2.6356046
15.880752895928026 0.8825881
15.882141805077481 1.395797
15.883530714227618 2.0369208
15.884919623384121 1.5442163
15.886308532533349 1.5268112
15.887697441690761 1.823173
15.889086350839534 1.0400676
15.890475259996037 0.6725361
15.89186416915345 0.5144606
15.893253078302905 1.6938276
15.894641987459636 0.047625307
15.89603089661614 1.1931361
15.897419805765367 0.7506201
15.89880871492278 0.7445403
15.90019762407951 0.363061
15.901586533235331 0.8011661
15.902975442392744 0.06336133
15.904364351550157 0.027120793
15.905753260706206 0.53138876
15.90714216986271 -0.054897256
15.908531079020122 -0.0032187316
15.909919988176625 0.020802543
15.911308897333356 -0.2920105
15.912697806490087 -0.42689916
15.9140867156475 -0.7426925
15.915475624804003 1.0714204
15.916864533960052 0.79186755
15.91825344312474 -0.1969387
15.919642352281926 0.9151331
15.921031261437747 0.75598466
15.922420170594478 0.86565995
15.92380907975894 1.8564333
15.925197988914988 2.5848203
15.926586898078995 2.3522372
15.92797580723618 2.0420468
15.929364716393138 2.8375504
15.930753625556918 1.8672816
15.932142534720697 2.7055824
15.93353144387811 2.5668194
15.934920353042799 3.0228062
15.936309262198847 3.5459096
15.937698171362626 3.3804429
15.939087080527315 2.9559283
15.940475989683819 3.0489137
15.941864898847825 2.6657653
15.943253808011832 3.141661
15.944642717175611 2.3432963
15.946031626332342 1.7078947
15.947420535496349 2.0474114
15.948809444660128 1.2010041
15.950198353824817 0.7744626
15.951587262988596 1.7148091
15.95297617215192 0.76897883
15.95436508131661 0.35769644
15.955753990481298 0.57847756
15.957142899645078 0.70019335
15.958531808808857 -1.4538534
15.959920717972864 -1.4222622
15.961309627137325 -1.3419726
15.96269853630156 -0.7468649
15.964087445471932 -3.27649
15.965476354636394 -3.3435469
15.966865263800628 -3.624113
15.968254172963725 -3.6694136
15.969643082128187 -3.8776178
15.971031991300151 -4.3485065
15.972420900463476 -4.671989
15.973809809627255 -5.003876
15.97519871879922 -3.6331136
15.976587627963 -4.931693
15.977976537127233 -4.469149
15.979365446298289 -4.378071
15.980754355462977 -3.1767092
15.982143264634942 -2.4009354
15.98353217379804 -1.8517244
15.984921082969322 -0.7958612
15.986309992133783 -0.4152164
15.987698901304157 0.19556774
15.98908781046839 0.8058154
15.990476719640128 1.1410403
15.99186562881141 2.6977143
15.99325453797519 3.0056396
15.994643447146473 2.8321857
15.996032356317755 2.660997
15.997421265482444 2.89513
15.9988101746535 3.0850348
16.0001990838241 2.7135694
16.001587992995837 2.8357623
16.0029769021603 1.2982813
16.00436581133181 1.8242459
16.005754720502864 1.0835801
16.00714362967392 0.9396908
16.00853253884543 0.119748734
16.009921448016485 -0.52143455
16.011310357180264 -0.79031783
16.01269926635223 -1.3565165
16.014088175523284 -1.1394906
16.015477084693885 -1.9452463
16.01686599386585 -1.8626323
16.018254903037814 -2.1029644
16.019643812208415 -2.5163329
16.02103272137947 -1.4810934
16.022421630551435 -1.4884249
16.02381053972249 0.6527468
16.025199448893545 -0.53484595
16.02658835807233 1.3771999
16.02797726724407 0.9114375
16.02936617641535 3.095645
16.03075508558595 2.4060018
16.03214399475769 4.3274655
16.033532903929427 4.262018
16.034921813100027 5.2284718
16.03631072227836 4.861298
16.037699631450323 5.818096
16.039088540621606 5.6382046
16.04047744979289 5.792465
16.04186635897122 6.196833
16.043255268142502 5.9201417
16.04464417731424 5.019016
16.046033086493026 5.1835284
16.0474219956634 3.6343653
16.048810904835136 2.9118197
16.050199814013695 2.4935038
16.051588723184977 1.6475734
16.052977632356942 0.40263948
16.054366541535273 -0.0640766
16.05575545070633 -1.5811721
16.057144359885115 -1.6673626
16.05853326905617 -3.5984228
16.059922178228135 -3.1592445
16.061311087406466 -4.208611
16.062699996577066 -4.619595
16.064088905756307 -5.6693788
16.065477814928045 -5.536397
16.066866724105694 -4.9591117
16.068255633277204 -6.1490884
16.069644542456217 -5.6922674
16.071033451633866 -4.717826
16.072422360805376 -5.9120355
16.07381126998439 -4.9276996
16.075200179155672 -2.897991
16.076589088334003 -3.3127902
16.07797799750506 -2.9379272
16.0793669066843 -1.248391
16.08075581586354 -0.5696559
16.08214472503414 -0.045360275
16.083533634212472 1.3045995
16.086311452562768 2.3337593
16.087700361741554 3.771817
16.089089270919885 3.9726896
16.09047818009094 3.91964
16.0918670892695 4.3584604
16.093255998448058 4.8667817
16.094644907619113 4.0535154
16.096033816798354 4.7459006
16.097422725976685 4.0542307
16.09881163515456 3.9675636
16.100200544333802 3.537088
16.101589453505767 2.802502
16.102978362684098 3.5527048
16.10436727186243 1.176208
16.105756181041215 1.1760888
16.107145090212953 1.5926164
16.10853399939151 -0.5827692
16.109922908569388 -0.45962295
16.1113118177484 -0.43238294
16.11270072692696 -2.3581977
16.11408963610461 -1.8795009
16.115478545276346 -1.8034434
16.116867454455587 -1.5557798
16.118256363633463 -2.3065193
16.119645272811795 -1.6255786
16.121034181991035 -1.9630687
16.122423091169594 -1.3994926
16.123812000348153 -1.7569506
16.125200909526484 -0.6718208
16.12797872787769 -1.1755522
16.12936763705534 -0.6995973
16.130756546233897 -0.58658403
16.132145455413138 -0.7048426
16.133534364590787 -1.145928
16.134923273769346 0.40645427
16.136312182948586 0.4457943
16.137701092126918 0.30715045
16.13909000130525 -0.14138576
16.140478910483807 -0.4646299
16.141867819662366 0.302978
16.143256728841607 0.43256176
16.144645638019938 -0.70847857
16.14603454719054 0.75085855
16.14742345636978 -0.044168152
16.148812365548793 0.15169764
16.15020127472735 -0.9921442
16.151590183905682 -1.1990967
16.15297909308424 -1.1145155
16.1543680022628 -1.6237309
16.15575691144113 -1.47859
16.157145820619462 -2.9980695
16.158534729798703 -2.1917772
16.15992363897726 -1.9460212
16.16131254815491 -3.2171223
16.16270145733415 -3.0909956
16.164090366513392 -3.1960812
16.16547927569127 -3.3296587
16.1668681848696 -2.7380676
16.16964600322717 -3.2018034
16.17103491240573 -2.248999
16.17242382158429 -2.0449674
16.17381273076353 -2.1206675
16.17520163994186 -1.0845338
16.176590549119737 -1.6530571
16.177979458298978 -1.4453298
16.17936836747799 -1.4377598
16.18075727665564 -0.46945798
16.1821461858342 0.082554504
16.183535095013212 -1.0695727
16.184924004192 0.61829454
16.18631291337033 1.398062
16.18770182254866 1.3848295
16.189090731727447 2.6444263
16.19047964090646 2.7679303
16.19186855008502 3.4587655
16.193257459262668 4.486137
16.19464636844168 4.3073187
16.196035277620467 4.1493626
16.1974241867988 2.7903423
16.19881309597804 4.741251
16.20020200515637 2.4265065
16.20159091433493 3.6321
16.202979823513488 3.6532009
16.20436873269182 2.4926693
16.20575764187106 2.566581
16.20714655104939 1.6827409
16.208535460227267 1.0975279
16.209924369406508 1.0598568
16.21131327858575 -1.5158437
16.212702187763398 -0.7226649
16.214091096941956 -2.428712
16.215480006121197 -2.0576637
16.216868915298846 -2.7867658
16.218257824477405 -2.8542402
16.21964673365642 -4.1885834
16.22103564283543 -3.7849302
16.222424552014218 -3.3481367
16.223813461191867 -4.086001
16.22520237037088 -2.7538037
16.22659127955012 -2.8416631
16.227980188727997 -1.4922397
16.22936909790633 -2.262649
16.23075800708557 -1.7773359
16.232146916264128 -1.6895956
16.233535825442686 -1.5253807
16.234924734621018 -2.1058254
16.236313643792073 -1.3918034
16.23770255297086 -1.8852825
16.23909146214919 -1.8167952
16.24048037132752 -2.4615548
16.241869280506762 -2.2928693
16.24325818968532 -1.7435988
16.24464709886388 -2.0708961
16.246036008042893 -2.0705981
16.24742491722145 -1.7865152
16.248813826392507 -1.2557226
16.250202735571065 -1.3589008
16.251591644749624 -0.6644892
16.252980553928865 -0.79651684
16.254369463107196 -0.12761675
16.255758372285072 -0.30446818
16.257147281464313 0.4533047
16.25853619063537 0.7230821
16.259925099813245 0.31752193
16.261314008992258 1.7691698
16.26270291817127 1.0797653
16.264091827349148 1.1471201
16.26548073652043 1.489021
16.266869645699444 2.2447076
16.268258554878685 1.0057344
16.269647464057243 1.7024109
16.271036373227616 1.6941853
16.272425282406857 0.8277505
16.273814191586098 1.7785876
16.275203100763974 1.936067
16.27659200993503 1.2922015
16.27798091911427 0.87925017
16.279369828292147 -0.6579326
16.280758737463202 -0.14686953
16.282147646642443 0.21333037
16.283536555820774 -0.19950175
16.28492546499183 -0.8667329
16.286314374170615 -1.4949815
16.287703283348947 -0.5108842
16.28909219252091 -1.1092702
16.290481101699243 -0.9878526
16.2918700108778 -1.3244483
16.29325892004954 -1.4928954
16.294647829228325 -2.0283375
16.296036738406656 -2.0012167
16.29742564757771 -2.4864702
16.29881455675627 -2.6472874
16.300203465927552 -2.4415271
16.301592375105884 -2.1188195
16.302981284277166 -2.310036
16.30437019345618 -1.9444715
16.30575910262769 -1.3149114
16.30714801180534 -1.1561207
16.308536920977076 -0.67551637
16.309925830156317 -0.23407333
16.311314739326917 0.08338899
16.31270364850525 -0.16767207
16.314092557677213 -0.010133044
16.315481466856454 0.65036255
16.31687037602751 0.112834424
16.318259285205386 1.1417556
16.31964819437735 0.29511
16.321037103548406 0.8307308
16.322426012726282 1.9390473
16.323814921898247 1.3705239
16.325203831069985 0.84897023
16.326592740247634 0.40430847
16.327981649419144 -0.18692484
16.32937055859088 -0.69918
16.33075946776944 -0.6728341
16.332148376940495 -0.74728215
16.333537286111778 -0.9179346
16.334926195290336 -1.302871
16.3363151044623 -3.081101
16.337704013633356 -1.8805737
16.33909292280441 -1.9871495
16.340481831983652 -2.7480218
16.341870741154708 -2.0955136
16.343259650326218 -2.9851947
16.344648559497273 -2.8904808
16.346037468668328 -1.9782681
16.347426377839838 -1.6554414
16.34881528701817 -1.3814319
16.350204196189225 -0.6930406
16.35159310536119 -0.8394333
16.352982014532245 1.0549691
16.354370923702845 1.2019578
16.35575983287481 1.1782346
16.357148742046775 1.5026112
16.358537651217375 2.2190769
16.35992656038843 2.6741102
16.361315469560395 3.1227062
16.364093287903415 2.6409693
16.365482197074016 2.3070557
16.366871106245753 1.8660895
16.368260015417036 2.3015718
16.369648924587636 1.293632
16.371037833759374 0.27424783
16.37242674293111 0.61686397
16.37381565210171 -0.19228941
16.376593470437456 -2.0493784
16.37798237960874 -2.9478815
16.37937128878002 -2.9297016
16.380760197951076 -3.5630763
16.38353801628682 -3.8675444
16.38492692545833 -5.0200295
16.386315834628704 -4.2409773
16.387704743793165 -4.7990694
16.389093652964448 -4.0715165
16.39048256213573 -5.380825
16.39187147130042 -4.7313566
16.393260380471474 -4.3995886
16.39464928964253 -3.9760275
16.39742710797782 -4.016977
16.398816017142508 -2.8897057
16.401593835476888 -1.2097067
16.404371653813314 -1.3040035
16.40714947214792 -1.0821495
16.40853838131966 0.08589245
16.412705108818727 0.71008795
16.41409401798319 1.5405207
16.41548292715447 2.4366395
16.41687183631757 3.9166598
16.418260745482257 4.125758
16.419649654646946 4.804553
16.421038563817547 4.6095214
16.422427472981326 5.170654
16.423816382146015 6.3295164
16.425205291309794 5.6624045
16.426594200481077 6.417853
16.427983109645083 5.3861895
16.429372018808863 5.5275755
16.43076092797287 4.651246
16.432149837136876 4.69154
16.433538746300655 4.948085
16.434927655465344 3.0347273
16.436316564629124 2.2681923
16.437705473793358 1.7548643
16.43909438295782 0.8338303
16.440483292121826 0.5514164
16.441872201285605 0.88056153
16.443261110449384 0.80867654
16.44465001961362 0.27639365
16.44603892877808 0.5467671
16.447427837942087 -1.3606293
16.450205656269873 -1.7342407
16.451594565427058 -0.5739475
16.452983474590383 -0.8465264
16.454372383754162 -1.4035459
16.45576129291885 -1.2364103
16.4571502020749 -0.63778573
16.45853911123868 -1.1938514
16.459928020403368 -0.79073507
16.461316929568056 -0.4201041
16.46270583872456 -0.15497597
16.464094747887884 -0.8707861
16.465483657045297 -0.8076632
16.466872566209986 0.43637654
16.468261475373083 0.040710993
16.469650384529814 1.3681397
16.471039293694503 0.44972834
16.472428202851006 1.9930506
16.473817112014785 1.4137981
16.475206021171743 1.7572486
16.476594930328247 3.2735097
16.477983839492026 2.6766136
16.479372748648757 2.3391237
16.480761657812764 2.39873
16.482150566970176 2.0687504
16.48353947612668 1.6219428
16.484928385283183 1.4346602
16.486317294447872 2.573376
16.487706203604603 2.82551
16.489095112761333 0.7226053
16.490484021917837 1.2036268
16.491872931074568 -0.037909504
16.49326184023903 -0.08279293
16.49465074939576 -1.529136
16.49603965855158 -0.2085619
16.497428567708994 -1.7790644
16.498817476865725 -1.2631733
16.500206386021546 -1.7850847
16.50159529517896 -1.6152072
16.50298420433637 -1.1866391
16.50437311349242 -1.4818683
16.505762022648923 -0.4580732
16.507150931806336 -0.3484575
16.508539840956473 -0.50522166
16.509928750112977 -0.25243202
16.511317659269025 0.43351546
16.512706568426438 -0.2155358
16.514095477583624 0.3038125
16.51548438673217 1.0581878
16.516873295889127 0.32848942
16.518262205046312 0.94255185
16.519651114202134 1.3802994
16.52104002335159 1.7953966
16.522428932508774 1.9158009
16.523817841658456 2.440335
16.52520675081496 1.8261534
16.526595659964187 2.314566
16.527984569121145 3.8395295
16.529373478271054 3.6592805
16.530762387427785 3.9645834
16.532151296577013 3.2330966
16.533540205734425 4.334261
16.534929114883653 3.7986395
16.536318024033108 3.8783927
16.53770693318984 4.271674
16.539095842339066 4.4506116
16.540484751489203 4.0246663
16.541873660645706 3.7051773
16.54326256979448 2.762685
16.544651478944616 2.045981
16.546040388093843 1.8194774
16.547429297242616 0.42862776
16.548818206392752 0.3970365
16.55020711554289 0.2629227
16.55159602469871 0.4262435
16.552984933848165 -0.6279507
16.554373842998302 -0.9768255
16.555762752148212 -1.0986603
16.55715166129039 -1.0592011
16.558540570438936 -1.6213466
16.559929479588845 -0.8295387
16.561318388738982 -1.6854231
16.562707297887755 -2.5558517
16.564096207036982 -1.2860621
16.56548511618712 -2.0835924
16.566874025328616 -1.1073033
16.568262934477843 -2.2283158
16.56965184362798 -1.415765
16.57104075276993 -1.4036651
16.572429661919614 -1.3841738
16.57381857106884 -0.30035535
16.575207480210793 0.6959017
16.57659638936093 0.87603146
16.57798529850311 1.0249276
16.579374207652563 1.9525183
16.580763116795424 1.7979001
16.583540935086603 2.9367352
16.584929844228782 3.7258012
16.586318753378237 3.7721746
16.587707662520188 4.4978194
16.589096571662367 3.783619
16.59048548081182 4.681645
16.591874389954683 4.041833
16.593263299096634 4.2204127
16.59465220823813 3.0538013
16.59604111738099 3.6226823
16.597430026523625 3.3409839
16.598818935664895 2.897991
16.60020784481435 2.0302448
16.601596753956983 1.7453274
16.602985663092568 1.4064069
16.604374572234747 -0.22769547
16.605763481376016 -0.17595732
16.607152390518877 -0.7562827
16.608541299661738 -1.2218066
16.609930208803235 -1.6307049
16.611319117945186 -1.6361886
16.61270802708077 -2.931609
16.614096936222268 -1.946975
16.61548584536422 -2.6783423
16.61687475450708 -2.4976165
16.618263663641756 -3.2060356
16.619652572783934 -1.8784876
16.621041481918837 -1.0218877
16.62243039106079 -1.2779557
16.62381930020365 -0.20975402
16.625208209338325 -0.08321017
16.626597118473228 0.80140454
16.62798602761586 1.4006847
16.62937493675099 0.7375068
16.630763845892943 1.8278223
16.63215275502762 2.1676967
16.63354166416275 2.613312
16.6349305733047 2.1406355
16.636319482439376 2.9828699
16.63770839157428 5.360082
16.639097300709636 3.0049243
16.640486209844767 3.734265
16.64187511897876 3.077167
16.643264028121393 1.5289571
16.64465293725698 2.926602
16.6460418463912 1.4313223
16.647430755525875 1.5616213
16.648819664654184 0.82047856
16.65020857378977 -0.40120894
16.651597482924444 -1.6583024
16.652986392058665 -2.0636837
16.65437530119425 -1.9171122
16.655764210329835 -2.3418655
16.657153119456552 -3.622265
16.658542028591455 -3.6694136
16.65993093772704 -3.6767452
16.661319846853758 -4.2376986
16.66270875598866 -3.9271507
16.664097665124018 -3.490595
16.665486574251645 -4.262972
16.66687548338632 -4.274535
16.668264392513947 -2.2493567
16.66965330164885 -2.4508257
16.67104221077716 -1.9246823
16.67243111990456 -1.3310051
16.673820029039234 -0.0951314
16.675208938167543 -0.12958375
16.676597847294943 -0.12988178
16.677986756430073 1.8463002
16.679375665557473 1.9127014
16.680764574684872 1.8048143
16.682153483812726 2.8741486
16.683542392940126 2.9386425
16.684931302067525 2.448203
16.686320211195834 2.1604247
16.68770912032346 3.9394293
16.68909802945018 3.0392575
16.690486938578488 2.739677
16.691875847706797 2.8511405
16.69326475683374 1.6083525
16.69465366596114 2.8163307
16.69604257508945 2.3164735
16.697431484209574 2.950802
16.6988203933372 1.8217425
16.700209302464827 2.0680351
16.701598211585633 2.7892694
16.702987120713715 1.9314177
16.70437602984066 0.8866413
16.70576493896101 -0.028193705
16.707153848089092 -1.3198587
16.70854275720876 -1.3680801
16.709931666336388 -1.8745536
16.712709484577772 -2.8208606
16.71409839370517 -2.5858335
16.715487302825295 -3.221235
16.716876211945646 -4.412702
16.71826512106645 -3.684196
16.719654030194306 -4.228162
16.721042939313747 -3.4131072
16.722431848434553 -2.6268425
16.723820757555586 -3.3166645
16.725209666675937 -3.1840408
16.726598575796288 -2.5450034
16.72798748491641 -2.1492188
16.729376394036535 -1.8801565
16.730765303157114 -1.1793671
16.732154212277237 0.06920273
16.73354312139827 -0.8106435
16.734932030511118 0.96067214
16.736320939630787 0.94743955
16.73770984875182 2.3053865
16.739098757865577 2.9264827
16.740487666985018 2.3210034
16.74187657610537 3.8854263
16.7432654852189 4.138514
16.74465439433925 3.9129643
16.746043303452097 4.16641
16.74743221257245 4.9166126
16.748821121685978 4.5638633
16.75021003080701 5.5518947
16.751598939919404 4.587229
16.75298784903225 3.4013052
16.75437675814601 3.8066268
16.755765667265678 3.908792
16.757154576378525 3.1860077
16.758543485492282 2.162809
16.75993239460513 2.3450844
16.761321303718432 1.5607867
16.76271021283128 1.1653596
16.764099121944128 -0.79836464
16.765488031057885 0.32050222
16.76687694017096 -0.99101174
16.768265849283125 -0.9771235
16.769654758396882 -2.15506
16.77104366751064 -2.1218
16.77243257661621 -2.7635791
16.773821485729286 -4.2481894
16.77521039484236 -3.6209538
16.776599303947933 -4.564638
16.777988213061008 -3.8649218
16.779377122174083 -3.363813
16.780766031280336 -4.0849876
16.78215494039341 -4.890088
16.786321667718312 -3.900566
16.78771057682343 -3.6633935
16.789099485936504 -3.7283642
16.790488395042757 -3.002719
16.791877304148557 -2.6896079
16.793266213254356 -2.0074751
16.794655122359927 -2.0533123
16.797432940580165 -0.48376343
16.798821849685282 0.46057665
16.800210758790854 0.46069586
16.801599667897335 0.7113993
16.802988577002225 2.0104556
16.804377486100748 2.2559135
16.80576639520723 3.1906571
16.8071553043128 3.5738053
16.808544213418372 4.0393295
16.809933122517123 3.2571776
16.811322031622694 4.518443
16.812710940729175 6.28815
16.81409984982747 3.7664523
16.815488758932588 4.6930895
16.816877668031793 3.6281662
16.818266577138047 3.505616
16.81965548623657 2.9959834
16.821044395342142 2.5455995
16.822433304440665 1.8545259
16.823822213539188 1.4713776
16.82521112264476 -0.22715901
16.826600031743283 -1.007761
16.82798894084226 -1.0966933
16.829377849940784 -2.3735762
16.830766759038397 -1.8424854
16.832155668137602 -2.419771
16.833544577236808 -2.619809
16.83493348633465 -3.2001345
16.836322395432944 -2.881361
16.83771130453215 -3.2537205
16.839100213630445 -2.7291267
16.840489122729196 -1.743718
16.84187803182749 -1.6161609
16.84326694091942 -1.9346365
16.844655850018626 -0.052334193
16.84604475911624 -1.2543516
16.847433668207486 -0.5020625
16.848822577306464 -0.5307927
16.8502114863968 0.35400087
16.851600395495552 1.275035
16.852989304587254 0.40347397
16.854378213685777 1.0932362
16.855767122776797 1.1782346
16.857156031868044 1.253696
16.858544940966567 0.5939752
16.85993385005827 0.81392187
16.861322759149516 -0.31388596
16.86271166824008 0.5793121
16.864100577331783 -0.20307812
16.865489486423485 -0.53115034
16.86687839551496 -0.88056153
16.86826730460598 -2.2597284
16.869656213697 -2.042166
16.871045122788246 -2.9285095
16.872434031879493 -3.1469657
16.873822940970513 -3.871359
16.875211850062442 -3.8336284
16.876600759146186 -4.706203
16.87798966823675 -4.889134
16.87937857732868 -6.762972
16.880767486413333 -5.737985
16.88215639550367 -5.873828
16.883545304587642 -6.8285985
16.89465657728192 -2.4061806
16.896045486366347 -1.0100857
16.897434395449636 -0.6018432
16.89882330453338 0.71688306
16.900212213618033 0.8514737
16.901601122702004 1.6388708
16.902990031785976 2.4848013
16.90437894086972 3.9390717
16.90576784995369 4.0588803
16.90715675903084 4.4949584
16.90854566811481 4.940932
16.909934577197873 5.9234796
16.911323486282527 4.949873
16.912712395359904 6.1812162
16.914101304443648 5.497653
16.91549021352057 4.3358107
16.916879122604314 4.17547
16.91826803168169 4.230665
16.91965694075816 2.6383464
16.921045849841448 1.8406973
16.922434758918826 0.63116944
16.923823667995293 0.06288448
16.925212577078582 -1.1822282
16.92660148615596 -2.3894315
16.92799039523311 -3.2195065
16.929379304308895 -4.5151052
16.930768213385818 -4.2983184
16.932157122462968 -5.885749
16.933546031539663 -5.499739
16.93493494061613 -6.5162625
16.9363238496926 -5.8813977
16.9377127587627 -5.3123374
16.939101667840077 -6.556616
16.94049057691609 -6.0065107
16.941879485985282 -4.6142306
16.94326839506266 -3.7088134
16.944657304138673 -2.7447436
16.946046213207865 -2.0872283
16.947435122285242 -1.3414958
16.948824031354434 -0.9452938
16.95021294043113 0.4524702
16.95160184950055 0.89903945
16.95299075856974 1.601319
16.95437966763984 2.1052294
16.95576857671631 2.4858742
16.957157485785046 3.288888
16.958546394855148 1.5554222
16.95993530392525 2.1897507
16.96132421299444 2.9078856
16.962713122063633 1.7093252
16.96410203113328 1.4643441
16.965490940203154 0.17148687
16.966879849272573 0.63820297
16.968268758334034 0.24980932
16.969657667403908 -0.27836066
16.971046576473327 -1.4330509
16.972435485542064 -1.6682568
16.973824394604662 -1.5216851
16.975213303674536 -2.3382893
16.976602212735997 -2.2052484
16.97799112180519 -2.5592494
16.979380030868015 -2.6977143
16.980768939937434 -3.107268
16.982157848999577 -2.973154
16.983546758061493 -2.931609
16.984935667131595 -2.2572248
16.98632457619442 -2.659328
16.987713485255654 -2.5258698
16.989102394317797 -2.06273
16.990491303380622 -1.3239119
16.99188021244254 -1.2415364
16.993269121504454 -0.9171001
16.994658030566825 0.10496642
16.99604693962874 -0.4008513
16.997435848690657 -0.45598698
16.99882475774575 -0.037492264
17.000213666807667 -0.86905754
17.001602575870493 0.11807976
17.002991484925133 1.0335109
17.004380393986594 0.21356879
17.00576930304942 0.6124531
17.00715821210474 0.9305115
17.008547121165975 1.0699899
17.00993603022107 1.8105365
17.011324939276392 1.1399674
17.01271384833899 1.4726889
17.014102757393857 1.2035075
17.015491666447815 1.8453466
17.016880575503365 2.3984914
17.018269484558914 2.2660465
17.0196583936131 2.1947577
17.02104730266774 1.6318374
17.02243621172329 1.8603673
17.023825120777474 2.163405
17.025214029832114 2.7566051
17.026602938887663 2.4395006
17.027991847942303 2.0574253
17.02938075699717 1.3043611
17.030769666044762 2.1591134
17.032158575099402 1.4140365
17.03354748415495 2.3646352
17.034936393202315 1.425004
17.03632530225741 1.4186858
17.037714211305456 1.0950243
17.039103120353047 0.73965263
17.040492029407687 2.0104556
17.04188093845505 0.20629686
17.04326984750287 1.0707052
17.04465875655751 -0.26262465
17.046047665604874 0.19556774
17.047436574652693 0.17947409
17.04882548370074 -0.062646054
17.05021439274833 -0.37015414
17.051603301795012 0.5008704
17.05299221084306 0.15789667
17.05438111989133 0.56476814
17.055770028930965 0.817379
17.05715893797833 0.62532806
17.058547847026603 0.9295578
17.059936756074876 0.98046136
17.061325665114964 2.3382893
17.062714574161873 0.285573
17.06410348320287 1.9836328
17.065492392251144 2.1793792
17.06688130129055 1.7493806
17.06827021033814 1.483418
17.06965911937914 0.6465478
17.071048028418545 0.36019993
17.07243693745886 -0.3047066
17.073825846507134 -1.2873734
17.075214755547222 -0.4903201
17.07660366458731 -1.9865534
17.077992573627625 -2.0804331
17.07938148266794 -2.7790172
17.08077039170894 -2.8057802
17.082159300749026 -3.99081
17.083548209789114 -3.4124515
17.084937118822836 -3.8484704
17.08632602786315 -3.8659947
17.087714936903467 -4.56136
17.08910384593628 -3.7587037
17.090492754976594 -3.7027931
17.091881664017365 -3.2065125
17.093270573050404 -3.187975
17.094659482082534 -3.4120343
17.09604839112353 -2.2040563
17.09743730015657 -2.8357623
17.0988262091887 -1.6972252
17.1002151182297 -1.879024
17.10160402726342 -1.4542706
17.102992936295777 -0.20814465
17.10438184532859 -0.24653101
17.10577075436231 -0.7305925
17.107159663396033 -0.75222945
17.108548572428845 -0.42219028
17.109937481461202 1.1926593
17.111326390494924 0.4678486
17.112715299528418 0.41408387
17.11410420855327 1.2477354
17.11549311758654 1.3875713
17.116882026620033 0.21821807
17.118270935645796 -0.11360931
17.11965984467861 -0.10115162
17.121048753704144 0.059784956
17.12243766273741 0.13965718
17.123826571762947 0.25672364
17.125215480788484 -0.100615166
17.12660438982175 0.11116545
17.12799329884797 0.7267777
17.129382207873732 0.5925446
17.13077111689927 0.54700553
17.132160025925714 0.7195057
17.13354893495125 1.6823833
17.134937843977013 2.4842052
17.136326753002777 1.5402822
17.137715662028313 1.8672816
17.13910457105476 2.6487179
17.140493480080295 2.0478883
17.1418823890981 1.6100215
17.143271298124546 1.7795414
17.14466020715099 1.4571913
17.14604911616857 1.6554414
17.147438025194333 1.25763
17.148826934213503 1.658541
17.150215843238357 0.54128337
17.151604752256844 0.75240827
17.152993661276014 -0.76713103
17.154382570294956 -1.737817
17.15577147932072 -1.7146302
17.157160388338298 -2.1205482
17.15854929735724 -2.9294035
17.15993820637641 -2.5126374
17.161327115394215 -3.2645688
17.162716024412475 -2.9427552
17.164104933431645 -3.1892266
17.165493842450132 -2.8860698
17.16688275146862 -2.7624466
17.168271660479604 -2.0369208
17.16966056949809 -1.4500387
17.171049478517034 -0.65727687
17.172438387528246 -0.7111013
17.173827296545824 -0.18275243
17.175216205557717 0.9325381
17.176605114576205 1.0224241
17.177994023587416 1.8981575
17.17938293259931 2.4505873
17.18077184161757 3.769075
17.182160750628555 2.4007566
17.183549659639766 3.7422523
17.184938568650978 3.6456904
17.18632747766287 4.259634
17.187716386673856 3.6890838
17.189105295684385 4.3240085
17.19049420469628 4.80348
17.191883113707945 3.1331968
17.193272022718247 2.5885158
17.19466093172241 2.7417035
17.196049840734076 1.2008849
17.197438749745288 1.0176556
17.198827658748996 0.8354993
17.20021656775998 -0.54283315
17.2016054767646 -0.35549104
17.20299438577581 -1.4623771
17.204383294778836 -2.5525734
17.205772203783454 -2.516452
17.207161112795347 -3.3770454
17.2085500217986 -3.8872144
17.20993893080231 -4.4926934
17.211327839806927 -4.5103965
17.212716748810635 -4.6758037
17.21410565781457 -3.8730876
17.215494566818506 -4.327823
17.216883475822215 -3.8616433
17.218272384826832 -3.8036466
17.21966129383054 -2.494994
17.221050202826518 -1.5493424
17.222439111831136 -0.49014127
17.223828020835754 0.7874567
17.225216929832186 1.6338639
17.226605838835894 2.9404306
17.22799474783278 3.8632526
17.22938365683649 4.137799
17.230772565832922 5.020447
17.23216147482981 6.6352963
17.2335503838342 7.070659
17.23493929283086 7.616532
17.23632820182661 7.9184966
17.237717110823723 8.191135
17.239106019821065 8.3878355
17.240494928817043 7.7096367
17.241883837813475 8.27363
17.243272746810817 7.6534877
17.244661655807477 7.223251
17.246050564804136 7.774727
17.247439473793293 6.393772
17.248828382790634 5.3394585
17.250217291787976 4.915778
17.25160620077645 3.6193445
17.25299510977311 2.5326054
17.254384018763176 1.6033456
17.255772927758926 0.58312684
17.25716183674831 -0.62973887
17.258550745738376 -0.85743433
17.259939654727532 -2.1014144
17.261328563723964 -2.2385085
17.262717472713348 -1.6543685
17.26410638170273 -3.0381248
17.265495290692797 -2.9475834
17.266884199681954 -3.334129
17.268273108670655 -2.9776247
17.26966201766072 -3.3232212
17.271050926643284 -1.8951175
17.272439835632667 -3.0797896
17.273828744621824 -2.9971159
17.27521765360393 -2.2969227
17.27660656259377 -1.6313009
17.277995471583154 -1.5830199
17.279384380564352 -1.0224241
17.28077328954714 -0.78090006
17.282162198536525 -0.67694694
17.283551107517724 0.27782422
17.284940016500514 0.07647468
17.28632892549058 0.79723215
17.287717834472005 0.91179514
17.289106743453885 0.90881485
17.290495652436675 1.9820831
17.291884561418556 0.93826026
17.293273470400663 1.1225624
17.29466237938277 2.8633003
17.296051288357376 1.7038414
17.297440197340165 2.6502678
17.298829106322046 2.2315943
17.300218015297105 2.5909
17.301606924279668 2.6246371
17.302995833261775 2.7046285
17.30438474223638 2.1136935
17.305773651210984 2.3288715
17.30716256019332 2.1388474
17.308551469167924 1.9824407
17.309940378142528 1.5442163
17.311329287124863 0.90035075
17.31271819610015 0.18519628
17.31410710507498 -0.5375878
17.315496014048904 -1.4293553
17.31688492302419 -1.4405017
17.318273831999704 -2.8115025
17.319662740973854 -2.8314705
17.321051649941182 -3.3718596
17.322440558916696 -3.4289625
17.32382946789221 -3.8630142
17.325218376866815 -3.1849349
17.32660728583369 -4.7796974
17.327996194809202 -4.2744756
17.32938510377744 -3.275596
17.330774012751363 -2.5486991
17.33216292171892 -3.436115
17.333551830687156 -2.0434773
17.33494073966108 -1.8679969
17.336329648628634 -1.7736999
17.337718557596872 -0.7584881
17.3391074665642 -0.5515952
17.34049637553153 0.23371568
17.341885284499085 0.6583498
17.34327419346664 -0.36627975
17.34466310243488 -0.59010077
17.346052011402207 0.29069915
17.34744092036226 0.23300041
17.348829829330498 -1.3016789
17.350218738298054 -0.14973062
17.351607647258334 1.1460472
17.352996556225662 0.29570606
17.354385465185942 -1.6957947
17.355774374153953 -1.4069433
17.357163283114232 -1.8486248
17.358552192073603 -2.2158582
17.35994110104184 -2.9640942
17.36133001000212 -3.6611881
17.36271891896149 -3.2563431
17.364107827922453 -3.7898774
17.365496736883415 -3.512888
17.366885645843013 -4.038197
17.368274554803065 -2.5882177
17.369663463764027 -4.249322
17.371052372717713 -3.179034
17.372441281677766 -2.2448268
17.373830190637364 -2.925231
17.37521909959105 -1.4754905
17.376608008551784 -0.15879077
17.377996917511155 -0.12851085
17.379385826464386 1.5976233
17.380774735417845 2.1194155
17.382163644378124 3.1610925
17.3835525533309 4.236745
17.384941462283678 5.4812016
17.38633037123691 5.7991414
17.387719280197643 5.934924
17.389108189150647 7.987163
17.39049709810297 6.721606
17.391886007056428 7.9168277
17.393274916002156 6.6000094
17.394663824954932 6.4833
17.39605273390862 6.0050206
17.397441642861395 4.4916205
17.398830551807123 4.2974243
17.400219460760127 3.9208322
17.401608369705627 2.6170075
17.402997278659313 1.0466243
17.404386187604814 -0.18299086
17.405775096557136 -1.0330341
17.407164005503546 -2.2775505
17.408552914449956 -3.4785547
17.409941823394774 -3.4507782
17.41133073234778 -5.1270223
17.41271964129419 -4.78083
17.41410855023969 -5.339995
17.41549745918519 -4.728734
17.41688636812387 -4.2369237
17.41827527707005 -4.0561385
17.41966418601578 -3.6840768
17.421053094960598 -3.1647284
17.42244200390678 -3.2340505
17.423830912845915 -1.9687312
17.42521982179096 -1.2893404
17.426608730729185 -0.7882316
17.427997639675596 -0.29660016
17.429386548614048 -0.35370284
17.4307754575525 0.16659915
17.432164366498 0.871859
17.433553275436225 -0.4930024
17.43494218437536 -0.28926858
17.43633109331381 -0.5419987
17.437720002251353 -0.1551548
17.439108911190488 -0.68493414
17.44049782012962 -2.905859
17.441886729067846 -3.2074661
17.443275638006526 -3.4310486
17.444664546937474 -2.8238409
17.4460534558757 -2.1495764
17.44744236481415 -2.2811866
17.448831273745327 -1.1507561
17.45022018268446 -1.3108582
17.45160909161541 -1.9305832
17.45299800055318 -0.64416355
17.454386909485038 -0.9213321
17.45577581841667 0.34982845
17.457164727346935 0.58837223
17.45855363627811 0.34815946
17.459942545217018 1.4652978
17.46133145414842 2.3330438
17.46272036307937 1.648527
17.464109272003043 2.0918775
17.4654981809349 3.1240175
17.46688708986676 1.6565143
17.468275998797253 1.9229536
17.469664907728202 2.4446266
17.471053816652784 1.4093872
17.472442725583278 2.0700617
17.47383163450695 1.6068027
17.47522054343881 2.3241029
17.47660945236248 1.2581068
17.47799836128638 1.1523654
17.479387270217558 1.487352
17.48077617914123 1.2439206
17.482165088065813 1.7936084
17.483553996989485 0.69172925
17.484942905912703 -0.18853422
17.486331814837285 0.18185835
17.487720723761868 0.3154953
17.48910963268554 0.3348077
17.490498541609213 0.03320062
17.49188745053334 0.9389756
17.49327635945042 0.08613087
17.49466526837432 0.16469176
17.49605417729026 0.30703124
17.497443086214616 0.07671311
17.498831995131695 0.502301
17.500220904054913 0.026643945
17.50160981297131 1.4492041
17.502998721888616 1.4009231
17.504387630811834 1.0469819
17.50577653972823 1.508691
17.507165448645537 0.8059346
17.50855435756216 1.8243651
17.509943266478786 1.5998884
17.511332175395182 1.027431
17.51272108431249 0.20140915
17.51410999322252 0.79258287
17.515498902138233 0.73977184
17.516887811054858 -0.15318778
17.518276719964888 0.18448101
17.519665628881285 -0.3775453
17.521054537790405 -0.9327169
17.522443446707257 -0.47011364
17.523832355616378 -1.1143963
17.525221264526408 -2.3521776
17.526610173442805 -1.4880673
17.52799908235147 -2.62571
17.5293879912615 -3.0166667
17.530776900170622 -2.008906
17.532165809079288 -2.7968392
17.53355471798932 -2.6531885
17.53494362689912 -2.4754431
17.53633253580847 -3.271364
17.53772144471759 -3.3189297
17.539110353619435 -3.4513147
17.540499262529465 -4.46754
17.541888171438814 -3.8730876
17.543277080339976 -3.9853263
17.544665989250007 -3.97114
17.54605489815276 -3.9937901
17.54744380705415 -4.0029697
17.54883271596327 -2.308069
17.550221624866026 -2.6522348
17.55161053376787 -1.6614616
17.552999442669943 -1.5232944
17.554388351572015 -0.25165713
17.55577726047386 -0.09852895
17.557166169376615 -0.078084044
17.55855507827846 0.52435523
17.55994398718076 0.9498238
17.561332896083286 1.1462857
17.562721804977173 1.3438205
17.564110713879245 1.5953584
17.565499622774496 2.2201498
17.566888531676796 2.8380272
17.568277440571364 3.1012478
17.56966634947321 2.0313177
17.571055258368233 3.6517704
17.572444167263484 1.6084718
17.573833076165556 1.1862218
17.575221985059443 0.29332182
17.576610893954694 0.7191481
17.577999802850172 -0.4939561
17.579388711744286 -0.5447405
17.580777620638855 -0.92246467
17.582166529527058 -1.5198374
17.583555438422536 -1.746579
17.584944347317105 -1.9631879
17.58633325621122 -2.0163565
17.58772216509942 -2.7833683
17.58911107399399 -2.4232876
17.59049998288083 -2.6760771
17.591888891776307 -3.0826507
17.59327780066451 -2.3913984
17.59466670955112 -3.0100503
17.59605561843864 -2.3003201
17.59744452733412 -1.8378958
17.598833436221412 -2.4797943
17.600222345108705 -1.3575895
17.601611253996452 -1.306805
17.603000162883745 -0.16153264
17.604389071771948 -1.0226625
17.605777980651965 1.0032309
17.607166889538803 0.64571327
17.608555798427005 1.8294913
17.609944707307704 1.17287
17.611333616195225 3.2431107
17.61272252507524 3.1141229
17.614111433962762 2.8146615
17.61550034284346 3.2134266
17.61688925173098 3.7907717
17.618278160610316 3.2670722
17.619667069491243 4.9281764
17.621055978371487 3.9539733
17.622444887250822 4.696666
17.62383379613175 4.530722
17.625222705012675 4.8946776
17.626611613892237 4.0890408
17.628000522772254 3.4741437
17.62938943165318 3.007547
17.63077834052592 2.2535293
17.632167249406166 1.2114948
17.633556158279134 0.702816
17.63494506716006 -0.21642989
17.636333976033484 -0.5840806
17.63772288491282 -2.8273578
17.639111793786014 -2.5031004
17.640500702659438 -2.4561903
17.641889611539682 -4.084749
17.643278520412423 -4.772723
17.644667429285164 -4.722058
17.64605633815836 -5.612514
17.6474452470311 -5.871324
17.64883415590384 -6.237544
17.65022306476976 -5.333259
17.651611973643185 -5.391316
17.653000882516153 -5.1282144
17.654389791388212 -4.42969
17.65577870025436 -3.1299183
17.65716760912801 -2.964869
17.658556517993702 -2.50167
17.659945426859395 -0.25755814
17.661334335732136 -1.6169358
17.66272324459851 0.4223095
17.664112153463975 0.93384945
17.665501062328985 2.1618552
17.666889971202636 2.2596092
17.66827888006901 2.517227
17.669667788926517 3.2345273
17.67105669779221 3.6697714
17.672445606658584 4.2118297
17.67383451552405 4.3989925
17.675223424389515 4.0351567
17.67661233324816 3.391172
17.678001242113623 2.5870852
17.679390150971813 2.569442
17.680779059837505 2.8202646
17.682167968696376 1.622062
17.68355687756275 0.8549309
17.684945786420485 0.8115376
17.686334695278674 0.070871696
17.687723604137773 0.78674144
17.68911251299619 -0.4863861
17.690501421854606 -0.07629586
17.691890330712795 -1.2215086
17.69327923957121 -1.3313627
17.694668148430083 -1.2961354
17.6960570572885 -1.7698852
17.69744596613873 -1.6746942
17.69883487499783 -2.2480454
17.700223783856927 -3.1613905
17.701612692707386 -3.1515555
17.703001601565575 -3.0518343
17.704390510417397 -3.7657967
17.70577941926831 -3.4514935
17.707168328126727 -3.4692562
17.708557236977867 -2.0447886
17.70994614582969 -1.4753712
17.711335054680603 -1.0344646
17.71272396353106 0.4657028
17.714112872382884 0.59457123
17.71550178123448 2.9961026
17.71689069008471 2.8669958
17.718279598928802 3.13117
17.719668507780398 5.7469263
17.721057416631538 5.6097126
17.722446325475175 6.716003
17.72383523432609 7.3728623
17.72522414317018 7.067202
17.726613052021776 7.35963
17.72800196086564 7.564198
17.729390869709277 6.9451284
17.7307797785611 6.1106424
17.732168687404737 5.252314
17.73355759624883 5.3029795
17.734946505092466 3.0294821
17.736335413936104 2.8488755
17.737724322779968 1.7151667
17.739113231616557 0.96055293
17.740502140460194 0.09161464
17.74189104930474 -1.0460281
17.743279958141102 -2.202268
17.744668866984284 -2.746174
17.746057775821555 -2.840769
17.7474466846661 -3.4356382
17.74883559350178 -3.6563003
17.750224502345645 -3.929356
17.751613411182916 -5.3404717
17.75300232001996 -4.9099965
17.754391228856548 -4.6539283
17.755780137692454 -4.934852
17.757169046529498 -4.757285
17.75855795536654 -4.9853983
17.759946864202448 -4.8699408
17.76133577303881 -3.6061716
17.762724681868804 -3.761982
17.764113590705392 -2.0673199
17.76550249954198 -1.2204953
17.766891408371066 -0.30047455
17.768280317207655 0.06085787
17.769669226036967 1.6537724
17.77105813487333 3.6114764
17.77244704370264 4.278589
17.77383595253241 5.1295257
17.77522486136172 5.740846
17.776613770191034 6.5485096
17.77800267902103 5.9089355
17.779391587850114 6.424052
17.7807804966792 6.76631
17.78216940550874 5.150388
17.783558314337824 5.306079
17.784947223160543 4.3699045
17.78633613198963 2.3940806
17.78772504081826 2.3238645
17.789113949640978 0.7108032
17.790502858470745 0.6326
17.791891767291872 -1.3210509
17.793280676114136 -2.23827
17.794669584943904 -3.1328392
17.79605849376594 -3.6858053
17.79744740258775 -4.953211
17.798836311409787 -5.5434904
17.800225220232278 -5.7170634
17.801614129054315 -6.656218
17.803003037875442 -6.9304056
17.80439194669816 -6.638932
17.805780855513603 -6.3119326
17.807169764334958 -6.4867578
17.808558673156767 -6.573067
17.80994758197221 -5.9575143
17.81133649079402 -5.658232
17.81272539960878 -4.3453474
17.814114308430817 -4.129812
17.81550321724535 -3.1265209
17.816892126060793 -2.4637604
17.818281034875326 -1.4800205
17.819669943689405 -0.8926616
17.821058852504848 0.40013602
17.82244776132029 1.1791883
17.823836670134824 2.0159392
17.825225578949585 1.9417893
17.826614487764346 0.85421556
17.82800339657888 2.5680115
17.829392305386136 1.8020724
17.830781214201124 1.5835563
17.832170123009064 1.522162
17.833559031823825 1.776561
17.834947940630627 1.5642439
17.836336849445843 1.0640292
17.837725758253782 1.1774001
17.839114667060585 0.40061286
17.840503575867842 0.7304733
17.84189248467601 0.81368345
17.843281393483494 0.080289476
17.84467030229098 0.54104495
17.846059211098236 -0.088753544
17.847448119906403 -0.15199566
17.84883702871457 -0.35352403
17.850225937514097 -0.095548645
17.851614846321354 0.17124844
17.853003755125883 0.12463644
17.854392663929502 0.3152569
17.85578157273312 0.014245868
17.857170481533558 0.7432289
17.858559390337177 1.277896
17.85994829913716 1.2026731
17.861337207941233 -0.39584437
17.862726116741214 0.3076273
17.864115025542105 -0.30917707
17.865503934342087 -0.8785945
17.866892843141613 0.56476814
17.868281751938866 -0.14174339
17.86967066073953 -0.85594416
17.8710595695361 -1.1902155
17.872448478332444 -1.3232563
17.873837387132653 -1.5882652
17.87522629592968 -1.5402822
17.876615204726477 -2.277968
17.8780041135185 -1.281234
17.879393022315526 -2.3024063
17.88078193110914 -2.5261679
17.88217083990503 -2.949312
17.883559748697735 -3.0028977
17.88494865749135 -2.7490351
17.886337566284055 -2.701529
17.887726475077216 -2.9776247
17.88911538386992 -2.1511858
17.89050429265899 -3.3626804
17.89189320145192 -1.998415
17.893282110241216 -1.6218832
17.894671019031193 -1.211316
17.896059927820943 -0.9563209
17.89744883660933 -1.0581878
17.89883774539885 -0.4863265
17.900226654184962 -0.42648193
17.901615562974257 0.2388418
17.903004471759687 0.13858427
17.90439338054898 0.8518313
17.90578228933464 0.26339954
17.90717119812075 0.064672664
17.908560106906407 0.40216264
17.909949015687744 0.20736977
17.911337924473855 0.5285277
17.91272683325633 -0.53991246
17.914115742041304 -1.4759673
17.915504650823323 -0.60518116
17.916893559605796 -0.33075446
17.918282468387815 -0.9211533
17.919671377169834 -2.1041565
17.921060285947988 -2.4445074
17.92244919473069 -1.4444356
17.923838103508842 -2.6137888
17.92522701229018 -2.3885968
17.926615921069242 -2.3407927
17.928004829848305 -1.6357714
17.929393738625777 -1.0481144
17.930782647404158 -1.2559611
17.932171556179583 -0.7546137
17.933560464957736 -0.33337712
17.934949373732252 -0.22888759
17.936338282507222 -0.11658961
17.937727191281738 1.1303113
17.939116100057163 1.9662278
17.94050500883168 1.4714968
17.94189391760574 3.471402
17.943282826377526 3.3426528
17.944671735152724 3.1624038
17.94606064392383 3.4138224
17.947449552694707 4.012268
17.94883846146581 3.5978863
17.95022737023737 3.5009665
17.951616279008704 3.6348422
17.9530051877789 3.4109614
17.95439409654682 3.2615886
17.955783005314288 3.9248857
17.957171914084483 3.8446555
17.958560822852633 2.8953683
17.95994973162078 3.8781543
17.961338640387567 2.351045
17.962727549151168 2.460482
17.964116457919317 1.939405
17.96550536668292 1.9148473
17.966894275450613 2.2746298
17.968283184214215 1.5929741
17.969672092978726 2.3407927
17.971061001743237 1.700742
17.972449910506157 0.56071496
17.973838819266348 1.1442591
17.97522772803063 0.34291413
17.976616636790823 0.4573579
17.978005545550786 0.31013075
17.979394454310977 0.9835609
17.98078336307117 1.2885059
17.98217227183204 1.0612874
17.983561180592005 1.7684546
17.984950089347876 0.97116286
17.986338998108522 1.1365103
17.987727906865075 1.0134832
17.989116815624584 0.7582497
17.990505724381592 0.5422371
17.99189463313496 0.28664592
17.993283541891742 0.4908566
17.994672450648068 0.57537806
17.996061359400755 1.0467435
17.99745026815799 0.27090994
17.998839176910906 0.7586073
18.00022808566291 1.2417748
18.00161699441651 1.304838
18.003005903170106 0.70186234
18.00439481192234 0.7371492
18.00578372067139 1.5907091
18.007172629424986 1.7292337
18.008561538174035 0.8653023
18.009950446923312 1.6588986
18.01133935567259 1.6037033
18.01272826442164 1.7493806
18.0141171731716 0.584319
18.01550608191701 0.6075654
18.016894990666287 0.71187615
18.01828389941238 -0.06330172
18.019672808161886 0.15324739
18.021061716907298 0.18007016
18.02245062565271 1.1963549
18.02383953439471 0.8122529
18.02522844314035 0.6087575
18.02661735188576 0.8977281
18.028006260627762 0.904404
18.02939516937022 2.2487607
18.030784078112447 1.438475
18.032172986857177 1.4333489
18.033561895595994 2.768288
18.034950804338678 2.2035792
18.036339713079997 1.7224386
18.037728621818133 1.8414125
18.039117530560816 2.7731757
18.04050643929986 1.8349751
18.041895348037997 2.7381272
18.043284256775678 1.6099023
18.044673165514723 3.1352234
18.04606207425013 2.3062212
18.047450982987584 2.9498484
18.04883989172231 2.1367013
18.050228800461127 2.4631045
18.051617709195853 2.5529907
18.05300661793035 1.4596949
18.054395526665076 2.5881581
18.055784435396163 2.1889162
18.05717334413066 1.7183853
18.058562252861748 1.7616595
18.059951161596473 1.1056342
18.061340070328242 1.4983195
18.062728979059102 1.1609488
18.064117887789962 0.65691924
18.06550679652173 -0.9346839
18.066895705248953 -1.3045399
18.068284613980268 -1.1325762
18.06967352270749 -2.2149642
18.07106243143471 -2.4467726
18.072451340162843 -2.150232
18.073840248890292 -4.6563125
18.075229157616832 -3.815687
18.076618066344963 -4.2489643
18.078006975073095 -3.8480532
18.079395883796224 -4.3309226
18.080784792519808 -4.251706
18.0821737012443 -3.2277322
18.083562609967885 -3.2426932
18.084951518691696 -2.933874
18.086340427415507 -2.3269045
18.08772933614 -1.4692914
18.089118244859947 -1.3536555
18.090507153583076 -0.1756593
18.091896062303704 0.24837878
18.09328497102433 1.1534384
18.094673879743823 1.746281
18.096062788463996 1.6429241
18.097451697180986 3.4334924
18.098840605901387 3.0969563
18.100229514617695 3.4082193
18.101618423334003 3.6822886
18.103007332050538 4.0725894
18.104396240767528 4.48721
18.10578514948429 4.224943
18.107174058199917 4.709183
18.108562966916907 4.142567
18.109951875630486 4.4005423
18.111340784343383 3.2274938
18.11272969305628 3.4858267
18.11411860176895 3.1906571
18.11550751048253 2.7839048
18.1168964191952 1.465417
18.118285327907415 1.0697515
18.119674236617357 1.124589
18.121063145330936 0.36663738
18.122452054039286 -0.9173981
18.123840962748545 -1.8342001
18.125229871458487 -1.7289357
18.126618780166837 -2.1374166
18.128007688872458 -3.0897439
18.129396597582172 -2.8770096
18.130785506287793 -3.5193253
18.132174414993187 -3.6259012
18.13356332369881 -3.8237934
18.134952232404885 -3.138144
18.13634114111119 -4.186378
18.137730049816128 -4.2890196
18.13911895852152 -3.867008
18.140507867224187 -3.4725344
18.14189677592617 -3.5252264
18.143285684628154 -3.003911
18.14467459332991 -2.9491928
18.146063502031666 -2.6524136
18.14745241073433 -2.9431725
18.148841319436315 -3.0743654
18.15023022813375 -3.0749018
18.151619136832778 -3.012852
18.153008045535444 -3.2260633
18.154396954233107 -3.3842578
18.155785862931225 -2.4398582
18.157174771626615 -2.9606967
18.158563680324733 -3.1153746
18.159952589023078 -1.3063878
18.162730406413175 -1.9825003
18.164119315107655 -1.0283252
18.16550822380168 -1.5135787
18.16689713249707 -1.0074034
18.168286041192232 -1.0698707
18.169674949882392 -1.1769829
18.1710638585771 -0.265903
18.172452767268624 -0.35304716
18.17384167595992 0.8356185
18.175230584650762 0.60005504
18.176619493341605 -0.5523701
18.1780084020329 0.13190839
18.179397310720788 0.60351217
18.180786219411857 -0.024140486
18.18217512809906 -0.038028717
18.183564036787175 0.55320454
18.18495294547438 -0.4289854
18.18634185416181 0.34017223
18.18773076284924 -0.6989416
18.189119671532808 0.4466288
18.19050858022092 0.9671096
18.191897488904488 0.3523319
18.1932863975876 0.3358806
18.194675306275713 1.3816108
18.19606421495564 1.4104601
18.197453123638752 1.474358
18.198842032323228 0.685411
18.200230941004065 0.95900315
18.20161984968695 0.3619881
18.203008758367105 0.72820824
18.204397667047942 0.08374663
18.205786575728553 0.18495786
18.207175484408708 0.11986794
18.208564393084316 -0.12380195
18.209953301764926 -1.4298917
18.211342210442126 -0.55707896
18.2127311191216 0.2542202
18.21412002779789 -0.17136766
18.21550893647509 0.6827883
18.216897845151607 1.0627179
18.218286753824486 1.0466243
18.219675662500777 1.9723077
18.221064571173656 2.491954
18.223842388523508 3.4835615
18.225231297195478 3.6452136
18.22662020586904 2.8551939
18.22800911453828 2.7753215
18.22939802321025 2.7893887
18.230786931880175 1.9607439
18.232175840553737 0.59552497
18.23356474922275 -0.28122175
18.234953657891992 -0.9516716
18.236342566561234 -2.032629
18.237731475231158 -1.9326695
18.239120383896534 -2.3136718
18.240509292565093 -2.9834661
18.24189820123138 -3.602595
18.243287109897437 -4.32377
18.24467601856213 -5.420761
18.246064927227962 -5.5135083
18.24745383589402 -4.911546
18.248842744559624 -5.0074525
18.250231653221363 -5.2899256
18.25162056188674 -4.8304815
18.253009470548932 -4.7641997
18.254398379211352 -4.186378
18.255787287873318 -2.8464913
18.259954013855804 -0.71676385
18.26134292251413 -0.3522723
18.262731831176097 0.57823914
18.264120739834198 0.8354993
18.265509648492525 1.4942663
18.266898557150853 3.299498
18.268287465805315 2.9537823
18.269676374464325 4.398754
18.271065283118787 2.8206222
18.272454191776433 2.3576016
18.273843100431804 3.0155342
18.275232009087176 2.8667574
18.276620917740956 2.653844
18.278009826392008 1.8373593
18.280787643698886 0.9845146
18.282176552353576 -0.265903
18.283565461003946 -1.0031713
18.28634327830696 -2.4877815
18.28773218695369 -3.3753765
18.289121095604514 -4.020971
18.29051000425261 -4.7444105
18.29189891290366 -5.656027
18.293287821551075 -5.1965823
18.294676730198262 -6.2641287
18.296065638845675 -5.789962
18.297454547493544 -6.7194004
18.29884345613732 -5.581996
18.300232364783824 -5.0442295
18.30162127342828 -4.9310374
18.303010182072057 -3.0349658
18.304399090715833 -3.348375
18.30578799936029 -2.3863914
18.30717690800384 -1.4058108
18.308565816647388 -0.4657624
18.309954725287753 0.966752
18.311343633927663 1.5278841
18.31273254257212 1.924265
18.31412145121203 2.950206
18.315510359851487 2.7310936
18.31689926848867 4.6045146
18.31828817712926 4.061503
18.31967708576849 4.2115912
18.321065994405217 4.660902
18.32245490304217 4.2394867
18.32384381167867 4.318644
18.325232720314943 4.312564
18.326621628951216 4.490786
18.328010537588398 4.4540687
18.32939944622194 3.4138224
18.33078835485776 3.7048197
18.332177263490394 1.9069792
18.333566172123938 2.2060828
18.334955080756117 1.4004463
18.33634398938875 1.3278459
18.337732898018658 -0.8979069
18.339121806651292 -2.0030644
18.340510715280516 -2.1223364
18.341899623913378 -2.536897
18.343288532542374 -3.8510334
18.34467744117228 -3.96357
18.346066349801276 -5.312695
18.34745525842618 -5.842773
18.348844167056086 -5.8298383
18.350233075682354 -6.6627746
18.351621984307712 -6.6227193
18.353010892936936 -7.0962896
18.354399801562522 -7.088362
18.355788710184925 -7.747666
18.35717761881051 -7.0618973
18.358566527435414 -7.852692
18.359955436057817 -7.4436746
18.36134434468022 -5.774047
18.362733253301485 -5.136798
18.364122161923433 -4.6837907
18.365511070545836 -3.5234978
18.366899979167783 -3.0971947
18.36828888778973 -1.9022107
18.369677796407814 -0.46039784
18.371066705026124 -0.0044704606
18.372455613644433 1.1135023
18.373844522262516 1.8603673
18.375233430881508 3.2913916
18.3766223395005 4.538948
18.3780112481179 4.8515224
18.379400156732572 5.6420193
18.380789065347926 6.096814
18.38217797396601 7.0356107
18.383566882576815 6.23963
18.384955791191715 7.484922
18.38634469980616 6.2598963
18.387733608421513 5.3938193
18.38912251703232 5.27866
18.39051142564267 4.9559526
18.391900334258025 3.98628
18.393289242869514 3.1442835
18.394678151476 0.97891164
18.396067060087262 0.00834486
18.39745596869875 -0.15056512
18.3988448773066 -1.480855
18.400233785917862 -3.8218265
18.40162269452435 -4.188047
18.4030116031322 -4.386773
18.404400511740278 -5.646311
18.407178328950522 -6.4858637
18.408567237554962 -6.0949063
18.409956146161676 -5.5001564
18.411345054765206 -5.312874
18.412733963369647 -3.5056756
18.414122871973177 -2.2636623
18.415511780573524 -2.2285542
18.416900689177055 -1.6191412
18.418289597780586 -1.3808955
18.419678506381388 0.06348054
18.42106741498128 0.24730587
18.422456323581628 0.60208166
18.423845232182202 0.9716397
18.425234140782322 2.672918
18.426623049378577 1.1404443
18.428011957978697 3.2227252
18.42940086657518 2.0474114
18.430789775172343 2.2587745
18.432178683768598 2.2547214
18.433567592364398 1.9347557
18.434956500961334 1.8535722
18.436345409554633 1.0187286
18.437734318150433 1.1096874
18.439123226743277 0.9245509
18.440512135336576 1.5355138
18.441901043929647 0.79258287
18.443289952522264 0.5797889
18.44467886111488 0.66216457
18.446067769708407 0.65513104
18.447456678297613 0.42302477
18.44884558688591 0.3571004
18.450234495479435 -0.16242673
18.451623404069323 -0.88205165
18.45301231265421 -0.70877665
18.454401221243188 -0.6374877
18.455790129833076 -0.29737502
18.457179038418417 0.00417243
18.458567947007623 -0.83394957
18.45995685559319 -2.2084074
18.46134576417853 -1.0520484
18.462734672764782 -1.4508731
18.464123581346485 -1.4933126
18.46551248993137 -1.617055
18.466901398513983 -0.271804
18.468290307100233 -1.2847508
18.469679215681936 -1.7710773
18.47106812426364 -1.923371
18.47245703284557 -2.4780657
18.473845941424315 -1.3168784
18.475234850006473 -1.1428285
18.476623758583855 -0.35566986
18.47801266716624 0.07873972
18.479401575745214 0.5528469
18.480790484322824 0.291176
18.48217939290089 1.2768232
18.483568301479863 1.4015192
18.484957210054517 2.0631473
18.48634611863281 2.9325626
18.487735027207236 2.851379
18.489123935781663 3.762876
18.490512844356545 2.113932
18.49190175293097 3.2628999
18.493290661506308 3.7350998
18.494679570078006 3.3059354
18.49606847865175 2.2247992
18.497457387222767 1.9218807
18.498846295794237 2.0210655
18.500235204365254 1.0856067
18.501624112936042 0.6961401
18.50301302150706 -0.265903
18.504401930074437 -1.2443974
18.505790838646135 -0.58181554
18.507179747213286 -0.89224434
18.508568655779982 -1.4279248
18.509957564348042 -1.4461643
18.511346472915875 -1.5702641
18.512735381478706 -2.7282326
18.514124290046084 -2.7263849
18.51551319861028 -2.2095995
18.51690210717834 -1.4135001
18.51829101574208 -2.2487607
18.51967992430491 -2.759943
18.521068832869332 -2.4151812
18.522457741430117 -0.7862646
18.523846649993175 -1.8661491
18.52523555855305 0.08970724
18.526624467117472 -0.8391949
18.528013375676892 -0.19884609
18.529402284236767 -0.5796101
18.530791192793913 -0.42403808
18.532180101353788 0.35090137
18.53356900991389 0.59016037
18.534957918470354 -0.17697063
18.53634682702659 0.006079826
18.537735735583738 0.8535003
18.539124644139974 0.42707798
18.540513552695757 1.3453702
18.541902461252903 0.10353587
18.54329136980641 -0.5700135
18.544680278362648 -1.1318014
18.546069186915247 -0.250465
18.5474580954683 -0.9668712
18.54884700402158 -1.0063305
18.550235912574408 -1.2086934
18.551624821122687 -0.7094323
18.553013729675968 -1.549998
18.554402638225838 -0.85385793
18.555791546777982 -0.057400715
18.557180455326943 -1.9156817
18.558569363876813 -0.24259698
18.559958272422364 -0.5103478
18.561347180971552 -0.7701709
18.562736089516875 -0.27758577
18.564124998065836 -0.08756142
18.565513906611613 -0.0011325167
18.566902815156936 0.77398574
18.56829172370317 1.0358951
18.5696806322494 1.6252806
18.571069540790404 2.6722028
18.572458449335954 1.5798608
18.57384735787855 1.8628708
18.575236266420234 2.288101
18.57662517496192 2.1923733
18.57801408350383 2.4027832
18.579402992045743 2.2811866
18.580791900588338 2.238747
18.582180809126385 1.4750732
18.583569717663977 1.9388089
18.584958626202933 2.2013142
18.5863475347453 0.42612427
18.587736443279027 0.93992925
18.58912535181753 -0.25779656
18.590514260356258 0.32276723
18.59190316889135 -0.6385606
18.593292077425986 -0.96555984
18.59468098596335 -1.126556
18.59606989449867 -2.1257339
18.59745880303035 -2.261159
18.598847711564304 -1.2584645
18.600236620098713 -1.8881437
18.601625528630393 -2.1444502
18.603014437161164 -2.135688
18.604403345692162 -1.9047738
18.60579225422316 -1.5921992
18.607181162753932 -2.1705577
18.60857007128493 -1.0769042
18.60995897981593 -0.47786242
18.61134788834306 -0.44943032
18.612736796871104 -1.822577
18.614125705398237 -0.9344455
18.615514613925825 -1.2795651
18.61690352245364 -0.9091129
18.618292430981 -1.4275075
18.619681339504496 -2.0771549
18.62107024803163 -2.9994404
18.62245915655558 -1.9655721
18.623848065079756 -3.4667528
18.625236973603478 -3.1280706
18.62662588212652 -2.2934058
18.628014790647057 -2.474549
18.629403699171235 -3.0717428
18.630792607690637 -3.2585485
18.632181516210494 -3.5778587
18.63357042473126 -3.794348
18.634959333251345 -2.537672
18.63634824177143 -2.4498124
18.637737150291287 -2.2979956
18.639126058808415 -2.3761988
18.640514967325544 -1.6687932
18.64190387584472 -0.9882698
18.643292784361165 -0.7988415
18.644681692878294 0.6842189
18.646070601390875 0.5205404
18.647459509907094 1.4768614
18.64884841842013 2.0990303
18.65023732693635 2.7966604
18.65162623544893 3.1632383
18.653015143961966 3.34158
18.654404052474547 4.760087
18.6557929609844 4.971927
18.65718186949698 4.9585752
18.65857077800547 5.847422
18.65995968651896 5.3400545
18.661348595028585 5.4615316
18.662737503537755 5.5286484
18.6641264120467 4.595097
18.66551532055223 5.297376
18.666904229061856 4.2683363
18.66829313756739 2.8100123
18.66968204607565 3.053086
18.671070954581864 1.3010231
18.67245986308808 0.90535766
18.67384877158929 0.7681443
18.675237680094597 0.34041068
18.67662658860081 -0.8402678
18.67801549710248 -0.5545755
18.6794044056046 -0.99429
18.680793314106268 -1.2488679
18.682182222607935 -2.23225
18.68496003960854 -1.2125081
18.686348948110663 -0.21762201
18.687737856609374 0.13929954
18.68912676511036 -0.08332938
18.690515673608843 0.6529853
18.691904582103916 1.3870945
18.693293490602173 1.2358141
18.694682399100202 1.72375
18.696071307594593 1.5663898
18.697460216093077 2.0596902
18.69884912458815 2.3344746
18.70023803308277 2.48802
18.701626941576706 1.7648782
18.70301585006814 2.6490757
18.704404758563214 2.671726
18.705793667053513 1.6257575
18.70718257554813 0.826916
18.708571484039567 0.6024393
18.70996039253123 -0.038982417
18.711349301018572 -0.6113206
18.712738209508643 -1.6768996
18.714127118000306 -1.612227
18.71551602648833 -3.1688414
18.71690493497499 -3.208539
18.718293843462106 -3.9944458
18.71968275195013 -5.011625
18.721071660437246 -5.479175
18.72246056892459 -3.9012218
18.723849477408294 -4.1950207
18.72523838589541 -5.9171615
18.726627294379796 -4.005473
18.728016202863273 -3.8979435
18.729405111346296 -4.498475
18.730794019827044 -3.4603748
18.73218292831052 -3.2503228
18.733571836794226 -3.0424166
18.734960745274748 -2.2395813
18.736349653754814 0.03641935
18.73773856223488 -0.85099685
18.73912747071472 0.6987628
18.740516379194787 2.5162733
18.74190528767167 1.7356712
18.743294196151965 2.9370928
18.744683104627484 4.2196975
18.746072013104367 5.219173
18.747460921581478 5.470592
18.748849830057225 6.4782934
18.750238738533426 6.4962945
18.7516276470069 6.18515
18.753016555479462 6.9766006
18.754405463956118 5.574664
18.75579437242868 5.2705536
18.757183280902154 5.2502875
18.758572189375627 4.83984
18.75996109784387 3.6871762
18.76135000631666 3.4121535
18.76273891478627 2.1406355
18.76412782325542 1.8371209
18.765516731724347 0.5065926
18.7669056401935 1.2846912
18.768294548662652 -0.15116118
18.769683457132487 -0.10991372
18.771072365597774 -0.49145263
18.772461274062607 -0.7975302
18.773850182532442 -0.43750906
18.77523909099773 -0.8406254
18.776627999458924 -0.2768109
18.778016907924894 -0.028968586
18.779405816390863 0.06860667
18.780794724852967 1.0002507
18.782183633314617 0.99619746
18.783572541779904 0.57716626
18.784961450238825 1.4462239
18.7863503587007 0.5840806
18.78773926716167 1.1281654
18.789128175624228 0.7478782
18.79051708408315 0.006079826
18.791905992540705 -0.62163246
18.793294900998717 0.026524732
18.794683809457638 -0.7708266
18.79607271791565 -0.31507808
18.797461626373888 -0.7345265
18.79885053482849 -0.73154616
18.800239443282862 -0.22680137
18.801628351741783 0.5541583
18.803017260196157 -0.22978167
18.80440616864712 0.20975402
18.805795077102175 0.12833202
18.807183985557003 -0.6276527
18.80857289400774 -0.47470328
18.809961802462112 -0.39059904
18.811350710913302 -0.64100444
18.81273961936472 -0.43345585
18.814128527815683 -0.75366
18.8155174362621 -1.263531
18.816906344713516 -1.5846889
18.818295253161068 -1.4080163
18.819684161607483 -1.893687
18.8210730700589 -1.4364485
18.82246197850327 -1.7943833
18.823850886949913 -2.2089438
18.82523979539701 -2.410234
18.82662870384138 -2.35784
18.828017612288704 -2.4534483
18.82940652073239 -2.7578568
18.83079542917585 -2.9418612
18.83218433762022 -3.4464865
18.83357324606459 -3.1736693
18.834962154503728 -2.871645
18.836351062947415 -3.4660375
18.837739971388146 -1.9898317
18.839128879827967 -2.4408715
18.84051778826779 -1.1764464
18.841906696707838 -2.244946
18.843295605147887 -1.555899
18.84468451358498 -0.21678753
18.8460734220248 0.13059705
18.84746233046053 -0.07522295
18.848851238897623 0.33683428
18.85024014733449 -0.3572196
18.85162905576999 0.8390757
18.85301796420663 1.2916054
18.854406872639856 1.3088912
18.855795781073084 1.3053148
18.857184689509495 1.6048954
18.85857359794136 1.6770188
18.859962506374814 2.5767138
18.86135141480463 3.1733713
18.86274032323672 2.5893502
18.86412923166563 3.0251904
18.865518140099084 1.8377169
18.866907048527537 2.7949915
18.868295956956445 3.4716403
18.86968486538626 1.518824
18.87107377381153 3.4619842
18.872462682240666 3.3043857
18.873851590666163 3.5335116
18.87524049909507 3.1116192
18.87662940752125 4.0721126
18.87801831594652 3.5159874
18.879407224372244 3.1000557
18.880796132794558 3.3321621
18.882185041220055 2.6028214
18.883573949641686 2.6490757
18.884962858063318 2.5192537
18.886351766485404 1.6511497
18.887740674907718 0.98499143
18.889129583329577 0.58682245
18.890518491750754 -0.10401272
18.89190740016943 -0.34702694
18.893296308588106 -1.3760674
18.894685217009282 -2.009204
18.896074125423638 -1.6413147
18.89746303384254 -2.1002223
18.898851942260762 -2.5418444
18.900240850678983 -1.8977402
18.90162975909334 -2.3792982
18.903018667508604 -1.9511474
18.90440757592387 -1.370822
18.905796484337543 -1.2357545
18.907185392752126 0.31668743
18.90857430116739 -0.08321017
18.909963209577427 -0.01668972
18.91135211799201 0.060381018
18.912741026403637 0.68362284
18.914129934814355 1.4748348
18.915518843225072 0.8825881
18.916907751636245 1.541832
18.918296660043325 2.3981338
18.919685568451314 2.6665998
18.92107447686203 1.8819447
18.922463385268657 1.5914243
18.923852293676646 2.975002
18.925241202084408 1.9020915
18.926630110488077 1.7721502
18.928019018895156 1.0203975
18.929407927298826 1.8553604
18.930796835706587 1.1467625
18.932185744110257 -0.31841603
18.933574652513016 0.021577423
18.93496356091373 0.09650234
18.93635246931808 -0.69828594
18.93774137771743 -0.59850526
18.93913028612087 -1.5246059
18.940519194521585 -1.5474946
18.94190810292139 -2.1388474
18.943297011321647 -2.039603
18.94468591972145 -2.5646734
18.946074828117617 -3.2204602
18.94746373651833 -2.480271
18.948852644914723 -2.126151
18.950241553311116 -2.7917728
18.951630461707964 -2.6716664
18.953019370104357 -3.5046623
18.954408278496885 -3.2881727
18.955797186893278 -3.484873
18.957186095286033 -2.7746062
18.9585750036822 -1.5464813
18.959963912074954 -1.7409761
18.96135282046771 -2.0271451
18.96274172885728 -1.9286163
18.964130637250037 -0.5670332
18.96551954563847 -1.1177939
18.968297362421254 -0.018001053
18.96968627080969 2.3264873
18.97385299597454 3.3489711
18.97524190436002 4.000824
18.976630812744588 5.1704154
18.978019721134388 5.2804484
18.97940862951691 6.8507123
18.980797537901708 6.062004
18.98218644628696 5.2872434
18.983575354669483 5.4680886
18.984964263054735 5.3798714
18.987742079818418 3.630908
18.98913098820003 3.4212136
18.990519896582555 2.817642
18.99190880496053 2.5804093
18.99329771334169 0.85385793
18.994686621720575 0.5815771
18.99607553009946 0.945413
18.997464438477436 -1.00186
18.998853346855412 -1.2616236
19.000242255229978 -1.0093108
19.001631163608636 -1.3304687
19.00302007198343 -0.9076823
19.004408980357084 -1.5942855
19.005797888732104 -1.7754285
19.008575705480553 -2.1489208
19.009964613855573 -1.732989
19.011353522227182 -2.3055654
19.012742430597427 -2.252516
19.014131338971765 -2.2922137
19.015520247343375 -2.1609612
19.016909155710437 -2.1537488
19.01829806408159 -3.1884518
19.01968697245229 -1.9109728
19.021075880820263 -2.604848
19.022464789188234 -1.5594158
19.023853697554614 -1.8417702
19.025242605921903 -2.0970633
19.026631514289647 -3.0601196
19.0280204226533 -2.189691
19.02940933102036 -1.9171122
19.030798239384012 -1.1263176
19.0321871477513 -2.1988108
19.033576056115635 -1.0553267
19.03496496447542 -0.78495324
19.03635387283839 0.41873315
19.037742781202724 1.2525039
19.03913168956319 0.88282657
19.040520597922296 0.8881911
19.04190950628231 0.7506201
19.043298414642777 2.2010758
19.044687323003473 0.69470954
19.046076231363486 0.5808618
19.047465139718952 1.0399483
19.04885404807601 0.6658602
19.050242956436705 0.5760933
19.051631864792398 -0.8816344
19.053020773144908 -0.5759145
19.054409681501966 -0.4472249
19.05579858985766 -1.6634287
19.05718749821017 -2.1819422
19.05857640656359 -1.3844718
19.0599653149161 -3.1070297
19.061354223268836 -1.7759054
19.062743131621573 -2.5107896
19.064132039974083 -2.7435515
19.065520948323865 -3.03735
19.066909856676375 -2.4325266
19.068298765025474 -2.2543638
19.06968767337503 -2.465787
19.071076581724355 -2.085917
19.072465490073228 -1.3597949
19.07385439841846 -0.60029346
19.07524330676415 -0.27991042
19.076632215113705 0.07540177
19.078021123459166 1.2755119
19.079410031803718 2.3806098
19.080798940149634 2.6439495
19.08218784849214 2.4552367
19.08357675683692 2.5980527
19.084965665178515 3.8265352
19.08635457352102 3.8996124
19.087743481862844 4.3932705
19.089132390204668 3.9233356
19.090521298546264 4.1647406
19.09191020688877 3.690276
19.093299115227637 2.6226106
19.094688023564913 2.0515838
19.097465840241966 0.5514164
19.098854748579924 -0.75783247
19.100243656917883 -0.8427712
19.101632565252658 -2.0502129
19.103021473590616 -2.8867254
19.104410381924936 -4.2284
19.10718819859403 -4.245686
19.10857710692926 -4.5629096
19.109966015259943 -5.708957
19.111354923593808 -5.0112076
19.1127438319254 -5.6565037
19.114132740256764 -4.7300453
19.115521648587674 -5.9074454
19.116910556918356 -5.6596627
19.118299465245627 -5.464929
19.11968837357699 -5.4348283
19.121077281904263 -5.0799932
19.122466190230625 -5.4611144
19.125244006886533 -4.818799
19.126632915213122 -3.6484323
19.128021823540166 -3.4454732
19.129410731864482 -3.0577354
19.130799640187888 -3.2104464
19.13218854851152 -2.1471324
19.133577456838793 -1.104919
19.13496636515856 -1.142292
19.136355273482877 -1.455284
19.137744181802645 -0.4145607
19.139133090125597 1.0066881
19.140521998446275 1.0316035
19.141910906766952 0.090780154
19.14329981508672 0.8345456
19.144688723406716 1.3208125
19.146077631723074 1.2721739
19.147466540043524 1.5026112
19.148855448359882 1.086322
19.150244356675557 1.4563569
19.15163326499237 1.4399055
19.153022173309182 2.0238073
19.15441108162122 1.445747
19.155799989937577 1.9216423
19.15718889825075 2.3964648
19.15996671487528 1.71314
19.161355623188683 1.9878051
19.162744531501403 0.94100213
19.164133439814123 2.5236645
19.165522348122977 0.56834453
19.16691125643274 0.87066686
19.168300164746142 0.6188906
19.169689073050677 0.034511954
19.17107798135976 -0.42940262
19.172466889669522 -1.2868966
19.17385579797474 -1.014735
19.175244706283593 -2.597397
19.176633614589264 -1.6987749
19.17802252289448 -1.8848653
19.179411431200606 -3.0821142
19.180800339505822 -2.3312557
19.182189247806946 -2.7843816
19.18357815611307 -3.5103843
19.18496706441556 -2.335309
19.186355972716456 -1.7168356
19.18774488101826 -1.4450912
19.189133789320522 -0.17309622
19.190522697619144 -0.7189693
19.191911605921177 -0.6060752
19.193300514218436 -0.6675888
19.194689422517058 1.4849677
19.196078330815908 0.19723672
19.197467239113394 1.4402632
19.198856147411334 0.88366103
19.200245055706546 1.0629563
19.201633964004486 -0.7391162
19.203022872299243 -1.6696873
19.204411780593546 -0.8162465
19.205800688887848 -2.2133548
19.207189597182605 -3.5914488
19.20857850547327 -2.4649525
19.209967413767572 -3.2593234
19.211356322059146 -3.3935564
19.212745230350038 -4.625019
19.21413413864093 -4.844072
19.215523046932276 -4.6416492
19.216911955223168 -4.3637056
19.218300863510194 -4.529351
19.219689771801086 -3.9276872
19.22107868008834 -3.1953063
19.222467588376276 -3.095645
19.223856496663302 -2.7029595
19.225245404949874 -2.0571272
19.226634313233944 -1.7917606
19.228023221521653 -0.75419647
19.229412129804587 -0.46659687
19.230801038088202 1.4080759
19.232189946372273 2.0166545
19.234967762939505 2.5538251
19.236356671219255 2.748141
19.237745579503553 3.085512
19.24052339606351 4.050893
19.24191230434326 5.3323054
19.24330121262392 4.9367595
19.24469012090003 4.3861175
19.24607902917637 4.807891
19.24746793745635 5.540689
19.248856845732462 5.3132315
19.250245754009484 5.8151155
19.251634662285596 5.590162
19.253023570557616 4.481368
19.254412478834638 4.119321
19.255801387108022 3.0005133
19.257190295379814 3.390576
19.258579203652516 2.4831324
19.2599681119259 3.4497054
19.264134836739913 0.81296813
19.265523745009432 0.5565425
19.266912653278723 -0.13602121
19.268301561546878 -0.92067647
19.269690469816396 -0.85385793
19.271079378086142 -1.9230133
19.273857194616085 -2.8111448
19.27524610288583 -2.1136935
19.27663501114762 -2.2579997
19.278023919413044 -2.2571056
19.279412827678243 -2.5837471
19.28080173594344 -2.1032028
19.28219064420591 -1.4458662
19.2835795524677 -1.1793671
19.284968460729488 -0.8409234
19.286357368991958 -0.7843572
19.287746277253518 -0.08219686
19.28913518551144 -0.03987651
19.29052409377323 -0.6892258
19.29191300203138 0.82167065
19.29330191029021 0.46641806
19.294690818548133 0.6682444
19.2960797268056 1.2042229
19.297468635064433 1.9696848
19.2988575433194 1.1822878
19.30024645157664 0.49324083
19.30163535983138 0.11605316
19.303024268086347 -0.4806043
19.30441317634086 -0.20343576
19.305802084591505 -1.4008039
19.30719099284579 -0.97897124
19.308579901097346 -2.4323478
19.30996880935254 -2.325474
19.311357717602732 -2.1769354
19.31274662585338 -3.141184
19.314135534101297 -3.7240129
19.315524442351943 -3.558725
19.316913350599407 -4.6337814
19.318302258850053 -4.133865
19.319691167097062 -2.7664998
19.321080075344298 -3.9484897
19.322468983591534 -3.4296181
19.323857891834905 -1.684231
19.325246800082823 -2.494815
19.326635708326194 -1.7574275
19.328024616572748 -0.5642913
19.329413524817028 0.12129849
19.330802433061308 0.7583689
19.33219134130104 1.8585792
19.33358024954441 3.6484323
19.3349691577846 3.1497672
19.33635806602865 3.758823
19.33774697426861 3.9048579
19.33913588250789 4.030746
19.340524790744666 4.252481
19.34191369898508 3.3942716
19.34330260722072 2.7656653
19.344691515460454 1.750215
19.346080423697458 1.2485698
19.34746933193378 1.7231538
19.348858240170102 0.97664666
19.350247148406197 1.2029115
19.35163605663888 0.2766321
19.35302496487202 0.035108015
19.35441387310857 0.002205427
19.357191689574393 -0.8055174
19.35858059780321 -1.4796629
19.359969506035668 -1.5840331
19.36135841426858 -1.8233519
19.3627473224974 -1.7274455
19.364136230727127 -2.4323478
19.365525138955945 -1.1248274
19.36691404718431 -2.0687504
19.3683029554104 -1.2758695
19.369691863640128 -1.024272
19.371080771864627 -2.0764992
19.372469680090035 -1.9339808
19.373858588315898 -1.3521056
19.375247496540396 -2.1739552
19.37663640476603 -1.7815679
19.378025312988257 -1.6308241
19.37941422121412 -2.3096187
19.380803129436117 -1.8805737
19.382192037656978 -2.2317135
19.383580945879203 -2.0012167
19.394692211631536 -0.50337386
19.396081119846713 -0.5971939
19.397470028064845 -0.5188119
19.39885893627843 -0.33754957
19.400247844493606 0.61507577
19.401636752708782 -0.31686625
19.40302566092305 0.42123657
19.404414569133905 1.0267158
19.40580347734476 0.2408684
19.407192385559938 0.8811576
19.408581293770567 0.72653925
19.40997020198074 1.9700425
19.41135911018864 2.355575
19.412748018399952 3.0863464
19.4141369266099 2.8747447
19.415525834817117 3.0461717
19.41691474302479 3.9291773
19.418303651232236 3.5891838
19.419692559439227 4.1226587
19.42108146764258 3.284358
19.422470375850025 2.7048671
19.42385928405406 2.8828511
19.42524819226128 2.864254
19.42663710046463 2.2335017
19.428026008665256 2.1156008
19.42941491686861 0.66168773
19.43080382507219 0.6629991
19.43219273327213 -0.5651854
19.433581641471847 -1.4640461
19.43497054967179 -1.5076777
19.43635945787173 -3.1515555
19.437748366071446 -3.4466057
19.43913727427207 -4.202352
19.440526182468147 -2.8015482
19.44191509066377 -2.6540825
19.443303998864394 -2.5789192
19.44469290706138 -3.017978
19.446081815253137 -1.5997692
19.44747072344944 -1.4750732
19.44885963164279 0.4816772
19.450248539838867 0.96555984
19.451637448031306 1.1528423
19.453026356223972 1.8440351
19.454415264417094 2.2760603
19.455804172610442 3.3830657
19.45719308079879 4.41449
19.45858198898759 3.847636
19.459970897180938 3.7436829
19.461359805369966 5.1946154
19.462748713558994 4.966086
19.464137621744158 5.3735533
19.46552652993296 4.562552
19.46691543811903 5.045362
19.46830434630806 3.4224057
19.46969325449254 3.7596574
19.471082162678613 1.6677202
19.472471070864685 2.5533483
19.473859979045756 0.7785158
19.47524888723092 -0.2591079
19.476637795413353 -1.555601
19.478026703595788 -1.468755
19.479415611777313 -3.3914702
19.480804519958383 -3.0195277
19.482193428140818 -4.0535154
19.483582336319387 -4.4120464
19.48497124450023 -5.3043504
19.48636015267857 -4.9312162
19.48774906085714 -4.3839717
19.489137969035255 -4.783989
19.490526877213142 -4.377713
19.49191578538739 -4.3164387
19.493304693562095 -4.061801
19.494693601740664 -3.3476002
19.49608250991514 -3.0344293
19.497471418088935 -2.6551554
19.498860326263866 -1.7794222
19.500249234434705 -0.9944092
19.501638142608954 -1.159399
19.503027050780474 0.19366035
19.504415958951085 0.6085191
19.505804867121924 1.6190816
19.507193775292762 1.7781107
19.508582683463374 2.8382657
19.509971591631256 3.5448368
19.51136049979823 3.065961
19.512749407968386 3.750478
19.51413831613627 3.3788931
19.515527224300513 3.9687557
19.516916132466804 3.7784927
19.518305040634004 3.71233
19.51969394879825 4.2874103
19.521082856961584 4.0501776
19.52247176512492 2.437474
19.52386067328871 2.9602199
19.525249581452726 1.5120289
19.526638489616744 1.4627943
19.528027397775986 1.3122292
19.529416305935683 0.23300041
19.53080521409629 -0.20593922
19.532194122256215 -0.9770043
19.53358303041614 -0.39012218
19.534971938575836 -0.48036587
19.536360846732123 -1.7409165
19.537749754892502 -2.2905447
19.539138663049016 -2.3806098
19.540527571204393 -2.94961
19.541916479361134 -3.7839766
19.543305387514465 -3.0133288
19.54469429567007 -3.9333496
19.54608320382249 -3.9325151
19.54747211197582 -3.467468
19.548861020129152 -3.7817712
19.550249928281573 -3.4446387
19.55163883643354 -3.5242727
19.553027744583233 -3.4599576
19.554416652736563 -2.8394578
19.555805560884664 -2.5256314
19.557194469033675 -2.774487
19.55858337718314 -1.5265132
19.55997228533215 -2.032629
19.561361193477296 -1.5815297
19.562750101626307 -1.5193605
19.56413900977168 -0.99595904
19.565527917916825 -0.77410495
19.566916826062197 -0.3037529
19.56830573420757 0.8581496
19.569694642353625 1.302573
19.571083550495132 0.95590365
19.57247245863664 0.99989307
19.573861366782694 1.7951581
19.5752502749242 2.2182424
19.576639183062525 2.1244226
19.578028091204033 1.5946431
19.579416999341902 1.736148
19.58080590748432 1.9419085
19.582194815622415 1.2287806
19.583583723759602 0.040830206
19.58497263189838 0.17935488
19.58636154003716 -0.6008299
19.587750448170937 -2.1341383
19.589139356308806 -2.976969
19.590528264443947 -3.6184504
19.591917172578178 -3.263496
19.593306080712637 -3.8988972
19.594694988847095 -4.5462794
19.596083896978598 -4.345884
19.59747280511351 -4.901234
19.598861713243423 -5.287482
19.600250621374244 -6.247737
19.60163952950552 -5.6625834
19.603028437636567 -6.2760496
19.604417345763522 -5.649589
19.605806253894116 -4.7801743
19.607195162021526 -4.6163764
19.608584070149163 -4.4332066
19.609972978276346 -2.2197921
19.61136188640262 -2.0452058
19.612750794530257 -1.2809956
19.614139702654484 0.5745436
19.615528610777346 1.4081951
19.6169175189043 2.927675
19.61830642702853 3.2291627
19.619695335149117 4.4835143
19.621084243272435 4.621681
19.622473151395297 5.7909155
19.623862059515886 5.771603
19.625250967636475 6.8820653
19.626639875755473 5.969376
19.62802878387538 5.9652033
19.629417691995968 6.6697483
19.630806600111327 6.151771
19.632195508231234 5.631886
19.633584416348185 6.018849
19.634973324464227 5.3253913
19.636362232580268 5.6388006
19.637751140696537 4.530126
19.639140048809168 3.1477406
19.64052895692612 2.9899035
19.641917865038522 1.7179085
19.643306773150925 0.14812125
19.64469568126424 -0.82661796
19.64608458937687 -1.1372851
19.6474734974895 -0.64183897
19.648862405598265 -1.4838352
19.65025131370703 -1.8723482
19.651640221820344 -2.741823
19.653029129929337 -2.1302044
19.654418038033782 -2.9317877
19.655806946143457 -2.4954708
19.657195854253132 -3.1753383
19.658584762357805 -3.1966178
19.659973670462932 -2.6090202
19.66136257856897 -1.5680587
19.662751486674097 -1.8542279
19.66414039477945 -1.6175915
19.66552930288117 -1.0648638
19.666918210983567 0.3426757
19.668307119089377 -1.4534957
19.669696027190184 -1.1238141
19.67108493529213 -0.4960423
19.672473843390662 -0.1823948
19.67386275149238 -0.7695153
19.67525165959023 0.069560364
19.676640567691948 0.42540902
19.678029475790026 1.4631519
19.67941838388856 1.5384941
19.680807291983 1.3870945
19.682196200080398 0.88866794
19.683585108175293 2.0171313
19.684974016273827 2.3685691
19.686362924367586 2.0565908
19.687751832462027 2.0232112
19.689140740553285 2.504352
19.690529648648408 2.384782
19.69191855674285 3.1442835
19.693307464832742 2.3468726
19.694696372924227 2.6247563
19.696085281015712 2.3883584
19.697474189105833 2.343177
19.69886309719277 2.5608587
19.700252005284256 2.6260676
19.70164091337051 2.3382893
19.703029821457676 2.5079284
19.704418729545523 1.9763608
19.70580763763246 1.4257193
19.7071965457194 1.9016147
19.708585453803153 1.1461664
19.70997436189009 1.2105411
19.7113632699743 1.4588603
19.7127521780576 1.0401868
19.714141086141126 0.46522593
19.71552999422147 0.9244317
19.716918902304997 0.28128138
19.718307810384886 -0.26250544
19.719696718468185 -1.113085
19.721085626548074 -1.36206
19.72247453462478 -1.6393477
19.723863442704896 -2.4812248
19.725252350783876 -3.112275
19.72664125886058 -2.9100316
19.728030166937515 -3.6524856
19.72941907501672 -3.6701887
19.730807983089107 -3.5360746
19.73219689116604 -4.490488
19.733585799242064 -3.4543545
19.734974707314905 -2.6038346
19.73636361538729 -2.7595258
19.737752523464223 -2.3738146
19.73914143153388 -2.5732567
19.740530339605584 -1.5513093
19.741919247678197 -1.486875
19.743308155747627 -0.45586777
19.74469706382024 -0.08005105
19.746085971888988 0.68016565
19.747474879957963 0.87746197
19.748863788026938 2.0131974
19.750252696092957 2.4167309
19.751641604161705 1.8637053
19.75303051222636 2.978936
19.75441942029238 3.0870616
19.75580832835817 2.187724
19.7571972364226 2.9331586
19.758586144487936 2.8355238
19.75997505255009 2.871049
19.761363960612016 2.8228872
19.762752868677126 3.5922832
19.764141776738597 2.2672386
19.76553068479734 1.7489038
19.766919592859722 1.8919585
19.76830850092074 2.7188148
19.769697408978573 2.2557943
19.771086317037316 1.5959544
19.77247522509515 1.7120671
19.77386413315321 1.295897
19.775253041211272 1.0615258
19.776641949265468 1.6474541
19.77803085732353 -0.3027396
19.779419765377952 -0.4921083
19.780808673432148 -0.59522694
19.782197581487253 -0.62532806
19.78358648954145 -0.1834081
19.784975397591552 -0.1290473
19.786364305646657 -1.8431411
19.787753213698124 -1.0817323
19.789142121748682 0.06860667
19.79053102979924 -0.7596803
19.791919937850253 0.07647468
19.793308845897855 0.64523643
19.794697753945 0.06765297
19.796086661994877 1.8858787
19.79747557004248 1.7382939
19.79886447809031 1.8143513
19.800253386133136 2.8709297
19.801642294180056 1.9832752
19.803031202227885 3.3346655
19.804420110271394 2.7518368
19.805809018314903 3.207943
19.807197926358185 2.6357238
19.808586834401694 2.614504
19.80997574244202 2.3348322
19.81136465048553 2.290366
19.8127535585254 1.9794602
19.814142466565954 0.52256703
19.815531374605598 -0.21422446
19.816920282645242 -0.4657624
19.81830919068534 -0.7835227
19.819698098721346 -1.0273118
19.821087006758262 -2.465489
19.822475914794268 -3.1563835
19.82386482282982 -2.4452229
19.825253730866734 -4.0458264
19.826642638903422 -4.5499153
19.828031546935108 -5.544444
19.82942045497157 -5.4079456
19.83080936300462 -5.686545
19.832198271037214 -4.0959554
19.833587179069582 -4.580851
19.83497608709854 -4.349162
19.83636499513159 -3.510265
19.83775390316123 -2.9636173
19.839142811189504 -2.332567
19.840531719218234 -2.3118837
19.841920627247873 -1.291963
19.843309535276603 -0.5710864
19.84469844330215 -0.1660031
19.84608735133088 0.0757594
19.84747625935597 1.1717972
19.848865167381973 1.0502006
19.850254075407292 1.90686
19.851642983431702 2.2457805
19.853031891454066 2.8410075
19.854420799479158 2.980128
19.855809707500157 4.0907097
19.85719861552252 3.7638297
19.858587523544884 2.7203646
19.8599764315627 2.7263253
19.86136533958438 3.469733
19.862754247602425 2.9118197
19.86414315562456 2.9742868
19.865532063642604 3.4556658
19.866920971656327 1.8054104
19.868309879674825 1.9464386
19.869698787693324 1.6453084
19.871087695707047 0.031293225
19.872476603721452 0.39024138
19.873865511736312 -0.57138443
19.875254419750718 0.42743564
19.876643327765123 -1.2359333
19.8780322357793 -1.0233183
19.87942114379007 -0.75103736
19.88081005180129 -0.8797866
19.882198959812285 -1.3206933
19.883587867822826 -1.2820089
19.884976775834275 -1.445747
19.886365683844815 -2.05671
19.887754591851944 -1.9851825
19.889143499859074 -1.6589582
19.890532407865976 -1.1395502
19.891921315873788 -1.3198587
19.89331022388069 -1.6004249
19.894699131887137 -1.6068027
19.89608803989131 -3.0076065
19.897476947895484 -2.5457783
19.898865855901704 -2.1807501
19.900254763905195 -2.3210034
19.90164367190573 -2.6614141
19.903032579908995 -2.0877647
19.90442148790862 -2.8348682
19.905810395912113 -1.8381342
19.90719930391242 -1.5550646
19.908588211912956 -1.9999053
19.90997711990849 -2.065353
19.911366027908116 -0.69852436
19.91275493590865 -1.2736641
19.914143843904867 -1.2533383
19.915532751901083 -0.35984227
19.91692165989707 -0.34428507
19.91831056789306 -1.3773787
19.91969947588632 -0.6826691
19.921088383882534 -0.23741125
19.922477291874202 -1.5343813
19.92386619986746 -1.0791097
19.92525510786072 -0.57633173
19.926644015852617 -1.5373019
19.928032923844967 -1.1887848
19.92942183183459 -1.5787878
19.93081073982421 -1.585583
19.93219964781656 -1.5454084
19.933588555804818 -1.8800373
19.9349774637908 -1.135199
19.936366371780196 -0.7201614
19.937755279764588 -1.4279248
19.939144187753755 -1.2365891
19.94053309573951 -0.9409425
19.941922003723903 -1.0211128
19.943310911709204 0.06944115
19.944699819691323 0.07242146
19.94608872767685 -0.21446289
19.947477635658288 0.2678104
19.948866543639724 1.0310074
19.950255451621615 0.30047455
19.951644359603733 1.2702665
19.953033267585397 0.2871228
19.954422175563195 0.56739086
19.95581108354554 1.6283802
19.95719999152334 1.4589795
19.958588899501365 1.9447695
19.95997780747939 2.5140083
19.96136671545355 1.8694274
19.96275562343226 2.6536057
19.96414453140642 3.034489
19.965533439380124 2.3449652
19.966922347355194 3.051894
19.968311255330264 3.017084
19.969700163301923 3.0583315
19.97108907127449 2.0745919
19.972477979247742 1.7802566
19.973866887220083 1.9761224
19.975255795190606 0.7711246
19.976644703159764 0.7470437
19.97803361112915 -0.42463413
19.979422519100353 -1.2204953
19.980811427066783 -1.9434582
19.982200335033667 -1.5908879
19.98358924300146 -2.860916
19.984978150968573 -3.1327796
19.986367058935684 -1.9540682
19.98775596689893 -2.952173
19.989144874864223 -2.9562263
19.99053378282997 -3.1827295
19.991922690793672 -3.048854
19.993311598754417 -2.7929053
19.994700506718345 -2.3835304
19.996089414680682 -2.438666
19.997478322639836 -1.4573702
19.998867230601263 -0.9308691
20.00025613856178 -0.58396137
20.00164504652048 0.3554314
20.003033954480088 0.025094185
20.004422862437423 1.4496809
20.005811770394303 1.1335299
20.007200678353 1.9202118
20.00858958630829 2.1343172
20.00997849426267 2.2700999
20.01136740221932 1.7745345
20.0127563101737 2.2175272
20.014145218126032 0.9698515
20.01553412608041 2.2020295
20.01692303403297 1.2620409
20.018311941984393 0.5610726
20.019700849936726 0.34243727
20.021089757886784 -0.35590827
20.022478665838207 -0.17309622
20.023867573787584 -0.13244484
20.025256481736506 -1.4986771
20.0266453896852 -1.4330509
20.028034297632075 -1.5075585
20.029423205579405 -1.7913433
20.03081211352628 -1.499452
20.032201021471337 -1.926828
20.033589929417303 -2.098911
20.034978837362587 -1.5624558
20.036367745305142 -0.8244125
20.03775665324929 -0.33927816
20.039145561193436 -0.116768435
20.0405344691344 -0.2611941
20.04192337707582 0.3532856
20.043312285018146 0.43828395
20.044701192957746 1.8086292
20.046090100897572 2.2819018
20.0474790088374 3.3163068
20.04886791677609 3.3189297
20.050256824714552 4.555757
20.05164573265165 4.910533
20.05303464058784 3.9806771
20.054423548524483 4.4603868
20.0558124564609 4.1218243
20.05720136439504 4.2592764
20.058590272329184 3.6490283
20.05997918026378 3.673467
20.061368088196787 2.127522
20.062756996129337 2.6388233
20.06414590406098 1.4527805
20.065534811992165 0.35650432
20.06692371992358 0.0816008
20.06831262785363 -0.5105862
20.069701535782315 -0.5478996
20.07109044371191 -1.6741577
20.072479351640823 -2.6767328
20.073868259567917 -2.8962624
20.075257167494783 -3.198406
20.07664607542256 -3.3238769
20.078034983348516 -4.1429844
20.07942389127288 -4.7393436
20.080812799198156 -5.4337554
20.082201707122294 -5.2219744
20.083590615045523 -5.1671963
20.08497952296875 -5.143116
20.086368430890616 -5.4634986
20.087757338812025 -4.987425
20.089146246734344 -4.1733837
20.090535154653935 -4.616853
20.09192406257307 -4.2211876
20.09331297049357 -3.838099
20.094701878412025 -3.5794084
20.096090786329114 -2.3158178
20.09747969424552 -2.830636
20.098868602163975 -1.4695895
20.10025751008061 -0.9564401
20.10164641799497 -1.2204357
20.10303532591024 0.45354313
20.104424233823465 1.2132831
20.10581314173851 1.9801755
20.10720204965037 2.7352662
20.108590957562683 3.1188912
20.109979865475907 2.514962
20.111368773386403 3.2395341
20.112757681297353 3.961722
20.11414658920785 3.9182096
20.115535497116525 4.928415
20.11692440502611 3.7031507
20.118313312933196 3.9465823
20.119702220839372 3.9141564
20.121091128748958 3.9750738
20.122480036654906 3.8926983
20.123868944559945 4.333665
20.12525785246521 4.7615175
20.126646760370477 4.08916
20.128035668274606 3.9294157
20.129424576177826 3.0124347
20.13081348407877 3.5806005
20.132202391982673 4.3267503
20.133591299882482 2.7734141
20.13498020778343 2.9059782
20.136369115683692 2.4069555
20.137758023583956 1.8040991
20.139146931481264 0.30250117
20.140535839381073 0.7042466
20.141924747279518 -0.687378
20.14331365517569 -1.5946431
20.14470256307186 -2.06881
20.146091470967804 -1.8112518
20.147480378864657 -2.1898103
20.14886928675969 -3.0772862
20.15025819465336 -2.618438
20.151647102545667 -3.4555466
20.153036010438882 -2.885116
20.154424918331188 -2.8172843
20.1558138262219 -2.976969
20.157202734114435 -2.2569864
20.158591642003103 -0.70704806
20.1599805498945 -1.1802611
20.161369457783167 -0.9930979
20.16275836567138 -0.7565807
20.164147273559138 0.38976455
20.165536181446896 1.4097449
20.166925089333063 2.502564
20.16831399722014 2.535824
20.16970290510585 2.2624702
20.171091812991563 2.9370928
20.172480720875228 2.1402779
20.173869628757757 2.5891118
20.17525853664165 2.4703765
20.17664744452395 1.6232541
20.178036352404888 1.2287806
20.17942526028628 1.74342
20.180814168166762 0.799974
20.18220307604838 0.7465669
20.183591983926362 0.415276
20.184980891804116 -0.81696177
20.18636979968369 -1.3795841
20.187758707560533 -1.6254594
20.189147615438515 -2.1125014
20.190536523313767 -1.5837947
20.191925431188793 -2.9206414
20.193314339065637 -3.307366
20.194703246939753 -3.9492645
20.196092154812277 -4.5005617
20.19748106268662 -4.308153
20.198869970559826 -4.4072776
20.200258878430304 -4.2277446
20.201647786302146 -5.202185
20.203036694173534 -3.7149527
20.204425602042875 -4.0633507
20.20581450991267 -3.452626
20.207203417779965 -3.6650624
20.208592325649306 -2.9115813
20.209981233516373 -2.5987084
20.211370141383213 -1.602511
20.212759049250053 -1.0859643
20.21414795711553 -0.8899197
20.21553686498123 0.31406477
20.21692577284648 1.108853
20.218314680709682 1.7183853
20.219703588573793 1.8310411
20.221092496436995 3.2929413
20.222481404298605 3.7846918
20.223870312160216 3.274225
20.22525922001978 3.7048197
20.226648127880253 4.549796
20.228037035739817 5.006499
20.229425943598926 4.5970044
20.23081485145758 4.83984
20.232203759316235 3.8590803
20.23359266717148 4.82017
20.234981575027632 3.8395295
20.236370482884467 3.0683453
20.237759390740393 4.5899706
20.2391482985945 2.2406542
20.240537206449062 1.6801183
20.241926114302032 1.7161204
20.243315022154547 2.0862746
20.24470393000638 0.31013075
20.24609283785935 -0.20921756
20.247481745710502 0.34410626
20.248870653560516 -0.0388036
20.250259561409166 0.2260861
20.251648469258726 -1.2083952
20.253037377107603 -1.5343813
20.25442628495466 -2.5912576
20.255815192801492 -2.3378124
20.25720410064855 -3.2525284
20.258593008494245 -2.629346
20.25998191633971 -2.047948
20.26137082418404 -3.162821
20.262759732027916 -3.3487923
20.26414863987202 -1.9491804
20.265537547715212 -2.894057
20.26692645555704 -2.3186789
20.268315363398415 -2.0920563
20.2697042712407 -1.4818683
20.271093179080253 -0.6862455
20.272482086919354 -0.3290855
20.273870994759818 -0.49693638
20.275259902598464 -0.07772641
20.276648810435518 0.1689834
20.27803771827348 0.17446718
20.27942662611008 0.4308928
20.280815533946225 0.3989439
20.28220444178214 0.9446977
20.283593349616467 0.94147897
20.284982257450793 0.22489397
20.28637116528398 -0.7072865
20.28776007311626 -0.3234229
20.28914898094854 -0.6612109
20.290537888781728 0.35829252
20.291926796612188 -0.3855325
20.293315704443103 -0.13572319
20.294704612271744 -0.98534906
20.296093520102204 -0.28962624
20.297482427929936 -0.6549522
20.298871335758804 -1.2600143
20.300260243584944 -0.42648193
20.301649151412676 -1.7983173
20.303038059238588 -1.5350369
20.304426967063137 -1.870858
20.30581587488814 -0.6405276
20.307204782714052 -1.5212083
20.308593690537236 -1.868891
20.309982598360648 -1.0392927
20.31137150618224 -1.9608631
20.312760414004515 -1.2381388
20.314149321826562 -1.1179131
20.315538229645426 -1.5575681
20.3169271374652 -2.0398414
20.318316045285428 -2.2345746
20.31970495310361 -2.4166117
20.321093860921337 -2.2425618
20.322482768739064 -3.116805
20.323871676555427 -1.9078137
20.325260584372018 -2.7723413
20.326649492188153 -0.8852704
20.32803840000156 0.93849874
20.32942730781633 0.7403679
20.33081621563133 0.8024775
20.332205123443146 1.8997072
20.333594031255416 2.3733377
20.334982939066776 1.9801755
20.336371846878137 3.6510549
20.33776075468859 3.37484
20.339149662498585 3.3520706
20.340538570308127 4.286218
20.341927478117668 3.9086728
20.3433163859238 3.8702862
20.34470529373266 3.4501822
20.34609420154038 3.024475
20.347483109345376 3.8326151
20.34887201715037 2.1768758
20.35026092495582 2.9891882
20.351649832758994 1.9215231
20.353038740564898 1.547435
20.354427648366254 0.976289
20.355816556168975 1.5737809
20.35720546397124 0.66538334
20.35859437177328 0.48286933
20.359983279573044 0.46319932
20.36137218737258 -0.008404466
20.362761095172345 -0.53115034
20.364150002970746 0.07885893
20.36553891076892 -1.1983218
20.366927818565955 -1.2730083
20.368316726362536 -1.5748538
20.369705634159345 -1.2630541
20.37109454195479 -1.5200162
20.37248344974887 -2.1430197
20.37387235754386 -2.2260509
20.375261265337485 -2.7689435
20.376650173129747 -2.1601863
20.378039080922917 -1.5643035
20.37942798871336 -2.1829555
20.380816896506076 -2.0635645
20.382205804296518 -1.0047808
20.38359471208514 -0.73297673
20.384983619874674 -0.33558255
20.386372527663298 0.82167065
20.387761435452376 2.2126393
20.389150343239862 1.3577683
20.390539251026894 2.4938614
20.39192815881188 1.8471347
20.393317066597092 3.329778
20.394705974382305 3.4898798
20.39609488216638 3.5256436
20.397483789949547 3.147979
20.39887269773226 4.5100985
20.400261605516107 2.7072513
20.401650513298137 2.5829127
20.40303942107721 2.7600622
20.404428328858785 2.7107084
20.405817236638995 1.8095828
20.40720614441716 1.5251423
20.408595052196688 -0.007808404
20.409983959974397 0.12988178
20.411372867751197 -0.3095347
20.412761775529816 -1.1247082
20.41415068330525 -1.3976448
20.415539591079323 -1.6097234
20.416928498856123 -2.7089798
20.418317406628375 -2.346813
20.419706314402674 -2.7913556
20.421095222175154 -2.5899463
20.422484129947406 -2.1641202
20.42387303772057 -1.7763226
20.425261945491002 -2.5658062
20.42665085326098 -1.2715182
20.428039761030504 -1.4421706
20.42942866880003 -0.4533643
20.43081757656796 -0.23252356
20.432206484336803 0.085296385
20.433595392104507 0.5676293
20.434984299870166 0.657873
20.43637320763719 2.2622318
20.437762115401483 2.903594
20.439151023165323 2.8758175
20.44053993093121 2.4236453
20.44192883869391 3.3593426
20.44331774645707 2.8410075
20.444706654219317 4.205273
20.446095561980883 4.4376173
20.44748446974245 3.3117769
20.448873377501968 3.4004705
20.450262285261488 4.1288576
20.451651193020098 3.0141037
20.453040100779845 2.9517558
20.454429008536863 2.3078902
20.455817916293654 3.7635913
20.457206824050445 4.067702
20.458595731806327 2.7369351
20.459984639562663 3.2874575
20.461373547316725 3.4570966
20.462762455071697 2.956286
20.46415136282394 3.3234596
20.46554027057573 2.7130926
20.466929178328883 2.0761416
20.46831808608181 1.5215659
20.46970699383155 1.389121
20.47109590158061 2.121204
20.472484809331718 0.2788971
20.47387371708055 0.5059965
20.475262624829156 -0.5912929
20.47665153257617 -0.40347397
20.478040440323184 -0.8340688
20.479429348068834 -2.2791004
20.480818255815848 -2.2519796
20.482207163560815 -2.4618528
20.483596071304873 -3.63061
20.48498497904984 -2.8082242
20.486373886791625 -3.7470806
20.487762794534774 -3.1919088
20.489151702276104 -2.9218335
20.490540610018343 -2.4454613
20.4919295177599 -4.3693085
20.493318425498728 -2.5256314
20.49470733323915 -2.045981
20.49609624097775 -1.2784922
20.497485148714986 -0.9132257
20.498874056452678 0.046552394
20.50026296418946 0.56298
20.50165187192715 2.5337975
20.503040779661433 1.8082715
20.504429687397533 2.6073513
20.50581859513227 3.2564623
20.507207502865185 2.0102172
20.508596410598784 3.3351424
20.509985318331246 3.956715
20.511374226062344 4.1438785
20.512763133795033 3.6805005
20.51415204152545 3.7778966
20.515540949254046 4.0774775
20.51692985698287 3.0850348
20.51831876471215 3.7681212
20.5197076724412 3.2570584
20.521096580167296 3.4178755
20.522485487894755 1.0721357
20.523874395622443 0.7792311
20.525263303346946 0.7047234
20.526652211070086 0.19044161
20.528041118795954 -1.3915054
20.529430026520004 -1.509883
20.530818934243143 -2.7470682
20.53220784196401 -2.7000985
20.53359674968624 -4.1977625
20.53498565740756 -3.3517725
20.536374565126607 -4.3923764
20.53776347284702 -5.229068
20.53915238056743 -4.6696644
20.54054128828443 -3.430095
20.54193019600234 -3.280126
20.543319103720705 -2.761493
20.544708011436796 -2.0767972
20.54609691915266 -0.6777218
20.54748582686875 -1.5173935
20.548874734583023 1.4555224
20.550263642297978 2.0860362
20.551652550010203 3.0298398
20.55304145772243 3.594429
20.554430365435564 4.7509074
20.5558192731462 4.8499727
20.557208180856833 5.7551517
20.55859708856724 6.021114
20.559985996277646 6.3744597
20.561374903987144 5.4273176
20.56276381169414 5.726541
20.564152719402045 5.5741873
20.565541627109724 4.2852645
20.566930534815583 3.862895
20.568319442521897 3.4971519
20.569708350226847 2.832901
20.571097257930887 1.45588
20.572486165635837 1.2234161
20.573875073337376 0.046194762
20.575263981040735 -0.6948884
20.576652888742956 -0.9536386
20.57804179644495 -1.4707816
20.57943070414376 -1.3612254
20.580819611845527 -2.1118457
20.582208519543883 -1.7272071
20.583597427243603 -1.9810102
20.584986334941277 -2.8529286
20.58637524263895 -1.6949601
20.58776415033526 -2.0229132
20.589153058031798 -2.5122201
20.59054196572788 -2.1858764
20.59193087342146 -1.8826599
20.59331978111618 -2.4033196
20.594708688810897 -2.7832491
20.59609759650266 -2.1392646
20.597486504194876 -1.5674031
20.598875411886183 -0.30262038
20.60026431957931 -0.3378476
20.60165322726789 0.02890898
20.603042134957832 -0.2873016
20.60443104264732 0.09376045
20.60581995033681 0.0786205
20.607208858023114 1.067248
20.608597765711693 0.68684155
20.609986673397543 0.481558
20.611375581084303 -0.28521538
20.612764488769244 -0.5926042
20.61415339645464 -0.28426167
20.61554230413776 -1.4042015
20.616931211821793 -2.5327842
20.618320119504915 -3.2222483
20.619709027185763 -3.2789934
20.621097934867976 -3.6256628
20.62248684254837 -4.59915
20.623875750229672 -5.9379635
20.625264657907337 -5.8934383
20.62665356558705 -6.088469
20.628042473265396 -5.914062
20.629431380943515 -5.148063
20.63082028861868 -5.2088614
20.632209196297026 -4.415444
20.633598103971963 -4.938667
20.634987011647354 -3.3695946
20.63637591932138 -2.6250544
20.637764826996317 -1.9827387
20.639153734668525 -1.2219259
20.640542642341188 0.49848616
20.641931550013396 -0.42755485
20.643320457683785 0.77398574
20.644709365355084 1.2339067
20.64609827302388 1.1715587
20.64748718069268 2.796422
20.648876088362158 2.4395006
20.650264996030728 3.0353234
20.65165390369748 3.4306314
20.653042811364458 2.9097931
20.654431719029617 2.3038368
20.65582062669546 2.9250522
20.65720953436039 2.2454228
20.658598442024868 2.4136314
20.65998734968889 2.2677155
20.661376257350867 2.504352
20.662765165013298 1.7103982
20.66415407267482 0.9564997
20.665542980334976 0.9612682
20.666931887996725 1.2275885
20.6683207956562 0.7596803
20.669709703313856 0.9756929
20.671098610971967 -0.24247777
20.672487518630305 -0.052334193
20.67387642628819 0.14526016
20.675265333944026 -1.0363123
20.676654241600772 -0.3581137
20.67804314925479 -0.56047654
20.679432056909036 -1.1959972
20.68082096456328 -1.8032646
20.68220987221548 -2.4378912
20.68359877986859 -2.5715878
20.68498768752079 -1.9832752
20.686376595170714 -2.3149831
20.687765502822003 -2.123886
20.689154410473293 -1.1924208
20.690543318121172 -1.8943427
20.69193222576996 -0.91185474
20.69332113341943 -1.3752924
20.694710041066173 -0.6629395
20.696098948712915 -0.3408279
20.697487856358293 0.21917178
20.6988767640039 -0.35894817
20.700265671649504 1.2343836
20.701654579292153 0.9845146
20.703043486935485 1.6227772
20.70443239457927 1.8318756
20.705821302220784 1.8080331
20.707210209864115 3.0573778
20.70859911750358 2.5534675
20.709988025143275 3.3644686
20.711376932783423 2.1231112
20.712765840423344 3.0338929
20.71415474806031 1.5853446
20.71554365569864 1.4277459
20.716932563335376 2.8123965
20.71832147097075 1.5685356
20.719710378606578 1.6847675
20.721099286243316 0.23300041
20.722488193878235 0.9733087
20.723877101512244 -0.75419647
20.72526600914398 -0.31138247
20.72665491677708 -0.011861621
20.72804382441018 -0.13327934
20.729432732039868 -1.2381388
20.730821639670467 -1.3062686
20.7322105472997 0.81189525
20.7335994549303 -1.3240907
20.734988362557033 -1.7309623
20.736377270185812 -1.618724
20.737766177812773 -1.95681
20.739155085440416 -2.9462721
20.74054399306533 -2.2894719
20.74193290068979 -1.831816
20.743321808315613 -2.8788574
20.74471071594121 -3.9494433
20.746099623564533 -2.5311153
20.74748853118581 -4.1791654
20.748877438808904 -3.7897582
20.75026634643109 -3.0456948
20.751655254050775 -3.9224415
20.75304416166955 -3.4666336
20.754433069289917 -3.4420161
20.755821976910283 -2.2764776
20.757210884527467 -1.8489826
20.758599792145105 -2.32458
20.759988699761834 -0.2028993
20.761377607377653 0.34863633
20.7627665149937 0.11927188
20.764155422607928 1.9477499
20.76554433022193 2.9441261
20.766933237836156 3.177782
20.768322145448565 4.1611643
20.769711053061656 4.3839717
20.77109996067452 4.767597
20.7724888682842 4.9361634
20.77387777589479 5.5297213
20.775266683505833 4.6179857
20.776655591113013 4.9865904
20.778044498721556 4.7451854
20.7794334063301 4.387548
20.78082231393728 3.3740056
20.782211221544685 3.0136268
20.783600129149818 2.260682
20.78498903675404 1.2106603
20.78637794435963 1.937736
20.787766851963625 -0.08166041
20.789155759566256 -0.81994206
20.790544667167524 -1.6505537
20.79193357477152 -2.593344
20.793322482371877 -2.4026043
20.794711389973145 -3.2252884
20.79610029757214 -3.8352377
20.797489205172496 -3.7469614
20.798878112771035 -4.0294347
20.800267020367983 -4.5060453
20.80165592796584 -4.483395
20.80304483556256 -3.6316829
20.80443374315837 -3.3484943
20.80582265075418 -3.340507
20.807211558348627 -2.0430005
20.808600465942618 -1.9951367
20.80998937353752 -1.8284184
20.81137828112969 -0.75395805
20.81276718872141 0.24027234
20.814156096312672 2.9950297
20.815545003903708 2.0145087
20.81693391149429 3.0139844
20.818322819082823 4.0895176
20.819711726671585 4.746616
20.8211006342608 6.9048347
20.82248954184979 6.334404
20.823878449434005 5.8695955
20.825267357021403 6.8983974
20.82665626460721 6.808869
20.82804517219165 6.7351956
20.829434079776547 7.921596
20.830822987360534 7.5881596
20.83221189494361 6.7231555
20.833600802525325 6.29566
20.834989710106584 6.1207757
20.836378617687842 6.0043054
20.83776752526819 4.602488
20.839156432847858 4.317929
20.840545340427525 2.918138
20.841934248005828 2.1740148
20.843323155583676 1.6268305
20.844712063161296 0.7944903
20.846100970737325 0.04428736
20.847489878313354 -1.0479356
20.848878785888246 -1.19558
20.85026769346223 -2.2559135
20.851656601035756 -3.0250115
20.853045508608602 -3.5038278
20.854434416181448 -4.282642
20.855823323753157 -4.144415
20.85721223132373 -5.3147216
20.858601138894755 -3.9773388
20.859990046465555 -3.4024973
20.86137895403408 -4.5842485
20.862767861602606 -3.8910291
20.864156769170222 -3.1637151
20.865545676739657 -4.33438
20.86693458430409 -3.824449
20.868323491870797 -2.3009758
20.869712399436594 -3.0746634
20.871101306999662 -2.1982148
20.872490214564777 -2.0220191
20.873879122128074 -1.1126678
20.875268029689323 -0.21535698
20.8766569372533 0.32467464
20.878045844812732 1.4691126
20.879434752373527 0.9954822
20.880823659933867 2.6027021
20.882212567494207 2.7138078
20.883601475051137 3.5677257
20.884990382610795 3.4452944
20.886379290167497 3.4666336
20.88776819772579 3.477601
20.88915710528181 4.166887
20.890546012835102 3.5555658
20.891934920391577 3.925005
20.89332382794464 3.1615694
20.89471273549816 2.152199
20.896101643050315 1.2697897
20.89749055060338 1.155465
20.898879458153942 0.06336133
20.900268365706324 -0.46838507
20.90165727325484 -1.2512522
20.903046180805404 -1.5601907
20.904435088354603 -1.7862768
20.905823995901528 -2.5692036
20.907212903449363 -2.8604987
20.90860181099515 -2.6822762
20.90999071854276 -3.372873
20.911379626087637 -2.2851205
20.91276853363297 -2.984837
20.91415744117785 -3.1567411
20.91554634872182 -2.6458569
20.91693525626306 -1.135199
20.918324163805664 -1.3637289
20.919713071347815 0.25100145
20.92110197888792 0.61507577
20.922490886428477 2.1631665
20.923879793968354 2.596503
20.92526870150664 3.1761131
20.92665760904447 4.5449085
20.92804651658207 4.849496
20.9294354241199 6.6989555
20.930824331655913 6.4495635
20.932213239192606 7.2747507
20.93360214672657 7.8729577
20.934991054260536 7.419117
20.93637996179541 7.2925134
20.937768869327556 7.3869295
20.939157776860156 6.880277
20.940546684392302 6.778589
20.94193559192263 5.30441
20.943324499453865 3.9781733
20.9447134069826 2.165193
20.946102314510426 1.0345838
20.947491222039844 0.6477399
20.948880129567442 -2.1377742
20.950269037093676 -3.5350018
20.951657944620365 -3.1770668
20.953046852146144 -5.136321
20.954435759671014 -5.6938767
20.95582466719611 -6.5813527
20.95721357471939 -7.2237873
20.95860248224335 -7.790582
20.959991389765264 -8.571602
20.961380297285814 -8.516108
20.962769204807273 -7.6900263
20.964158112327368 -7.1291924
20.965547019847236 -6.234683
20.96693592736665 -7.2695055
20.968324834884243 -5.97784
20.96971374240229 -5.1813827
20.971102649920567 -4.057748
20.97249155743657 -2.5734355
20.973880464951662 -0.7716015
20.9752693724663 1.4458662
20.976658279981166 1.0986007
20.978047187494667 2.9673724
20.979436095006804 4.2297115
20.98082500251985 4.746139
20.982213910032215 5.475718
20.98360281754276 5.850164
20.984991725053078 6.8108954
20.986380632564305 7.065533
20.987769540073714 6.9093647
20.98915844758153 6.1257825
20.990547355088438 5.0466733
20.991936262596028 6.1877728
20.993325170102707 6.3110385
20.99471407760757 4.9467735
20.996102985112884 4.4117484
20.997491892617745 3.6264973
20.998880800121697 2.9084816
21.00026970762474 3.123183
21.001658615125507 1.3653978
21.00304752262764 1.0885869
21.004436430129545 -0.6436867
21.005825337628266 -0.45849043
21.007214245129944 -2.4438517
21.00860315262821 -2.2397006
21.00999206012648 -3.1811202
21.01138096762429 -3.554791
21.012769875121194 -4.0256796
21.01415878261787 -2.997235
21.015547690114545 -3.5193253
21.016936597608037 -3.7767045
21.018325505103803 -3.6225035
21.01971441259684 -3.3850327
21.021103320090788 -2.654917
21.02249222758337 -3.2933586
21.02388113507368 -2.3034792
21.025270042565808 -2.1848032
21.026658950057026 -2.427639
21.028047857545516 -0.6423158
21.02943676503355 -1.3094276
21.03082567252295 -0.59337914
21.03221458001235 -0.16755286
21.033603487499022 0.26149213
21.0349923949841 0.62640095
21.03638130246918 0.4262435
21.03777020995676 -0.25207436
21.039159117439794 0.7346457
21.040548024922373 1.618724
21.041936932406088 0.58384216
21.043325839889803 1.6636671
21.044714747370563 1.6625941
21.046103654852004 2.3344746
21.04749256233208 2.1156008
21.04888146981193 2.593642
21.050270377291326 1.9440542
21.051659284768903 2.6800709
21.053048192246706 2.396584
21.054437099723145 2.0891356
21.055826007199357 1.7754881
21.057214914675114 0.96150666
21.05860382215178 1.9774337
21.05999272962572 0.47440526
21.061381637098975 1.3746964
21.06277054457223 0.961149
21.06415945204435 -0.018001053
21.06554835951647 -0.8074844
21.06693726698677 -0.6043467
21.068326174456615 -0.8287042
21.069715081926915 -0.73190385
21.071103989396306 -1.0369681
21.072492896864105 -0.489128
21.073881804330995 -0.7552694
21.075270711798566 -1.068142
21.07665961926523 -0.9554864
21.078048526730072 -0.8241145
21.079437434195142 -0.7665349
21.08082634165976 -0.6756356
21.0822152491246 -1.0754737
21.08360415658626 -0.6622242
21.084993064048376 -0.4283297
21.08638197151049 -0.14424686
21.087770878971924 0.2505246
21.089159786431537 1.0443592
21.090548693890923 1.3490658
21.091937601349628 1.3096064
21.093326508808786 1.5876095
21.09471541626567 1.7225578
21.096104323721647 2.285478
21.097493231178305 1.674873
21.098882138634963 2.0788834
21.100271046088437 1.642328
21.101659953542367 2.4949343
21.103048860997205 2.0197542
21.104437768450225 0.9994161
21.105826675902335 1.5122674
21.10721558335308 2.7845008
21.10860449080519 0.18042779
21.109993398255256 0.49812853
21.111382305703955 -0.722486
21.112771213152882 -0.09316439
21.114160120601127 -0.37736645
21.115549028048918 0.6597803
21.11693793549557 -0.48292893
21.118326842940633 -0.6743243
21.119715750386604 -1.2086934
21.12110465783121 -0.7997952
21.122493565275363 -1.5291955
21.123882472718833 -0.75419647
21.12527138016162 -0.5036123
21.12666028760441 -1.2131637
21.12804919504515 -0.10401272
21.129438102485437 -1.0124699
21.130827009925724 -0.91674244
21.13221591736601 -0.63629556
21.133604824804706 -1.0961568
21.134993732241583 -0.35984227
21.13638263967914 -1.4660727
21.1377715471167 -0.374863
21.139160454551984 0.44531748
21.140549361986814 0.29546764
21.141938269422553 -0.4941945
21.143327176855564 0.19532932
21.144716084288802 0.67062867
21.14610499172113 0.7766084
21.147493899153233 0.64404434
21.148882806585334 0.5423563
21.150271714015616 0.5316272
21.151660621445217 1.2335491
21.153049528874362 1.1740621
21.15443843630328 1.6077565
21.155827343730834 0.83657223
21.15721625115839 1.1292382
21.161382973436048 -0.5950481
21.16277188085928 -0.012874926
21.16416078828388 0.1087812
21.165549695707796 -0.36222652
21.166938603129438 -0.94910854
21.168327510550625 -1.9149069
21.169716417971813 -0.42123657
21.171105325393228 -2.5687268
21.172494232812824 -0.98391855
21.173883140231283 -1.5114925
21.17527204765065 -2.4877815
21.1766609550682 -0.98749495
21.17804986248416 -2.0447886
21.179438769901026 -0.8192864
21.180827677316756 -0.91257
21.182216584731577 -0.49973786
21.1836054921464 0.002145821
21.184994399558946 1.0747584
21.186383306971948 0.80021244
21.18777221438495 0.97462
21.189161121796133 1.0908519
21.19055002920686 2.192254
21.191938936617134 1.3092488
21.19332784402718 1.8759841
21.194716751434953 1.5723504
21.196105658843862 1.9087673
21.19749456625209 2.0823405
21.198883473658498 2.5153196
21.20027238106445 1.579503
21.201661288469495 1.421666
21.20305019587431 0.8726935
21.204439103279128 0.64154094
21.20582801068258 0.4224287
21.20721691808467 -1.0587243
21.208605825487666 -1.3384559
21.209994732888845 -2.4085054
21.21138364028866 -2.7335973
21.212772547688928 -3.0321047
21.214161455088288 -3.7723534
21.215550362487647 -5.1788793
21.216939269885188 -4.409424
21.218328177281364 -4.709362
21.219717084678905 -5.108127
21.221105992075536 -5.2148814
21.222494899470348 -4.5728636
21.223883806864478 -4.380038
21.225272714258608 -4.4509096
21.22666162165251 -3.549009
21.228050529044594 -3.5955617
21.229439436436223 -2.9928243
21.23082834382717 -3.229878
21.232217251218117 -1.7990922
21.233606158607017 -1.9314177
21.2349950659966 -2.0301256
21.236383973384818 -2.117091
21.23777288077281 -1.8151858
21.239161788159436 -0.83001554
21.240550695546062 -1.6262344
21.241939602931097 -0.71175694
21.243328510316587 -1.1853874
21.24471741770094 -0.7104456
21.24610632508484 -0.58992195
21.247495232468737 -0.4562254
21.248884139849906 -0.2620286
21.250273047231303 -0.006318251
21.2516619546127 0.04214154
21.25305086199205 0.312515
21.25443976937231 1.4515884
21.255828676751662 0.5749012
21.25721758412874 1.7653551
21.25860649150718 2.199526
21.259995398883802 2.0229728
21.261384306258833 3.1247327
21.262773213634773 3.0764518
21.264162121009576 2.2362435
21.26555102838347 3.5512743
21.266939935757364 2.7592278
21.268328843129666 3.1599004
21.269717750501513 2.6725605
21.271106657873588 2.6716068
21.27249556524339 3.3049817
21.273884472613645 1.5202546
21.27527337998299 2.1284757
21.276662287351655 1.5724696
21.27805119471941 0.6008895
21.279440102086028 1.2266347
21.280829009452873 0.370929
21.282217916819263 -0.07641508
21.28360682418429 -1.5040417
21.284995731547497 -2.121323
21.286384638912295 -3.2348254
21.287773546276185 -4.1152678
21.28916245363689 -4.6784263
21.29055136099896 -5.0994844
21.291940268360122 -5.7212358
21.293329175720373 -6.3514514
21.294718083079943 -6.197489
21.296106990438602 -6.8383145
21.297495897797944 -6.663728
21.29888480515524 -6.5668087
21.30027371251208 -5.5908175
21.30166261986824 -4.9064198
21.303051527223715 -3.9798422
21.304440434578737 -2.7291267
21.305829341932622 -1.3923994
21.307218249285825 -0.9966147
21.308607156639027 -0.40031484
21.309996063990866 1.7763226
21.31138497134225 2.0660086
21.31277387869204 3.28257
21.31416278604297 3.7986395
21.31555169339208 4.441909
21.316940600740054 3.5705867
21.3183295080878 4.1075187
21.319718415436 3.9332304
21.32110732278261 3.4646068
21.322496230128536 4.8407936
21.323885137472644 2.9983675
21.325274044818343 1.7809719
21.326662952162224 2.6519368
21.32805185950474 2.019039
21.3294407668468 1.0878717
21.330829674189772 -0.16034052
21.332218581530014 -1.0935342
21.333607488870484 -1.5601907
21.334996396210045 -0.98874664
21.336385303548468 -1.9892952
21.3377742108878 -2.6489563
21.339163118225315 -3.3421164
21.340552025560555 -3.2146783
21.34194093289807 -3.8922212
21.343329840233764 -2.2187192
21.34471874756855 -2.7892694
21.346107654902426 -1.9431602
21.34749656223562 -2.2695634
21.34888546956836 -1.3749944
21.35027437690087 -1.1788306
21.353052191562256 0.9189479
21.354441098892494 0.097694464
21.355830006221368 1.2725315
21.357218913549787 1.2972084
21.358607820878206 2.0396626
21.359996728205033 2.082102
21.36138563553186 4.49472
21.36277454285755 2.3082478
21.364163450182332 3.438857
21.365552357507113 3.8433442
21.366941264831894 3.558904
21.368330172153946 3.7957785
21.369719079477363 3.36876
21.371107986798506 3.17814
21.375274708758752 0.5920678
21.376663616078076 0.68707997
21.378052523397173 -1.0803018
21.379441430713996 -1.471914
21.380830338030137 -2.9092567
21.382219245346505 -2.9250522
21.38360815266242 -3.782546
21.384997059976286 -3.774678
21.38638596729038 -3.9093285
21.387774874604474 -4.2111144
21.389163781917432 -4.7897706
21.39055268922857 -5.041726
21.39194159653971 -4.7965655
21.393330503850848 -5.098471
21.394719411161077 -4.3737793
21.396108318469942 -4.3722296
21.397497225778352 -4.3126235
21.398886133085853 -3.0933797
21.400275040393353 -3.8370857
21.401663947699262 -3.757154
21.403052855004262 -3.086406
21.404441762309943 -1.950909
21.405830669614716 -1.5295532
21.407219576917214 -1.2116736
21.408608484220167 -0.3817177
21.40999739152312 0.25588918
21.411386298824254 0.36902162
21.412775206124707 1.0348222
21.41416411342516 1.252027
21.415553020725383 0.94934696
21.41694192802447 1.5446931
21.418330835321285 1.6827409
21.41971974261901 1.4184474
21.4224975572115 2.1222768
21.423886464507177 1.5295532
21.425275371801035 2.2827363
21.42666427909535 1.7967079
21.42805318638807 1.5716351
21.429442093680336 2.700933
21.430831000971693 2.0897317
21.432219908262596 0.88282657
21.43499772284258 1.1557034
21.436386630131892 0.62818915
21.437775537420293 0.4826309
21.439164444708695 0.6881529
21.440553351995277 -0.08243529
21.441942259280495 -0.60214126
21.443331166567077 -1.1928381
21.44472007385184 -1.6670645
21.446108981135012 -1.0972298
21.447497888418184 -1.9028664
21.448886795702037 -1.7267898
21.450275702983163 -2.8073301
21.451664610264288 -1.4878885
21.45305351754496 -3.5903163
21.454442424824265 -2.7527308
21.457220239382877 -2.9307148
21.45860914665991 -2.73318
21.459998053937397 -2.3476474
21.461386961213748 -2.409459
21.462775868489643 -2.213772
21.464164775764402 -1.4175533
21.46555368303848 -1.8636457
21.46694259031301 -0.19217019
21.468331497585268 -0.25755814
21.469720404856616 -0.072481066
21.471109312128647 0.9183518
21.472498219399768 1.027431
21.473887126668615 1.5585217
21.475276033937917 1.6006037
21.47666494120722 1.6448315
21.4780538484747 0.7810193
21.47944275574264 0.67325133
21.480831663008303 0.9810574
21.482220570273967 0.65680003
21.48360947754054 0.6646681
21.484998384804612 0.70007414
21.486387292067775 0.532104
21.487776199331392 -0.71467763
21.489165106593646 -0.97229534
21.490554013854762 -0.15038629
21.491942921116106 -2.505723
21.49333182837563 -2.5308173
21.494720735635838 -2.8746254
21.496109642895135 -3.3794296
21.49749855015216 -3.3774626
21.49888745741032 -4.613873
21.50027636466666 -5.090722
21.501665271921865 -6.671954
21.503054179177752 -6.891483
21.504443086432275 -6.5713983
21.50583199368657 -6.935115
21.5072209009395 -6.4129057
21.508609808191522 -6.2103043
21.509998715443544 -6.0878134
21.511387622695565 -5.0022073
21.512776529945313 -5.151878
21.514165437194606 -3.4471424
21.5155543444439 -2.3688076
21.516943251692283 -1.0987796
21.518332158939074 -0.54283315
21.519721066185866 0.4709481
21.52110997343243 2.6202261
21.522498880678086 2.997533
21.52388778792283 5.1496725
21.525276695166212 5.4535446
21.52666560241005 6.7490244
21.528054509652975 7.1009393
21.52944341689431 9.3010025
21.530832324134735 8.480822
21.532221231376752 8.000515
21.533610138616723 8.431109
21.53499904585533 7.657899
21.536387953093026 7.0815077
21.537776860331178 6.214834
21.539165767568647 4.8818026
21.541943582039494 2.7235835
21.543332489274235 2.0797179
21.544721396508294 1.267167
21.546110303741443 0.34327176
21.547499210974365 -0.20164758
21.548888118206605 -1.0957992
21.55027702543839 -2.1657295
21.55166593266881 -3.2211158
21.553054839897413 -2.3071153
21.554443747127607 -4.4318357
21.55583265435598 -3.8484108
21.557221561583447 -5.1412683
21.558610468810457 -5.1421027
21.559999376037013 -5.423503
21.56138828326266 -5.305006
21.562777190487395 -4.8477674
21.564166097711677 -4.43571
21.565555004935504 -3.1259844
21.566943912159104 -3.833092
21.56833281937952 -3.3684025
21.569721726601074 -3.0172627
21.571110633821945 -1.1089722
21.57249954104236 -0.6303946
21.57388844826164 1.0692745
21.57527735547933 1.7205312
21.576666262697017 1.8154242
21.57805516991516 2.4738338
21.57944407713103 3.6324577
21.58083298434667 2.5658658
21.582221891562313 3.500132
21.583610798776135 3.3543358
21.584999705989503 4.1316
21.586388613202416 4.346301
21.58777752041442 3.0589275
21.589166427626424 3.063219
21.590555334836836 3.4148953
21.59194424204634 2.0260723
21.593333149255614 1.8347366
21.59472205646489 1.538971
21.59611096367189 0.55368143
21.597499870879346 1.658064
21.598888778085893 0.114861034
21.60027768529153 -0.059010077
21.601666592497168 -0.19193177
21.603055499700986 -1.3110967
21.60444440690435 -1.2076204
21.605833314107258 -2.3338785
21.607222221310167 -2.1760414
21.608611128511257 -2.130562
21.610000035712346 -1.5607271
21.611388942912072 -1.591484
21.612777850112025 -1.3050764
21.614166757310613 -0.8546328
21.61555566450761 -1.4732255
21.616944571704835 -0.43250215
21.61833347890206 -0.22018509
21.619722386097237 1.3843526
21.62111129329196 0.75395805
21.622500200486684 1.6497192
21.62388910768027 2.629644
21.625278014872947 2.875579
21.626666922064942 2.4923117
21.628055829256255 3.7776582
21.629444736447113 4.441551
21.630833643637516 4.942839
21.63222255082701 4.421285
21.633611458016276 5.362228
21.635000365203723 5.512078
21.63638927239026 4.9833717
21.639167086762427 3.7383184
21.640555993948055 2.8730757
21.64194490113232 2.4266257
21.643333808314765 4.203962
21.644722715498574 2.1731803
21.646111622681246 1.361583
21.647500529861645 0.628666
21.64888943704227 0.80498093
21.650278344223125 -0.7469841
21.651667251401705 -0.64100444
21.653056158580057 -1.0324976
21.654445065758182 -2.1520798
21.655833972935852 -1.9906068
21.65722288011284 -2.473059
21.658611787287555 -3.0991616
21.66000069446227 -2.400399
21.661389601636984 -1.8986343
21.66277850881079 -2.4129758
21.664167415983684 -2.3086054
21.665556323155215 -1.211018
21.66694523032629 -3.1290243
21.668334137497823 -2.3988492
21.669723044667762 -2.0474114
21.671111951836338 -3.0660205
21.672500859005595 -2.5596666
21.673889766173943 -3.2543166
21.675278673340017 -3.3039684
21.67666758050609 -2.3806098
21.678056487672166 -2.2590725
21.679445394837785 -2.9351852
21.68083430200204 -2.5457783
21.68222320916493 -1.812742
21.683612116328277 -1.4135001
21.685001023490486 -1.3748752
21.686389930650876 -1.7021725
21.687778837811265 -1.4259577
21.68916774497211 -0.18471944
21.69055665213091 -0.9277696
21.691945559289252 1.1872947
21.693334466446686 0.36425313
21.694723373603665 3.4244323
21.69611228076087 2.6904423
21.69750118791626 2.3143275
21.698890095070283 3.3575544
21.70027900222476 3.903189
21.70166790937901 4.372051
21.703056816531216 3.3380036
21.70444572368342 3.621371
21.705834630834488 4.025739
21.707223537985556 3.7312849
21.708612445134804 3.4884493
21.710001352283598 4.265952
21.71139025943239 4.3483276
21.71277916658073 3.9316807
21.71416807372657 3.661069
21.71555698087286 3.4784355
21.716945888018927 3.161927
21.718334795163173 3.1391573
21.719723702306965 2.385855
21.7211126094503 2.2673578
21.722501516593184 2.1669815
21.723890423735156 1.1046805
21.72527933087622 -0.15694298
21.726668238016373 0.8047425
21.728057145156527 -0.4106863
21.729446052295998 0.095667854
21.73083495943365 -0.067116514
21.732223866571076 -0.35566986
21.73361277370782 0.56655633
21.735001680844107 -1.5781322
21.736390587980168 -1.1218472
21.737779495113273 -0.748057
21.739168402247742 -0.36741227
21.74055730938153 -1.5607271
21.741946216513497 0.044764213
21.74333512364501 -0.40603703
21.744724030776524 -0.5633972
21.74611293790622 -0.67217845
21.747501845036368 -0.06491109
21.748890752165153 -0.8593417
21.750279659293483 -0.39942074
21.751668566421813 -1.0115758
21.753057473547642 0.096144706
21.75444638067347 -1.0324976
21.755835287798845 -1.3011423
21.76000200917042 -3.3153532
21.76139091629193 -3.523617
21.762779823413894 -3.7081578
21.76416873053563 -2.5684288
21.765557637654638 -2.2677155
21.76833545189311 -1.7033646
21.769724359011434 -2.835345
21.77111326612794 -2.58786
21.772502173244447 -2.6744082
21.773891080360954 -2.703198
21.776668894589875 -2.036265
21.7780578017032 -1.7770975
21.779446708816522 -1.776859
21.78083561592848 -1.274439
21.78222452303976 0.54116416
21.783613430151036 -1.3595564
21.785002337260266 -0.74126196
21.786391244370407 -0.46105352
21.787780151478273 -1.1847316
21.789169058585685 1.0724933
21.790557965693097 0.30583912
21.791946872800054 1.2621601
21.79333577990451 0.56047654
21.79472468700942 1.7008612
21.796113594114104 2.2462573
21.79750250121765 2.121323
21.798891408320742 2.4837284
21.800280315421787 2.8489947
21.80166922252306 3.0167263
21.803058129624333 3.5599768
21.80444703672356 2.909197
21.805835943821876 3.47319
21.807224850921102 2.9364965
21.808613758018737 3.018276
21.810002665115007 3.0923069
21.81139157221105 1.9132974
21.812780479305957 2.3957496
21.814169386401318 1.7977809
21.815558293495542 2.1127398
21.81694720058772 1.4680396
21.818336107680352 2.0166545
21.819725014772757 0.73154616
21.821113921863343 1.6854827
21.82250282895393 -0.11664922
21.82389173604315 0.17828196
21.825280643132373 -0.12827241
21.82666955022023 -0.67325133
21.828058457306724 -1.5135787
21.829447364394127 -0.8500431
21.83083627148062 -1.1958184
21.832225178564613 -1.8752092
21.83361408564906 -2.370536
21.835002992733052 -2.323626
21.836391899816135 -2.8102508
21.83778080689808 -3.6686387
21.839169713979345 -2.955988
21.8405586210597 -3.7208538
21.841947528140736 -2.9649286
21.8433364352195 -2.4285927
21.844725342297806 -2.9647498
21.846114249376114 -3.0501654
21.847503156453286 -2.1643586
21.848892063529547 -2.570038
21.850280970604672 -0.9231799
21.851669877679342 -0.89182705
21.853058784754012 2.1208463
21.85444769182709 -0.16522822
21.85583659889926 2.2374356
21.857225505971655 1.4520652
21.858614413043142 1.651865
21.86000332011281 2.6129544
21.861392227182478 3.1118577
21.862781134252145 2.8742678
21.864170041319994 3.2335737
21.865558948387616 2.406717
21.866947855454328 2.2374356
21.868336762520812 2.0558755
21.869725669586614 1.7645205
21.871114576650143 1.1342452
21.8725034837139 0.34959
21.873892390777428 -0.7023392
21.875281297840047 -1.1441399
21.876670204901075 -2.038411
21.878059111961647 -3.0475426
21.87944801902222 -3.3687005
21.88083692608211 -3.9587417
21.882225833140637 -4.6256747
21.883614740197572 -4.9644766
21.894725996635316 -0.640766
21.896114903686566 -0.73625505
21.89750381073759 0.176613
21.89889271778725 0.8880719
21.900281624836225 1.0075226
21.90167053188452 3.0309126
21.903059438931678 3.3575544
21.90444834597929 4.2409177
21.905837253025084 4.9855175
21.90722616006974 5.064913
21.90861506711508 5.176972
21.91000397415951 4.0685363
21.911392881201664 4.3607254
21.912781788244047 3.5778587
21.914170695286202 2.937212
21.915559602326994 1.2159057
21.916948509367103 1.3603909
21.918337416406303 0.4939561
21.919726323445502 -0.997926
21.92111523048402 -0.8976089
21.92250413752049 -1.9602075
21.923893044556735 -3.1329584
21.925281951593206 -2.9934204
21.926670858628086 -3.4289029
21.928059765662283 -2.044431
21.92944867269557 -3.0989828
21.93083757972795 -2.737412
21.932226486760783 -3.0222697
21.933615393792024 -3.2483559
21.935004300821447 -2.9929435
21.936393207852007 -2.2822595
21.937782114881657 -2.3860934
21.93917102190926 -2.4343147
21.940559928936636 -2.3124201
21.941948835964013 -1.3330913
21.943337742990707 -1.7634476
21.94472665001581 -1.3223622
21.946115557039775 -1.1522462
21.947504464064195 -0.45586777
21.948893371087706 0.26232663
21.95028227810917 0.14311434
21.951671185130863 0.26816803
21.953060092152327 1.0022773
21.954448999172428 1.0229009
21.95583790619139 1.1920632
21.9572268132099 0.96281797
21.958615720227954 2.4316325
21.960004627245553 2.9667764
21.961393534261788 3.1014862
21.962782441276886 2.8396962
21.96417134829221 3.3045049
21.965560255306855 2.8966796
21.96694916232036 2.92994
21.96833806933273 2.2861934
21.96972697634442 1.8311603
21.971115883356333 0.6104265
21.972504790366656 0.677543
21.973893697375615 -0.3678295
21.975282604385256 -0.9897003
21.976671511393988 -2.2227726
21.978060418400673 -2.33817
21.97944932540713 -2.1849225
21.980838232413817 -2.779196
21.98222713941891 -3.9525428
21.983616046423094 -2.6363199
21.985004953426824 -2.7688243
21.986393860429644 -4.2560573
21.987782767432464 -3.70476
21.989171674433692 -3.3458717
21.990560581434465 -3.7802212
21.99194948843501 -3.5699906
21.993338395434193 -2.8197877
21.994727302432466 -2.1641202
21.996116209430056 -2.1862936
21.997505116426964 -0.6005319
21.998894023423645 -1.6292146
22.00028293041987 -0.98272645
22.001671837413824 -0.57525885
22.00306074440755 -0.23687479
22.0044496514015 0.42457452
22.00583855839409 2.2194345
22.007227465385768 1.9158009
22.008616372376537 2.719411
22.010005279366396 3.4866612
22.011394186356483 3.938714
22.012783093345433 3.7395105
22.014172000333247 3.6558235
22.015560907321287 5.4100323
22.01694981430751 4.7453046
22.01833872129305 5.076834
22.02111653526231 3.8319
22.022505442246484 3.547817
22.02389434922884 3.5189676
22.025283256210287 2.0688696
22.02667216319196 1.4579066
22.028061070172953 0.6829075
22.0294499771519 -0.29773268
22.03083888413107 -0.27418822
22.03222779110979 -1.8412933
22.033616698087144 -1.5655552
22.03500560506359 -1.5235329
22.03639451203935 -2.9156344
22.03778341901534 -2.5747468
22.03917232599042 -2.2540061
22.040561232963455 -2.244648
22.04195013993626 -1.8606653
22.043339046909068 -0.9238356
22.044727953880283 -0.1727982
22.04611686085127 -0.3679487
22.047505767820894 0.58706087
22.048894674789835 0.5841998
22.050283581759004 1.0484124
22.05167248872658 2.1368206
22.053061395692566 1.9701617
22.05445030265946 1.8292528
22.055839209625674 2.1177466
22.057228116589613 2.6761367
22.058617023553325 2.1480267
22.060005930517036 2.9174225
22.064172651401805 2.6494334
22.06556155836256 1.932133
22.066950465322407 2.031437
22.068339372280207 1.7163588
22.069728279238234 2.7821167
22.071117186195806 2.3901467
22.072506093152242 1.8216233
22.07389500010777 1.8074371
22.075283907062385 1.641732
22.07667281401632 1.3371445
22.078061720970254 1.0559229
22.079450627923052 1.6758267
22.08083953487403 0.8406254
22.082228441825464 0.6274739
22.09056188351701 -2.2833323
22.09750641823848 -2.9530075
22.098895325180592 -3.3083198
22.100284232121794 -3.2480578
22.10167313906277 -2.6095567
22.10306204600215 -2.854121
22.104450952940624 -2.50167
22.105839859879325 -3.3557067
22.107228766817343 -2.7185168
22.108617673753997 -2.0835924
22.110006580689515 -2.5634813
22.111395487624804 -1.4905111
22.11278439455964 -1.6137767
22.114173301493565 -0.85594416
22.115562208425445 -0.012219259
22.116951115358006 1.6867942
22.118340022290113 0.2669759
22.119728929219946 1.6121674
22.12111783614955 1.9647973
22.122506743079384 2.4495144
22.123895650007398 3.0760942
22.125284556935185 3.6064696
22.126673463861607 4.425815
22.128062370787575 4.4495387
22.129451277713542 3.3089159
22.13084018463792 3.3284667
22.13222909156184 2.6569436
22.133617998485306 1.9756455
22.13500690540741 1.7621363
22.1363958123286 1.6463813
22.13778471924934 0.9131065
22.139173626169168 -1.1871755
22.140562533089224 -0.74400383
22.141951440007233 -2.282021
22.143340346924106 -2.084248
22.144729253841433 -1.8421874
22.14611816075808 -3.607185
22.147507067672905 -3.5529432
22.148895974587504 -3.9605298
22.150284881501648 -4.2289367
22.151673788414882 -4.657862
22.15306269532698 -4.0008836
22.154451602238396 -4.4271865
22.157229416060545 -4.05286
22.158618322969232 -3.8340456
22.160007229877237 -3.2890668
22.161396136785697 -4.0932136
22.16417395059875 -1.8309219
22.166951764408623 -4.258382
22.172507392019952 -3.4919064
22.176674112719866 -2.249774
22.178063019619003 -1.8961309
22.17945192651723 -1.672608
22.180840833414322 -1.3507943
22.182229740309822 -0.7862646
22.18500755410082 0.25958475
22.189174274780044 0.98499143
22.190563181671678 2.7103508
22.191952088563085 2.826702
22.193340995453354 2.243754
22.197507716119162 3.5740438
22.201674436777694 2.5285523
22.20306334366228 2.1855783
22.207230064312398 0.28283113
22.214174598713043 -2.4471302
22.218341319343835 -4.478805
22.21973022622001 -4.3397446
22.22111913309459 -4.3741965
22.222508039967806 -4.5585585
22.223896946841705 -4.7833333
22.225285853714468 -4.0099435
22.226674760585183 -3.232739
22.2280636674559 -3.819621
22.229452574326615 -2.0142703
22.23084148119642 -2.235111
22.23223038806509 1.04424
22.23361929493194 -0.065149516
22.235008201799474 -0.60136634
22.236397108666324 0.15324739
22.237786015531128 1.0835801
22.239174922395705 1.465417
22.24056382926028 1.5471966
22.24195273612304 1.5078565
22.243341642985342 2.0178466
22.244730549846963 2.7086818
22.246119456707447 1.6627133
22.24750836356816 2.8425572
22.24889727042728 1.5069028
22.250286177285034 1.3844718
22.25167508414347 1.6649784
22.253063991001 1.2064879
22.268341966376283 -2.372086
22.269730873223807 -2.6311939
22.27111978007133 -1.4440184
22.27250868691749 -1.0800633
22.27389759376183 -1.8504727
22.275286500606853 0.089349605
22.276675407451194 -0.8661964
22.27806431429417 0.89057535
22.279453221136464 1.8679969
22.28084212797762 0.9833225
22.282231034819006 2.4697804
22.28361994165857 1.089183
22.285008848497 2.1579213
22.286397755335884 3.5099075
22.287786662174085 2.7953491
22.289175569010013 1.3731467
22.291953382681868 2.4578593
22.293342289515977 1.6745154
22.296120103182147 1.659137
22.298897916846272 1.5346793
22.300286823676515 1.4476544
22.301675730506076 -0.04434697
22.303064637335638 0.9716397
22.304453544163835 -0.7007298
22.305842450991122 -0.5366341
22.307231357817727 -0.30536225
22.31000917146889 -2.1371782
22.311398078293223 -2.5410695
22.312786985115736 -1.8576254
22.314175891939158 -2.1692464
22.315564798761898 -2.5060806
22.316953705582364 -2.2229514
22.318342612402375 -3.090638
22.319731519222614 -1.3302302
22.32112042604126 -1.7118883
22.322509332859227 -1.7732826
22.32389823967651 -1.622062
22.325287146493565 -1.3143749
22.32667605330971 -0.1699371
22.328064960123584 -0.6813578
22.32945386693791 -0.30721006
22.330842773751783 0.2766321
22.33223168056429 0.49693638
22.33362058737589 -0.06818942
22.33500949418658 1.1504581
22.33639840099704 1.6516266
22.33778730780682 1.8286568
22.339176214615463 1.1112373
22.340565121422742 1.8817062
22.341954028230248 3.024356
22.343342935036844 2.35784
22.34473184184162 2.4826555
22.34612074864617 1.9235498
22.34750965545072 2.6979527
22.34889856225459 1.4774574
22.350287469057776 1.1802611
22.35167637585846 2.0204694
22.353065282658918 1.8139937
22.35445418945983 1.6958543
22.355843096258695 1.6569911
22.357232003057106 1.8612018
22.358620909854835 1.0690361
22.360009816651427 0.7270161
22.36139872344802 0.43935686
22.362787630243247 1.4987963
22.364176537036883 0.2146417
22.36556544383143 -0.34762302
22.366954350625065 0.2048663
22.3683432574162 -1.2224027
22.369732164207562 -0.29159322
22.371121070998697 -0.023246394
22.372509977788923 -1.4626155
22.37389888457801 -1.1873543
22.37528779136528 -0.57358986
22.376676698153005 -0.3563255
22.378065604940275 -0.3739689
22.3794545117255 -0.07617665
22.380843418510267 0.91477543
22.382232325295263 0.6469054
22.383621232078895 0.13608082
22.38501013886139 0.29832873
22.386399045642975 2.046577
22.387787952424105 1.5526804
22.38917685920501 1.7785876
22.390565765984547 0.52745473
22.391954672762267 0.6105457
22.393343579540897 1.5003461
22.394732486318617 1.4688742
22.396121393094745 -0.09370085
22.397510299870646 -0.2807449
22.398899206645183 0.5303159
22.400288113419947 0.10413193
22.401677020192665 0.31466082
22.403065926964473 -0.32091948
22.404454833736736 0.54402524
22.40723264727717 -0.31805837
22.408621554046704 -0.022590728
22.410010460815556 -0.6041082
22.41139936758327 0.2808045
22.41278827434985 -0.42189226
22.414177181115974 0.47714713
22.41556608788119 -0.03475038
22.416954994646176 -0.17750709
22.418343901410253 -0.34827867
22.41973280817342 -0.049830735
22.421121714935225 -0.8374663
22.422510621696347 -0.66669464
22.423899528457696 -1.0334513
22.425288435217226 -1.1105815
22.426677341975164 -1.1388944
22.428066248734012 -1.4286996
22.429455155492178 -1.5415936
22.43084406224807 -2.0524182
22.46001110395241 1.5533956
22.46140001069216 1.7646397
22.47251126457695 2.63024
22.473900171308287 2.3472302
22.475289078039168 1.8805141
22.476677984769594 1.6655744
22.47806689149911 2.1270452
22.479455798228173 2.2135932
22.48084470495587 2.6373928
22.482233611682204 3.492264
22.483622518409447 3.3161876
22.4850114251351 2.4523754
22.486400331858476 2.702125
22.48778923858299 2.7551746
22.48917814530637 2.8660421
22.49056705202929 1.9395242
22.491955958751078 3.0266209
22.4933448654715 2.8877387
22.494733772190557 2.2548406
22.496122678910524 1.9167546
22.512789559476914 2.0902085
22.51556737289343 1.1956396
22.51695627959998 0.36580288
22.518345186307215 0.58038497
22.519734093012858 -0.27353257
22.521122999716226 -0.92550457
22.522511906420277 -1.6196777
22.5239008131241 -2.2939422
22.52528971982656 -2.3368587
22.526678626527428 -2.7064764
22.528067533227386 -3.830529
22.5294564399278 -4.092558
22.530845346627075 -3.6738842
22.532234253324987 -3.8832805
22.53362316002176 -3.726755
22.535012066718764 -4.838469
22.536400973414857 -3.9359126
22.537789880108903 -3.7098863
22.539178786803404 -3.422227
22.540567693496996 -2.5889926
22.541956600190588 -2.547984
22.54334550688145 -1.6197969
22.54473441357186 -0.3290259
22.546123320262723 -0.10860239
22.547512226952676 0.6377261
22.54890113364013 2.4752643
22.55029004032758 1.3043611
22.55167894701526 2.964273
22.553067853701123 2.40934
22.554456760386984 3.3723364
22.555845667071026 4.0393295
22.557234573754158 3.414776
22.558623480437745 3.2251096
22.560012387120423 2.3379316
22.5614012938006 2.9767902
22.562790200480777 1.4338257
22.564179107160953 0.7237974
22.56556801384022 2.703198
22.56695692051835 0.3562659
22.568345827194435 0.3997784
22.569734733871428 0.22537082
22.57112364054774 0.107350655
22.572512547221777 0.3756975
22.57390145389536 -0.0504864
22.575290360568943 0.15408188
22.578068173912925 -0.35078213
22.57945708058287 -0.2580946
22.580845987252815 1.0563997
22.582234893922305 0.64881283
22.583623800590658 1.0373257
22.585012707256737 0.93873715
22.586401613923954 1.4081951
22.587790520590715 1.8533337
22.589179427255658 2.1135743
22.590568333919464 1.7080139
22.59195724058327 1.1789498
22.59334614724594 1.812444
22.594735053907698 2.7153578
22.596123960568093 2.5091205
22.597512867228488 2.916588
22.598901773888656 3.0714447
22.600290680546095 3.2201025
22.601679587203762 2.5718262
22.603068493860746 3.1887498
22.60445740051682 2.64538
22.60584630717176 2.533559
22.607235213826243 2.4108896
22.608624120479817 2.2165735
22.61001302713271 2.9145615
22.61140193378469 2.8617504
22.612790840435537 2.0419276
22.614179747086837 1.3239119
22.615568653736318 1.7582023
22.616957560385345 2.1604247
22.618346467033234 1.8011187
22.619735373679305 0.8376451
22.621124280326512 1.0997928
22.622513186972355 1.020636
22.623902093615925 0.24635217
22.63084662682695 -0.73297673
22.632235533466428 -0.7695153
22.633624440105905 -1.9705193
22.635013346744017 -2.4247777
22.636402253380993 -0.7219496
22.637791160017514 -3.14631
22.639180066653353 -1.6943045
22.640568973288282 -1.7809123
22.641957879921847 -2.6891906
22.643346786555412 -1.0762485
22.64473569318784 -1.3875713
22.64612459981936 -0.7874567
22.64751350644906 -0.01823948
22.648902413079668 -0.054778043
22.65029131970914 -0.6776026
22.65168022633634 -0.38797638
22.653069132963537 0.48322698
22.654458039590736 1.1382984
22.655846946216798 -0.24039157
22.65723585284195 0.77637
22.65862475946551 0.21249588
22.660013666089526 0.63617635
22.661402572712632 0.072898306
22.66279147933369 1.1760888
22.66418038595384 0.23073538
22.665569292574673 -1.3485293
22.666958199193687 0.48286933
22.66834710581179 0.23562306
22.66973601242944 -0.039757296
22.671124919045724 0.029743463
22.673902732277384 2.0396626
22.67529163889094 2.3809674
22.67668054550495 2.8355238
22.67806945211828 2.7797325
22.67945835872979 2.833974
22.680847265340162 3.519683
22.682236171950308 3.7503588
22.683625078560453 3.2530053
22.685013985169462 3.4851115
22.686402891776652 3.0902803
22.687791798382932 2.6731565
22.689180704989667 2.978936
22.690569611594583 2.27916
22.691958518199044 1.536229
22.69334742480214 0.4076464
22.694736331404783 0.70710766
22.696125238007426 1.8397436
22.697514144608476 0.17625536
22.698903051207708 0.36544526
22.70029195780762 0.7448979
22.701680864406626 0.42135578
22.70306977100381 0.47368997
22.70445867760054 0.1748248
22.705847584197272 0.048936643
22.707236490793093 0.48978364
22.79195979153269 2.694853
22.79473760461906 0.99476683
22.81418229612973 -2.3382893
22.81557120266052 -1.7407973
22.81696010918904 -2.9990828
22.818349015717104 -2.258417
22.819737922245167 -1.746579
22.82112682877232 -2.9219527
22.822515735297884 -0.5955846
22.823904641823447 -0.5602381
22.825293548346963 -0.57198054
22.82668245487139 -0.010371468
22.828071361393086 0.69459033
22.82946026791501 0.8941517
22.83084917443648 0.44531748
22.832238080956813 0.58670324
22.833626987475782 1.3148518
22.83501589399384 0.6260433
22.836404800511218 2.7976143
22.83779370702814 2.320169
22.839182613543926 1.8116094
22.84334933308628 1.836048
22.844738239598428 2.2375548
22.84612714610921 2.304552
22.847516052620904 3.7446368
22.850293865639742 0.64750147
22.861405117682352 -0.10472799
22.86279402418404 -1.5636479
22.864182930683455 -0.49461174
22.865571837184234 -1.4017576
22.866960743682966 -1.518824
22.868349650180335 -3.2310104
22.86973855667793 -2.607113
22.871127463173934 -3.0919492
22.88084980862459 -2.9812605
22.882238715114454 -4.2984376
22.88362762160341 -2.312003
22.885016528091 -2.9696374
22.886405434578137 -1.2639482
22.887794341063454 -1.281532
22.88918324754968 -1.0483528
22.890572154034317 -1.4548072
22.891961060516223 -0.29278535
22.893349966999722 -0.18406376
22.89473887348231 0.7139028
22.896127779962626 1.1325762
22.900294499401298 0.1669568
22.901683405879112 0.58801454
22.904461218831102 1.1658365
22.905850125306188 0.807842
22.907239031781046 0.0075103734
22.90862793825363 0.19723672
22.910016844726215 -0.8622624
22.911405751197435 -0.93373024
22.912794657668883 -1.1306093
22.914183564138966 -1.5120289
22.91557247060723 -2.5048885
22.91696137707504 -2.6288095
22.932239348169333 -0.9716397
22.935017161084488 0.48882997
22.93779497399555 0.7719591
22.943350599808127 -0.135902
22.957239664280678 1.1999313
22.971128728666372 0.5695367
22.975295447965436 -0.3115017
22.976684354396184 0.29952085
23.021129359737643 1.2925591
23.0252960789428 -0.061513536
23.0266849853424 -0.35972306
23.02807389174177 -0.467789
23.032240610933968 -2.3854973
23.03362951732879 -1.7879457
23.036407330117527 -3.6270933
23.037796236510303 -3.491668
23.03918514290308 -3.282093
23.04057404929381 -2.6807861
23.04196295568454 -3.3762705
23.04335186207527 -2.3275602
23.048907487623183 -2.2965055
23.062796551434985 1.986613
23.06696327056261 1.503088
23.068352176934695 1.2683591
23.069741083308145 1.3135405
23.073907802421672 1.2664517
23.075296708790574 1.6610444
23.076685615158567 0.8573151
23.07807452152747 0.873528
23.07946342789387 0.28128138
23.080852334258452 0.6860071
23.082241240624626 0.07802444
23.087796866075223 1.1914672
23.08918577243594 0.85266584
23.090574678795747 2.6154578
23.09196358515328 1.3351179
23.093352491512178 1.6586602
23.09474139786994 1.63899
23.096130304224516 0.86244124
23.097519210580003 0.6224669
23.098908116935036 0.90404636
23.10029702328893 0.7562231
23.101685929641235 0.34601364
23.103074835993084 -0.523938
23.10446374234334 -0.097873285
23.105852648693826 -0.10442996
23.1072415550434 -0.12463644
23.10863046139093 -1.2178727
23.110019367737095 -0.59951854
23.11140827408417 -0.67533755
23.112797180430334 -0.7057367
23.11557499311766 -0.6305734
23.118352805804534 -0.72934073
23.11974171214456 -0.1174241
23.121130618484585 0.6317655
23.122519524824384 0.49610192
23.123908431162363 0.10198611
23.125297337499433 0.45187417
23.126686243836957 1.2439206
23.128075150172208 0.23681518
23.12946405650746 0.3921488
23.135019681838003 -1.3324356
23.136408588168024 -0.9523869
23.182242496574872 3.2968752
23.183631402874198 3.2131882
23.186409215472395 1.5090486
23.1877981217699 1.9460808
23.190575934362187 0.39357933
23.19196484065742 -0.25165713
23.194742653243793 -0.923776
23.197520465827893 -0.9772427
23.19890937211767 -1.7905685
23.200298278406763 -0.6077442
23.201687184694947 -1.415765
23.203076090981995 -1.2517886
23.20446499726995 -0.80408686
23.20585390355518 -1.6900128
23.207242809839045 -0.26983702
23.208631716124273 0.88103837
23.210020622407683 0.36174968
23.211409528690183 1.4651786
23.212798434970864 1.250835
23.21418734125109 1.6889399
23.215576247531544 3.7591805
23.216965153809724 2.433659
23.218354060086995 2.6426382
23.21974296636381 2.7512407
23.221131872639944 3.5940714
23.222520778914713 2.3608203
23.22390968518812 3.1681259
23.225298591462433 2.5272408
23.226687497734247 2.1973803
23.22807640400515 2.5432153
23.229465310275828 1.5351561
23.230854216544685 1.635533
23.253076716736132 -3.0843792
23.25585452924406 -0.572815
23.257243435496548 -1.3800013
23.258632341747216 -1.4354947
23.260021247998793 -0.20212443
23.262799060496945 -0.25964436
23.265576872991005 0.91680205
23.266965779238035 0.8345456
23.268354685482564 1.2817109
23.269743591726183 1.1458088
23.271132497969575 3.2918684
23.272521404212966 1.6069219
23.273910310454085 1.9292719
23.27529921669384 1.9522799
23.278077029172437 -0.25743893
23.27946593541128 2.1641202
23.280854841648306 1.7167164
23.282243747883967 1.6796415
23.283632654119856 2.2772524
23.30585515375742 -2.0263107
23.310021872412563 -0.28438088
23.31141077863049 -0.022292698
23.314188591060883 -0.5923062
23.315577497274717 0.6784967
23.316966403488095 0.59945893
23.318355309700564 0.52936214
23.319744215912124 0.4170642
23.32113312212141 2.6569436
23.32391093454089 3.362442
23.325299840747903 3.1148381
23.328077653160335 4.003685
23.330855465570494 3.5523472
23.332244371772504 3.1219907
23.33363327797406 1.884448
23.335022184176523 1.9210463
23.336411090376487 1.5605483
23.347522339945954 -2.4365203
23.435023428232626 3.0398536
23.436412334366196 2.7839048
23.43780124050022 2.572303
23.440579052761677 0.45270863
23.46002373849251 -2.7138078
23.504468733754493 -2.9404306
23.511413264176554 -2.3761988
23.512802170258055 -2.8655057
23.514191076338648 -3.2990212
23.532246855301764 -3.6944482
23.53363576136735 -1.2678822
23.53641357350034 -1.5930933
23.53919138562742 -1.234622
23.54058029168982 -1.3015597
23.541969197750404 -0.8500431
23.543358103811897 -0.40788484
23.544747009872708 -0.4049045
23.54613591592988 -0.5419987
23.564191694606507 5.287601
23.56696950669607 3.8462055
23.56835841274051 5.6560864
23.569747318781083 4.3403406
23.571136224824386 3.2396533
23.605858875545437 1.4382366
23.623914653684096 -2.4405138
23.626692465689075 -4.6315165
23.628081371691678 -3.3929007
23.629470277693144 -3.9677424
23.630859183691882 -4.1646214
23.632248089690165 -4.1486473
23.633636995687993 -4.297305
23.635025901685594 -4.5475907
23.63641480768183 -3.6877127
23.637803713675567 -3.477005
23.63919261967135 -2.8966796
23.640581525663492 -4.000228
23.641970431655864 -1.7696466
23.64335933764687 -2.5206246
23.644748243636514 -1.3115139
23.64752605561489 -0.06818942
23.64891496160135 0.17911646
23.650303867587354 1.5017767
23.65169277357336 2.7586317
23.653081679558454 3.0304358
23.65447058554105 2.6118813
23.65724839750419 3.972332
23.66280402142047 5.3401737
23.66419292739647 3.5577116
23.66835964532038 2.3994453
23.669748551292514 2.1558945
23.671137457263285 2.793561
23.672526363234965 1.5988156
23.673915269203462 1.3446549
23.67530417517355 0.087322995
23.67669308114023 -1.1146348
23.67808198710827 -2.4895697
23.679470893071993 -2.5146043
23.68780432884705 -5.3253317
23.712804635953034 2.16567
23.71836025971197 2.3174272
23.740582754585375 -2.3885968
23.74197166050726 -2.6415057
23.753082907841872 1.4399055
23.754471813752843 2.0464578
23.755860719664952 1.6122866
23.75724962557524 3.4524472
23.758638531484394 2.9201646
23.76002743739241 4.767359
23.76141634329906 2.755413
23.76280524920594 3.0369923
23.764194155112136 2.9589086
23.765583061015604 3.5200405
23.766971966918845 3.6155298
23.78780555534786 -1.6167569
23.789194461235184 0.044168152
23.79197227300665 -0.17148687
23.79752789653844 -1.6909069
23.803083520052496 0.076117046
23.80447242592777 0.81380266
23.805861331802134 0.5864648
23.80725023767809 0.799974
23.808639143552227 1.352046
23.810028049423636 -0.3162106
23.8114169552955 1.6231349
23.81419476703377 1.6072795
23.81558367290245 1.1181515
23.818361484635716 0.86256045
23.822528202227204 0.57823914
23.837806166654445 -0.5878357
23.839195072506072 -0.58574957
23.84058397835497 0.072302245
23.841972884203642 -1.3265346
23.843361790052313 -0.7679655
23.90308474054882 -0.34321216
23.905862552154304 -1.2488679
23.907251457955 -0.3914335
23.910029269552524 1.2600143
23.912807081147093 0.65560794
23.91419598694415 1.007761
23.91558489273666 0.060977083
23.916973798530762 2.2543638
23.919751610116236 2.443792
23.921140515906245 2.0602863
23.9225294216958 2.3299444
23.923918327485353 3.8445363
23.929473950629244 3.9860415
23.932251762194028 2.7537441
23.933640667976533 3.041761
23.9350295737554 2.9151576
23.93780738531359 1.9771953
23.939196291089957 1.5505345
23.94197410264337 1.3606293
23.944751914189283 -0.71974415
24.010030484348135 -2.7126157
24.011419390071296 -0.7642699
24.012808295793548 -2.079539
24.014197201513525 -0.8543944
24.015586107233048 0.62842757
24.02114173010318 1.4909283
24.02253063581702 2.7225103
24.023919541531086 1.9219999
24.025308447243788 2.3689268
24.026697352953306 2.25341
24.028086258665553 2.4896889
24.029475164373252 3.1634767
24.030864070081407 2.7406306
24.032252975789106 2.7940378
24.033641881494987 3.4404068
24.035030787199958 2.0835328
24.036419692904246 2.294896
24.037808598605807 2.1755645
24.03919750430896 1.9677775
24.04058641001029 1.4087912
24.04197531570844 1.5026112
24.043364221407046 1.641732
24.04475312710656 1.541832
24.046142032801527 1.3030498
24.047530938497403 1.6842906
24.04891984419237 1.080719
24.051697655577982 0.62318224
24.053086561269538 0.29260653
24.054475466960866 -0.15378384
24.055864372648557 0.122490615
24.057253278336702 -0.9582283
24.058642184025075 -2.0596306
24.060031089709355 -1.6881651
24.061419995394772 -1.8745536
24.062808901079507 -2.7937398
24.064197806762422 -1.8483268
24.065586712442382 -2.300499
24.066975618122797 -1.3248657
24.06836452380412 -2.1650143
24.069753429481125 -2.2197921
24.071142335159948 -1.4944451
24.072531240834905 -2.3049097
24.073920146510773 -1.3071626
24.076697957859096 0.14347197
24.078086863530643 -1.0287424
24.079475769202872 0.113311276
24.080864674872373 0.95089674
24.082253580540964 0.7891257
24.083642486208646 0.8279889
24.085031391874054 2.0296488
24.086420297540826 2.4944575
24.0878092032076 3.080505
24.08919810886914 4.5291724
24.090587014531593 4.1040616
24.09197592019291 4.229354
24.093364825853314 3.9400253
24.09475373151372 4.2447324
24.096142637170715 4.3199553
24.097531542828165 2.7518368
24.100309354138517 1.5321758
24.101698259793466 2.4344935
24.103087165445686 0.78030396
24.104476071099043 0.7181944
24.105864976748762 -0.8242933
24.107253882398254 -1.145034
24.108642788047746 -1.4827027
24.11003169369451 -2.2622318
24.111420599341272 -3.0434895
24.11280950498667 -3.4970326
24.114198410630706 -3.342474
24.11558731627383 -4.0107183
24.116976221916048 -3.9772196
24.1183651275569 -4.762531
24.121142938836783 -4.490369
24.122531844474224 -3.4950657
24.1239207501103 -3.8000107
24.125309655747515 -3.44595
24.126698561381318 -2.6024635
24.128087467014666 -2.3713112
24.129476372647787 -1.5860002
24.130865278279316 -0.99387276
24.132254183909026 -1.0703475
24.1336430895376 0.71294904
24.135031995167083 1.513221
24.136420900792473 1.360987
24.137809806419 2.5755217
24.139198712043708 3.509073
24.14058761766728 5.2318096
24.141976523289713 4.254269
24.143365428912603 5.8375278
24.1447543345339 5.5667963
24.14614324015338 5.608282
24.147532145771493 5.4041905
24.148921051388243 5.2194114
24.150309957004083 4.646954
24.151698862619014 3.8992548
24.153087768234172 3.0142229
24.154476673847512 3.3216715
24.155865579458805 2.1057062
24.15725448506919 1.2693129
24.158643390678662 0.7307117
24.16003229628768 -1.3967507
24.161421201896246 -0.69470954
24.16281010750299 -2.0428216
24.164199013106327 -2.757976
24.16558791871057 -4.3661494
24.169754635518984 -5.56471
24.17114354111709 -5.7685037
24.172532446716332 -5.540987
24.173921352315574 -5.775716
24.175310257910724 -5.7907963
24.176699163507692 -5.963892
24.178088069100795 -5.164693
24.179476974694126 -2.6190937
24.18086588028791 -4.0390315
24.18225478587965 -2.5281348
24.183643691468433 -2.1967247
24.187810408232508 0.40621585
24.189199313818335 2.0432389
24.190588219403253 2.449872
24.19336603056854 3.4396915
24.194754936150275 3.039019
24.196143841729736 3.699813
24.197532747311016 4.332353
24.198921652887066 3.531485
24.200310558464025 4.4146094
24.201699464041667 4.4538302
24.20308836961476 3.2493095
24.204477275190584 3.1910148
24.20586618076186 3.3674488
24.208643991904864 1.4359716
24.21281070860823 -1.1730489
24.21419961417473 -0.4143223
24.215588519739413 -1.2715778
24.21697742530364 -2.1977975
24.218366330865138 -2.940371
24.219755236428227 -2.89966
24.221144141989498 -3.8761873
24.222533047547586 -3.5124707
24.223921953106128 -3.4638915
24.22531085866376 -4.0426674
24.226699764218665 -4.1995506
24.22947757532893 -4.4683146
24.230866480880195 -2.3650525
24.23225538643419 -3.2906168
24.233644291984547 -3.0208392
24.23503319753354 -2.643592
24.236422103081168 -1.6026303
24.237811008629706 -1.778528
24.240588819720415 -1.1169595
24.24197772526395 0.5913525
24.24336663080703 0.5288853
24.244755536349885 1.33631
24.246144441889555 0.95590365
24.247533347428316 2.1734188
24.24892225296753 2.0884204
24.2503111585047 2.9068127
24.25308896957631 2.3659465
24.254477875109842 2.1289525
24.2558667806436 2.9395962
24.257255686175085 2.175326
24.25864459170566 1.5508921
24.26003349723578 1.4502771
24.26281130829284 1.1037269
24.26420021381864 0.03367747
24.265589119342167 0.061692357
24.266978024867058 0.058592837
24.26836693039013 0.5740667
24.26975583591161 0.02408088
24.272533646951615 0.11390734
24.275311457986845 -0.42940262
24.276700363504006 -0.19103767
24.278089269018892 1.0314842
24.27947817453287 0.7830459
24.280867080045937 0.24349108
24.28225598555673 -0.29248732
24.28364489106889 0.2347886
24.28503379657718 0.18817657
24.28642270208684 0.51851386
24.28781160759263 0.1960446
24.28920051309865 -0.5382435
24.290589418605123 1.0217088
24.291978324110005 -0.25767735
24.293367229611704 1.1874139
24.29475613511204 -0.25755814
24.296145040613283 -0.42374003
24.297533946113845 0.924074
24.298922851612588 -0.42189226
24.300311757109284 -0.24873641
24.301700662604162 -0.023723243
24.30308956809995 -1.384591
24.304478473593235 -0.24402754
24.305867379085612 -1.4272691
24.30725628457776 -0.5860476
24.30864519006809 -1.1949244
24.310034095557512 -1.0944879
24.311423001047388 -1.9729037
24.31281190653317 -2.5106704
24.314200812019862 -1.5672839
24.315589717503826 -2.0469346
24.316978622987335 -1.346443
24.31836752847039 -1.9266492
24.319756433953216 -1.5479119
24.32114533943377 -0.8515333
24.322534244912276 -0.8238761
24.32392315038919 -0.9891639
24.325312055866107 0.17458639
24.326700961343704 0.53007746
24.328089866818573 0.52971977
24.329478772291168 0.5651258
24.33086767776308 1.8286568
24.332256583234994 -0.11569552
24.33364548870486 0.48811468
24.335034394174272 0.8946286
24.336423299641865 -0.42862776
24.337812205110367 0.5846766
24.33920111057455 -0.41289175
24.34059001603964 -0.59653825
24.341978921502687 0.3045278
24.343367826965732 -1.9739766
24.344756732425594 -1.2896384
24.34614563788591 -1.4968294
24.34753454334532 -1.9769568
24.348923448803816 -1.3149114
24.350312354259586 -1.6431029
24.351701259714446 -1.7314987
24.35309016516885 -2.025953
24.3544790706228 -1.4017576
24.357256881525473 -2.216931
24.358645786975103 -1.8453466
24.360034692425415 -1.3413169
24.361423597871863 -1.7189219
24.362812503319674 -0.8734088
24.364201408763165 0.082554504
24.365590314207793 -0.57150364
24.366979219650602 -0.37110782
24.368368125092275 -0.122609824
24.369757030532583 0.20212443
24.3711459359738 0.29737502
24.372534841412516 0.35566986
24.373923746849414 0.83681065
24.375312652284265 -0.4581924
24.376701557719343 0.21178061
24.378090463153057 -0.66174734
24.379479368587 -1.2575108
24.380868274017757 -1.2420728
24.38225717944897 -1.75552
24.383646084879274 -1.6752306
24.394757328271453 -3.1733117
24.39614623369016 -3.5625398
24.39753513910864 -3.044145
24.39892404452553 -2.0914602
24.4003129499406 -1.779601
24.40170185535453 -1.1705453
24.403090760767554 -0.18877265
24.404479666180123 0.5223286
24.405868571592237 0.7273738
24.407257477002304 1.369451
24.408646382410552 2.1985724
24.410035287818346 2.505425
24.41142419322341 3.1067317
24.412813098630068 4.0084534
24.414202004034905 3.8257008
24.41559090943656 2.9770286
24.41697981483867 2.5136507
24.41836872023987 2.1768758
24.41975762563834 2.4396198
24.421146531037266 1.4635096
24.422535436433918 1.0722549
24.42392434182875 1.0003699
24.425313247224494 -0.09018409
24.42670215261751 -1.1636311
24.428091058010068 -0.7784562
24.429479963402173 -1.8311603
24.43086886879246 -2.5079284
24.432257774181835 -3.6111188
24.43364667956962 -3.8220053
24.435035584955585 -3.8908503
24.436424490342233 -5.6996584
24.437813395726835 -5.0463157
24.439202301110072 -5.2333593
24.4405912064924 -4.176662
24.441980111873363 -4.6342583
24.44336901725228 -4.843416
24.44475792263256 -3.287994
24.446146828009205 -3.0653648
24.447535733386303 -2.641923
24.44892463875999 -2.0560544
24.450313544135042 -1.2091702
24.451702449507366 -0.14782323
24.453091354879234 0.01591484
24.45448026024951 -0.2748439
24.455869165619106 1.3814915
24.45725807098688 1.9671814
24.45864697635443 2.0693464
24.46003588172107 2.1549408
24.46142478708498 3.1516747
24.462813692448435 2.4647737
24.464202597811436 3.2918684
24.465591503172618 3.6056352
24.46698040853289 2.610093
24.468369313891344 3.0331776
24.469758219248433 2.86485
24.471147124605068 2.3096783
24.472536029960793 2.4060018
24.47392493531561 1.9733806
24.47531384066815 1.2395097
24.476702746020237 0.85075843
24.478091651372097 0.735957
24.479480556721683 0.095191
24.480869462069222 -0.8297771
24.48225836741699 -0.72814864
24.483647272761573 -1.2530999
24.485036178107748 -1.2781942
24.486425083450968 -2.2680135
24.487813988793732 -2.4068363
24.489202894134905 -2.0055082
24.490591799475396 -3.3419375
24.49198070481407 -2.6940782
24.493369610152513 -2.7085626
24.49475851548914 -2.641148
24.496147420824855 -2.970293
24.49753632615807 -2.3416271
24.498925231490375 -1.9479883
24.500314136822453 -0.82322043
24.50170304215453 -1.5449911
24.50309194748388 -1.0373853
24.50448085281164 -1.121728
24.505869758139397 -0.52286506
24.50725866346602 0.5187523
24.50864756879173 0.04512185
24.51003647411335 -0.043512482
24.51142537943815 0.5285277
24.512814284759088 1.9383321
24.51420319007866 2.406121
24.51559209539755 2.627379
24.51698100071667 3.3968942
24.518369906031694 2.4826555
24.51975881134922 3.0067124
24.5211477166622 3.7556043
24.522536621974723 1.855122
24.523925527286565 3.3537395
24.525314432598407 3.2903187
24.526703337908202 2.4532099
24.528092243215724 3.0868232
24.529481148523246 2.7656653
24.530870053829858 3.3648262
24.53225895913397 3.0018249
24.53364786443717 3.286623
24.535036769740145 2.6822166
24.5364256750413 2.7561283
24.53781458034109 1.6530571
24.53920348563952 1.086918
24.540592390938855 0.95125437
24.541981296235463 0.47035205
24.54337020153048 -0.28390405
24.544759106823676 -1.5194798
24.546148012116646 -1.9067408
24.547536917408706 -2.5842838
24.548925822700767 -3.9270315
24.5503147279901 -3.280305
24.55170363327761 -4.5600486
24.55309253856558 -5.0688467
24.554481443850136 -5.154143
24.555870349136057 -5.0945373
24.55725925441766 -4.3396254
24.558648159700397 -3.6160662
24.560037064983135 -4.4169936
24.561425970261098 -2.2597284
24.562814875539516 -1.5045781
24.564203780818843 -1.6612232
24.56559268609385 -0.6058368
24.566981591368858 0.65215075
24.568370496643638 0.41491836
24.569759401915007 1.1539153
24.57114830718683 1.7958734
24.572537212458883 2.4435537
24.573926117726614 2.6731565
24.575315022994346 3.4339693
24.57670392826185 2.3704765
24.578092833526625 3.103036
24.57948173879049 2.3758411
24.580870644053903 1.8218617
24.582259549318678 1.4374021
24.583648454579816 1.0511544
24.585037359835724 0.61173785
24.58642626509618 -0.76909804
24.58781517035345 -1.0461473
24.58920407561027 -1.3172361
24.59059298086322 -1.6851847
24.5919818861164 -2.9245753
24.59337079136958 -2.424897
24.594759696619803 -3.128607
24.596148601869118 -5.096862
24.59753750711843 -3.3871784
24.598926412368655 -2.619511
24.60031531761456 -2.2161562
24.60170422285728 -3.1206198
24.603093128103183 -2.4409907
24.60448203334454 -1.3152691
24.605870938587486 -1.4667283
24.607259843826796 -0.7748798
24.60864874906474 -0.43858197
24.61003765430314 -0.24736547
24.61142655954245 1.0991968
24.612815464777213 1.5224004
24.614204370008792 2.2288523
24.615593275243555 2.4563096
24.61698218047468 2.9084816
24.618371085706713 3.9312038
24.6197599909342 4.310418
24.62114889616214 4.505807
24.62253780139031 3.0549934
24.623926706618022 4.281688
24.62531561184278 3.6624994
24.626704517066628 3.4990592
24.628093422286383 2.7119005
24.629482327507503 3.1188912
24.630871232728396 2.1220384
24.632260137944286 1.997819
24.633649043161086 1.0224241
24.63503794837834 0.19401799
24.636426853595367 0.3718827
24.6378157588083 0.19437562
24.639204664021236 -0.5372898
24.640593569230987 -0.9784348
24.641982474440965 -1.6881651
24.64337137965049 -2.4462361
24.644760284859785 -2.2317135
24.646149190066353 -2.3324478
24.647538095268374 -1.3226006
24.64892700047426 -2.3170695
24.650315905676507 -1.9752879
24.651704810878527 -1.5644227
24.65309371607782 -1.8799181
24.65448262127711 -1.5843313
24.65587152647481 -0.85791117
24.657260431669783 -1.7197564
24.658649336869075 -0.6957825
24.660038242060182 -1.1653
24.661427147254926 -0.9501219
24.662816052446487 -0.8076632
24.664204957637594 0.45437762
24.665593862825972 0.9243124
24.66698276801344 0.15193605
24.668371673200454 0.71175694
24.669760578385194 0.8829458
24.671149483569707 1.3596756
24.672538388753765 0.9317036
24.673927293933957 2.0856786
24.675316199114377 1.9158009
24.67670510429525 1.7337638
24.678094009476354 2.1483843
24.679482914652453 1.8036222
24.68087181982537 2.1704385
24.682260725002834 2.2137125
24.683649630175978 1.9442927
24.685038535345484 2.9027596
24.6864274405184 2.250549
24.68781634568768 2.6867468
24.68920525085423 2.3599858
24.690594156023735 1.4467007
24.691983061188694 2.1938038
24.693371966355244 1.7056297
24.694760871518156 1.7385323
24.69614977668016 1.1918248
24.69753868184239 0.6155526
24.69892758700098 1.3270115
24.700316492160255 0.6594227
24.70170539731498 0.42970064
24.70309430247289 -0.2668567
24.704483207628527 0.09876738
24.7058721127803 0.087203786
24.707261017935252 0.37152505
24.708649923082703 -0.5225074
24.71003882823402 -1.0765465
24.711427733381697 -1.6884035
24.712816638530057 -2.175803
24.714205543677508 -1.3013809
24.715594448820866 -2.757678
24.71698335396536 -3.7034488
24.718372259106218 -2.2212226
24.719761164250485 -2.2470322
24.72115006939066 -2.060644
24.722538974527197 -2.8993022
24.723927879664643 -1.8274051
24.725316784801407 -2.5917344
24.726705689937262 -2.1108322
24.72809459507107 -2.3161755
24.72948350020488 -0.7057367
24.73087240533414 -0.5785968
24.732261310463628 -0.017583812
24.733650215593116 1.4942663
24.73503912071874 2.210732
24.73642802584527 1.2249658
24.737816930970894 2.8561475
24.739205836096062 3.1762323
24.740594741218956 4.097386
24.741983646338213 4.1667676
24.743372551460197 4.340102
24.744761456578544 5.0531106
24.746150361697346 4.5342984
24.747539266812737 4.508787
24.748928171927673 4.5102177
24.750317077041927 4.614767
24.75170598215368 3.7176948
24.753094887265433 3.0863464
24.75448379237605 2.6018674
24.755872697483483 2.3417463
24.757261602591825 1.2209126
24.758650507695847 0.1562277
24.760039412803962 1.1961164
24.761428317908212 0.7228437
24.762817223007687 -0.2621478
24.764206128108526 -0.09173385
24.765595033209593 -1.2357545
24.766983938309977 -0.47041166
24.768372843406723 -1.9521011
24.769761748503242 -1.051512
24.771150653597033 -1.4559397
24.772539558693552 -1.1266752
24.77392846378234 -1.0627775
24.77531736887613 -0.106933415
24.776706273966283 -0.042081933
24.778095179054844 0.9686594
24.779484084140677 0.24730587
24.780872989226964 2.387047
24.782261894312796 1.5666282
24.783650799395673 1.6621172
24.78503970447764 2.3215995
24.786428609559152 3.7222247
24.78781751463839 3.209731
24.789206419717402 3.1186528
24.79059532479596 2.835047
24.79198422987065 3.1798089
24.79337313494557 2.46227
24.79476204002094 2.4989874
24.796150945092222 2.2343361
24.797539850162593 2.4920733
24.798928755234556 2.792488
24.80031766030288 1.9763608
24.80170656536984 2.0118861
24.803095470433618 2.0244033
24.804484375498305 1.9354709
24.805873280562082 1.7387707
24.80726218562677 1.3401248
24.808651090687135 0.6482167
24.810039995746592 -0.008583284
24.811428900804003 -0.04261839
24.812817805861414 -1.1002101
24.814206710917915 -1.1776385
24.815595615971006 -1.9781489
24.816984521024096 -3.1737885
24.81837342607787 -3.2009094
24.819762331127095 -4.5443125
24.821151236175865 -3.375734
24.822540141226 -4.4569297
24.82392904627227 -4.905764
24.825317951317174 -5.993099
24.82670685636299 -5.5281715
24.82809576140562 -5.4006143
24.829484666448025 -5.40729
24.830873571487018 -4.7358866
24.832262476525557 -5.4214168
24.833651381563413 -4.854086
24.835040286602407 -3.4736073
24.836429191637762 -3.0611925
24.837818096672663 -2.8322453
24.839207001703926 -1.0691553
24.84059590673496 -0.092925966
24.841984811766906 0.10413193
24.843373716794304 0.9111991
24.844762621821246 2.5345128
24.846151526849553 3.4694946
24.847540431874222 3.7757509
24.8489293368973 4.820647
24.850318241921286 4.6651936
24.851707146942317 5.7410846
24.85309605196244 6.380897
24.854484956978922 6.525621
24.8558738619995 5.820957
24.857262767012344 5.6520333
24.858651672029737 6.045791
24.860040577043492 5.4343514
24.861429482056337 4.407576
24.862818387065545 4.470997
24.86420729207498 2.7865274
24.86559619708487 2.8355238
24.866985102090894 1.3825644
24.86837400709578 0.47035205
24.869762912102033 0.0011325167
24.871151817104874 -1.1813341
24.87254072210635 -1.3265346
24.873929627108282 -1.7912241
24.875318532107485 -1.887786
24.876707437106006 -2.4965436
24.87809634210089 -1.9199734
24.879485247095545 -1.9917989
24.8808741520902 -2.1642394
24.882263057085765 -2.2072153
24.883651962077693 -1.8618574
24.88504086706871 -0.67837745
24.886429772056545 -0.7047234
24.887818677043924 0.37879702
24.889207582032213 -0.4049045
24.890596487015955 1.030173
24.891985391999242 1.5257384
24.893374296980255 1.6420896
24.89476320196468 1.9061447
24.8961521069441 1.483418
24.89754101192102 1.5253807
24.89892991689817 1.8949387
24.900318821874862 2.4817016
24.901707726851328 2.0151048
24.903096631824383 1.5386133
24.9044855367938 1.4191626
24.90587444176731 1.4636288
24.90726334673718 1.628857
24.908652251706826 0.48286933
24.910041156672378 -0.05608938
24.91143006163793 -0.5415218
24.912818966600753 -0.8477185
24.914207871566532 -1.3997906
24.915596776524126 -1.1976662
24.91698568148695 -2.3204074
24.918374586446134 -2.1080904
24.919763491403955 -1.6097234
24.921152396358593 -1.8855209
24.92254130131414 -2.4212015
24.92393020626878 -1.9519819
24.925319111223644 -1.4261961
24.92670801617487 -1.7068814
24.928096921122233 -2.0292315
24.929485826070504 -0.29385826
24.930874731018775 -1.6056702
24.932263635966137 -0.35501418
24.93365254091009 0.7006702
24.93504144585404 0.03892281
24.936430350794808 1.307103
24.93781925573512 1.5156053
24.939208160674752 2.2973995
24.94059706561552 2.019635
24.94198597055265 3.0657225
24.943374875485006 3.4586463
24.94476378042168 3.4811773
24.946152685355173 3.9059308
24.947541590284573 3.9548078
24.948930495213972 3.4110806
24.950319400143144 3.6874146
24.951708305072543 3.5476978
24.95309720999876 3.2744634
24.954486114925203 2.7158346
24.955875019847326 2.5982912
24.95726392476945 2.6780443
24.958652829691346 1.3437012
24.960041734610513 0.75216985
24.96143063952877 0.5512972
24.962819544446575 -0.06318251
24.964208449362104 -1.0209936
24.965597354277634 -0.92693514
24.966986259187934 -1.6894764
24.968375164099143 -1.9095423
24.969764069011035 -2.1205482
24.97115297391838 -1.8412933
24.97254187882936 -1.8743151
24.973930783733294 -2.8801687
24.975319688640866 -2.4593494
24.976708593541844 -2.0124822
24.978097498446232 -2.5165713
24.979486403345618 -1.6546665
24.98087530824614 -1.5054723
24.98226421314689 -1.4400843
24.983653118044003 -0.86869985
24.98504202293725 -1.3488274
24.986430927833 -0.6279507
24.987819832726473 -0.66842324
24.989208737620174 -0.7882316
24.990597642508874 -0.3805256
24.991986547398028 -0.6995973
24.993375452284454 -0.10746987
24.994764357173608 0.04106863
24.99615326205594 -0.57031155
24.997542166941457 0.784238
24.998931071823336 1.1820494
25.000319976706123 0.07337516
25.001708881585273 1.3650402
25.00309778646306 1.4602909
25.0044866913413 1.419401
25.00587559621681 2.1856976
25.007264501092322 2.2777293
25.008653405963287 1.5209699
25.010042310833796 2.0495572
25.01143121570567 1.6848867
25.012820120577317 1.5430242
25.01420902544396 1.2862409
25.015597930307877 1.9760032
25.016986835175885 0.9702091
25.018375740040028 1.005496
25.01976464490008 1.5563759
25.02115354976013 0.9895215
25.022542454620634 0.36163047
25.023931359481367 1.0540154
25.02532026433846 0.05775835
25.02670916919078 0.4289854
25.028098074047193 0.25660443
25.029486978900877 -1.0991968
25.03087588375456 -0.71360475
25.032264788603925 -1.0388159
25.03365369345238 -0.9082188
25.035042598298787 -1.7438372
25.036431503145195 -1.7951581
25.03782040799024 -2.7507637
25.0392093128321 -1.5519651
25.04059821767487 -2.562945
25.04198712251673 -1.3577087
25.04337602735518 -2.2163947
25.04476493219363 -1.7917606
25.046153837031852 -2.2966843
25.047542741867346 -1.4364485
25.04893164670284 -0.38970494
25.050320551533105 -1.2286018
25.05170945636428 -0.04959231
25.053098361196135 -0.4959231
25.054487266024125 0.45676187
25.05587617085166 -0.44299284
25.057265075678288 -0.40788484
25.05865398050264 -0.07194461
25.06004288532722 -0.4580732
25.0614317901468 1.5102408
25.06282069496683 0.7279698
25.065598504604395 0.3874995
25.066987409421017 0.92359716
25.068376314237412 0.2629227
25.069765219050396 2.4033792
25.071154123863835 0.5073079
25.072543028673863 1.2376024
25.073931933482527 1.2041037
25.075320838291645 0.30428934
25.076709743098036 0.5670332
25.078098647904426 0.02145821
25.079487552709907 0.41742182
25.080876457511295 -0.6866031
25.082265362314047 -0.49461174
25.08365426711316 0.4456751
25.085043171910684 -2.130741
25.086432076709116 -2.1848032
25.087820981504365 -4.03927
25.08920988629916 -3.9779944
25.090598791093726 -4.3782496
25.09198769588488 -5.910784
25.093376600676038 -5.3492336
25.09476550546424 -4.9038568
25.09615441025221 -6.000967
25.09754331503882 -6.368141
25.0989322198227 -6.3364305
25.100321124607035 -6.1745405
25.10171002938796 -5.3226495
25.10309893417184 -5.780723
25.104487838947534 -5.3265834
25.10587674372846 -5.194079
25.107265648505745 -3.823555
25.108654553281667 -3.6010454
25.110043458054406 -3.4684813
25.111432362828054 -1.8516052
25.112821267597155 -3.1538801
25.114210172366484 -1.2649616
25.115599077135812 -0.091078185
25.116987981901275 0.046552394
25.118376886671285 1.0474588
25.11976579143402 0.9951246
25.12115469619539 1.8826599
25.122543600957215 2.6918728
25.12393250571995 2.4179232
25.125321410479046 3.420856
25.126710315237233 2.533559
25.128099219991327 3.251813
25.12948812474656 2.3171887
25.13087702950179 2.4086246
25.132265934252246 2.074711
25.133654839003384 1.4621983
25.13504374375134 1.7553412
25.136432648499067 1.6783302
25.13782155324634 0.71318746
25.139210457989975 0.9259814
25.140599362733838 -0.1271995
25.141988267474517 0.8276313
25.14337717221906 -0.07772641
25.144766076954966 -0.9449957
25.146154981694963 -0.10890042
25.14754388643223 -0.13077588
25.148932791165862 -0.07915696
25.15032169590222 0.12272905
25.15171060063085 -0.64183897
25.15309950536448 0.017345386
25.154488410094473 -0.70049137
25.155877314822874 -0.37802213
25.157266219548546 -0.64142174
25.1586551242749 -0.54414445
25.160044028996708 -1.1470009
25.161432933722153 -0.31710467
25.162821838440777 -1.5789666
25.164210743162585 -1.2086934
25.165599647881663 -1.2942281
25.166988552597104 -2.3491971
25.16837745731459 -1.4411573
25.16976636202935 -1.4949815
25.171155266740925 -1.3634905
25.1725441714525 -1.4960544
25.17393307616385 -2.0035412
25.17532198087042 -2.7616122
25.17671088557836 -1.9239074
25.178099790286524 -3.6136222
25.179488694989686 -2.8978121
25.180877599693304 -2.895726
25.182266504394192 -4.2083726
25.18365540909417 -3.5941906
25.185044313794606 -4.206525
25.186433218490947 -4.0316997
25.18782212318729 -4.060907
25.1892110278809 -4.126116
25.190599932574514 -4.5656514
25.191988837266763 -4.6409936
25.19337774195583 -3.5021586
25.194766646645803 -4.556651
25.196155551335778 -4.3322935
25.197544456021205 -4.091544
25.198933360706178 -3.3207178
25.200322265388877 -3.5752358
25.20171117007135 -3.0118983
25.203100074752456 -2.5978143
25.204488979431062 -2.4146447
25.205877884109896 -0.40591782
25.207266788784636 -0.59850526
25.20865569345915 -0.13131233
25.210044598133663 0.7665945
25.211433502804994 0.70841897
25.21282240747655 1.9190197
25.21421131214447 2.200003
25.215600216811254 1.7336446
25.21698912147872 2.4195921
25.218378026143 2.6720836
25.21976693080751 1.9625323
25.221155835471336 2.9943144
25.222544740130616 2.8507829
25.223933644791487 3.6335309
25.22532254944872 3.0306742
25.22671145410459 2.8449416
25.228100358760912 3.2952063
25.229489263414507 2.5669386
25.230878168067193 3.1143613
25.232267072716468 3.5059736
25.233655977365743 3.5110996
25.23504488201479 3.212473
25.23643378666111 2.6078281
25.23782269130743 1.7831177
25.239211595948518 3.0349658
25.240600500590517 1.7702428
25.2419894052332 1.3174745
25.243378309872014 -0.3874995
25.244767214510375 -0.6483956
25.246156119144416 -1.4428263
25.247545023779594 -1.1365103
25.248933928414772 -2.4076111
25.250322833045175 -2.9273171
25.251711737676032 -4.204677
25.2531006423078 -3.8234358
25.254489546935247 -4.9139304
25.25587845156315 -4.4997864
25.257267356187185 -4.5171914
25.258656260810085 -4.9469523
25.26004516543071 -4.726469
25.261434070055202 -4.327704
25.262822974671053 -3.798401
25.264211879290997 -4.3280616
25.265600783908212 -3.0703123
25.26698968852088 -1.4683974
25.268378593134003 -1.5991136
25.26976749774667 -0.56864256
25.27115640235661 -0.9927999
25.27254530696655 0.49181026
25.273934211574897 0.6278315
25.275323116180516 0.8024775
25.276712020786817 0.31895247
25.27810092538857 0.7445403
25.279489829991235 0.8059346
25.28087873459299 0.8295387
25.28226763919065 1.4437203
25.283656543789675 1.0091916
25.285045448384835 0.8777004
25.28643435297863 1.1990967
25.287823257573564 0.49836695
25.289212162165086 -0.32538992
25.290601066756153 -1.3798821
25.291989971343355 -1.8839712
25.293378875930557 -1.9950175
25.29476778051867 -1.2914265
25.296156685103142 -2.5722435
25.29754558968625 -2.1340191
25.298934494266177 -3.5082982
25.300323398847013 -3.6678042
25.30171230342694 -3.8619413
25.303101208004136 -3.2499056
25.304490112580652 -3.587038
25.30587901715262 -3.1032147
25.30726792172618 -2.3273218
25.30865682629974 -3.1137056
25.310045730868296 -1.9369016
25.31143463543731 -2.1306217
25.31282354000723 -1.8350943
25.314212444572604 -1.0016216
25.315601349134567 -0.78864884
25.31699025369653 -0.3264032
25.318379158259177 0.3094155
25.319768062821595 1.3586028
25.32115696737901 0.99119055
25.3225458719337 1.5214467
25.32393477648884 1.6101407
25.325323681043756 2.501968
25.326712585598898 2.812158
25.328101490149947 2.6224914
25.329490394696677 2.7802093
25.330879299244543 3.4569774
25.33226820379241 3.396179
25.33365710833914 2.9785783
25.335046012882685 3.1639535
25.336434917423503 3.9085536
25.33782382196364 3.5251667
25.339212726503774 4.0612645
25.340601631040045 4.0011816
25.341990535577224 2.968207
25.343379440114404 3.5922832
25.344768344647036 2.393723
25.346157249179896 2.1489804
25.347546153709118 1.9916201
25.348935058238112 0.764568
25.350323962768016 0.8258431
25.351712867293372 1.4356139
25.353101771818274 -0.13274288
25.3544906763409 -0.2603
25.35587958086353 -0.80814004
25.357268485380928 -1.3510327
25.358657389899236 -1.5865366
25.360046294418225 -1.1116545
25.361435198932668 -1.0799441
25.36282410344711 -1.853453
25.36421300796178 -1.4355543
25.365601912473267 -1.4903919
25.366990816981343 -2.0550408
25.368379721492374 -1.2661537
25.369768625999768 -1.1976662
25.371157530503297 -1.5406995
25.372546435007052 -1.6885823
25.373935339511263 -1.7346579
25.37532424401138 -1.6987749
25.37671314851059 -2.575939
25.37810205300775 -2.3264277
25.379490957504913 -1.2729487
25.38087986200071 -1.3351775
25.382268766493326 -1.8955349
25.38365767098685 -1.7124248
25.385046575475826 -1.1209531
25.386435479965257 -1.1159462
25.387824384450596 -1.964678
25.389213288940482 -0.17005631
25.390602193422865 -1.4033073
25.39199109790843 -1.3144941
25.393380002386493 -0.83210176
25.39476890686842 -0.3349269
25.39615781134671 0.21726438
25.397546715825683 0.30309722
25.398935620300108 0.80724597
25.400324524774078 0.8222667
25.401713429245774 2.0347748
25.403102333717243 2.043358
25.404491238187347 1.2991158
25.405880142654723 2.1500533
25.407269047122554 3.501205
25.40865795158652 3.0161302
25.410046856050712 3.0619078
25.41143576051445 5.0637207
25.412824664974323 3.782546
25.414213569435105 3.5043046
25.41560247389134 2.9885921
25.416991378347802 4.0803385
25.418380282800626 3.8272505
25.419769187253223 2.428533
25.42115809170673 3.1889882
25.42254699615569 2.2025063
25.423935900604192 1.6454276
25.425324805050423 1.5115521
25.426713709496653 0.8248894
25.42810261394129 -0.48584965
25.4294915183832 -0.75419647
25.430880422825794 -0.54921097
25.43226932726384 -1.1297152
25.433658231702793 -1.2525635
25.435047136140838 -1.2877907
25.436436040575472 -0.6088171
25.437824945006923 -1.5095254
25.439213849441785 -1.431978
25.440602753872554 -1.611452
25.441991658299685 -1.194507
25.44338056272727 -1.1421132
25.444769467155083 -0.56077456
25.446158371578804 -0.10401272
25.447547276001615 0.6542966
25.44893618042215 1.1759695
25.450325084842916 0.76897883
25.45171398925868 0.611261
25.453102893678533 1.6871518
25.454491798092022 0.9772427
25.455880702504828 2.3585553
25.45726960691809 2.573972
25.458658511330896 0.7220092
25.460047415740064 1.2588221
25.461436320146277 1.0333917
25.46282522455158 1.5058299
25.464214128956883 0.57204014
25.46560303336264 1.2016002
25.466991937760667 0.45080125
25.468380842163242 1.0506774
25.46976974656127 0.374863
25.47115865095884 0.73011565
25.47254755535414 0.7824498
25.47393645974921 0.16767207
25.47532536414019 0.111403875
25.47671426853094 0.36318022
25.47810317292192 0.09531022
25.47949207730926 0.5287661
25.480880981697283 -0.012994139
25.482269886080758 -0.33087367
25.483658790464233 -0.43202528
25.48504769484498 0.007271949
25.486436599225044 -0.64166015
25.48782550360511 -1.2491659
25.489214407981308 -1.8525589
25.490603312357507 -1.5218043
25.491992216730978 -1.4051552
25.493381121103766 -2.3865106
25.494770025472008 -1.1793075
25.49615892984184 -2.3290503
25.497547834211673 -1.0135428
25.49893673857696 -0.683444
25.50032564294247 -0.23449056
25.501714547307984 0.13286209
25.503103451665993 0.37796253
25.50449235602855 0.13918033
25.50588126038656 0.8748393
25.507270164745023 0.74907035
25.508659069100077 0.83800274
25.510047973454675 2.5221148
25.51143687780541 2.2562711
25.51282578215637 2.1568482
25.51421468650733 0.5794313
25.515603590855108 1.5506537
25.516992495202885 0.92717355
25.518381399545888 0.45485446
25.519770303889572 0.67348975
25.521159208230074 0.38583055
25.522548112570348 -0.4232632
25.523937016910168 -1.6547858
25.52532592124635 -1.5463024
25.526714825582758 -1.9710557
25.528103729915983 -2.2861934
25.52949263424898 -3.3501036
25.530881538577887 -3.4974499
25.532270442907702 -3.4521492
25.533659347236608 -4.0545883
25.535048251562102 -5.0035186
25.536437155887597 -4.285801
25.537826060209227 -4.5278015
25.539214964531766 -3.6869378
25.540603868850667 -4.0488067
25.541992773167976 -3.6310272
25.543381677486195 -4.494541
25.54477058180146 -3.261827
25.546159486115812 -2.881063
25.547548390426527 -2.1807501
25.548937294737698 -1.0612278
25.550326199044775 -0.56679475
25.5517151033564 -0.6462498
25.55310400765984 0.5075463
25.554492911963507 1.9422661
25.55588181626763 2.0114093
25.557270720567658 2.3899083
25.55865962486814 4.085107
25.560048529168398 4.8210044
25.56143743346388 5.3226495
25.562826337757087 5.1722035
25.564215242050523 5.982489
25.565604146342594 5.50874
25.56699305063148 5.2409887
25.56838195492128 5.2396774
25.569770859210394 4.456453
25.571159763492233 4.146382
25.572548667777482 3.27196
25.573937572059094 2.2164543
25.575326476341615 1.4396671
25.576715380619817 -0.4339923
25.57810428489711 -1.061347
25.579493189172354 -2.3057444
25.5808820934476 -3.5333328
25.582270997722844 -4.292417
25.583659901993542 -4.190312
25.585048806260147 -5.2889123
25.586437710531754 -5.4768505
25.58782661479586 -5.8227453
25.589215519062236 -5.8405676
25.590604423326113 -5.2204247
25.59199332758658 -4.6429605
25.59338223184659 -3.8181906
25.594771136106374 -3.3234
25.596160040362747 -3.2516341
25.59754894461912 -2.9345295
25.59893784887231 -1.4035459
25.6003267531255 -1.6296319
25.601715657373916 -0.93677014
25.603104561623013 -1.323137
25.604493465872565 -0.030995194
25.605882370118707 -0.7663561
25.607271274364166 0.124994084
25.608660178605078 -0.010133044
25.61004908284758 1.574377
25.611437987086447 -0.7026968
25.612826891323948 -0.20754859
25.614215795558266 0.06431503
25.615604699793494 0.15157841
25.61699360402781 -0.997926
25.61838250825872 -2.0875263
25.619771412489627 -1.9207482
25.62116031671667 -2.6652288
25.62254922094462 -2.3390045
25.623938125168934 -2.3806098
25.625327029391656 -2.314864
25.626715933615287 -3.359283
25.628104837835963 -2.8843412
25.630882646272767 -2.602225
25.63227155048844 -3.0419397
25.633660454701612 -3.338838
25.635049358914785 -3.544062
25.636438263123182 -1.5609655
25.637827167332034 -2.7245371
25.639216071541796 -2.637214
25.640604975747237 -1.9570484
25.641993879953134 -2.2246203
25.643382784155165 -1.2269924
25.64477168835606 -1.5440971
25.64616059255468 -0.71855205
25.647549496753527 -1.6202141
25.648938400947372 -0.5726362
25.650327305141673 0.059188895
25.651716209336882 0.81547165
25.653105113528454 0.23812653
25.654494017719117 -0.61298954
25.655882921905686 1.3633713
25.65727182609362 1.0882293
25.658660730277916 0.6633567
25.660049634461302 0.52364
25.66143853864469 1.2404634
25.66282744282489 0.7073461
25.664216347001002 0.506831
25.66560525117802 0.4589077
25.666994155354132 1.2237737
25.66838305952615 1.073447
25.66977196369953 1.5023727
25.671160867872686 1.3103217
25.67254977204084 0.9868989
25.67393867620649 0.43077356
25.675327580372368 0.5287661
25.676716484538247 0.4095538
25.67810538870026 1.0087147
25.679494292861136 0.3201446
25.68088319701974 0.5692982
25.68227210117857 1.2135215
25.68366100533285 -0.60839987
25.68504990948759 -0.7763104
25.686438813638233 -0.07009682
25.687827717788878 -0.06646085
25.68921662194043 -0.8817536
25.690605526087666 -0.8726935
25.69199443023399 -0.47547817
25.694772238522546 -0.83144605
25.696161142661822 -0.959182
25.697550046801553 -1.0173576
25.698938950938555 -0.89057535
25.700327855075557 -0.3438678
25.70171675921233 -0.15157841
25.703105663344104 0.06562636
25.704494567473375 0.51004976
25.705883471602874 1.0984815
25.707272375731918 0.4708289
25.708661279857097 0.7744626
25.710050183982275 0.6407064
25.71143908810791 0.4541392
25.71282799223013 1.4906899
25.714216896348262 0.46737176
25.71560580046571 0.3872611
25.716994704580657 -0.76570046
25.71838360869924 0.2262053
25.719772512809413 -1.145928
25.721161416923678 -0.5205404
25.722550321031576 -0.677543
25.723939225143113 -1.365815
25.725328129247373 -0.7433481
25.726717033353907 -0.52328235
25.728105937457258 -0.65882665
25.72949484155788 -0.0066162813
25.730883745657593 -0.49830735
25.732272649757533 -1.5225196
25.733661553853835 -0.9128085
25.73505045794991 -2.1891546
25.736439362043257 -1.3017981
25.737828266135693 -2.1632261
25.739217170224038 -1.9999053
25.740606074313746 -1.3689742
25.741994978399816 -1.4908091
25.743383882484977 -1.4373425
25.7447727865665 -1.5941067
25.746161690652116 -1.0685593
25.747550594730683 -1.3958566
25.74893949880925 -1.0419154
25.75032840288668 -1.3362504
25.751717306960927 -1.4694107
25.753106211036084 -1.2356353
25.75449511510692 -0.21708556
25.755884019177756 0.4823925
25.757272923244727 1.1272117
25.758661827311926 0.78197294
25.76005073137958 1.0640292
25.76143963544382 0.92729276
25.76282853950306 1.7375786
25.764217443562757 1.2881483
25.76560634762336 1.1781154
25.76699525167942 1.1415172
25.76838415573593 0.43637654
25.76977305978835 0.34601364
25.771161963841678 1.7666664
25.77255086789137 0.51469904
25.773939771939467 0.094118096
25.775328675984838 -0.691312
25.77671758003089 -1.0572938
25.778106484076034 -1.542905
25.77949538811754 -1.6918011
25.780884292155633 -2.252814
25.782273196197366 -3.2763708
25.783662100232505 -2.6504467
25.785051004267416 -2.4534483
25.786439908300963 -3.3918874
25.78782881233201 -3.207347
25.789217716363282 -2.2267065
25.7906066203941 -3.5184908
25.791995524417416 -3.441122
25.79338442844437 -2.4478455
25.794773332468594 -2.046279
25.797551140508403 -1.2596567
25.79894004452808 -1.3088912
25.80032894854503 0.42195186
25.80171785256107 0.6107841
25.80310675657438 0.83478403
25.80449566058337 0.3553122
25.80588456459509 1.9028068
25.807273468601124 1.9311793
25.808662372610797 2.0407355
25.810051276615468 1.951207
25.811440180616955 2.1867704
25.812829084619352 3.171464
25.8142179886172 1.8384322
25.81560689261528 3.236077
25.816995796613355 2.7238219
25.818384700608476 2.2687886
25.81977360460337 3.2810202
25.82116250859417 2.123588
25.822551412581106 1.977076
25.82394031657168 1.9436966
25.82532922055543 2.0335827
25.82671812453941 0.72320133
25.828107028522936 0.26435325
25.82949593250578 -0.84759927
25.830884836482483 -0.94910854
25.832273740462824 -1.8974422
25.83366264443839 -1.9932294
25.835051548410775 -2.5427384
25.836440452384068 -2.5896482
25.83782935635668 -2.5783827
25.839218260326106 -2.55311
25.84060716429167 -2.7670958
25.841996068256776 -2.1921349
25.843384972222793 -1.6343408
25.844773876184263 -2.517525
25.84616278014596 -1.9094827
25.84755168410402 -1.3565761
25.84894058806185 -1.1116545
25.850329492016954 -1.5924376
25.851718395971147 -1.3397672
25.85310729992125 -0.6237783
25.854496203872714 0.026047884
25.85588510782418 -0.32974115
25.857274011770414 -0.06330172
25.85866291571392 -0.15116118
25.86005181965811 -1.2039845
25.86144072360139 -0.7395334
25.86282962754194 -2.0004418
25.864218531477945 -2.1203694
25.86560743541395 -2.4172676
25.866996339350862 -3.5583675
25.868385243283456 -3.724132
25.86977414721605 -4.8884783
25.871163051144777 -6.0677857
25.87255195507373 -3.692839
25.873940858999504 -5.1593285
25.87532976292482 -5.667173
25.87671866684559 -5.433636
25.878107570767952 -5.8576746
25.879496474686675 -3.9342437
25.88088537860449 -4.3107758
25.882274282522758 -2.4665618
25.883663186436934 -2.6630235
25.88505209034747 -1.4598737
25.88644099425892 -1.0845338
25.887829898166046 -0.6402296
25.889218802075902 1.014437
25.890607705980074 1.1107603
25.891996609884245 2.0664854
25.893385513787507 1.6789262
25.89477441768736 1.902926
25.897552225484105 2.5006566
25.898941129380773 1.8143513
25.90033003327244 1.5437394
25.901718937161604 2.3669002
25.903107841054634 1.5361098
25.90449674494357 1.6623557
25.905885648828644 1.084653
25.907274552713716 0.856719
25.908663456595605 0.4289854
25.91005236047772 0.12451723
25.911441264355744 -0.46725255
25.912830168233086 -0.51016897
25.914219072111564 -0.61853296
25.915607975986404 -0.73977184
25.916996879857834 -2.9006138
25.91838578372858 -2.0894933
25.91977468759842 -2.1572058
25.92116359146621 -2.3984318
25.922552495330365 -2.5029216
25.923941399193154 -2.3590322
25.9253303030564 -2.070777
25.926719206916914 -1.7363864
25.928108110772882 -1.0800633
25.929497014632716 -0.48102155
25.930885918485274 0.28128138
25.932274822341242 0.41253412
25.933663726190844 0.5481976
25.935052630039536 0.94231343
25.936441533887773 1.8061256
25.937830437733737 2.5641966
25.9392193415797 2.3941998
25.940608245425437 3.0847964
25.941997149263443 2.3254144
25.943386053104405 4.0477934
25.944774956939227 4.4528766
25.946163860777688 4.5695853
25.947552764611373 4.945462
25.948941668441876 3.3114192
25.950330572273288 3.8066268
25.95171947610038 2.959147
25.95310837992747 2.182121
25.954497283754336 2.114051
25.95588618757779 -0.44680762
25.95727509139806 0.265903
25.958663995218558 -1.3837565
25.96005289903769 -3.2696948
25.961441802853642 -3.8839362
25.962830706666864 -4.987127
25.9656085142924 -5.6519737
25.96699741810062 -6.9023314
25.968386321906564 -7.66976
25.96977522571251 -7.7096963
25.971164129516865 -8.522069
25.97255303331849 -7.647587
25.97394193712057 -7.880587
25.97533084091856 -7.5017905
25.97671974471723 -7.22033
25.978108648511352 -6.1889653
25.979497552301382 -5.4993815
25.980886456096414 -4.0323553
25.982275359883943 -3.6911104
25.983664263670107 -3.3183932
25.98505316745741 -2.1295488
25.9864420712413 -0.50432754
25.98783097502519 0.08148159
25.989219878804988 0.98987913
25.990608782583877 1.6345792
25.99199768636072 2.42293
25.99338659013756 2.9202838
25.994775493909856 3.656658
25.996164397682605 3.8916252
25.997553301451262 3.7929175
25.99894220521992 2.6221337
26.000331108989485 4.032534
26.001720012751093 3.0419993
26.00310891651543 4.024428
26.004497820274082 3.4001129
26.005886724036372 3.56403
26.00727562779366 3.448871
26.008664531547765 1.9597902
26.01005343530278 1.9471538
26.011442339054156 1.415467
26.012831242805305 -0.24587533
26.015609050298508 -0.60643286
26.01699795404602 -0.79651684
26.018386857789665 -2.1638818
26.019775761529218 -1.7865152
26.02116466526877 -3.004209
26.02255356900514 -3.059166
26.02533137647788 -4.213856
26.026720280209474 -2.1058254
26.028109183938795 -1.3686166
26.029498087668344 -2.1880817
26.030886991393572 -1.9553199
26.0322758951188 -2.215441
26.0336647988438 -0.30506423
26.035053702566074 0.7220092
26.03783151000198 1.0547307
26.039220413716066 2.0502725
26.040609317431063 1.9081713
26.04199822114515 3.0105271
26.043387124855826 2.6933033
26.044776028562865 3.8888834
26.046164932269676 3.2931798
26.047553835977396 3.3631573
26.04894273968148 3.1615694
26.050331643380332 2.6867468
26.051720547080095 3.3030744
26.05310945078054 2.2991877
26.0544983544728 1.5172743
26.055887258168696 0.25672364
26.057276161861182 1.1738237
26.058665065550485 -0.15378384
26.060053969240016 -0.16391689
26.061442872928183 -0.24498123
26.062831776613166 -0.89850295
26.06422068029542 -1.3714777
26.065609583976993 -3.1224678
26.066998487658566 -2.0176678
26.068387391332635 -3.2636151
26.06977629501057 -2.5232472
26.07116519868532 -3.1126325
26.072554102356662 -2.48802
26.07394300602664 -2.538745
26.07533190969707 -2.939477
26.076720813364773 -2.9230852
26.078109717027928 -2.3162947
26.07949862069154 -1.4763845
26.080887524351056 -2.1603055
26.082276428011482 -1.3957374
26.08366533167191 -2.07334
26.085054235327107 -1.6746942
26.086443138979575 -0.54277354
26.0878320426325 -1.3047783
26.08922094628133 -0.0417243
26.090609849930843 -0.013947837
26.091998753575808 -0.015080353
26.09338765722032 -0.0746865
26.096165464508204 0.607327
26.09755436814521 1.0120527
26.098943271783128 1.3496618
26.10033217541786 1.1859834
26.101721079052368 1.122324
26.10310998268278 1.0578302
26.104498886313195 1.35598
26.10588778994088 0.6328384
26.107276693568565 1.4502771
26.10866559719534 0.848851
26.110054500815295 1.9509686
26.111443404438432 1.9028068
26.112832308054294 1.5637671
26.114221211674703 3.3397918
26.115610115286927 2.1855783
26.116999018902334 1.8493998
26.11838792251183 0.8997547
26.119776826124962 0.34351018
26.121165729729455 1.4621983
26.122554633334403 0.70019335
26.12394353694026 0.908338
26.12533244054157 0.6250896
26.12672134414379 0.10341666
26.12811024774146 0.683146
26.12949915133936 -0.84813577
26.130888054934076 -0.56190705
26.132276958528564 -1.6410167
26.13366586211896 -1.0537174
26.135054765705718 -1.2752138
26.13644366929293 -1.2086934
26.13783257288037 -1.3640269
26.139221476463717 -1.8047547
26.140610380042517 -1.3287996
26.14199928362632 -1.8942235
26.143388187203072 -0.8464072
26.144777090779144 -0.54855525
26.146165994355215 -1.8592348
26.14755489792742 -0.714618
26.148943801496216 -0.89355564
26.150332705065466 -0.09894619
26.15172160863085 -1.1095086
26.15311051219578 -0.9905945
26.15449941576162 0.6995973
26.155888319322912 -0.64744186
26.157277222880566 0.122490615
26.158666126438675 -0.43059474
26.16005502999269 -0.14186262
26.161443933547616 0.24611375
26.162832837098904 1.1679823
26.1642217406486 -0.05495686
26.165610644195567 1.0003699
26.166999547743217 0.64440197
26.168388451289957 1.3441781
26.16977735482942 0.8961783
26.171166258369112 0.15110157
26.172555161908804 0.35400087
26.17394406544554 0.5285277
26.175332968981365 0.4957443
26.1767218725131 0.1660031
26.178110776046196 0.37009454
26.17949967957543 1.7248229
26.180888583101023 0.18042779
26.1822774866298 0.79341733
26.183666390150393 0.52173257
26.185055293672576 0.3531664
26.18644419719476 0.19795199
26.18783310071194 1.0910903
26.18922200422594 0.6862455
26.190610907740847 1.5262152
26.191999811254846 1.7423471
26.193388714762023 1.5769997
26.194777618272383 0.8065307
26.196166521779105 1.2641866
26.1975554252831 0.4941945
26.198944328787093 0.83991015
26.200333232286084 1.9674199
26.20172213578553 0.5423563
26.20311103928225 0.8514737
26.204499942778966 1.0798845
26.205888846271137 1.8826599
26.207277749762852 0.5465287
26.208666653252294 0.9114375
26.21005555674151 0.43220413
26.21144446022572 0.57716626
26.212833363707205 1.112191
26.21422226719278 0.5797889
26.215611170670854 0.6377261
26.217000074149155 0.13453107
26.218388977627 1.2991158
26.219777881100526 0.92645824
26.22116678457155 1.4254808
26.222555688042576 1.4214276
26.223944591508825 1.0093108
26.22533349497553 1.395797
26.226722398443144 1.3706431
26.22811130190712 1.9537106
26.22950020536655 1.5661514
26.230889108825522 1.7542683
26.232278012282222 -0.0029207007
26.233666915738922 -0.2486172
26.235055819191075 -2.2156198
26.236444722639817 -2.1802137
26.237833626092197 -2.517525
26.239222529537074 -3.4428506
26.24061143298286 -3.797507
26.242000336427736 -4.531974
26.24338923986852 -5.18937
26.24477814330703 -4.7729616
26.24616704674554 -4.8611193
26.24755595018246 -3.8817306
26.24894485361665 -3.8608685
26.250333757047883 -3.8705842
26.25172266047889 -3.351117
26.25311156390626 -2.0738766
26.25450046733249 -2.2501915
26.255889370759178 -2.133602
26.257278274179498 -1.8190006
26.258667177599136 -1.5844505
26.260056081018774 -0.7485935
26.261444984434547 -0.10669499
26.262833887850547 0.31847563
26.264222791263364 1.3839949
26.265611694675727 2.5969799
26.26700059808354 1.9587173
26.26838950148931 2.258417
26.269778404895078 2.7783017
26.271167308299937 3.3127306
26.272556211701612 3.149171
26.273945115099195 2.0245225
26.275334018497688 3.266357
26.276722921892542 3.1638343
26.278111825285805 2.1231112
26.27950072867634 1.8790836
26.28088963206733 2.0735188
26.282278535454225 2.1312177
26.283667438840894 0.84598994
26.285056342224152 0.39477146
26.286445245603772 -0.5056389
26.287834148984075 -0.8980261
26.28922305236415 -1.6014978
26.290611955739223 -1.7396648
26.292000859111795 -1.5112541
26.29477866585694 -3.07973
26.29616756922178 -3.2999153
26.29755647259026 -3.2636151
26.29894537595601 -3.6397893
26.300334279318122 -2.8163903
26.301723182675232 -2.7624466
26.303112086036435 -3.734265
26.304500989391272 -2.6866872
26.3058898927452 -2.1110709
26.307278796100036 -0.97426236
26.308667699450552 -1.1779962
26.31005660279652 -0.5757953
26.311445506144082 -0.2155358
26.312834409491643 0.32074067
26.3142233128342 -0.70520025
26.315612216173577 0.8778196
26.31700111951386 0.820717
26.3183900228496 -0.06288448
26.319778926185563 -0.5465883
26.32116782951789 -0.9011853
26.322556732847033 0.25088224
26.323945636179815 0.16421491
26.325334539505093 0.75395805
26.326723442829916 0.14239907
26.32811234615474 -1.0206956
26.32950124947638 -1.155763
26.33089015279461 0.023663636
26.332279056112384 -0.3407087
26.33366795942561 -0.93128633
26.335056862740203 -1.2816513
26.336445766051384 -0.93313414
26.3378346693612 -0.86369294
26.339223572667834 -1.3414958
26.340612475975377 -1.9977593
26.3420013792786 -1.4731063
26.34339028257864 -1.8206099
26.34477918587845 -1.4204739
26.34616808917781 -1.3558608
26.347556992474438 -1.6242673
26.34894589576652 -1.4606485
26.350334799058828 -1.9372592
26.354501508921658 -0.25350493
26.355890412206463 0.21642989
26.357279315487176 -0.74740136
26.358668218765615 0.84444016
26.360057122044054 0.6881529
26.361446025321584 0.8345456
26.362834928595476 2.4912386
26.364223831865957 2.6443071
26.365612735136438 2.545361
26.367001638403963 2.2073941
26.36839054167058 3.077167
26.369779444933556 3.0920684
26.371168348197443 3.6552274
26.37255725145701 3.8633718
26.373946154713394 3.4795084
26.37533505796955 2.0801947
26.37672396122457 1.6414936
26.378112864477316 2.2320712
26.37950176772665 0.7779197
26.380890670974622 0.73822206
26.38227957421941 -0.15080354
26.383668477465108 0.1640957
26.385057380706257 -1.6103791
26.386446283947862 -0.84420174
26.387835187185374 -1.1392522
26.389224090422886 -1.6905493
26.39061299365767 -2.084725
26.392001896888814 -2.0117073
26.39339080011905 -0.6274142
26.394779703345876 -1.816676
26.39755750979657 -1.8915412
26.39894641301953 -1.3292766
26.400335316238397 -0.3767108
26.40172421945863 -1.0605125
26.403113122674995 -0.42660114
26.40450202588636 -0.2076678
26.405890929098632 -0.2280531
26.40727983231136 -0.46111313
26.408668735520223 -0.4076464
26.410057638725675 0.17255978
26.411446541930673 -0.5872397
26.41283544513135 0.0835082
26.414224348333164 -0.39477146
26.41561325153134 -1.105217
26.41700215472565 -0.029683856
26.418391057919507 0.76087236
26.419779961113363 0.3989439
26.421168864300853 0.8799654
26.42255776749107 3.0374691
26.423946670677196 1.5376595
26.425335573861048 2.9260058
26.42672447704126 3.5578308
26.428113380224204 3.49894
26.429502283400097 3.9234548
26.43089118657599 3.8553848
26.432280089751657 4.1292157
26.433668992924595 5.1859126
26.435057896092985 4.2124257
26.43644679926092 5.828229
26.437835702426582 5.0711117
26.439224605592244 5.5759754
26.44061350875336 4.2027693
26.442002411914473 4.9430776
26.443391315072404 3.6659565
26.444780218226924 3.774082
26.446169121381445 2.4197114
26.44755802453119 1.7090868
26.44894692768139 0.51159954
26.450335830828863 0.59945893
26.451724733975652 -1.0643272
26.453113637118804 -2.1234093
26.45450254026173 -3.1871402
26.455891443401242 -4.3007026
26.45728034654121 -4.209386
26.458669249673676 -4.4763017
26.460058152808642 -5.3116817
26.462835959070617 -5.176376
26.4642248621999 -5.6417212
26.465613765324633 -5.9014254
26.467002668445275 -5.4700556
26.46839157156728 -5.059429
26.469780474689287 -5.1325064
26.471169377806063 -2.9581933
26.47255828092011 -3.664824
26.47394718403484 -2.5000603
26.475336087145024 -1.3661131
26.476724990255207 -1.8548836
26.47811389336198 -0.44287363
26.47950279646875 0.40037444
26.480891699572567 -0.015795628
26.482280602672517 1.4656554
26.483669505771104 1.6296915
26.48505840886719 1.7493806
26.486447311963502 2.460482
26.487836215056177 2.9837046
26.489225118148397 2.9727368
26.492002924321696 2.479079
26.49478073049204 2.6118813
26.496169633573572 2.4584553
26.497558536651013 2.601629
26.498947439728454 0.8618452
26.500336342803166 1.811371
26.50172524587356 0.45461604
26.50311414894304 1.4804378
26.504503052014115 0.546171
26.50589195508155 -0.1823948
26.507280858143986 -0.12576896
26.508669761206875 0.010550287
26.510058664267035 0.40514293
26.511447567326286 0.22394027
26.51283647038281 -1.053479
26.514225373434783 -0.553443
26.515614276487213 -0.59635943
26.51700317953987 0.10139005
26.518392082588434 -0.5815771
26.519780985633133 1.5433818
26.521169888677832 1.0896598
26.522558791719348 2.3473494
26.523947694757453 3.4860651
26.52533659779874 2.6838856
26.52672550083207 3.985207
26.52811440386654 3.2105656
26.529503306897368 4.3868327
26.53089220992797 5.2356243
26.53228111295448 5.8785367
26.533670015980988 5.0243807
26.535058919004086 5.6168656
26.536447822024 5.6796904
26.53783672504369 5.1153398
26.539225628062923 4.0791464
26.540614531079427 4.1915636
26.542003434091384 3.6433063
26.54339233709993 2.3688076
26.544781240112115 1.8526185
26.546170143116797 2.0373976
26.547559046122387 -0.4007321
26.548947949127978 -1.816676
26.5503368521247 -1.7214253
26.55172575512597 -2.038232
26.55311465812065 -3.348554
26.554503561118054 -3.3929007
26.555892464108183 -2.9760153
26.557281367098767 -4.094525
26.558670270088896 -4.173801
26.560059173076297 -2.277312
26.56144807605915 -3.0531456
26.562836979042004 -3.4973307
26.56422588202213 -3.0509403
26.565614784997933 -2.8646712
26.567003687974193 -3.0045667
26.568392590950225 -2.495888
26.569781493921482 -1.9507897
26.571170396890466 -1.5667474
26.572559299859677 -1.4787092
26.573948202823885 -2.074413
26.57533710578855 -1.1841952
26.576726008750484 -1.5769401
26.57811491170787 -1.7286377
26.579503814666168 -0.97098404
26.580892717623783 -1.3589008
26.58228162057685 -0.37933347
26.58367052352787 -0.77738327
26.585059426475254 -0.14776362
26.586448329421728 0.7407255
26.58783723236843 0.60994965
26.589226135311492 0.3913143
26.5906150382516 1.7157627
26.592003941190796 1.9522799
26.5933928441259 1.8728846
26.59478174706237 2.5541828
26.596170649994974 2.3798943
26.597559552927123 2.923264
26.59894845585177 2.6359622
26.60033735878028 3.1223485
26.601726261705153 3.1162686
26.603115164626843 3.3184528
26.604504067548078 2.2381508
26.605892970464993 2.2031024
26.607281873379407 2.4379508
26.60867077629382 2.4602435
26.610059679208007 1.7236308
26.611448582114463 2.203937
26.612837485024556 1.5337256
26.614226387928284 0.9728318
26.61561529083201 0.94457847
26.617004193734374 1.1468817
26.618393096633554 0.56059575
26.619781999530005 0.41885236
26.621170902425547 0.095191
26.622559805317678 -0.4283297
26.62394870820981 -0.4524106
26.625337611098075 -0.050724827
26.626726513983613 -0.43530363
26.62811541686824 1.3478737
26.629504319752414 0.9189479
26.630893222634313 0.34780183
26.632282125512575 0.50158566
26.63367102838697 0.37438616
26.635059931260912 0.4163489
26.63644883413417 0.9200208
26.63783773700493 0.4252898
26.63922663987205 1.1385368
26.640615542738033 0.021398604
26.64200444560106 0.49157184
26.643393348464542 0.7439442
26.64478225132393 0.7043658
26.646171154180138 0.6258049
26.647560057036117 -0.5078443
26.64894895989096 -1.0481144
26.65033786273989 -0.6364744
26.651726765589046 -1.7282801
26.65311566843684 -1.8591156
26.65450457128145 -2.5692036
26.65589347412697 -1.9460212
26.657282376965213 -2.9218335
26.658671279806185 -3.1851733
26.660060182643065 -4.190431
26.66144908547767 -4.301239
26.662837988308638 -4.7587156
26.664226891138696 -4.583593
26.665615793968755 -5.116651
26.66700469679199 -4.3365855
26.668393599618412 -5.135248
26.669782502438466 -5.6212764
26.671171405261248 -4.599806
26.6725603080763 -4.303683
26.673949210892715 -4.0184674
26.675338113708904 -3.774678
26.676727016516452 -2.237078
26.678115919328775 -2.4830728
26.67950482213405 -2.1391454
26.680893724939324 -1.2331915
26.682282627744826 -0.23449056
26.683671530545325 0.24754429
26.68506043334264 0.44245636
26.686449336140868 1.2366487
26.687838238934546 2.280352
26.68922714172868 2.1524374
26.69061604451872 2.9158728
26.692004947305122 3.8104417
26.693393850092434 3.491668
26.694782752879064 3.17659
26.69617165565751 5.211186
26.697560558441182 4.6750884
26.69894946121758 5.0126977
26.70033836399307 5.3376703
26.701727266768785 5.1985493
26.703116169537225 6.376367
26.704505072309985 5.1190352
26.70589397507524 5.2439694
26.707282877842772 6.3179526
26.708671780604163 4.34046
26.710060683365782 3.794348
26.711449586126946 4.1640253
26.712838488881516 4.222082
26.714227391638815 4.0715165
26.717005197139088 2.7810438
26.718394099889792 1.5622174
26.719783002635722 2.887858
26.722560808122125 1.0035886
26.72394971086169 1.001562
26.725338613600798 -0.46725255
26.72672751633627 -1.0356567
26.72811641906901 -0.3329599
26.729505321801753 -2.4319901
26.730894224533586 -3.1023207
26.73228312725837 -3.5787528
26.733672029983154 -4.324962
26.73506093270771 -4.436127
26.73644983542954 -4.803778
26.73783873814682 -6.0930586
26.739227640863646 -6.1185107
26.740616543581837 -4.8224945
26.74200544629275 -4.626688
26.743394349002074 -4.0217457
26.744783251712306 -3.3267977
26.746172154419583 -2.79976
26.74756105712231 -1.5449911
26.74894995982595 -1.33178
26.75033886252504 -0.7347053
26.75172776522436 0.10603932
26.753116667920494 1.084653
26.754505570612764 1.6295723
26.75589447330458 2.1006992
26.757283375996394 1.1566571
26.75867227868116 1.5970273
26.76006118137002 1.4821067
26.76145008405183 1.3968699
26.762838986732277 1.3811339
26.764227889413178 1.900661
26.76561679209135 1.3888826
26.767005694765203 1.5264536
26.768394597439055 0.67062867
26.769783500109043 0.7627798
26.77117240277539 0.65906507
26.77256130544265 0.32658204
26.773950208109227 0.3036933
26.775339110768527 -0.006735494
26.776728013432148 -0.0036955806
26.778116916087583 -0.79234445
26.779505818743928 -0.38589016
26.780894721399363 -1.1399078
26.782283624050706 -0.10931766
26.783672526699775 0.88199204
26.785061429348616 0.088634335
26.786450331992455 0.5924254
26.78783923463743 1.0997928
26.789228137278997 1.3702855
26.79061703991647 1.8042183
26.792005942553715 1.5698469
26.79339484518755 1.4947431
26.794783747821384 2.123588
26.796172650452263 2.667315
26.797561553082915 2.890123
26.798950455708564 3.0180376
26.800339358331485 3.448871
26.80172826095486 5.0578794
26.803117163574825 4.3734813
26.804506066194108 5.785551
26.805894968808843 4.724085
26.807283871421532 5.7763715
26.80867277403422 5.397038
26.810061676646 5.461651
26.81145057925437 5.7533636
26.8128394818591 4.9448657
26.814228384459966 5.3226495
26.81561728706538 4.236745
26.817006189662607 4.4758844
26.81839509225938 3.6140993
26.81978399485388 3.4890454
26.821172897448378 3.6944482
26.822561800037647 2.5140083
26.823950702627826 0.85779196
26.82533960521505 0.25863105
26.826728507798634 0.12559015
26.828117410381992 -0.8145775
26.829506312960348 -0.9695535
26.830895215539613 -1.9447695
26.832284118115695 -2.6128352
26.83367302069155 -3.0861676
26.83506192326331 -3.428426
26.836450825831434 -3.5670102
26.837839728400013 -4.505509
26.83922863096518 -4.786075
26.840617533529894 -3.6130857
26.84200643609006 -5.151997
26.84339533864795 -5.117545
26.84478424120607 -4.9436736
26.847562046317307 -3.4113786
26.84895094886724 -4.2461033
26.850339851414446 -2.7506444
26.851728753961652 -2.231952
26.853117656507266 -2.3600454
26.85450655905015 -0.9858856
26.85589546159008 -0.8998739
26.8572843641291 -0.20635647
26.85867326666539 0.9084572
26.860062169200773 1.4518268
26.861451071732063 3.1253288
26.862839974261078 3.4537585
26.864228876790094 4.4377365
26.865617779317517 3.4886878
26.867006681838575 4.8447275
26.868395584360087 4.4035225
26.869784486881144 4.6403975
26.871173389398336 5.2451615
26.872562291915756 5.8284674
26.873951194426354 6.4829426
26.875340096940818 5.239916
26.876728999447323 4.3319955
26.878117901957467 3.9253626
26.879506804460107 4.0942864
26.880895706962974 3.3487327
26.882284609466296 0.8599378
26.883673511961888 0.46248406
26.89478473188001 -2.0549216
26.89617363436105 -3.4345653
26.89756253683845 -2.9765518
26.89895143931267 -1.8471943
26.900340341786432 -2.7966008
26.90172924425997 -2.2640796
26.903118146726456 -1.6539513
26.90450704919658 -0.9882698
26.905895951660113 -0.42374003
26.907284854127056 0.30262038
26.908673756585358 1.3588412
26.91006265904457 2.234813
26.911451561504236 2.5812438
26.912840463960038 3.2531245
26.914229366411746 4.5168934
26.915618268863454 3.89997
26.91700717131198 4.041833
26.918396073757094 4.317452
26.919784976201754 3.6974285
26.921173878646186 3.5498438
26.92256278108789 3.3027167
26.923951683525047 2.7999985
26.925340585963113 2.2301636
26.92672948839686 1.5550646
26.928118390829695 2.014151
26.929507293260485 0.47261706
26.930896195687637 -0.21994665
26.932285098113425 -1.0428691
26.93367400053603 -1.7871709
26.935062902959544 -2.1048121
26.93645180537851 -2.0867515
26.937840707798387 -2.4117837
26.939229610213715 -2.887858
26.94061851262859 -3.8078785
26.94200741504119 -3.9607086
26.94339631745015 -3.0749018
26.944785219858204 -4.126116
26.94617412226262 -3.9339457
26.947563024667488 -3.810561
26.948951927068947 -3.7229996
26.95034082946995 -3.5550294
26.951729731866408 -2.3900871
26.95311863426059 -2.256748
26.954507536655 -2.61361
26.95589643904509 -1.952578
26.95728534143518 -1.3403037
26.958674243821406 -1.497485
26.960063146207858 0.28986466
26.961452048591127 -0.19062044
26.96284095097053 0.12535171
26.964229853348797 0.38022757
26.96561875572843 -0.012398077
26.96700765810465 0.18614997
26.96839656047723 0.9600761
26.969785462845266 1.3042419
26.971174365216484 2.5461955
26.97256326758179 1.9478691
26.973952169947097 1.8310411
26.975341072310812 2.8054821
26.976729974671798 1.6443546
26.97811887702983 2.8371928
26.97950777938695 2.25949
26.980896681740433 2.3907428
26.982285584094143 3.0569007
26.983674486444215 2.9776247
26.985063388791332 1.9925737
26.98645229113822 2.154464
26.987841193483746 1.8346174
26.98923009582677 1.5141747
26.990618998166383 0.9276504
26.992007900505996 1.0972894
26.993396802841517 0.72940034
26.994785705176128 0.39465225
26.996174607508692 -0.058592837
26.997563509841257 -0.52340156
26.998952412169274 -0.37015414
27.000341314494108 -1.1865199
27.001730216818487 -1.8306835
27.003119119139228 -2.3378124
27.00450802146088 -2.1665044
27.00589692377821 -2.643592
27.00728582609463 -3.4832635
27.008674728409005 -3.5736861
27.01006363072338 -3.1127517
27.011452533032752 -2.9854927
27.01284143533894 -3.5358362
27.01423033764604 -3.4045835
27.01561923995314 -3.9382968
27.017008142256373 -3.9254818
27.018397044554604 -3.4454136
27.019785946853972 -2.9228468
27.02117484914993 -2.9183764
27.022563751441794 -2.1868896
27.02395265373707 -2.111965
27.02534155602507 -2.1025472
27.026730458313523 -1.5683568
27.028119360602204 -0.41223606
27.029508262887248 0.02688237
27.030897165167517 0.34505996
27.032286067448467 0.9315844
27.033674969726235 1.5104792
27.035063872003775 3.5647452
27.036452774277222 1.8535722
27.03784167655067 2.7369351
27.03923057882139 2.407313
27.04061948108847 2.0784066
27.042008383354187 2.1295488
27.043397285620358 1.5874903
27.0447861878838 1.4004463
27.046175090142697 0.893198
27.0475639924025 0.4291046
27.048952894661397 0.2513591
27.050341796912562 0.13190839
27.05173069916509 0.031293225
27.05311960141762 -1.599352
27.05450850366492 -1.1058726
27.05589740591313 -1.4554032
27.057286308158382 -1.8210869
27.058675210402725 -2.2881606
27.06006411264434 -1.6642035
27.06145301488141 -1.2150712
27.062841917118703 -2.6068149
27.064230819356453 -0.08070671
27.06561972159011 -0.3883936
27.06700862382013 -0.69864357
27.06839752604992 -0.15330699
27.069786428276302 0.65513104
27.071175330503138 0.83025396
27.07256423272611 3.1860077
27.073953134947942 2.3682115
27.075342037167502 2.4025447
27.07673093938729 2.8296824
27.078119841602756 4.115506
27.079508743814586 5.059787
27.080897646026187 4.9349713
27.08228654823779 5.105445
27.083675450446663 5.3289676
27.085064352651216 4.90183
27.08645325485577 4.676042
27.087842157061004 4.885975
27.089231059261692 2.9695182
27.090619961458742 2.973333
27.09200886365602 3.2379844
27.09339776584966 1.716478
27.09478666804398 1.4692318
27.096175570234436 1.3584836
27.097564472423528 -0.36169007
27.09895337461012 -1.5185856
27.100342276796937 -2.575939
27.101731178979662 -2.0180852
27.10312008116216 -2.6860313
27.104508983341248 -3.7675252
27.105897885520335 -4.80956
27.10728678769624 -3.8766046
27.108675689868505 -4.43416
27.110064592043273 -4.3555994
27.111453494211446 -3.4441023
27.112842396380074 -3.2019823
27.11423129854893 -2.277312
27.115620200713465 -2.7152982
27.117009102873453 -1.7231538
27.118398005035033 -2.2586553
27.119786907196612 -1.4271499
27.121175809353645 -1.1137407
27.122564711507266 0.021815848
27.123953613660888 0.65370053
27.125342515814282 1.1135023
27.126731417964947 0.84610915
27.128120320111066 1.7905089
27.12950922225673 1.6759459
27.13089812440012 2.5035176
27.13228702654351 1.6475734
27.133675928685307 1.5948815
27.135064830824376 2.2554367
27.13645373296049 0.73118854
27.137842635096376 1.7702428
27.139231537228625 1.9547834
27.140620439359736 2.0952156
27.14200934149153 1.0450745
27.14339824362014 1.1816918
27.144787145744885 0.4504436
27.146176047869176 0.1009132
27.147564949989828 -0.57358986
27.148953852110708 -0.2165491
27.150342754232042 -0.15265132
27.151731656349966 -1.3208125
27.153120558462888 -0.9688382
27.154509460576264 -1.9950175
27.155898362686912 -1.8651358
27.157287264796878 -1.3658746
27.158676166906844 -0.23228514
27.160065069012944 -0.9763486
27.161453971116316 0.11319206
27.162842873219688 0.13238524
27.16423177532147 0.6930406
27.16562067742052 1.1270925
27.167009579516616 1.5542301
27.168398481611803 1.6064451
27.1697873837079 2.5185382
27.171176285799447 3.0863464
27.172565187886903 2.2143085
27.173954089975723 2.220269
27.175342992064543 3.0381844
27.176731894148134 2.7886734
27.178120796232633 2.9724984
27.17950969831395 3.3637533
27.180898600394812 2.0432389
27.182287502472718 1.4697087
27.183676404549715 2.1542256
27.185065306623073 2.1736572
27.18645420869734 2.1797369
27.18784311076729 1.2409402
27.189232012837238 -0.5055793
27.19062091490332 -0.79651684
27.192009816969403 0.10162847
27.193398719032757 -0.66681385
27.19478762109543 -0.2759168
27.19617652315719 -0.15581046
27.197565425216908 -0.05912929
27.198954327272986 -0.84223473
27.200343229328155 -0.22572845
27.20173213138378 -0.64732265
27.20312103343531 -1.1599355
27.20450993548684 -1.2840952
27.205898837535642 -1.3946645
27.207287739583535 -1.0487701
27.208676641628244 -1.6941853
27.21006554367318 -0.9393928
27.211454445714025 -1.3709413
27.212843347755552 -1.9791622
27.21423224979253 -1.6140151
27.215621151832693 -1.2221643
27.217010053866943 -1.5874307
27.218398955900966 -1.3500195
27.219787857933625 -0.5759741
27.221176759963555 -1.4694107
27.22256566199394 -0.46510673
27.22395456402046 -1.4945643
27.225343466046525 0.1398956
27.22673236806895 -0.80694795
27.228121270091833 0.18984555
27.229510172114942 0.5529661
27.230899074134413 1.4343026
27.23228797615002 2.7707915
27.23367687816517 1.9110324
27.23506578018032 1.8237691
27.236454682192743 2.3558135
27.237843584204256 2.3183808
27.239232486215315 2.7748446
27.2406213882241 2.7271597
27.242010290229246 1.9392858
27.243399192233483 2.6075897
27.244788094237947 2.7190533
27.246176996238773 2.2470918
27.247565898239372 2.0620744
27.248954800237243 1.8803949
27.250343702234204 1.9789834
27.25173260423071 1.132457
27.253121506224943 0.9686594
27.254510408215538 1.1565379
27.25589931020886 0.48847234
27.257288212194908 0.7128298
27.258677114185048 0.054897256
27.260066016171777 0.72832745
27.261454918154868 0.67146313
27.262843820136823 0.3872611
27.26423272211923 0.14120694
27.265621624098912 0.12094086
27.26701052607791 1.1332915
27.26839942805691 1.2500004
27.269788330032043 0.4784585
27.271177232003765 1.5216851
27.272566133975943 1.6307645
27.273955035948347 1.8142321
27.275343937919388 1.3760078
27.276732839887245 1.6714158
27.278121741852374 2.8110852
27.279510643817503 2.0223768
27.280899545781722 2.650387
27.282288447745486 1.9160393
27.283677349706977 1.0822687
27.28506625166483 2.1479073
27.286455153621773 1.4703047
27.287844055578717 0.7614684
27.28923295753225 0.9865413
27.290621859485782 0.71366435
27.292010761439997 -0.16349964
27.293399663389664 -1.0112778
27.294788565338877 -0.8899197
27.296177467285816 -1.3934723
27.297566369232527 -1.3380982
27.298955271177874 -0.13637884
27.30034417312072 -0.8414599
27.301733075063794 -0.6612109
27.303121977006867 -0.31191894
27.30451087894653 0.4045469
27.30589978088483 0.15634692
27.307288682819944 1.5063068
27.30867758475597 0.44209874
27.310066486687447 1.3098449
27.31145538861938 2.023688
27.312844290550856 0.85385793
27.314233192482334 1.0441208
27.31562209441472 0.96460617
27.31701099633983 0.83657223
27.31839989826358 0.60327375
27.31978880018778 -0.58354414
27.32117770211289 -1.0324976
27.322566604037092 0.14979023
27.323955505954245 -1.334045
27.3253444078714 -1.0008467
27.32673330979651 -1.6846483
27.328122211714117 -1.4780536
27.329511113623084 -1.6642035
27.330900015540465 -1.643997
27.332288917450796 -0.326284
27.333677819360673 -1.2517886
27.33506672127828 -0.7391162
27.336455623180882 -0.27836066
27.337844525090077 -0.55016464
27.33923342700041 -0.15014787
27.340622328903464 0.67897356
27.342011230805383 0.3160914
27.343400132707984 1.5551838
27.34478903461104 1.7353135
27.34617793651364 1.9110324
27.34756683840942 2.509836
27.34895574031225 2.2088246
27.350344642207347 2.1992877
27.351733544103354 2.0834136
27.35312244599845 2.357244
27.3545113478865 2.14147
27.355900249781826 1.9537106
27.357289151669647 0.85576534
27.358678053565654 1.712544
27.360066955454386 1.4601717
27.361455857341525 1.5774765
27.3628447592223 1.4598141
27.36423366111103 0.078262866
27.365622562991575 2.712735
27.367011464879397 1.480557
27.368400366760397 0.060619444
27.369789268640943 1.0977663
27.3711781705224 1.1260196
27.372567072395668 0.14776362
27.373955974276214 0.8335919
27.375344876150393 -0.19479287
27.37673377802389 -0.79347694
27.378122679897842 -0.4531855
27.379511581771567 -0.5927235
27.380900483644155 -1.0302922
27.382289385518106 -1.7869325
27.38367828738501 -1.8111326
27.385067189257825 -2.2521584
27.38645609112382 -2.1828363
27.387844992990722 -1.516559
27.389233894856716 -1.5404611
27.39062279672362 -1.8963097
27.392011698582564 -0.9468435
27.393400600447876 -1.0390543
27.39617840416713 -0.29582527
27.39756730602585 0.06574558
27.39895620788502 0.594452
27.40034510974374 1.1744198
27.401734011603367 1.3276075
27.403122913455718 1.1926593
27.404511815313754 2.0093827
27.405900717165423 1.2265155
27.407289619017547 2.62118
27.408678520869216 2.6241603
27.410067422720658 2.452137
27.411456324572328 1.9858978
27.412845226423997 1.4924781
27.414234128269072 1.6634287
27.415623030120514 1.1540345
27.417011931964225 2.0518222
27.418400833809073 1.1944474
27.41978973565392 1.151531
27.421178637498542 0.035227228
27.422567539342708 -0.3182968
27.423956441186874 -0.19008398
27.42534534303195 -1.5485675
27.42673424486975 -2.6125968
27.428123146706184 -1.6437585
27.42951204855035 -2.310036
27.43090095038815 -2.8597238
27.43228985222504 -3.2290435
27.43367875406284 -3.2894247
27.43506765589973 -3.561765
27.436456557736165 -3.7106612
27.437845459566688 -5.0433354
27.439234361404488 -4.541392
27.440623263233647 -4.8519397
27.44201216506326 -4.0719934
27.44340106690106 -3.57917
27.444789968730674 -3.5850708
27.44617887056029 -4.0252624
27.447567772390357 -2.9871616
27.448956674220653 -2.8077474
27.450345576043674 -1.8228154
27.451734477873742 -0.53639567
27.453123379703356 -0.39530793
27.454512281525695 0.07850129
27.455901183348487 0.6327192
27.457290085178784 2.0430005
27.45867898700135 3.1609733
27.460067888823005 3.0101695
27.461456790646025 3.8451324
27.462845692469273 4.0136986
27.464234594291838 4.209684
27.465623496114404 3.194591
27.467012397929466 4.762471
27.46840129975203 4.260707
27.469790201567776 2.7653077
27.47117910339034 3.0396152
27.47256800520563 2.5826743
27.473956907028878 1.8998265
27.47534580884394 1.7281609
27.476734710659912 1.4044995
27.478123612474974 0.6697942
27.47951251428958 0.41289175
27.480901416105553 1.9650357
27.482290317921525 0.3225288
27.483679219735905 -0.14728677
27.485068121551194 0.2620882
27.48645702336694 -0.84247315
27.487845925174952 -0.23544425
27.489234826990014 -0.09274715
27.490623728798028 0.2086811
27.492012630613317 0.44293323
27.493401532422013 1.5666282
27.494790434237757 1.1541537
27.49617933604577 1.7064642
27.497568237853557 2.704748
27.49895713966157 2.9230256
27.500346041477314 2.0182045
27.501734943285328 3.2429914
27.503123845092432 3.0605965
27.504512746901128 2.8072705
27.505901648709823 2.8933418
27.50729055051761 2.9792936
27.50867945232585 2.8290863
27.51006835412636 2.7618506
27.511457255934147 1.7020533
27.512846157742842 1.8716924
27.514235059550856 1.5759268
27.515623961350684 0.6566808
27.51701286315938 1.3320184
27.518401764968075 -0.514103
27.519790666769495 -0.25594878
27.52117956857728 -0.5493898
27.522568470377337 -1.4980215
27.523957372186032 -2.6403732
27.5253462739945 -3.0177991
27.52673517579433 -2.9733925
27.528124077595294 -3.396477
27.529512979403762 -3.6644068
27.5309018812045 -3.5888262
27.532290783012968 -3.9258394
27.533679684813706 -5.151222
27.535068586621037 -5.287422
27.53645748842223 -5.065032
27.53784639022342 -4.624304
27.539235292030753 -4.644868
27.54062419383149 -5.046435
27.542013095632683 -4.5503325
27.54340199744138 -5.1959267
27.544790899242116 -4.721879
27.546179801041944 -5.130837
27.54756870285064 -4.0197787
27.54895760465206 -3.791487
27.55034650645257 -2.1371782
27.551735408260583 -2.7097547
27.55312431006132 -1.1311457
27.55451321186183 0.15491636
27.555902113670527 0.363061
27.557291015471037 2.2464957
27.558679917271093 2.7743678
27.56006881907979 3.2835236
27.561457720881208 3.4511359
27.562846622688994 3.9135604
27.564235524489504 3.1184144
27.565624426297745 3.972928
27.567013328098938 3.3232212
27.568402229907406 3.909865
27.56979113170746 3.6140993
27.571180033515247 3.085512
27.572568935316667 3.755485
27.57395783712468 2.752552
27.57534673893315 2.4204266
27.576735640734114 2.2109704
27.578124542541218 3.0600004
27.579513444349686 4.0415945
27.580902346158382 4.0848684
27.582291247965713 3.267549
27.583680149766224 3.0595236
27.58506905157492 2.7567244
27.586457953382705 2.5489376
27.587846855190946 2.592688
27.589235756998733 2.801429
27.590624658814704 3.4491093
27.5920135606234 2.3517601
27.593402462431186 1.428938
27.594791364238972 2.563243
27.59618026605449 1.9919777
27.597569167862275 0.86947477
27.59895806967097 1.2279462
27.600346971486033 1.2168593
27.60173587330064 0.07122934
27.603124775109336 -0.36508763
27.60451367692508 -0.6711651
27.60590257874037 -0.9567977
27.607291480555432 -1.0426307
27.60868038237072 -1.035001
27.61006928418601 -0.7756547
27.611458186001983 -0.37951228
27.612847087817045 -0.46105352
27.614235989632107 -0.07128894
27.615624891455354 1.2935128
27.617013793270416 1.125662
27.618402695086388 0.46033823
27.619791596908954 -0.11295364
27.62118049873061 0.36711425
27.622569400553857 1.1462857
27.62395830236983 1.3055532
27.625347204191712 1.9936466
27.62673610601405 2.1500533
27.628125007844574 3.3493288
27.629513909666912 2.5461955
27.63090281149016 2.7822359
27.632291713319773 2.5270023
27.633680615141657 2.6252332
27.63506951697218 3.7697902
27.636458418802704 2.8452992
27.637847320632318 1.957406
27.63923622246216 1.783833
27.640625124292 2.065174
27.642014026122524 2.3154006
27.643402927959414 0.9795077
27.644791829788574 0.9309883
27.646180731626146 -0.6615685
27.647569633463718 -0.65095866
27.648958535301063 -2.2432175
27.650347437137953 -2.5439305
27.651736338974843 -2.7866466
27.653125240812187 -3.2078238
27.654514142657035 -3.570527
27.655903044494153 -3.1396341
27.657291946337637 -3.5406644
27.658680848182485 -3.6753147
27.66006975002756 -3.1798089
27.661458651872636 -3.2437067
27.6628475537168 -3.4521492
27.66423645556779 -2.3054461
27.665625357412864 -2.023986
27.667014259265216 -0.7525275
27.668403161115975 0.16373806
27.669792062967645 0.43792632
27.671180964827272 1.1051574
27.672569866678714 1.7446121
27.67395876853834 1.9243842
27.675347670389783 2.2109704
27.676736572248046 3.1769476
27.678125474107674 3.2906764
27.679514375974577 3.2129498
27.680903277832613 2.9690413
27.682292179698834 3.1577544
27.68368108156551 2.4760988
27.685069983432186 2.5002987
27.68645888529909 1.448012
27.68784778716463 1.6949005
27.689236689037898 0.20009781
27.690625590912077 0.5737091
27.6920144927783 0.034988802
27.69340339465907 0.28986466
27.69479229653234 -0.17345387
27.696181198413115 0.26804882
27.697570100287066 0.37331325
27.69895900216784 -0.4631397
27.700347904047703 0.28616908
27.701736805936434 1.4400247
27.70312570781789 1.2623985
27.70451460970571 0.97211653
27.705903511593988 0.96627516
27.707292413489085 1.3091296
27.708681315377817 1.0901366
27.710070217273824 0.9289617
27.71145911916824 0.6708671
27.712848021063564 0.06228842
27.714236922959344 0.37605512
27.715625824861945 0.60315454
27.71701472676523 0.19890569
27.718403628667602 0.79723215
27.71979253056952 0.43554208
27.72118143248008 0.7958016
27.722570334383136 -0.07009682
27.723959236292103 0.21952942
27.725348138209483 -0.49121422
27.726737040119815 0.2932026
27.728125942036968 0.48584965
27.729514843954576 0.07313673
27.730903745879004 0.30679283
27.732292647795475 0.83025396
27.73368154972036 1.0983623
27.735070451645242 1.3128252
27.736459353577175 0.7583689
27.737848255501376 2.0420468
27.739237157432854 2.087109
27.74062605936524 1.4184474
27.742014961304903 1.1807381
27.743403863243202 0.37688962
27.744792765181955 0.992025
27.74618166712162 0.7779197
27.747570569067648 -0.11396694
27.748959471013904 0.45187417
27.75034837296016 0.7072269
27.75173727490619 -0.22441712
27.753126176860405 0.111284666
27.75451507881371 -0.45741752
27.755903980773837 -0.8549309
27.757292882728052 -1.0186094
27.75868178469682 -1.4288188
27.760070686658082 0.09268755
27.761459588626167 -1.9465578
27.762848490586293 -1.9886396
27.76423739256211 -2.1205482
27.765626294530648 -2.6866872
27.767015196505326 -2.647943
27.768404098487736 -3.1224678
27.76979300046378 -3.4404664
27.771181902446415 -2.1120245
27.772570804429506 -3.458527
27.773959706419646 -3.4976883
27.77534860840865 -4.4227753
27.776737510399016 -2.9151576
27.778126412396887 -3.549069
27.779515314393393 -4.2607665
27.780904216390354 -3.4200215
27.7822931183955 -3.3539183
27.783682020400647 -1.85846
27.786459824416625 -1.5551242
27.787848726428365 -1.7972443
27.789237628440787 -1.9661086
27.790626530459576 -1.1881292
27.792015432478365 -0.06538794
27.793404334504885 0.6291428
27.79479323653095 2.2263489
27.796182138557924 1.0325572
27.797571040592175 1.0908519
27.798959942624833 2.178068
27.8003488446584 2.4766948
27.80312664874782 2.252814
27.804515550788437 2.0575445
27.805904452836558 2.3802521
27.80729335489241 1.7943237
27.80868225694121 1.7876477
27.810071159003883 1.5867751
27.81146006105928 2.0599287
27.812848963121724 1.8565525
27.814237865191444 2.2177656
27.815626767262074 2.0593326
27.817015669332022 1.2530999
27.818404571408337 1.4089104
27.819793473486243 0.8276313
27.821182375571425 1.053777
27.822571277655243 0.8619644
27.823960179739515 -0.00911974
27.825349081831973 -0.002145821
27.826737983923522 0.10365508
27.828126886023256 0.6811194
27.82951578812208 0.3807044
27.830904690228635 0.5182754
27.832293592335418 0.89534384
27.833682494441746 0.24933249
27.835071396555122 0.7879336
27.836460298676002 0.1601617
27.83784920079688 0.48716098
27.839238102918443 0.94279027
27.840627005047054 0.53508437
27.8420159071743 1.1493852
27.84340480930973 -0.20999244
27.844793711445618 0.83156526
27.846182613588553 0.017464599
27.847571515731033 0.7831651
27.84896041788079 -0.019670026
27.850349320031 1.3612254
27.851738222188715 1.4819875
27.85312712434643 0.64917046
27.854516026510964 1.8299681
27.8559049286755 1.8459426
27.857293830839808 2.7444456
27.8586827330123 2.4309173
27.86007163519116 2.5521562
27.861460537369567 2.4157772
27.862849439556612 1.8291336
27.864238341743658 1.9667046
27.86562724393707 1.1615448
27.86701614613071 1.3921014
27.868405048331624 0.21952942
27.869793950532312 0.5580923
27.871182852741185 -0.6744435
27.87257175494915 -0.832817
27.873960657163934 -1.5715755
27.875349559380084 -1.5347985
27.87673846160351 -2.4272218
27.878127363833983 -1.7444929
27.879516266064 -2.2471514
27.88090516829311 -1.7071794
