0.003586684126515469 0.04233073763419409
0.010760052379546407 0.04115446010670484
0.017933420632577343 0.039592321509691344
0.025106788885608283 0.038580699459885855
0.03228015713863922 0.03339589137457025
0.03945352539167016 0.023997505986921044
0.0466268936447011 0.023937982397012836
0.05380026189773204 0.029015619475473493
0.06097363015076297 0.028442163981999415
0.06814699840379392 0.022399413319761793
0.07532036665682484 0.01865525284302531
0.08249373490985579 0.02812379520838094
0.08966710316288673 0.03679677334796967
0.09684047141591766 0.035516689792331135
0.1040138396689486 0.03055230369677403
0.11118720792197953 0.04054290823285973
0.11836057617501047 0.06506791262142468
0.12553394442804142 0.09216503720896023
0.13270731268107236 0.10972515069383587
0.13988068093410327 0.10702115212527531
0.14705404918713422 0.08321817198191113
0.15422741744016516 0.04473313974876886
0.1614007856931961 0.014013243291136712
0.16857415394622705 0.05701564778830362
0.175747522199258 0.09342715214844627
0.1829208904522889 0.11101102599547158
0.19009425870531985 0.11093743653977635
0.1972676269583508 0.09661864962824013
0.20444099521138173 0.07854291981744495
0.21161436346441267 0.0705322279236995
0.2187877317174436 0.06703955782614388
0.22596109997047453 0.05440309585775278
0.23313446822350548 0.026881036188209997
0.24030783647653642 0.020711175196319917
0.24748120472956736 0.07015066283549917
0.2546545729825983 0.11519242178465725
0.26182794123562925 0.14527577251223478
0.2690013094886602 0.1529304327779618
0.2761746777416911 0.1353655656294047
0.283348045994722 0.10127760121104176
0.29052141424775296 0.0706286261336994
0.2976947825007839 0.06656049093661595
0.30486815075381485 0.08101547766464105
0.3120415190068458 0.0849404167095322
0.31921488725987673 0.06693756491794445
0.3263882555129077 0.03139824978338703
0.3335616237659386 0.015956445503719767
0.34073499201896956 0.054781839880007746
0.3479083602720005 0.081056462862729
0.3550817285250314 0.08713131843036086
0.36225509677806234 0.07236932802965977
0.3694284650310933 0.04191902523497551
0.3766018332841242 0.012994809687530121
0.38377520153715516 0.0351036345396847
0.3909485697901861 0.05644672191626429
0.39812193804321705 0.06273457183037341
0.405295306296248 0.05425054103245746
0.41246867454927894 0.040257427752385416
0.4196420428023099 0.03756517776039138
0.42681541105534077 0.046157374423323266
0.4339887793083717 0.051492571849646625
0.44116214756140265 0.047256129944377695
0.4483355158144336 0.03970052714427383
0.45550888406746454 0.0471918207778368
0.4626822523204955 0.06863834492673983
0.4698556205735264 0.08971752394140965
0.47702898882655737 0.10164609219726964
0.4842023570795883 0.09997689975463228
0.49137572533261925 0.08557492925649184
0.4985490935856502 0.06256664318510323
0.5057224618386811 0.03524728773511547
0.512895830091712 0.008158976417905915
0.520069198344743 0.01590380330425344
0.5272425665977739 0.03242725073433636
0.5344159348508049 0.04207232080374094
0.5415893031038357 0.04534149639186163
0.5487626713568666 0.04332555008547454
0.5559360396098976 0.03807082323524706
0.5631094078629285 0.03252981593531994
0.5702827761159595 0.029778518127440534
0.5774561443689904 0.030554373364009024
0.5846295126220213 0.032333071953448984
0.5918028808750523 0.03225520090755562
0.5989762491280832 0.028738354884595054
0.6061496173811142 0.022572695984003913
0.6133229856341451 0.02085775965253377
0.620496353887176 0.031083697163600797
0.627669722140207 0.04626012901814088
0.6348430903932379 0.05947919116366673
0.6420164586462689 0.06673659000871987
0.6491898268992998 0.06529353187526417
0.6563631951523308 0.054017661060505505
0.6635365634053617 0.03421122694866034
0.6707099316583927 0.010269937599737192
0.6778832999114236 0.019550813750287978
0.6850566681644545 0.042357633340485146
0.6922300364174855 0.057763107290500305
0.6994034046705163 0.06274545774310003
0.7065767729235473 0.057848293127621894
0.7137501411765782 0.04643871591735373
0.7209235094296091 0.033685184467974326
0.7280968776826401 0.02605450929027706
0.735270245935671 0.02488880913778495
0.742443614188702 0.02277685740120323
0.7496169824417329 0.015199323413868952
0.7567903506947639 0.0033619950132108395
0.7639637189477948 0.011700931087838082
0.7711370872008257 0.02353269190356309
0.7783104554538567 0.030222763724019205
0.7854838237068876 0.030689297885303096
0.7926571919599186 0.02603414192878445
0.7998305602129495 0.019148915902932852
0.8070039284659805 0.01419896564650048
0.8141772967190114 0.012903273032067793
0.8213506649720423 0.011785819446373816
0.8285240332250733 0.008704795739531692
0.8356974014781042 0.005008731496666234
0.8428707697311352 0.00501865428693773
0.850044137984166 0.008525054876727037
0.857217506237197 0.013686145582113628
0.8643908744902279 0.020691346668039116
0.8715642427432588 0.028121686298777596
0.8787376109962898 0.03355453392360119
0.8859109792493207 0.03503369329938017
0.8930843475023517 0.033055030235275805
0.9002577157553826 0.03227937927414665
0.9074310840084135 0.037765178513005565
0.9146044522614445 0.048260872617081646
0.9217778205144754 0.06004313476505678
0.9289511887675064 0.07115643116494821
0.9361245570205373 0.08102391538177257
0.9432979252735683 0.08762004907021687
0.9504712935265992 0.08642037224587075
0.9576446617796301 0.07351780237529966
0.9648180300326611 0.047831108097645535
0.971991398285692 0.01642398356958904
0.979164766538723 0.04170552003446834
0.9863381347917539 0.08204685564798048
0.9935115030447849 0.10872553565308403
1.0006848712978158 0.11325039762491644
1.0078582395508469 0.09168245337391681
1.0150316078038777 0.045726455044077866
1.0222049760569087 0.027380152598181027
1.0293783443099396 0.0944163131949074
1.0365517125629706 0.1564789556084072
1.0437250808160015 0.1995840892911221
1.0508984490690325 0.2166504388024517
1.0580718173220633 0.20794982853622795
1.0652451855750944 0.1809115066626795
1.0724185538281252 0.14718670238719245
1.079591922081156 0.11953852243022553
1.0867652903341871 0.10322684520069057
1.093938658587218 0.08926831563523908
1.101112026840249 0.06773186177493357
1.1082853950932798 0.03808350810830654
1.1154587633463109 0.01190970543667004
1.1226321315993417 0.030714450411784503
1.1298054998523728 0.04916327838140257
1.1369788681054036 0.053406602175367586
1.1441522363584347 0.044472916335257115
1.1513256046114655 0.02966556541507734
1.1584989728644965 0.02429258333976876
1.1656723411175274 0.031224266462777043
1.1728457093705584 0.03294313603191519
1.1800190776235893 0.022100271667068995
1.1871924458766203 0.0009294099665277036
1.1943658141296511 0.03083653994592051
1.2015391823826822 0.05980550351429974
1.208712550635713 0.08014132848488688
1.215885918888744 0.08615017427446678
1.223059287141775 0.07510088727168947
1.2302326553948058 0.04913974290646835
1.2374060236478368 0.019342909686907783
1.2445793919008676 0.030481981476442384
1.2517527601538987 0.055205510209260004
1.2589261284069295 0.06554237190269441
1.2660994966599606 0.057089071383822326
1.2732728649129914 0.03601750313302562
1.2804462331660225 0.03821031115925282
1.2876196014190533 0.07432285935871749
1.2947929696720843 0.11015199758986828
1.3019663379251152 0.13396813648690728
1.3091397061781462 0.1460689997023504
1.316313074431177 0.15782855856936995
1.3234864426842081 0.18194547703055464
1.330659810937239 0.21658425860093294
1.33783317919027 0.24785210806958102
1.3450065474433008 0.26075533990295474
1.352179915696332 0.24441397147855676
1.3593532839493627 0.1961720301331856
1.3665266522023938 0.1236335939072107
1.3737000204554246 0.04104900409378531
1.3808733887084557 0.03676863886893075
1.3880467569614865 0.09499122642699649
1.3952201252145173 0.1244274685549817
1.4023934934675484 0.12277519179806347
1.4095668617205792 0.0964376421504234
1.4167402299736103 0.05856485263838712
1.423913598226641 0.030222353822511226
1.4310869664796722 0.03176569253463596
1.438260334732703 0.03469010452871403
1.445433702985734 0.034893126970901196
1.4526070712387649 0.06164598257163354
1.459780439491796 0.10728610680620865
1.4669538077448268 0.15105521523298313
1.4741271759978578 0.17916244764412967
1.4813005442508886 0.18441794120777774
1.4884739125039197 0.16660292112734418
1.4956472807569505 0.13329107840747334
1.5028206490099816 0.1002223023616087
1.5099940172630124 0.08535742922621119
1.5171673855160435 0.08755093550052796
1.5243407537690743 0.08707597359739516
1.5315141220221054 0.07322390063609918
1.5386874902751362 0.053467539493999634
1.545860858528167 0.05491779933777118
1.553034226781198 0.07961239950391022
1.560207595034229 0.10172185965714774
1.56738096328726 0.10820078887155923
1.5745543315402908 0.09534231096140879
1.5817276997933218 0.06642336623978831
1.5889010680463527 0.030177569269134136
1.5960744362993837 0.015451808232917691
1.6032478045524146 0.03868194060694646
1.6104211728054456 0.05076800605288625
1.6175945410584764 0.04747578885062111
1.6247679093115075 0.031644928687982576
1.6319412775645383 0.010421307805027239
1.6391146458175694 0.01677406068178168
1.6462880140706002 0.03298609739866445
1.6534613823236313 0.04050537779286602
1.660634750576662 0.03953165941730638
1.6678081188296932 0.03435506684999303
1.674981487082724 0.03242621201101227
1.682154855335755 0.03883026761998107
1.6893282235887859 0.050538654668042755
1.6965015918418167 0.06300723992996997
1.7036749600948478 0.07289638767034079
1.7108483283478786 0.07712923054829741
1.7180216966009096 0.07327183918595064
1.7251950648539405 0.06162501947109678
1.7323684331069715 0.050473081709053694
1.7395418013600024 0.05752429344857018
1.7467151696130334 0.08110007475841831
1.7538885378660642 0.10406707452346438
1.7610619061190953 0.11591337449600381
1.7682352743721261 0.11221202663948175
1.7754086426251572 0.09351570479062905
1.782582010878188 0.06564688203848414
1.789755379131219 0.043894370953708656
1.79692874738425 0.05164552653852716
1.804102115637281 0.07362823597061911
1.8112754838903118 0.08932573273223123
1.8184488521433428 0.09369471724420587
1.8256222203963737 0.08759026015958031
1.8327955886494047 0.07414845441603067
1.8399689569024356 0.05718698035562929
1.8471423251554664 0.040161268407807614
1.8543156934084974 0.02650786636321785
1.8614890616615283 0.02256005748337572
1.8686624299145593 0.03039360237539622
1.8758357981675902 0.04150543111685924
1.8830091664206212 0.05034085452550895
1.890182534673652 0.054204492722426716
1.897355902926683 0.05191364498557333
1.904529271179714 0.04389979259933968
1.911702639432745 0.031958713575617956
1.9188760076857758 0.018556789678856475
1.9260493759388069 0.006534215135349011
1.9332227441918377 0.0038892398449242574
1.9403961124448688 0.008240371311896111
1.9475694806978996 0.01225199371622137
1.9547428489509306 0.02003196358158027
1.9619162172039615 0.030611495990299848
1.9690895854569925 0.04001777398176268
1.9762629537100234 0.04465814340638261
1.9834363219630544 0.04256329840967643
1.9906096902160852 0.03405796124382531
1.997783058469116 0.022778889885237925
2.004956426722147 0.01724483007467635
2.012129794975178 0.02035304899038642
2.0193031632282086 0.021969773366054043
2.0264765314812396 0.020272790338120787
2.0336498997342707 0.026240080915474293
2.0408232679873017 0.044209226096575516
2.0479966362403323 0.0646889336237387
2.0551700044933634 0.08014568780753899
2.0623433727463945 0.08627201743507125
2.0695167409994255 0.08192114862547242
2.076690109252456 0.06949105634403491
2.083863477505487 0.05491058472695531
2.0910368457585182 0.04614370106282116
2.0982102140115493 0.04679859355106913
2.10538358226458 0.051342613181581516
2.112556950517611 0.05355067866170156
2.119730318770642 0.05071588143079447
2.126903687023673 0.04189994760544918
2.1340770552767037 0.027379032347480285
2.1412504235297347 0.013449553227866996
2.1484237917827658 0.0262233653565363
2.1555971600357964 0.048850424074556656
2.1627705282888274 0.06730445385086054
2.1699438965418585 0.07706680023326232
2.1771172647948895 0.07728425337107268
2.18429063304792 0.0713589326905759
2.191464001300951 0.0666334957662238
2.1986373695539823 0.06876191521233482
2.2058107378070133 0.0748947379941497
2.212984106060044 0.07965204848394843
2.220157474313075 0.08304561842746937
2.227330842566106 0.08972734298442743
2.234504210819137 0.10182987347597272
2.2416775790721677 0.11423257709724297
2.2488509473251987 0.11884074601619363
2.25602431557823 0.11032920151688207
2.263197683831261 0.08831859497111881
2.2703710520842915 0.05693642997989557
2.2775444203373225 0.02317144076816368
2.2847177885903536 0.00596380844895248
2.2918911568433846 0.023675024291243886
2.2990645250964152 0.028671511210136256
2.3062378933494463 0.022316772698710713
2.3134112616024773 0.009395333641568634
2.320584629855508 0.00826669929626153
2.327757998108539 0.01954620951923727
2.33493136636157 0.025995748525757582
2.342104734614601 0.027634001405448524
2.3492781028676317 0.027234641957016796
2.3564514711206628 0.02837549023935735
2.363624839373694 0.03366104663109627
2.370798207626725 0.04354947235280723
2.3779715758797555 0.05609149930177886
2.3851449441327865 0.06759359784816181
2.3923183123858176 0.07424577309259957
2.3994916806388487 0.0738247866700305
2.4066650488918793 0.0663291171102672
2.4138384171449103 0.05362350589282047
2.4210117853979414 0.03886804938977331
2.4281851536509724 0.02682251449603627
2.435358521904003 0.027288926238605262
2.442531890157034 0.04251762653517604
2.449705258410065 0.06149795562523418
2.4568786266630958 0.07600939922761807
2.464051994916127 0.08120642824618028
2.471225363169158 0.07831101724460167
2.478398731422189 0.07884305632663781
2.4855720996752195 0.09554566804882499
2.4927454679282506 0.12172903067925836
2.4999188361812816 0.14100436510145842
2.5070922044343127 0.14148938852790038
2.5142655726873433 0.11876710872054774
2.5214389409403744 0.07646265013125042
2.5286123091934054 0.026660634027839768
2.5357856774464365 0.029668693799536835
2.542959045699467 0.061795400460065916
2.550132413952498 0.07723806967446589
2.557305782205529 0.08258504686766162
2.5644791504585602 0.09329718077353531
2.571652518711591 0.11238663061498394
2.578825886964622 0.12441166059440491
2.585999255217653 0.11442878859431024
2.593172623470684 0.07973832246190378
2.6003459917237146 0.04758875138569529
2.6075193599767457 0.08473942472524028
2.6146927282297767 0.13790568985807022
2.6218660964828073 0.16677841404105948
2.6290394647358384 0.15851467047071724
2.6362128329888694 0.11370863943949489
2.6433862012419005 0.053389809722646675
2.650559569494931 0.06980897575270324
2.657732937747962 0.12936261519595157
2.664906306000993 0.16209694517910184
2.6720796742540243 0.15452913130822624
2.679253042507055 0.108475377914307
2.686426410760086 0.036953106429603234
2.693599779013117 0.04012927183381414
2.700773147266148 0.10206867270450014
2.7079465155191786 0.13384088907429667
2.7151198837722097 0.13006863383065495
2.7222932520252408 0.09623645994894658
2.729466620278272 0.046412179394637106
2.7366399885313024 0.010915978584236338
2.7438133567843335 0.04006922571572825
2.7509867250373645 0.05080248900465967
2.7581600932903956 0.04181534880833407
2.765333461543426 0.03388434375868922
2.7725068297964572 0.048339119313718204
2.7796801980494883 0.062177465022618214
2.786853566302519 0.05803811655566675
2.79402693455555 0.036538383039617414
2.801200302808581 0.037325343065538884
2.808373671061612 0.07946564122558787
2.8155470393146427 0.11987307334784424
2.8227204075676737 0.14234567568666553
2.829893775820705 0.14135303257546433
2.837067144073736 0.11996375616886229
2.8442405123267664 0.08769032365000255
2.8514138805797975 0.05618445873399788
2.8585872488328286 0.033336904300784495
2.8657606170858596 0.016685883908567525
2.87293398533889 0.007776269339900013
2.8801073535919213 0.02953296714340883
2.8872807218449523 0.050721063197300666
2.8944540900979834 0.06087949725860795
2.901627458351014 0.05445926517107242
2.908800826604045 0.03244439282942806
2.915974194857076 0.019648094955013167
2.9231475631101067 0.04977074203943424
2.9303209313631378 0.07653328997130476
2.937494299616169 0.08556337322129239
2.9446676678692 0.07259479538537433
2.9518410361222305 0.03983762160026109
2.9590144043752615 0.0108948745367928
2.9661877726282926 0.0552052136020948
2.9733611408813236 0.09369016585002846
2.9805345091343542 0.11559888914710109
2.9877078773873853 0.11725889388222498
2.9948812456404164 0.10006254792118462
3.0020546138934474 0.06999485821483475
3.009227982146478 0.03785052220997038
3.016401350399509 0.033382856972489834
3.02357471865254 0.06052491562905128
3.030748086905571 0.08719642785301908
3.037921455158602 0.10553657230723824
3.045094823411633 0.11306339201270678
3.052268191664664 0.10865892323434692
3.059441559917695 0.09287973033663105
3.0666149281707256 0.06835022274051328
3.0737882964237566 0.04017726504888584
3.0809616646767877 0.02072420454270518
3.0881350329298183 0.02975452890648954
3.0953084011828493 0.04396490799650064
3.1024817694358804 0.05064486026712289
3.1096551376889114 0.04879724265734842
3.116828505941942 0.04046676689266426
3.124001874194973 0.029418034851372732
3.131175242448004 0.02039858264797171
3.138348610701035 0.017639882580815388
3.145521978954066 0.01972143521019314
3.152695347207097 0.02316017740054898
3.159868715460128 0.0285371553536913
3.167042083713159 0.036850542503926144
3.1742154519661896 0.04614915398089991
3.1813888202192206 0.05285602275999156
3.1885621884722517 0.05389386355435171
3.1957355567252828 0.04802348592791203
3.2029089249783134 0.03731368512150201
3.2100822932313444 0.029595237789681813
3.2172556614843755 0.03402488518362388
3.224429029737406 0.04362673823958996
3.231602397990437 0.04798287772858647
3.238775766243468 0.042634691510286794
3.2459491344964992 0.027256834988651005
3.25312250274953 0.00530686569278867
3.260295871002561 0.02278558216904693
3.267469239255592 0.047974923287008496
3.274642607508623 0.06851717640459663
3.2818159757616536 0.08203883412090993
3.2889893440146847 0.08730308118090571
3.2961627122677157 0.0839439110990974
3.303336080520747 0.0721942069390098
3.3105094487737774 0.05278936170385383
3.3176828170268085 0.028661164189323043
3.3248561852798395 0.017564480688385137
3.3320295535328706 0.037644836093384454
3.339202921785901 0.05693274318582046
3.346376290038932 0.06637310123570875
3.3535496582919633 0.06391832796430134
3.3607230265449943 0.05131513307161263
3.367896394798025 0.033810700706113105
3.375069763051056 0.020441225769170082
3.382243131304087 0.020079381461383182
3.3894164995571177 0.022656894252196358
3.3965898678101487 0.019057706480902718
3.4037632360631798 0.009430284267393124
3.410936604316211 0.003055388850401349
3.4181099725692414 0.013378136325262842
3.4252833408222725 0.01946776865931649
3.4324567090753035 0.021387253388128143
3.4396300773283346 0.022829792510792545
3.446803445581365 0.02742706675859215
3.4539768138343963 0.03368822964464858
3.4611501820874273 0.03838764248433478
3.4683235503404584 0.040526364003389756
3.475496918593489 0.04089643653470338
3.48267028684652 0.03998934124469828
3.489843655099551 0.03693502112632035
3.497017023352582 0.030843486009009186
3.5041903916056127 0.02399187240329079
3.511363759858644 0.023976327495410416
3.518537128111675 0.031589956369430856
3.5257104963647055 0.03768106676523836
3.5328838646177365 0.036790786279085406
3.5400572328707676 0.02881530590484084
3.5472306011237986 0.02041102460902452
3.5544039693768292 0.024400338976924434
3.5615773376298603 0.03449493128404205
3.5687507058828913 0.03901163342234036
3.5759240741359224 0.03456285070369151
3.583097442388953 0.023325236593338076
3.590270810641984 0.013800781056698077
3.597444178895015 0.01816628005410289
3.604617547148046 0.025817586816506692
3.6117909154010768 0.030928695519434547
3.618964283654108 0.0369761506168178
3.626137651907139 0.045933249196336116
3.63331102016017 0.0533480991828986
3.6404843884132005 0.0533134001693212
3.6476577566662316 0.04316369441352243
3.6548311249192627 0.026457577130411837
3.6620044931722937 0.023554798549190056
3.6691778614253243 0.041710680674701746
3.6763512296783554 0.05640125207747502
3.6835245979313864 0.05914009527218675
3.690697966184417 0.04908128925935554
3.697871334437448 0.030307879094940402
3.705044702690479 0.014693003884910495
3.71221807094351 0.022296055832662507
3.719391439196541 0.031194856598421847
3.726564807449572 0.03066666249395323
3.733738175702603 0.022601841440172576
3.740911543955634 0.01543699303151501
3.7480849122086646 0.018654372137070985
3.7552582804616956 0.024690245954541654
3.7624316487147267 0.02898206808595786
3.7696050169677577 0.033795645200504286
3.7767783852207883 0.03874323034103603
3.7839517534738194 0.03842146397869006
3.7911251217268505 0.027677218249834858
3.7982984899798815 0.008199191598787629
3.805471858232912 0.029594657598517964
3.812645226485943 0.062282204331270734
3.8198185947389742 0.08683621656868043
3.8269919629920053 0.09478772290058218
3.834165331245036 0.0819138803446282
3.841338699498067 0.04910660707548531
3.848512067751098 0.0034401874462623755
3.8556854360041286 0.048168358896355075
3.8628588042571597 0.0915729663259105
3.8700321725101907 0.11985727113576837
3.8772055407632218 0.12942163494188852
3.8843789090162524 0.12158523233682811
3.8915522772692834 0.1017359379936382
3.8987256455223145 0.07668877125036375
3.9058990137753455 0.05156259319572029
3.913072382028376 0.03091480363192846
3.920245750281407 0.03198701988613641
3.9274191185344383 0.05851504121734149
3.9345924867874693 0.090337125969043
3.9417658550405 0.11716721207051106
3.948939223293531 0.13298612566303883
3.956112591546562 0.13501066649809604
3.963285959799593 0.12312842547808724
3.9704593280526237 0.09938499633154277
3.9776326963056547 0.06759726933331212
3.984806064558686 0.032331418509856595
3.9919794328117164 0.006502704793051722
3.9991528010647475 0.037935645291999914
4.006326169317779 0.06899999005833495
4.01349953757081 0.0967895828633842
4.020672905823841 0.11977488674530168
4.027846274076872 0.1357392732470357
4.035019642329902 0.14237581234753363
4.042193010582934 0.1383514315479463
4.049366378835964 0.12411664464045954
4.056539747088996 0.10226586879301826
4.0637131153420265 0.07748799750884393
4.070886483595057 0.055082196691678194
4.078059851848089 0.037429020391786
4.085233220101119 0.025158843004211503
4.09240658835415 0.03188836026212748
4.099579956607181 0.0594887588641419
4.106753324860212 0.09361454419347481
4.113926693113243 0.1256640840723877
4.121100061366274 0.14924964410266112
4.128273429619305 0.1601664926013005
4.135446797872336 0.15678556108838387
4.142620166125367 0.13965386785592693
4.149793534378397 0.11113168115485016
4.156966902631429 0.07567362464613103
4.1641402708844595 0.043038896417194446
4.17131363913749 0.04128825650910934
4.178487007390522 0.06741019378742968
4.185660375643552 0.0902121712497199
4.192833743896584 0.09997298012047492
4.200007112149614 0.09456020784525782
4.207180480402645 0.07626967951271528
4.214353848655676 0.05103489688342068
4.221527216908707 0.02703316801368564
4.228700585161738 0.013423232032452841
4.235873953414769 0.010386984286191706
4.2430473216678 0.004048748057111335
4.250220689920831 0.014488095369689029
4.257394058173862 0.03397077143106819
4.2645674264268925 0.05116953834886504
4.271740794679924 0.060548506375565775
4.278914162932955 0.0593249202225008
4.286087531185985 0.04834323261462475
4.293260899439017 0.03213779564651477
4.300434267692047 0.020166432052534253
4.307607635945078 0.023403334610235842
4.314781004198109 0.031091845310990178
4.32195437245114 0.0342533249911466
4.3291277407041715 0.032652901350781666
4.336301108957202 0.028466869279911593
4.343474477210233 0.02300314796860331
4.350647845463264 0.015708021686388764
4.357821213716295 0.008671663040349586
4.364994581969325 0.01774744489975225
4.372167950222357 0.03526649336250642
4.3793413184753875 0.05261688513584105
4.386514686728419 0.06579786670549895
4.39368805498145 0.07211249700553578
4.40086142323448 0.07048636921705298
4.408034791487512 0.06183523403716258
4.415208159740542 0.04894996396577681
4.422381527993573 0.03565627660499633
4.4295548962466045 0.025256169690281705
4.436728264499635 0.018149868278947476
4.443901632752666 0.011364756947342985
4.451075001005697 0.0027636499896569492
4.458248369258728 0.008603848832057618
4.465421737511759 0.018905559304659224
4.47259510576479 0.02705327513554092
4.4797684740178205 0.03328232217583913
4.486941842270852 0.04053267068935143
4.494115210523883 0.0515964302165397
4.501288578776913 0.06558433392726849
4.508461947029945 0.07896832461504456
4.515635315282975 0.08859467707907462
4.522808683536007 0.09300105508848734
4.5299820517890375 0.09200077567030054
4.537155420042068 0.08603056026228809
4.5443287882951 0.07573527703766403
4.55150215654813 0.06138442901222516
4.558675524801161 0.04303565476017821
4.565848893054192 0.02186885307833413
4.573022261307223 0.005120005102643342
4.580195629560254 0.019846196349147756
4.587368997813285 0.03185151557158957
4.594542366066316 0.03601262233390189
4.601715734319347 0.03261409624528501
4.608889102572378 0.024203514402572138
4.616062470825408 0.015092395267336267
4.62323583907844 0.010398410849925457
4.63040920733147 0.010384268056431735
4.637582575584501 0.01037234108416806
4.6447559438375325 0.010491168451647541
4.651929312090563 0.012146845294735534
4.659102680343595 0.01305680733814489
4.666276048596625 0.010423886066231918
4.673449416849656 0.0037384023944259754
4.680622785102687 0.006187052940030085
4.687796153355718 0.015358439366402911
4.694969521608749 0.021297391525818377
4.70214288986178 0.022353156645829545
4.709316258114811 0.020620882125204278
4.716489626367842 0.02350457331670601
4.723662994620873 0.03373861284912714
4.730836362873903 0.04471926179465621
4.738009731126935 0.050671681413503845
4.7451830993799655 0.048945956336676553
4.752356467632996 0.040091436270888216
4.759529835886028 0.02833310086016356
4.766703204139058 0.02262797971142244
4.773876572392089 0.02730698599809651
4.78104994064512 0.03276209751469998
4.788223308898151 0.03306778536733133
4.7953966771511825 0.028196831798791216
4.802570045404213 0.021489140193071733
4.809743413657244 0.017246398150017734
4.816916781910275 0.015686281760640585
4.824090150163306 0.013051813554852135
4.831263518416336 0.01080938443001976
4.838436886669368 0.01668476502371044
4.8456102549223985 0.025599430294082803
4.85278362317543 0.03009606350853698
4.859956991428461 0.026230646870973446
4.867130359681491 0.01396811673641516
4.874303727934523 0.015477029247577764
4.881477096187553 0.039504961925423326
4.888650464440584 0.06271201148829016
4.895823832693615 0.07794422375577709
4.902997200946646 0.08133560371670527
4.910170569199677 0.07253838761454685
4.917343937452708 0.055283561397156344
4.924517305705739 0.038569235393615245
4.93169067395877 0.03724052457480352
4.938864042211801 0.05086310332981917
4.9460374104648315 0.06662621195174288
4.953210778717863 0.07999702825584834
4.960384146970894 0.08927655615936908
4.967557515223924 0.09200602122104219
4.974730883476956 0.08595408764099689
4.981904251729986 0.07075224021391863
4.989077619983018 0.04965619026861444
4.996250988236048 0.03565181848648727
5.003424356489079 0.0458165571952967
5.0105977247421105 0.06377678104212517
5.017771092995141 0.07456714547625826
5.024944461248172 0.07504205543385686
5.032117829501203 0.06695774726390724
5.039291197754234 0.0539349689283115
5.046464566007265 0.03917892824507388
5.053637934260296 0.02549728501309982
5.060811302513327 0.022279401667163697
5.067984670766358 0.03608578597265378
5.075158039019389 0.05338584479715203
5.082331407272419 0.06518969605211067
5.089504775525451 0.06721593561911948
5.096678143778481 0.05878921461669945
5.103851512031512 0.04289616907057598
5.1110248802845435 0.02589745442425712
5.118198248537574 0.016078473212096822
5.125371616790606 0.013993736779928446
5.132544985043636 0.011288789797046592
5.139718353296667 0.013695638486299486
5.146891721549698 0.024119655080524098
5.154065089802729 0.031913237969514806
5.1612384580557595 0.030646822359246515
5.168411826308791 0.019085079642156645
5.175585194561822 0.011330429912250476
5.182758562814853 0.03112272583694931
5.189931931067884 0.0500053130022197
5.197105299320914 0.05866693982567595
5.204278667573946 0.05480500507331386
5.2114520358269765 0.043198875850233125
5.218625404080007 0.037486584686464305
5.225798772333039 0.04498056866631646
5.232972140586069 0.052681816396253106
5.2401455088391 0.051512989160663526
5.247318877092131 0.04307384140283687
5.254492245345162 0.03982690732871095
5.261665613598193 0.05011203063448438
5.268838981851224 0.06214107339993204
5.276012350104255 0.06736380886279558
5.283185718357286 0.06741696167080258
5.290359086610317 0.06857604722078617
5.297532454863347 0.0714647201618562
5.304705823116379 0.06793870855134042
5.3118791913694094 0.0504986615953536
5.319052559622441 0.028565789504141122
5.3262259278754716 0.05784413828101421
5.333399296128502 0.11042706201965868
5.340572664381534 0.15513308767087508
5.347746032634564 0.17855876468166748
5.354919400887595 0.1744397831156606
5.362092769140626 0.14382966599175698
5.369266137393657 0.09500111871584177
5.376439505646688 0.04311540004717517
5.383612873899719 0.027085527991274307
5.39078624215275 0.04969681972962742
5.397959610405781 0.0576065109486179
5.405132978658812 0.04827893302704988
5.412306346911842 0.03225864336232159
5.419479715164874 0.028857197776481634
5.4266530834179045 0.03737800231912182
5.433826451670935 0.040130047549428
5.440999819923967 0.03360122590593499
5.448173188176997 0.024432628902311154
5.455346556430029 0.0233143954864704
5.462519924683059 0.026486595604395785
5.46969329293609 0.02405154071618262
5.4768666611891215 0.017831404789332973
5.484040029442152 0.023968580034219603
5.491213397695183 0.03925565693543247
5.498386765948214 0.05010774946441023
5.505560134201245 0.05108055845635206
5.512733502454276 0.04214707086467869
5.519906870707307 0.028333206031012532
5.5270802389603375 0.01961524276752504
5.534253607213369 0.020373235800824566
5.5414269754664 0.019171329944341394
5.54860034371943 0.010988249238427318
5.555773711972462 0.008699150524967789
5.562947080225492 0.02193994302560506
5.570120448478523 0.03128539309870292
5.577293816731554 0.032624180427335024
5.584467184984585 0.030137249582018393
5.5916405532376166 0.0372137536608087
5.598813921490647 0.055370957992846144
5.605987289743678 0.07308039339360453
5.613160657996709 0.08231304832499832
5.62033402624974 0.07966408159093895
5.6275073945027705 0.06575969951131737
5.634680762755802 0.04462509490948279
5.641854131008833 0.022314507171806077
5.649027499261864 0.008219003649151712
5.656200867514895 0.014590470075423316
5.663374235767925 0.02021737024606248
5.670547604020957 0.02106968846569737
5.677720972273987 0.018026008033213466
5.684894340527018 0.011400296181910954
5.6920677087800495 0.006456365097288084
5.69924107703308 0.018052909615242186
5.706414445286111 0.03248218572872904
5.713587813539142 0.04284272983383136
5.720761181792173 0.04477822919367993
5.727934550045204 0.03601743671877007
5.735107918298235 0.017502026661167052
5.742281286551266 0.012604629026406168
5.749454654804297 0.03967091373283413
5.756628023057328 0.06457609210050733
5.763801391310358 0.08188047668005623
5.77097475956339 0.08940093162327226
5.77814812781642 0.08757984020579321
5.785321496069452 0.07893989848866771
5.7924948643224825 0.06690903706494923
5.799668232575513 0.054407277703865414
5.806841600828545 0.04291344999385109
5.814014969081575 0.03250739584380682
5.821188337334606 0.022790665019523877
5.828361705587637 0.01382520317378383
5.835535073840668 0.006264545148055939
5.8427084420936986 0.0017163595682907185
5.84988181034673 0.004256354536141856
5.857055178599761 0.007250881367788609
5.864228546852792 0.010620656060382526
5.871401915105823 0.01540698704888154
5.878575283358853 0.02218612909608115
5.885748651611885 0.030708760866257772
5.8929220198649155 0.03981523279670911
5.900095388117946 0.047746423765710144
5.907268756370978 0.052673360341966624
5.914442124624008 0.05327512988073994
5.92161549287704 0.04930654373997229
5.92878886113007 0.04185397226453161
5.935962229383101 0.0329461389482824
5.943135597636132 0.024565654381354912
5.950308965889163 0.01724321453096189
5.957482334142194 0.009431381276325507
5.964655702395225 0.0015348427971527145
5.971829070648256 0.013283064799734847
5.979002438901286 0.025819614986957746
5.986175807154318 0.035751643408314486
5.9933491754073485 0.040739027702442275
6.00052254366038 0.040160664721443924
6.007695911913411 0.036234236407258265
6.014869280166441 0.03391667994813907
6.022042648419473 0.03629604395954917
6.029216016672503 0.03998080670754526
6.036389384925534 0.039974571880858116
6.043562753178565 0.03398528954045637
6.050736121431596 0.02278312767215207
6.0579094896846275 0.01032657207882163
6.065082857937658 0.010126299732423176
6.072256226190689 0.018658906541450145
6.07942959444372 0.024496525277652333
6.086602962696751 0.02858483087810328
6.093776330949781 0.03375630314178324
6.100949699202813 0.04018176609297021
6.1081230674558435 0.04521430806177604
6.115296435708875 0.04640218975313921
6.122469803961906 0.04325437869394951
6.129643172214936 0.0376030763864315
6.136816540467968 0.03266523244945635
6.143989908720998 0.0302281494569312
6.151163276974029 0.028639905825790152
6.1583366452270605 0.02530527737165371
6.165510013480091 0.019453407732454957
6.172683381733122 0.012342658908987685
6.179856749986153 0.006674625154239772
6.187030118239184 0.005818589834804173
6.194203486492215 0.007632254758887138
6.201376854745246 0.00956457100904687
6.2085502229982765 0.01167293980753766
6.215723591251308 0.013327414890498367
6.222896959504339 0.01368188405438925
6.230070327757369 0.013022489860302208
6.237243696010401 0.013089481184450151
6.244417064263431 0.015005201411021523
6.251590432516463 0.017261671710206983
6.2587638007694935 0.017910120116730065
6.265937169022524 0.016327619081727304
6.273110537275556 0.013185582424170587
6.280283905528586 0.009703280047073716
6.287457273781617 0.006647838371115962
6.294630642034648 0.004716466728918973
6.301804010287679 0.006548173767186996
6.3089773785407095 0.010656462715905085
6.316150746793741 0.013479163497751925
6.323324115046772 0.012648539328060631
6.330497483299803 0.006996848874040943
6.337670851552834 0.0034171276340313685
6.344844219805864 0.015872905803261186
6.352017588058896 0.027895709830930863
6.359190956311926 0.036365193097777165
6.366364324564957 0.03945729408130066
6.3735376928179885 0.03777050254105441
6.380711061071019 0.03511051899577613
6.387884429324051 0.03652622674593056
6.395057797577081 0.04203730911195263
6.402231165830112 0.046535047252742365
6.409404534083143 0.045663033613006596
6.416577902336174 0.03803082300104237
6.423751270589205 0.025164373860143613
6.430924638842236 0.012714202267646909
6.438098007095267 0.016433523619769977
6.445271375348297 0.02776108736870956
6.452444743601329 0.035288341964208485
6.459618111854359 0.03714392464715023
6.466791480107391 0.034034870122386034
6.4739648483604215 0.028894409727500788
6.481138216613452 0.026756967799735566
6.488311584866484 0.03003207223748968
6.495484953119514 0.0346431129251634
6.502658321372545 0.03578479290135903
6.509831689625576 0.03107429205792959
6.517005057878607 0.02070032280585793
6.5241784261316385 0.009405338317299759
6.531351794384669 0.01579670808415147
6.5385251626377 0.02814730631511934
6.545698530890731 0.035115636028706085
6.552871899143762 0.03386937808729408
6.560045267396792 0.023996923266077802
6.567218635649824 0.007201318773764113
6.5743920039028545 0.01463699632726167
6.581565372155886 0.03638948543250263
6.588738740408917 0.0554199149952271
6.595912108661947 0.06915817222829629
6.603085476914979 0.07620661164235652
6.610258845168009 0.07617906209750269
6.61743221342104 0.0694791934319664
6.624605581674071 0.057149541208182025
6.631778949927102 0.0407988995127308
6.638952318180133 0.02259974384427274
6.646125686433164 0.008104540374805541
6.653299054686195 0.017616288954753236
6.660472422939226 0.03141496542818857
6.667645791192257 0.04114652545819647
6.6748191594452875 0.04504404782844096
6.681992527698319 0.04214877373862374
6.68916589595135 0.03235054117021496
6.69633926420438 0.017127785478120744
6.703512632457412 0.008966752961210564
6.710686000710442 0.025963639505886305
6.717859368963474 0.042376987392995585
6.725032737216504 0.052747498560702516
6.732206105469535 0.05529928567669311
6.7393794737225665 0.05042954327026771
6.746552841975597 0.040555466221718364
6.753726210228628 0.029343939398288003
6.760899578481659 0.020320756349972446
6.76807294673469 0.01506722769699478
6.7752463149877205 0.012750202356899977
6.782419683240752 0.012529945495445975
6.789593051493783 0.013302734502269454
6.796766419746814 0.013130798003795909
6.803939787999845 0.015079051052654288
6.811113156252875 0.027484754590122822
6.818286524505907 0.04861733492073416
6.825459892758937 0.07279551580049042
6.832633261011968 0.0945254986863721
6.8398066292649995 0.10895239479570132
6.84697999751803 0.11273726611934388
6.854153365771062 0.10482825553967035
6.861326734024092 0.08680884302888976
6.868500102277123 0.06248274758888228
6.875673470530154 0.03668945133455146
6.882846838783185 0.014069115963997979
6.8900202070362155 0.005529796654550165
6.897193575289247 0.014229863935113994
6.904366943542278 0.017430006094570606
6.911540311795308 0.015922382495073006
6.91871368004834 0.011944140565813978
6.92588704830137 0.007674749402141497
6.933060416554402 0.0049003152009832966
6.9402337848074325 0.00421218085158713
6.947407153060463 0.0041433353766033906
6.954580521313495 0.004458673420732133
6.961753889566525 0.006853486940110028
6.968927257819556 0.011133576433356105
6.976100626072587 0.015812467854058834
6.983273994325618 0.019638174583029577
6.990447362578649 0.021825803866206993
6.99762073083168 0.022145230640273544
7.004794099084711 0.020862852542890616
7.011967467337742 0.018562850703922818
7.019140835590773 0.01595094993775403
7.026314203843803 0.013735389078573941
7.033487572096835 0.012477583190422326
7.0406609403498654 0.012363305625068988
7.047834308602896 0.013483166105191962
7.055007676855928 0.016333111695255927
7.062181045108958 0.021083454290639524
7.06935441336199 0.026602488646417014
7.07652778161502 0.0307914326923031
7.083701149868051 0.031541993236383035
7.090874518121082 0.02763244758027144
7.098047886374113 0.019328191231839098
7.105221254627144 0.009203653532621049
7.112394622880175 0.009361417570550118
7.119567991133206 0.01885055943932873
7.126741359386237 0.02674056835028296
7.133914727639268 0.03243178901567635
7.141088095892298 0.03733145029934905
7.14826146414533 0.042112650107193214
7.1554348323983605 0.04531808208090345
7.162608200651391 0.04455712701311204
7.169781568904423 0.038570098902249876
7.176954937157453 0.02828536630194134
7.184128305410485 0.016701456367886374
7.191301673663515 0.008485811123558305
7.198475041916546 0.007505220482016212
7.2056484101695775 0.009671884699254315
7.212821778422608 0.01623923301514582
7.219995146675639 0.027132125256360634
7.22716851492867 0.0375712268528547
7.234341883181701 0.042978542860866574
7.241515251434731 0.04065026727015281
7.248688619687763 0.03064063441992853
7.2558619879407935 0.016745577569924595
7.263035356193825 0.01240409772122275
7.270208724446856 0.021424446119620855
7.277382092699886 0.02617793225521188
7.284555460952918 0.022981394098002855
7.291728829205948 0.01467571683282573
7.298902197458979 0.013252279244577654
7.3060755657120104 0.022160548441716298
7.313248933965041 0.028458526023355298
7.3204223022180726 0.028303293784691992
7.327595670471103 0.023595019437889397
7.334769038724134 0.021078815490692564
7.341942406977165 0.02563291459071733
7.349115775230196 0.03301964063932045
7.3562891434832265 0.04132057933383233
7.363462511736258 0.052997557675234876
7.370635879989289 0.06822841657393088
7.377809248242319 0.08244170407091835
7.384982616495351 0.08939591937152706
7.392155984748381 0.08450147873024345
7.399329353001413 0.06707463897710916
7.406502721254443 0.04181631123887144
7.413676089507474 0.024832666603019492
7.4208494577605055 0.037313750336870156
7.428022826013536 0.05271253720357282
7.435196194266567 0.056483852570689504
7.442369562519598 0.04690401911910649
7.449542930772629 0.027435071715477793
7.45671629902566 0.008704641275710077
7.463889667278691 0.021663433890799444
7.471063035531722 0.034535760836738386
7.478236403784753 0.037314775727479606
7.485409772037784 0.030630229108022846
7.492583140290814 0.018874019603150115
7.499756508543846 0.010858190501247087
7.506929876796876 0.013177721630107315
7.514103245049907 0.013834527881033995
7.5212766133029385 0.008575687159392942
7.528449981555969 0.008822918893769205
7.535623349809001 0.020645002552025952
7.542796718062031 0.030697326591694208
7.549970086315062 0.034618372220095305
7.557143454568093 0.03142896636358148
7.564316822821124 0.023428142119560378
7.5714901910741546 0.01665869710347979
7.578663559327186 0.017246512547548977
7.585836927580217 0.02059768492493556
7.593010295833248 0.02303372549917862
7.600183664086279 0.028203086712369443
7.607357032339309 0.03830370213156872
7.614530400592341 0.04915018096721293
7.6217037688453715 0.055460463267083385
7.628877137098402 0.05426399296859656
7.636050505351434 0.04563885399648129
7.643223873604464 0.032248536264502144
7.650397241857496 0.01851887084436828
7.657570610110526 0.01257458030175719
7.664743978363557 0.02072427324080928
7.671917346616588 0.03360839214631418
7.679090714869619 0.046033301410684756
7.68626408312265 0.05346139938913645
7.693437451375681 0.05149180207144777
7.700610819628712 0.03815594525965199
7.707784187881742 0.016564812877181624
7.714957556134774 0.01654571375301977
7.7221309243878045 0.03710449949091851
7.729304292640836 0.04628992793912494
7.736477660893867 0.03851531365208863
7.743651029146897 0.018015679517199366
7.750824397399929 0.02834603470751864
7.757997765652959 0.05806303215703772
7.76517113390599 0.07334824093216219
7.772344502159021 0.0633202668503404
7.779517870412052 0.03496355216496771
7.7866912386650835 0.06811709764846463
7.793864606918114 0.14631262637046072
7.801037975171145 0.22261570033061884
7.808211343424176 0.2752592361490811
7.815384711677207 0.28993410145863174
7.822558079930237 0.2623619154099047
7.829731448183269 0.19944550906563444
7.8369048164362995 0.11774572881381233
7.84407818468933 0.04468838433093396
7.851251552942362 0.04996031802158459
7.858424921195392 0.07794710351429089
7.865598289448424 0.07682328304726307
7.872771657701454 0.05049103614077927
7.879945025954485 0.01981491093887223
7.8871183942075165 0.035687443675445525
7.894291762460547 0.054018109603713824
7.901465130713578 0.052262492023696476
7.908638498966609 0.03548054878141503
7.91581186721964 0.03205397649320156
7.922985235472671 0.053602649243644565
7.930158603725702 0.06860590998996699
7.9373319719787325 0.06487242778796397
7.944505340231764 0.043149356758333555
7.951678708484795 0.018754743826484187
7.958852076737825 0.035231892152276685
7.966025444990857 0.0563707024061896
7.973198813243887 0.06074456448972763
7.980372181496918 0.04711942859249681
7.9875455497499495 0.02456715458716702
7.99471891800298 0.025464939795088726
8.00189228625601 0.045086894340423365
8.009065654509042 0.05399592269193257
8.016239022762074 0.047368677607240964
8.023412391015103 0.0287417464845486
8.030585759268135 0.009609551359093924
8.037759127521166 0.02051822511852256
8.044932495774196 0.032014968150841344
8.052105864027228 0.03382982950548029
8.059279232280259 0.028458050897993883
8.066452600533289 0.02233536874990225
8.07362596878632 0.025123938569384267
8.080799337039352 0.039560030057552334
8.087972705292383 0.060392598841208366
8.095146073545413 0.08161381974059535
8.102319441798445 0.09589269450353365
8.109492810051476 0.09690922385545848
8.116666178304506 0.08299403565848427
8.123839546557537 0.060615375397990744
8.131012914810569 0.04885177308927784
8.138186283063598 0.0602302234366593
8.14535965131663 0.07300635231268482
8.152533019569661 0.0711768969005281
8.159706387822691 0.052375300791509934
8.166879756075723 0.022491203076888597
8.174053124328754 0.008483252686665521
8.181226492581784 0.02975038222964636
8.188399860834815 0.035026111856807256
8.195573229087847 0.024114462864849032
8.202746597340877 0.012353947277826675
8.209919965593908 0.03204493419245858
8.21709333384694 0.05043367948972619
8.224266702099971 0.055411156006443106
8.231440070353 0.04561130935890471
8.238613438606032 0.0260326183073141
8.245786806859064 0.007432014931793495
8.252960175112094 0.013159579346915898
8.260133543365125 0.018720261528105575
8.267306911618157 0.024887677334038197
8.274480279871186 0.039452265461812505
8.281653648124218 0.05293222685934511
8.28882701637725 0.0540386468735611
8.296000384630279 0.03784171579988562
8.30317375288331 0.01475950950230094
8.310347121136342 0.0400145660915121
8.317520489389372 0.07002796580919322
8.324693857642403 0.07994774360366211
8.331867225895435 0.06324440837934724
8.339040594148464 0.03325916416067989
8.346213962401496 0.055486068762517944
8.353387330654527 0.09779736190325593
8.360560698907559 0.11290793440886558
8.367734067160589 0.08254721945731792
8.37490743541362 0.01677803337615892
8.382080803666652 0.12269635785890265
8.389254171919681 0.25920137770192164
8.396427540172713 0.38171656997088066
8.403600908425744 0.46104992219994356
8.410774276678774 0.4782782768542774
8.417947644931806 0.4299588407344874
8.425121013184837 0.3287127302262568
8.432294381437867 0.19951851815585112
8.439467749690898 0.0731115702768719
8.44664111794393 0.02615647673786645
8.45381448619696 0.07522381788020531
8.460987854449991 0.07728216089060504
8.468161222703023 0.04744000966110596
8.475334590956052 0.04452956381200957
8.482507959209084 0.08669034829940969
8.489681327462115 0.11624182594783201
8.496854695715147 0.11925235610679602
8.504028063968176 0.10046296452927647
8.511201432221208 0.0795299996667714
8.51837480047424 0.08067047402083266
8.52554816872727 0.09605309727385647
8.5327215369803 0.10279560192708216
8.539894905233332 0.0926281232251718
8.547068273486362 0.06844682261225106
8.554241641739393 0.03821630571475912
8.561415009992425 0.01037346050108574
8.568588378245455 0.010109891174518852
8.575761746498486 0.020951613272181147
8.582935114751518 0.02469979718519384
8.590108483004547 0.024526855918501032
8.597281851257579 0.022573820986480208
8.60445521951061 0.01950858812303675
8.61162858776364 0.015303098329025119
8.618801956016672 0.00938310185228822
8.625975324269703 0.0015257012486177418
8.633148692522735 0.009407180070098085
8.640322060775764 0.01822722084621906
8.647495429028796 0.02102037555316612
8.654668797281827 0.01380145287199258
8.661842165534857 0.00790861264160881
8.669015533787888 0.03448176385036697
8.67618890204092 0.0640133182800305
8.68336227029395 0.08701324690180925
8.690535638546981 0.09766117362514172
8.697709006800013 0.0981329130171508
8.704882375053042 0.10121702205722528
8.712055743306074 0.11838594624514268
8.719229111559105 0.141899546604041
8.726402479812135 0.15611803279912026
8.733575848065167 0.15425686092719604
8.740749216318198 0.14356173310676415
8.747922584571228 0.1389423123709017
8.75509595282426 0.1407656819368415
8.76226932107729 0.12793794667125913
8.769442689330322 0.0798421714533524
8.776616057583352 0.011119255098377396
8.783789425836384 0.13136451432023186
8.790962794089415 0.26112013429900255
8.798136162342445 0.3695529836278319
8.805309530595476 0.4293608974289418
8.812482898848508 0.42509699910361876
8.819656267101537 0.35810449832294644
8.826829635354569 0.24611039997834583
8.8340030036076 0.12009750246680977
8.84117637186063 0.045664077689043146
8.848349740113662 0.09217501916288413
8.855523108366693 0.11252610821256659
8.862696476619723 0.09258658532862443
8.869869844872754 0.07052317391718071
8.877043213125786 0.0958349801579847
8.884216581378816 0.12807512225868886
8.891389949631847 0.12909295960843628
8.898563317884879 0.09266213872251818
8.90573668613791 0.038606368904663714
8.91291005439094 0.06181044899087916
8.920083422643971 0.11189037719826067
8.927256790897003 0.1284370291296956
8.934430159150033 0.10189680430894622
8.941603527403064 0.04215117783249012
8.948776895656096 0.05529843064706755
8.955950263909125 0.13185399747876678
8.963123632162157 0.18637149227376884
8.970297000415188 0.20511598591945543
8.977470368668218 0.18903202900176735
8.98464373692125 0.1514455235290426
8.991817105174281 0.11411773110574236
8.99899047342731 0.09468460370882455
9.006163841680342 0.08528733707215519
9.013337209933374 0.0666602402995143
9.020510578186405 0.03442342683065003
9.027683946439435 0.013322629374911917
9.034857314692466 0.04245478209001732
9.042030682945498 0.060055432220359806
9.049204051198528 0.058847614826921295
9.05637741945156 0.043716325999435014
9.06355078770459 0.031494444954625084
9.07072415595762 0.03984672424093415
9.077897524210652 0.05144895235174135
9.085070892463683 0.052748644296397244
9.092244260716713 0.04291491729742026
9.099417628969745 0.026444323492165148
9.106590997222776 0.009350245803133662
9.113764365475806 0.009898165341175685
9.120937733728837 0.023603548498574885
9.128111101981869 0.03589207439189566
9.135284470234899 0.044046921996811005
9.14245783848793 0.045563684988907026
9.149631206740962 0.04202555048435033
9.156804574993993 0.04210012233581543
9.163977943247023 0.05179490088861055
9.171151311500054 0.06282736330962622
9.178324679753086 0.06525424092027135
9.185498048006115 0.056188952913316034
9.192671416259147 0.04328153563202097
9.199844784512178 0.04443760117576938
9.207018152765208 0.05822764057283941
9.21419152101824 0.06602405144513894
9.221364889271271 0.05893252111659385
9.228538257524301 0.03766188268194147
9.235711625777332 0.014285009672239283
9.242884994030364 0.02784249225059103
9.250058362283394 0.0454637783905185
9.257231730536425 0.050944805798671146
9.264405098789457 0.04853567296445621
9.271578467042486 0.050156863537290985
9.278751835295518 0.058839198956155206
9.28592520354855 0.06346860186298926
9.29309857180158 0.05546576472782789
9.30027194005461 0.035245032098698
9.307445308307642 0.015471156343705385
9.314618676560674 0.02365370558284687
9.321792044813703 0.02965883158172179
9.328965413066735 0.01716513000930775
9.336138781319766 0.01880745187312259
9.343312149572796 0.05848400742073439
9.350485517825827 0.09340610649521212
9.357658886078859 0.1074083442420443
9.364832254331889 0.08965465283249302
9.37200562258492 0.03786821334766342
9.379178990837952 0.040387478947224234
9.386352359090981 0.1288556272136705
9.393525727344013 0.20792671810312893
9.400699095597044 0.25947478610443697
9.407872463850074 0.27205287657943705
9.415045832103106 0.2439547130470456
9.422219200356137 0.18335465182314262
9.429392568609169 0.10546408048740627
9.436565936862198 0.02786747058292854
9.44373930511523 0.03459410383626608
9.450912673368261 0.07334494096339891
9.458086041621291 0.0885716457543603
9.465259409874323 0.08809436131424854
9.472432778127354 0.08332634930580753
9.479606146380384 0.08145531034367078
9.486779514633415 0.08051787893805235
9.493952882886447 0.07494865624129193
9.501126251139477 0.062155033011457535
9.508299619392508 0.04350990159159308
9.51547298764554 0.024302266372644946
9.52264635589857 0.020303566474059242
9.5298197241516 0.03322018596942385
9.536993092404632 0.042850851150313375
9.544166460657662 0.04219607839380448
9.551339828910693 0.029536216725278636
9.558513197163725 0.009297293866873224
9.565686565416756 0.026068691614340823
9.572859933669786 0.05442832375739447
9.580033301922818 0.07642030297283642
9.58720667017585 0.08756044675183003
9.594380038428879 0.08735317739410697
9.60155340668191 0.07901899802177685
9.608726774934942 0.06721867814572371
9.615900143187972 0.054569411034213575
9.623073511441003 0.040532586202252974
9.630246879694035 0.025398898367657272
9.637420247947064 0.019847077569309583
9.644593616200096 0.032108525396894766
9.651766984453127 0.04470343081007317
9.658940352706157 0.04940284719073362
9.666113720959189 0.04511951655507479
9.67328708921222 0.03524293041642754
9.68046045746525 0.02637297562064309
9.687633825718281 0.024296945292570253
9.694807193971313 0.027915972062993566
9.701980562224344 0.03491398620170008
9.709153930477374 0.043919329433549724
9.716327298730405 0.05018836389431155
9.723500666983437 0.047448436837727634
9.730674035236467 0.03207576130650333
9.737847403489498 0.012818694331271058
9.74502077174253 0.03924019666630415
9.75219413999556 0.07455133041613204
9.759367508248591 0.10043071277025263
9.766540876501622 0.10940600151019127
9.773714244754652 0.09959531890041708
9.780887613007684 0.07620526388033551
9.788060981260715 0.05367567190175654
9.795234349513745 0.05181161385962789
9.802407717766776 0.062331223693886814
9.809581086019808 0.06400387599439324
9.816754454272838 0.050384983078550716
9.823927822525869 0.025801083326596794
9.8311011907789 0.018056413041122363
9.838274559031932 0.04158036075142121
9.845447927284962 0.05811005592598691
9.852621295537993 0.061062197171755705
9.859794663791025 0.051568521713689
9.866968032044054 0.036050587646724475
9.874141400297086 0.026661893238418752
9.881314768550117 0.030545858580039126
9.888488136803147 0.03522912371229316
9.895661505056179 0.03430106545273428
9.90283487330921 0.03691262587238609
9.91000824156224 0.057880164226944114
9.917181609815271 0.09187327572638469
9.924354978068303 0.1273672729824821
9.931528346321333 0.1549185898449098
9.938701714574364 0.16719131904389925
9.945875082827396 0.16024654848257258
9.953048451080425 0.1349781148442347
9.960221819333457 0.09734337983557124
9.967395187586488 0.05696967652215906
9.97456855583952 0.024585734414725998
9.98174192409255 0.00785957738162164
9.988915292345581 0.004697182686104284
9.996088660598613 0.025065541960218634
10.003262028851642 0.05404607962705499
10.010435397104674 0.08152176961237023
10.017608765357705 0.09862181272366323
10.024782133610735 0.10103336549943585
10.031955501863767 0.09078750114507156
10.039128870116798 0.07482585891356665
10.046302238369828 0.05866229472853534
10.05347560662286 0.03946378829083609
10.06064897487589 0.01606309930241639
10.06782234312892 0.04493022673067222
10.074995711381952 0.09732647405752524
10.082169079634983 0.14507229403169541
10.089342447888015 0.17280847127727808
10.096515816141045 0.17038037759757244
10.103689184394076 0.13651565850792763
10.110862552647108 0.08036145948590682
10.118035920900137 0.02451467734411987
10.125209289153169 0.04110087271817808
10.1323826574062 0.060318190179163025
10.13955602565923 0.05003291097759747
10.146729393912262 0.04873039477892773
10.153902762165293 0.0980122017956336
10.161076130418323 0.14683907769535767
10.168249498671354 0.1597700443607796
10.175422866924386 0.11673799654040334
10.182596235177416 0.013291292973466557
10.189769603430447 0.13942669648770586
10.196942971683479 0.3116679858839949
10.204116339936508 0.46769262329201905
10.21128970818954 0.5727760419001228
10.218463076442571 0.6030221134482601
10.225636444695603 0.5515543409787701
10.232809812948632 0.43048414316513156
10.239983181201664 0.26838027779579404
10.247156549454695 0.10755193500337862
10.254329917707725 0.07434594305113065
10.261503285960757 0.14730838630439722
10.268676654213788 0.16944936263512567
10.275850022466818 0.13907424187629286
10.28302339071985 0.07640166872473217
10.29019675897288 0.009950012965401153
10.29737012722591 0.04366771279977369
10.304543495478942 0.06378130606188351
10.311716863731974 0.059172357776082804
10.318890231985003 0.062141996254204745
10.326063600238035 0.09238420446341679
10.333236968491066 0.1213962336386928
10.340410336744096 0.12888444342867542
10.347583704997128 0.11242982897544194
10.354757073250159 0.08674055433366021
10.36193044150319 0.07961767435849423
10.36910380975622 0.09140440606896279
10.376277178009252 0.09212921579675042
10.383450546262283 0.06775697496397823
10.390623914515313 0.029438933539883454
10.397797282768344 0.05522251642817168
10.404970651021376 0.10616571956474034
10.412144019274406 0.1382105609525512
10.419317387527437 0.14209604489112893
10.426490755780469 0.12082330991691226
10.433664124033498 0.08639892219815831
10.44083749228653 0.052227548734483625
10.448010860539561 0.020190927786576725
10.455184228792591 0.027366575723426222
10.462357597045623 0.09380781574595672
10.469530965298654 0.1770269116768392
10.476704333551684 0.2598234992104662
10.483877701804715 0.32194119476070315
10.491051070057747 0.3470693161552558
10.498224438310778 0.32849757928795714
10.505397806563808 0.27124628832000336
10.51257117481684 0.1902410787556575
10.519744543069871 0.10574099727750164
10.5269179113229 0.03930822061653127
10.534091279575932 0.02859017900885894
10.541264647828964 0.047428334084484214
10.548438016081993 0.06203171856146557
10.555611384335025 0.07864599136561667
10.562784752588056 0.0919571347652544
10.569958120841086 0.09199339236011675
10.577131489094118 0.07601372535504371
10.58430485734715 0.052940906059932825
10.591478225600179 0.041984259071501495
10.59865159385321 0.04400109832573955
10.605824962106242 0.03506516372425454
10.612998330359272 0.005303610256789347
10.620171698612303 0.04127075810021715
10.627345066865335 0.09059207601553913
10.634518435118366 0.12680900540270199
10.641691803371396 0.13704743376023093
10.648865171624427 0.11659726107888055
10.656038539877459 0.07121149732434723
10.663211908130489 0.022793995438013782
10.67038527638352 0.0482097223743119
10.677558644636552 0.07685630275184777
10.684732012889581 0.0765419101450427
10.691905381142613 0.05292210567096511
10.699078749395644 0.04888164823484776
10.706252117648674 0.08776327661806824
10.713425485901706 0.12096750870631981
10.720598854154737 0.12743084510626224
10.727772222407767 0.10431661454036478
10.734945590660798 0.06464841578553492
10.74211895891383 0.047792532676731135
10.74929232716686 0.07074424363516098
10.756465695419891 0.08758707666755201
10.763639063672922 0.09480212862694581
10.770812431925954 0.11625495915954448
10.777985800178984 0.15522099124067648
10.785159168432015 0.18316831316102639
10.792332536685047 0.17085151109604454
10.799505904938076 0.1018330907955859
10.806679273191108 0.0237503503457407
10.81385264144414 0.18520638731368233
10.821026009697169 0.3533562350148707
10.8281993779502 0.49292533389373544
10.835372746203232 0.5740634211964014
10.842546114456262 0.5793230809647466
10.849719482709293 0.5086040881430928
10.856892850962325 0.3798395867512609
10.864066219215355 0.22489156517725084
10.871239587468386 0.08856143720663011
10.878412955721418 0.08060887211987634
10.885586323974447 0.13106492826109586
10.892759692227479 0.13747401400550713
10.89993306048051 0.10315771528507513
10.907106428733542 0.04826690613226857
10.914279796986571 0.012087565536791745
10.921453165239603 0.04056520716213904
10.928626533492634 0.04410379613376255
10.935799901745664 0.024473367866039392
10.942973269998696 0.03383719818556109
10.950146638251727 0.07548498868534355
10.957320006504757 0.10953990761228442
10.964493374757788 0.12636349351818757
10.97166674301082 0.1264592467861341
10.97884011126385 0.11770724418963824
10.986013479516881 0.10891049652067702
10.993186847769913 0.10124015564631902
11.000360216022942 0.08866350532390672
11.007533584275974 0.0665108397797777
11.014706952529005 0.03587152694499516
11.021880320782037 0.0029205139742102706
11.029053689035067 0.02692637189055536
11.036227057288098 0.04701726505252737
11.04340042554113 0.057589803479339695
11.05057379379416 0.06254673005895
11.05774716204719 0.06658604694049673
11.064920530300222 0.07055853145269238
11.072093898553252 0.07186021374522539
11.079267266806283 0.06865242226396474
11.086440635059315 0.061974464577775785
11.093614003312345 0.05482963438878902
11.100787371565376 0.049725076531004594
11.107960739818408 0.046940598778655335
11.115134108071437 0.04515318111899535
11.122307476324469 0.042304320947981956
11.1294808445775 0.03558297979604868
11.13665421283053 0.02243228757727072
11.143827581083562 0.0027941864665024635
11.151000949336593 0.022882141729580068
11.158174317589625 0.048566969365786763
11.165347685842654 0.0710106769074954
11.172521054095686 0.08882148187969599
11.179694422348717 0.10396524838876864
11.186867790601747 0.11856910839718192
11.194041158854779 0.13076210702994429
11.20121452710781 0.1349267786668909
11.20838789536084 0.12576577800479963
11.215561263613871 0.10255997478604359
11.222734631866903 0.07195548524409612
11.229908000119933 0.049760763452248814
11.237081368372964 0.049735882562994736
11.244254736625996 0.0558879301124456
11.251428104879025 0.05649177095946847
11.258601473132057 0.06182143255599661
11.265774841385088 0.08047996984873344
11.272948209638118 0.10003625832587962
11.28012157789115 0.1054894012060642
11.287294946144181 0.09080049715778413
11.294468314397212 0.061568779255770804
11.301641682650242 0.03764588298231774
11.308815050903274 0.037881093970354496
11.315988419156305 0.034722796576628155
11.323161787409335 0.025876404773138212
11.330335155662366 0.0691827033318266
11.337508523915398 0.1290640549469648
11.344681892168428 0.16861664029206444
11.351855260421459 0.15944105406482464
11.35902862867449 0.08341539013195878
11.36620199692752 0.06053242131982427
11.373375365180552 0.25315328979630114
11.380548733433583 0.4591368482347975
11.387722101686613 0.6339268666963264
11.394895469939645 0.7350724501279634
11.402068838192676 0.7351765085515035
11.409242206445706 0.6317335256851591
11.416415574698737 0.4483796684535726
11.423588942951769 0.22944059205469464
11.4307623112048 0.06900586026880673
11.43793567945783 0.1680652498663677
11.445109047710861 0.23691102701484099
11.452282415963893 0.2215626152315078
11.459455784216923 0.14052944485202287
11.466629152469954 0.03218102476596286
11.473802520722986 0.06415074591657186
11.480975888976015 0.10992067780570838
11.488149257229047 0.09306679675415452
11.495322625482078 0.037107655037996526
11.502495993735108 0.09776306152737806
11.50966936198814 0.18498544717127866
11.516842730241171 0.22517727348571445
11.5240160984942 0.19332637882206338
11.531189466747232 0.08789548652715003
11.538362835000264 0.07026224421039007
11.545536203253294 0.24278787972233504
11.552709571506325 0.38706368972133015
11.559882939759357 0.4673475578725771
11.567056308012388 0.4656079788155285
11.574229676265418 0.3860055744038482
11.58140304451845 0.25294603218250866
11.58857641277148 0.10518701688644623
11.59574978102451 0.05083992182728358
11.602923149277542 0.1250800132414661
11.610096517530573 0.15100774382864968
11.617269885783603 0.1282299034628337
11.624443254036635 0.08136660541028262
11.631616622289666 0.05614631922493528
11.638789990542696 0.06989728334924669
11.645963358795727 0.07149764247685783
11.653136727048759 0.04482419266513174
11.660310095301789 0.010459128217183642
11.66748346355482 0.05497495620304588
11.674656831807852 0.09070222027803769
11.681830200060881 0.10100531618392798
11.689003568313913 0.08423825956141272
11.696176936566944 0.048742944581588975
11.703350304819976 0.011787504545643571
11.710523673073006 0.02583873573972045
11.717697041326037 0.03661362956687423
11.724870409579069 0.026314668333293042
11.732043777832098 0.006697487238027707
11.73921714608513 0.03299855693171564
11.746390514338161 0.05628475976205314
11.753563882591191 0.06299824265533922
11.760737250844223 0.0504837525515112
11.767910619097254 0.024437234928437423
11.775083987350284 0.02095852650495398
11.782257355603315 0.049594435378436524
11.789430723856347 0.07029246254951196
11.796604092109376 0.07870369554741491
11.803777460362408 0.07896269884743216
11.81095082861544 0.07858417938205203
11.81812419686847 0.08093193225286849
11.8252975651215 0.08221899638331485
11.832470933374532 0.07754321662734687
11.839644301627564 0.06587588502416418
11.846817669880593 0.0500176866255998
11.853991038133625 0.034484362794654444
11.861164406386656 0.024138170844608876
11.868337774639686 0.023620749151570797
11.875511142892718 0.03103121415554885
11.882684511145749 0.03984608084466876
11.889857879398779 0.046124548969097914
11.89703124765181 0.04943517528849961
11.904204615904842 0.05305872193177525
11.911377984157872 0.06062832022678048
11.918551352410903 0.07060409560607463
11.925724720663935 0.07759084414557864
11.932898088916964 0.07748430348946454
11.940071457169996 0.07032128917547463
11.947244825423027 0.061594052597787934
11.954418193676057 0.06088582583777758
11.961591561929088 0.07126612747452374
11.96876493018212 0.08491596787376171
11.975938298435151 0.09399699547660384
11.983111666688181 0.09437842940419182
11.990285034941213 0.08484152256255457
11.997458403194244 0.06714532294898827
12.004631771447274 0.046889182279981456
12.011805139700305 0.03478641213811224
12.018978507953337 0.03728539838787024
12.026151876206367 0.04177743326509838
12.033325244459398 0.03801141176924189
12.04049861271243 0.02464491413664114
12.04767198096546 0.005999259536206782
12.05484534921849 0.014981058658313971
12.062018717471522 0.028458824798318298
12.069192085724552 0.03310249560459994
12.076365453977584 0.03045788642325811
12.083538822230615 0.02820255758953403
12.090712190483647 0.03291291566844875
12.097885558736676 0.03895522061661457
12.105058926989708 0.03950092605982795
12.11223229524274 0.03423685734504522
12.119405663495769 0.029410968496840273
12.1265790317488 0.031311048897538565
12.133752400001832 0.03485123885131661
12.140925768254862 0.0327928868543456
12.148099136507893 0.024883577588881045
12.155272504760925 0.019492723467980196
12.162445873013954 0.024988326020968968
12.169619241266986 0.034589118856834355
12.176792609520017 0.04823270967935357
12.183965977773047 0.07108969998312509
12.191139346026079 0.10014270848744104
12.19831271427911 0.12515467484106596
12.20548608253214 0.13523252009446154
12.212659450785171 0.12369916557087236
12.219832819038203 0.09119433312696956
12.227006187291234 0.047220927910615766
12.234179555544264 0.024836443711017498
12.241352923797296 0.049016594277934124
12.248526292050327 0.060157178387003324
12.255699660303357 0.048907014219612514
12.262873028556388 0.0359519977139423
12.27004639680942 0.06264000871128347
12.27721976506245 0.09896777981491585
12.284393133315481 0.11814005546025126
12.291566501568512 0.11055242378301897
12.298739869821542 0.07760246521573153
12.305913238074574 0.03203277134826308
12.313086606327605 0.030172968656983642
12.320259974580635 0.0607193651836111
12.327433342833666 0.06942405065068122
12.334606711086698 0.055452258544892906
12.341780079339728 0.042200371837666686
12.34895344759276 0.06345821629788347
12.35612681584579 0.09006283051136697
12.363300184098822 0.09641617097590985
12.370473552351852 0.07655054261858325
12.377646920604883 0.039758553734509185
12.384820288857915 0.03457040063314153
12.391993657110945 0.06860283842264778
12.399167025363976 0.08964892250197785
12.406340393617008 0.09717836155412575
12.413513761870037 0.11311135375280149
12.420687130123069 0.14679328057276805
12.4278604983761 0.17490257558831646
12.43503386662913 0.16940583953336869
12.442207234882162 0.11374012234916724
12.449380603135193 0.03538468227634847
12.456553971388223 0.1625954899199198
12.463727339641254 0.33148387630203874
12.470900707894286 0.4860487196173741
12.478074076147315 0.5954618534712234
12.485247444400347 0.6398345060454331
12.492420812653378 0.6146443190107697
12.49959418090641 0.5311826958821
12.50676754915944 0.412451324340513
12.513940917412471 0.2864211694179853
12.521114285665503 0.1782604706065609
12.528287653918532 0.10183310167982595
12.535461022171564 0.05660493281069464
12.542634390424595 0.05177357485530114
12.549807758677625 0.08597038282174857
12.556981126930657 0.12179432823203384
12.564154495183688 0.13771612905086067
12.571327863436718 0.1234772830219195
12.57850123168975 0.07897971410339504
12.58567459994278 0.013394709268196038
12.59284796819581 0.058280877952045285
12.600021336448842 0.11965851792652386
12.607194704701874 0.15828441727350867
12.614368072954903 0.16986242079163358
12.621541441207935 0.16101098185501705
12.628714809460966 0.14905899205666676
12.635888177713998 0.15241239254012265
12.643061545967027 0.17055162011365116
12.650234914220059 0.18714247608756124
12.65740828247309 0.1897727936557909
12.66458165072612 0.17599869468049392
12.671755018979152 0.15137859100288842
12.678928387232183 0.12556299761581322
12.686101755485213 0.10683896913607926
12.693275123738244 0.09643482602282528
12.700448491991276 0.08913098772331017
12.707621860244306 0.08025468131666318
12.714795228497337 0.06904806139038003
12.721968596750369 0.05715327706393918
12.729141965003398 0.046448241369614285
12.73631533325643 0.038354319588055824
12.743488701509461 0.034357617266458945
12.750662069762491 0.035751125523815666
12.757835438015523 0.04219790522827161
12.765008806268554 0.051711737267428656
12.772182174521586 0.06119955704826209
12.779355542774615 0.06654553675559677
12.786528911027647 0.06344700215435459
12.793702279280678 0.04903024865291264
12.800875647533708 0.023489328363784673
12.80804901578674 0.011715075560345194
12.815222384039771 0.045711624453205243
12.8223957522928 0.07383587788417466
12.829569120545832 0.08865966414992314
12.836742488798864 0.08666125709146724
12.843915857051893 0.06894998424155493
12.851089225304925 0.041415390246639004
12.858262593557956 0.018872035045081895
12.865435961810986 0.030804176506099453
12.872609330064018 0.04786519608503032
12.87978269831705 0.05615351404990777
12.886956066570079 0.05726402287797981
12.89412943482311 0.05558044797248471
12.901302803076142 0.053632950099967394
12.908476171329173 0.051098650295345875
12.915649539582203 0.048507676821594375
12.922822907835235 0.04895857169349504
12.929996276088266 0.05268065231266645
12.937169644341296 0.053684313613237604
12.944343012594327 0.04527865052100382
12.951516380847359 0.02474826938614544
12.958689749100389 0.0056699004913712825
12.96586311735342 0.03974301359726225
12.973036485606452 0.06942311479680789
12.980209853859481 0.08756143516414386
12.987383222112513 0.0903001545608808
12.994556590365544 0.07830337623884259
13.001729958618574 0.05691456079078386
13.008903326871605 0.036323809869207135
13.016076695124637 0.030088171722026814
13.023250063377667 0.035007253681729814
13.030423431630698 0.0374714335224677
13.03759679988373 0.036206275393509714
13.044770168136761 0.036485424004959216
13.05194353638979 0.04149186090797145
13.059116904642822 0.04893977856301658
13.066290272895854 0.056237040586954994
13.073463641148884 0.06238059619976624
13.080637009401915 0.06605803425301861
13.087810377654947 0.06501312268471932
13.094983745907976 0.05773139637644161
13.102157114161008 0.045380104986689776
13.10933048241404 0.03235689725905718
13.116503850667069 0.024173519483398097
13.1236772189201 0.02121911210420268
13.130850587173132 0.022510736926353882
13.138023955426162 0.034955298830149716
13.145197323679193 0.05618132873250126
13.152370691932225 0.07597500403557883
13.159544060185256 0.08459706224510571
13.166717428438286 0.07519033524221194
13.173890796691317 0.04586831647438866
13.181064164944349 0.007991015796766327
13.188237533197379 0.05568073053018295
13.19541090145041 0.10637728514585455
13.202584269703442 0.14293064560820606
13.209757637956471 0.15722005721840482
13.216931006209503 0.14670956166916124
13.224104374462534 0.11528880128898997
13.231277742715564 0.07300654503268734
13.238451110968596 0.038921346731903374
13.245624479221627 0.043094780349892656
13.252797847474657 0.05982628656091128
13.259971215727688 0.06380192537915541
13.26714458398072 0.05370201230357796
13.27431795223375 0.0359028893622663
13.281491320486781 0.02117532029204722
13.288664688739813 0.018904991418956785
13.295838056992844 0.018951541110623013
13.303011425245874 0.014579777889301402
13.310184793498905 0.01868372648786843
13.317358161751937 0.03362010676574722
13.324531530004966 0.046189000535244516
13.331704898257998 0.04924629364620974
13.33887826651103 0.03998004329549274
13.34605163476406 0.019555847762185576
13.35322500301709 0.008110457841362908
13.360398371270122 0.035716381893050625
13.367571739523152 0.05768816338171604
13.374745107776183 0.06930236427546099
13.381918476029215 0.0693505859348698
13.389091844282245 0.060927333519050504
13.396265212535276 0.051752413521476665
13.403438580788308 0.05091374451808995
13.410611949041337 0.057846526989289916
13.417785317294369 0.06350985833709503
13.4249586855474 0.061343837577599536
13.432132053800432 0.04902146245671498
13.439305422053462 0.027365269056397686
13.446478790306493 0.0063388029913860255
13.453652158559525 0.03324214487709216
13.460825526812554 0.06034846517275474
13.467998895065586 0.07864157206755167
13.475172263318617 0.08364414538610178
13.482345631571647 0.07362782945695627
13.489518999824679 0.05042818729478864
13.49669236807771 0.019937117059112237
13.50386573633074 0.016802729739461928
13.511039104583771 0.040806883122089604
13.518212472836803 0.05270263073637443
13.525385841089832 0.0489170026281882
13.532559209342864 0.031812905881337325
13.539732577595895 0.015514357788460926
13.546905945848925 0.03227160414470718
13.554079314101957 0.052100868306044976
13.561252682354988 0.06045431506935946
13.56842605060802 0.05518912574439883
13.57559941886105 0.04079904249918152
13.58277278711408 0.031116683354304037
13.589946155367112 0.03928327833077326
13.597119523620142 0.05088826746156438
13.604292891873174 0.053554226011909005
13.611466260126205 0.04482532614118921
13.618639628379235 0.028840580164349223
13.625812996632266 0.021025321494564556
13.632986364885298 0.03399160167222432
13.640159733138328 0.04794252798147801
13.647333101391359 0.05407962352267455
13.65450646964439 0.05124697026756086
13.66167983789742 0.04144469542495864
13.668853206150452 0.02839729597614558
13.676026574403483 0.01720108732054318
13.683199942656513 0.014600735646087513
13.690373310909544 0.01850001489553365
13.697546679162576 0.021170237025964187
13.704720047415607 0.020976450422136413
13.711893415668637 0.020769551185531684
13.719066783921669 0.026056452825621412
13.7262401521747 0.037145178230948234
13.73341352042773 0.049202102435723545
13.740586888680761 0.057515842799381364
13.747760256933793 0.058640473647544364
13.754933625186823 0.05091275498151143
13.762106993439854 0.03506725114639797
13.769280361692886 0.01533922653755805
13.776453729945915 0.01396237654080833
13.783627098198947 0.028901481492940254
13.790800466451978 0.03524750828931563
13.797973834705008 0.028659758619235153
13.80514720295804 0.010459689147284842
13.812320571211071 0.021153883833136218
13.8194939394641 0.051043135989454175
13.826667307717132 0.07561866973931113
13.833840675970164 0.08817217537066666
13.841014044223195 0.08578191611812692
13.848187412476225 0.0704589684535067
13.855360780729256 0.04956789127063126
13.862534148982288 0.03515205890946008
13.869707517235318 0.035121825521480056
13.87688088548835 0.04268913005444623
13.88405425374138 0.05605914013663327
13.89122762199441 0.07543914606098864
13.898400990247442 0.09182215084131565
13.905574358500473 0.09206450751650941
13.912747726753503 0.06633985668083127
13.919921095006535 0.024948760403505073
13.927094463259566 0.0837827415453264
13.934267831512596 0.1768255482664959
13.941441199765627 0.26366612820261204
13.948614568018659 0.32366090505364303
13.955787936271689 0.3415913909486665
13.96296130452472 0.31168283572529015
13.970134672777752 0.23993669120790126
13.977308041030783 0.1424633658003495
13.984481409283813 0.041434570228108224
13.991654777536844 0.04754069349869895
13.998828145789876 0.10030584619221761
14.006001514042905 0.1153137358322471
14.013174882295937 0.09674791229998907
14.020348250548968 0.058248284817804336
14.027521618801998 0.02076783881609389
14.03469498705503 0.022885898714113485
14.041868355308061 0.02837387378190648
14.049041723561091 0.018851936800096957
14.056215091814122 0.0375921574235461
14.063388460067154 0.07717718129443113
14.070561828320184 0.11124095096675918
14.077735196573215 0.1283048352014946
14.084908564826247 0.12476683642355813
14.092081933079276 0.1046920842966903
14.099255301332308 0.0780027723117231
14.10642866958534 0.057255234742480704
14.11360203783837 0.051305401755880456
14.1207754060914 0.05882626777608695
14.127948774344432 0.07543065389778697
14.135122142597464 0.09559351593780503
14.142295510850493 0.10991339204846591
14.149468879103525 0.10901707717450727
14.156642247356556 0.08892047464921869
14.163815615609586 0.0582905942160295
14.170988983862618 0.05901978534202938
14.178162352115649 0.10272762627931781
14.185335720368679 0.1466894772986234
14.19250908862171 0.17279296345637132
14.199682456874742 0.1751718619682635
14.206855825127771 0.15550138605657374
14.214029193380803 0.1211004812179448
14.221202561633834 0.0825131345894348
14.228375929886866 0.051042875504062675
14.235549298139896 0.0363197269508843
14.242722666392927 0.03752911589888416
14.249896034645959 0.04486308748849952
14.257069402898988 0.05393634547065852
14.26424277115202 0.06144278179135414
14.271416139405051 0.06331668772001901
14.278589507658081 0.05732636415501111
14.285762875911113 0.044475299297347844
14.292936244164144 0.029378085421851885
14.300109612417174 0.02238057385677399
14.307282980670205 0.0292625690980021
14.314456348923237 0.0379524895827032
14.321629717176267 0.042282483994205686
14.328803085429298 0.042597156457197624
14.33597645368233 0.04236457382210854
14.34314982193536 0.04525985098915195
14.35032319018839 0.05098395442489478
14.357496558441422 0.05555639172915293
14.364669926694454 0.055209313067943924
14.371843294947483 0.04850084948283581
14.379016663200515 0.03684877462942836
14.386190031453546 0.024871931958751883
14.393363399706576 0.020105501186411915
14.400536767959608 0.023115848155065406
14.40771013621264 0.026565988785854283
14.414883504465669 0.029714470100013428
14.4220568727187 0.0353070283288825
14.429230240971732 0.042336215297585175
14.436403609224762 0.04653420573334163
14.443576977477793 0.04511365936974463
14.450750345730825 0.039342973009188285
14.457923713983854 0.03464511009394374
14.465097082236886 0.03488838199804498
14.472270450489917 0.035134263084232065
14.479443818742947 0.028673424872686946
14.486617186995979 0.0171058782284199
14.49379055524901 0.025613203020091287
14.500963923502042 0.050019388162129856
14.508137291755071 0.07084544491394344
14.515310660008103 0.08028856443678821
14.522484028261134 0.0755626751633863
14.529657396514164 0.059513653091088026
14.536830764767195 0.04194025291258401
14.544004133020227 0.037842152652384844
14.551177501273257 0.04478485127496083
14.558350869526288 0.04802281983046207
14.56552423777932 0.045851390757340904
14.57269760603235 0.04673692851392804
14.579870974285381 0.053782071099468566
14.587044342538412 0.056868235431105585
14.594217710791442 0.046584443250938884
14.601391079044474 0.02875584027025312
14.608564447297505 0.05007312183188077
14.615737815550535 0.09632323340059716
14.622911183803566 0.1354037032981518
14.630084552056598 0.1516096021009819
14.63725792030963 0.13740668673189327
14.644431288562659 0.0996778023894763
14.65160465681569 0.08595082724224117
14.658778025068722 0.1449114109794654
14.665951393321752 0.2215824102392906
14.673124761574783 0.2778252335637451
14.680298129827815 0.2966375773616735
14.687471498080845 0.2730130157980514
14.694644866333876 0.21252186499302791
14.701818234586908 0.13050130293649456
14.708991602839937 0.05750410228928731
14.716164971092969 0.06791533909761084
14.723338339346 0.10753264239020482
14.73051170759903 0.12092957428125357
14.737685075852061 0.10640392732619888
14.744858444105093 0.07461916809552016
14.752031812358123 0.044073263393032205
14.759205180611154 0.03708256632529567
14.766378548864186 0.042785569675275734
14.773551917117217 0.041900657943205
14.780725285370247 0.04073623820925061
14.787898653623278 0.05018530778907743
14.79507202187631 0.06187697955140315
14.80224539012934 0.0637667389360251
14.809418758382371 0.05285067424069539
14.816592126635403 0.03652936538418205
14.823765494888432 0.03048786332519617
14.830938863141464 0.031993719845751056
14.838112231394495 0.021351532484321485
14.845285599647525 0.013290784822931645
14.852458967900557 0.05730280951105629
14.859632336153588 0.10418097411835078
14.866805704406618 0.13462657651464155
14.87397907265965 0.1320409707696318
14.88115244091268 0.0871252801423518
14.88832580916571 0.025634283881465634
14.895499177418742 0.12838327816772654
14.902672545671773 0.2562033104713762
14.909845913924805 0.3675157988729278
14.917019282177835 0.4377899970262825
14.924192650430866 0.4514454806244565
14.931366018683898 0.40540038525958255
14.938539386936927 0.30986218639446694
14.945712755189959 0.18589995319653246
14.95288612344299 0.06221328397440449
14.96005949169602 0.05408027113780484
14.967232859949052 0.11556914545852519
14.974406228202083 0.1341734269298666
14.981579596455113 0.11321630765484002
14.988752964708144 0.06710882338423918
14.995926332961176 0.015922309671043598
15.003099701214206 0.027873527398942572
15.010273069467237 0.04619269195197535
15.017446437720269 0.04275519720148377
15.024619805973298 0.036316126607833926
15.03179317422633 0.055904072091365005
15.038966542479361 0.08264261511185296
15.046139910732393 0.09457633719728163
15.053313278985422 0.08313278538604547
15.060486647238454 0.04983062445520457
15.067660015491485 0.02598767659751335
15.074833383744515 0.0730364952315238
15.082006751997547 0.12444490672601151
15.089180120250578 0.16039899171853084
15.096353488503608 0.17368013952828
15.10352685675664 0.16281829580836485
15.110700225009671 0.1313946878527581
15.1178735932627 0.08667052609611994
15.125046961515732 0.037836280071956885
15.132220329768764 0.012547726507937857
15.139393698021793 0.04457513225110209
15.146567066274825 0.06478105856854686
15.153740434527856 0.0702629356961968
15.160913802780886 0.06337303304618246
15.168087171033918 0.049150478672528926
15.175260539286949 0.03511739885801364
15.18243390753998 0.02982981737069253
15.18960727579301 0.031995102413543634
15.196780644046042 0.03121739554835858
15.203954012299073 0.02178078662487131
15.211127380552103 0.009101147419561273
15.218300748805135 0.03130259843279839
15.225474117058166 0.06369153114572149
15.232647485311196 0.09418252032980126
15.239820853564227 0.1159999159510377
15.246994221817259 0.12427317011879552
15.254167590070288 0.11719584473461449
15.26134095832332 0.09671472035938777
15.268514326576351 0.06834740576439594
15.275687694829381 0.040149910155878585
15.282861063082413 0.021617193502960652
15.290034431335444 0.017535562348653153
15.297207799588476 0.017411487686329705
15.304381167841505 0.021509568707093762
15.311554536094537 0.033979036834128236
15.318727904347568 0.047161125771155776
15.325901272600598 0.05379949581318386
15.33307464085363 0.05072717977817349
15.340248009106661 0.03922125171001214
15.34742137735969 0.025560515084328057
15.354594745612722 0.021467168521817282
15.361768113865754 0.026591129907219277
15.368941482118784 0.02799765053642194
15.376114850371815 0.021613186147498957
15.383288218624847 0.00913543106151481
15.390461586877876 0.0060022881584718924
15.397634955130908 0.01929553932636198
15.40480832338394 0.02965137248741765
15.411981691636969 0.03768959439703989
15.41915505989 0.04455917380535205
15.426328428143032 0.04935294069698171
15.433501796396063 0.04934024089231515
15.440675164649093 0.04257499848375695
15.447848532902125 0.03010884490447867
15.455021901155156 0.017854359946901363
15.462195269408186 0.01767060219419201
15.469368637661217 0.02365185213293853
15.476542005914249 0.024100268754001192
15.483715374167279 0.018528136438153854
15.49088874242031 0.015620133329563819
15.498062110673342 0.022906098250929728
15.505235478926371 0.030313158780478404
15.512408847179403 0.03201934207531253
15.519582215432434 0.03036877865328615
15.526755583685464 0.033739224353739265
15.533928951938496 0.043742269783186426
15.541102320191527 0.05187943595220947
15.548275688444557 0.05105780073530319
15.555449056697588 0.038897195348995085
15.56262242495062 0.017573539894636798
15.569795793203651 0.007288127409484015
15.576969161456681 0.028562314315731495
15.584142529709712 0.04008957542965464
15.591315897962744 0.03895292821239859
15.598489266215774 0.028064378141880904
15.605662634468805 0.024520133839141926
15.612836002721837 0.04241296346882063
15.620009370974866 0.06239524599304386
15.627182739227898 0.0737696940206147
15.63435610748093 0.07312022478906197
15.64152947573396 0.061051326665644015
15.64870284398699 0.040885921544920295
15.655876212240022 0.01734819162451239
15.663049580493052 0.0058347135265477985
15.670222948746083 0.02313854106679785
15.677396316999115 0.03410074420855459
15.684569685252145 0.037844674110376626
15.691743053505176 0.03508930963358112
15.698916421758208 0.028119612251949335
15.706089790011239 0.02170574081586265
15.713263158264269 0.021580479084514485
15.7204365265173 0.025347578569990634
15.727609894770332 0.026397061124673965
15.734783263023361 0.021858580116833764
15.741956631276393 0.01209860354303259
15.749129999529424 0.0025882062258425326
15.756303367782454 0.015002519495532952
15.763476736035486 0.0273559790519049
15.770650104288517 0.037808241903104195
15.777823472541547 0.04580784759501006
15.784996840794578 0.049928662179782805
15.79217020904761 0.047960249792547004
15.79934357730064 0.038471914994886974
15.806516945553671 0.023397668788033232
15.813690313806703 0.017091554138025017
15.820863682059732 0.031441603289559125
15.828037050312764 0.04380185465762496
15.835210418565795 0.04432564126939689
15.842383786818827 0.03008641203720189
15.849557155071857 0.006714072006154512
15.856730523324888 0.03605382120646163
15.86390389157792 0.07359496273666966
15.87107725983095 0.10499131989871036
15.87825062808398 0.1244462431823277
15.885423996337012 0.1294869752770606
15.892597364590042 0.12104241763970776
15.899770732843074 0.10271265733042265
15.906944101096105 0.07944105931811256
15.914117469349135 0.056149887669448374
15.921290837602166 0.03714391818504383
15.928464205855198 0.026311051075338415
15.935637574108227 0.02469200138046301
15.942810942361259 0.027415774321008144
15.94998431061429 0.030504681126651487
15.95715767886732 0.03273177088155223
15.964331047120352 0.03347353848455686
15.971504415373383 0.03460131822000263
15.978677783626415 0.043860832997073114
15.985851151879444 0.06593308357342596
15.993024520132476 0.09483701154877998
16.000197888385507 0.1210238839215864
16.007371256638535 0.1354823310323518
16.014544624891567 0.13218845350074038
16.0217179931446 0.11033007392394696
16.02889136139763 0.07558312160926145
16.03606472965066 0.042198818965678925
16.04323809790369 0.036202221441490864
16.05041146615672 0.04538472226239541
16.057584834409752 0.03956915541846448
16.064758202662784 0.014230950923482581
16.071931570915815 0.026352879341389704
16.079104939168847 0.06746185489407262
16.086278307421875 0.09794999702078738
16.093451675674906 0.10846208854198279
16.100625043927938 0.09694916720997362
16.10779841218097 0.07048319706669227
16.114971780434 0.04701825635961681
16.122145148687032 0.04606201078151816
16.12931851694006 0.05000861015238316
16.13649188519309 0.03871198162197274
16.143665253446123 0.022431715048509087
16.150838621699155 0.048202494408378406
16.158011989952186 0.08228728530385797
16.165185358205218 0.09800296791313172
16.17235872645825 0.0843033512256515
16.179532094711277 0.03980801714977114
16.18670546296431 0.028832237744349648
16.19387883121734 0.10249613986714595
16.20105219947037 0.16436488828173845
16.208225567723403 0.19806784826592239
16.215398935976435 0.19495337739667284
16.222572304229463 0.1559534689896663
16.229745672482494 0.09142607787409136
16.236919040735525 0.020989227598518883
16.244092408988557 0.050040370538871844
16.25126577724159 0.0918698461396734
16.25843914549462 0.11028664477831661
16.265612513747648 0.11935735212252162
16.27278588200068 0.1435570630089666
16.27995925025371 0.18799741303484283
16.287132618506742 0.23439180558084868
16.294305986759774 0.26369352922490447
16.301479355012805 0.2649531568794598
16.308652723265837 0.2361168008020549
16.315826091518865 0.18271739954947727
16.322999459771896 0.11527469498976538
16.330172828024928 0.046176773541165436
16.33734619627796 0.013230164295852645
16.34451956453099 0.05429377454937997
16.351692932784022 0.07338426288433944
16.35886630103705 0.07156496673751617
16.366039669290082 0.054123498524968665
16.373213037543113 0.029821747817338172
16.380386405796145 0.018814425375174373
16.387559774049176 0.034918317437362026
16.394733142302208 0.05022816637969939
16.401906510555236 0.05826435675366808
16.409079878808267 0.05922832521073498
16.4162532470613 0.05445565683003189
16.42342661531433 0.045854365068408814
16.43059998356736 0.036732378479257255
16.437773351820393 0.030938766787350577
16.444946720073425 0.02821351576718551
16.452120088326453 0.023530093118649533
16.459293456579484 0.014767367397833438
16.466466824832516 0.016545520976781802
16.473640193085547 0.034590860477572295
16.48081356133858 0.05207127053399847
16.48798692959161 0.06168879268908158
16.495160297844638 0.06067679950891632
16.50233366609767 0.0507298594342628
16.5095070343507 0.0371875096217604
16.516680402603733 0.02553975352013808
16.523853770856764 0.01826758207607523
16.531027139109796 0.026135856014774854
16.538200507362824 0.052799910771815645
16.545373875615855 0.08553832226838738
16.552547243868887 0.11217454801496289
16.559720612121918 0.12192517747658214
16.56689398037495 0.10879272216044594
16.57406734862798 0.0753582729918521
16.581240716881013 0.041698738137399834
16.58841408513404 0.056813661047914
16.595587453387072 0.08802813746833126
16.602760821640103 0.10184352509250794
16.609934189893135 0.10332093179057757
16.617107558146166 0.12453952406437051
16.624280926399198 0.18051726781786656
16.631454294652226 0.24563417762635967
16.638627662905257 0.29247827488190964
16.64580103115829 0.30460431931811904
16.65297439941132 0.2773591183183893
16.660147767664352 0.21723396464031144
16.667321135917383 0.13946493636498827
16.67449450417041 0.06422040096850663
16.681667872423443 0.029755491580610277
16.688841240676474 0.05894959152636624
16.696014608929506 0.08189984988776382
16.703187977182537 0.09052222979943324
16.71036134543557 0.08082110760539486
16.7175347136886 0.04589699486965806
16.72470808194163 0.03855359333150335
16.73188145019466 0.1357398440251182
16.73905481844769 0.25423302229319594
16.746228186700723 0.36737592382898476
16.753401554953754 0.44932194819461935
16.760574923206786 0.4783294368437686
16.767748291459814 0.4416163731233385
16.774921659712845 0.3382593618449867
16.782095027965877 0.17985549635032147
16.789268396218908 0.014338266398149288
16.79644176447194 0.20768872686551682
16.80361513272497 0.37770080623216984
16.810788500978 0.4947765145209296
16.81796186923103 0.5377163868501916
16.825135237484062 0.4956509875690332
16.832308605737094 0.37218503892207977
16.839481973990125 0.18971677688442387
16.846655342243157 0.0933668680622458
16.853828710496188 0.2865292385101232
16.861002078749216 0.46469936720875615
16.868175447002248 0.5743304630817141
16.87534881525528 0.5983975905709159
16.88252218350831 0.5396339263519484
16.889695551761342 0.41801191471704596
16.896868920014374 0.265770280497523
16.9040422882674 0.12069743335776291
16.911215656520433 0.03972361900460525
16.918389024773465 0.07345194909368834
16.925562393026496 0.08244826324097417
16.932735761279528 0.06636713878032455
16.93990912953256 0.06795651164349437
16.947082497785587 0.09063887276595156
16.95425586603862 0.09636209667474258
16.96142923429165 0.06853051750048672
16.96860260254468 0.01834556085715734
16.975775970797713 0.07399149327093889
16.982949339050744 0.14717621023333488
16.990122707303776 0.19861059163941946
16.997296075556804 0.21600058393193647
17.004469443809835 0.19814441891944387
17.011642812062867 0.15514788765596546
17.0188161803159 0.10633239230620366
17.02598954856893 0.07492218466808492
17.03316291682196 0.0678116612675584
17.04033628507499 0.06478296146714874
17.04750965332802 0.058660875462567943
17.054683021581052 0.062192346634252965
17.061856389834084 0.07578999654068838
17.069029758087115 0.08241358174851321
17.076203126340147 0.07128747779578432
17.083376494593175 0.04477180275455782
17.090549862846206 0.034667401188328256
17.097723231099238 0.06629332427968854
17.10489659935227 0.0951459013009301
17.1120699676053 0.10402131405624164
17.119243335858332 0.08994227118405827
17.126416704111364 0.06048856712784023
17.13359007236439 0.04017517267302382
17.140763440617423 0.054650204419516506
17.147936808870455 0.07077734861730182
17.155110177123486 0.0675015134310347
17.162283545376518 0.04290512307659725
17.16945691362955 0.016010945047940484
17.176630281882577 0.05040985281214358
17.18380365013561 0.08678828591053157
17.19097701838864 0.10509130077441425
17.19815038664167 0.09968555697330536
17.205323754894703 0.07194013097476172
17.212497123147735 0.029376671486999677
17.219670491400763 0.01640809607627944
17.226843859653794 0.052959386678351296
17.234017227906826 0.07052312255478818
17.241190596159857 0.06457891425740904
17.24836396441289 0.037673337258137804
17.25553733266592 0.020130363801124148
17.26271070091895 0.06144617932508125
17.26988406917198 0.10186115801249243
17.27705743742501 0.126762529535776
17.284230805678042 0.1313719229363336
17.291404173931074 0.11749729489457705
17.298577542184105 0.09321739521404947
17.305750910437137 0.07093146627889102
17.312924278690165 0.05997036516863932
17.320097646943196 0.05475121585720724
17.327271015196228 0.043339124612024695
17.33444438344926 0.0221514247492368
17.34161775170229 0.00920286173701426
17.348791119955322 0.033443295097007546
17.35596448820835 0.05020741418252987
17.363137856461382 0.05326550322331849
17.370311224714413 0.043012774356715675
17.377484592967445 0.028018253496759727
17.384657961220476 0.03000813473090333
17.391831329473508 0.0458821701736456
17.39900469772654 0.05592983701830625
17.406178065979567 0.05395487130369221
17.4133514342326 0.040455705988803055
17.42052480248563 0.019763369098252267
17.427698170738662 0.0021292728242000383
17.434871538991693 0.019724864729103914
17.442044907244725 0.029513497377234042
17.449218275497753 0.03046792777518144
17.456391643750784 0.02353790658387715
17.463565012003816 0.01064311026563049
17.470738380256847 0.007043980773639908
17.47791174850988 0.02544796116720851
17.48508511676291 0.04254455725416776
17.492258485015938 0.05442881352729011
17.49943185326897 0.05805346246804513
17.506605221522 0.052979608928301884
17.513778589775033 0.04357243514674596
17.520951958028064 0.03982496970904289
17.528125326281096 0.04606945285258795
17.535298694534127 0.05216093033894099
17.542472062787155 0.04900685554452309
17.549645431040187 0.03424844041948201
17.556818799293218 0.011686071374469241
17.56399216754625 0.017204268358775764
17.57116553579928 0.03721194423755495
17.578338904052313 0.045947387347565274
17.58551227230534 0.04021814785134283
17.592685640558372 0.022208070595170083
17.599859008811404 0.012313220531602997
17.607032377064435 0.03551870113719373
17.614205745317467 0.05451021359578911
17.621379113570498 0.06127752058757505
17.628552481823526 0.05481603533837385
17.635725850076557 0.04163104388567375
17.64289921832959 0.04112687623193433
17.65007258658262 0.06196565189931507
17.657245954835652 0.08686948014142701
17.664419323088683 0.10510637583199077
17.671592691341715 0.11265945573286047
17.678766059594743 0.1095325302171214
17.685939427847774 0.09879786174415012
17.693112796100806 0.08515962639857594
17.700286164353837 0.07223195449989536
17.70745953260687 0.05978841833682914
17.7146329008599 0.045021237900173594
17.72180626911293 0.03003810213443045
17.72897963736596 0.03412236749141125
17.73615300561899 0.05775651386972778
17.743326373872023 0.08036375678432209
17.750499742125054 0.0920986087823654
17.757673110378086 0.08920196765922783
17.764846478631114 0.07289450665352802
17.772019846884145 0.04869013552874101
17.779193215137177 0.025189059539584637
17.78636658339021 0.016590324862804307
17.79353995164324 0.02693681378962916
17.80071331989627 0.04223260208735013
17.807886688149303 0.0605103471836233
17.81506005640233 0.07766590204581954
17.822233424655362 0.08703780670697592
17.829406792908394 0.0837275724461992
17.836580161161425 0.06744276333482856
17.843753529414457 0.042835870242360706
17.850926897667488 0.017487010266113854
17.858100265920516 0.0027605621150739047
17.865273634173548 0.014157104422463335
17.87244700242658 0.026717320661546362
17.87962037067961 0.04583355975499655
17.886793738932642 0.0659462994111496
17.893967107185674 0.07809892860052185
17.901140475438705 0.07606202250139468
17.908313843691733 0.05887056499236449
17.915487211944765 0.03122153388078415
17.922660580197796 0.0015514994714403312
17.929833948450828 0.022423967267388458
17.93700731670386 0.038462669940598354
17.94418068495689 0.05433807943293238
17.95135405320992 0.0789344962377296
17.95852742146295 0.10859405381645906
17.96570078971598 0.1323816143189721
17.972874157969013 0.1414122360188552
17.980047526222044 0.13292663978576835
17.987220894475076 0.11112749844351331
17.994394262728104 0.08479684688932661
18.001567630981135 0.06108016970448423
18.008740999234167 0.03894117653627575
18.0159143674872 0.01324360181253208
18.02308773574023 0.026022776708083586
18.03026110399326 0.0629778628304067
18.037434472246293 0.09444547453665227
18.04460784049932 0.11271508070579811
18.051781208752352 0.11573274342842059
18.058954577005384 0.107830441816056
18.066127945258415 0.09713150898561564
18.073301313511447 0.08960937870090813
18.08047468176448 0.08584789794946988
18.087648050017506 0.08593954970672345
18.094821418270538 0.09154631978487218
18.10199478652357 0.09911183894344304
18.1091681547766 0.09934232740158627
18.116341523029632 0.08573518849488604
18.123514891282664 0.06282767735621729
18.13068825953569 0.05456529880967234
18.137861627788723 0.07650312878993946
18.145034996041755 0.10607288443815324
18.152208364294786 0.13617048588829292
18.159381732547818 0.17348324975896887
18.16655510080085 0.21718594424534815
18.17372846905388 0.251905917434834
18.18090183730691 0.25853172183735595
18.18807520555994 0.2265691290251136
18.19524857381297 0.16317340399201297
18.202421942066003 0.10565781892052449
18.209595310319035 0.1123191410416274
18.216768678572066 0.13694383999918813
18.223942046825094 0.11732935713609069
18.231115415078126 0.049674855778286474
18.238288783331157 0.1001916564105559
18.24546215158419 0.2268128987275123
18.25263551983722 0.32338917858933286
18.25980888809025 0.35318417962572085
18.26698225634328 0.30293694441374786
18.27415562459631 0.1906650530968184
18.281328992849343 0.09251125942327808
18.288502361102374 0.14429656541474256
18.295675729355406 0.1900877141731503
18.302849097608437 0.14871354848243007
18.31002246586147 0.07091337052343759
18.317195834114496 0.21012900972519566
18.324369202367528 0.3752629667644543
18.33154257062056 0.44671899639856594
18.33871593887359 0.3591525773028162
18.345889307126622 0.08647767579460486
18.353062675379654 0.349966709380579
18.360236043632682 0.8796140226556067
18.367409411885713 1.4005021253967107
18.374582780138745 1.8024719137514302
18.381756148391776 1.997170982944469
18.388929516644808 1.9419323366447954
18.39610288489784 1.6500975161301654
18.403276253150867 1.185604236599699
18.4104496214039 0.6462435079163605
18.41762298965693 0.1617963806236096
18.424796357909962 0.30391315450389955
18.431969726162993 0.5349615994830145
18.439143094416025 0.6076084307765329
18.446316462669056 0.5571759239174251
18.453489830922084 0.44915825478041277
18.460663199175116 0.3482747796598081
18.467836567428147 0.28466081667098114
18.47500993568118 0.24607541187809967
18.48218330393421 0.2250634038559043
18.48935667218724 0.2338351743195878
18.49653004044027 0.2570667867676506
18.5037034086933 0.25677833088868074
18.510876776946333 0.2122564685858645
18.518050145199364 0.13179007283681732
18.525223513452396 0.06555378926503416
18.532396881705427 0.0983339829999739
18.539570249958455 0.130968079016411
18.546743618211487 0.11244069554512075
18.553916986464518 0.0528140385204425
18.56109035471755 0.08510550425830488
18.56826372297058 0.1874477537890076
18.575437091223613 0.27133255240946197
18.582610459476644 0.3160821648253043
18.589783827729672 0.3185872606465341
18.596957195982704 0.28901323090228975
18.604130564235735 0.24439769923500063
18.611303932488767 0.20064555587632535
18.618477300741798 0.16636599768473978
18.62565066899483 0.14086118964946484
18.632824037247858 0.11616002902255793
18.63999740550089 0.08285264292197948
18.64717077375392 0.044702530655184404
18.654344142006952 0.06474815101939223
18.661517510259984 0.12645436460704285
18.668690878513015 0.17637761170253244
18.675864246766043 0.196901054724875
18.683037615019074 0.19694189625345365
18.690210983272106 0.22406581287553703
18.697384351525137 0.31020877965450266
18.70455771977817 0.41675433738641066
18.7117310880312 0.4897191370241309
18.718904456284232 0.4905931671587661
18.72607782453726 0.40432508727326116
18.73325119279029 0.24748945074081724
18.740424561043323 0.1299352739168845
18.747597929296354 0.2714923282582341
18.754771297549386 0.4418985157324913
18.761944665802417 0.5409189932669282
18.769118034055445 0.544843645282316
18.776291402308477 0.4608806433903994
18.78346477056151 0.3215512797193589
18.79063813881454 0.18246742621676293
18.79781150706757 0.13534158454090298
18.804984875320603 0.17540245760190432
18.81215824357363 0.1906438604930855
18.819331611826662 0.1574014958079836
18.826504980079694 0.09376777354132698
18.833678348332725 0.042209521404304895
18.840851716585757 0.055809531865537304
18.84802508483879 0.0638531311932336
18.85519845309182 0.03649728124471233
18.862371821344848 0.019134089712107224
18.86954518959788 0.08248672846725347
18.87671855785091 0.13381655551911392
18.883891926103942 0.15717095515240037
18.891065294356974 0.14685945396985864
18.898238662610005 0.1087105230598968
18.905412030863033 0.06002560909710248
18.912585399116065 0.04148112397871677
18.919758767369096 0.06497660970056765
18.926932135622128 0.07798664230645799
18.93410550387516 0.06929887297141742
18.94127887212819 0.04461951106151367
18.94845224038122 0.021589591459669252
18.95562560863425 0.03282234332406123
18.96279897688728 0.04917500849990023
18.969972345140313 0.05349966833514314
18.977145713393345 0.047251623662917915
18.984319081646376 0.039149786586115086
18.991492449899408 0.04047882223505774
18.998665818152435 0.05081161957899372
19.005839186405467 0.061879272041593276
19.0130125546585 0.06967960423174302
19.02018592291153 0.07328534988994119
19.02735929116456 0.072309455599237
19.034532659417593 0.06628137486949295
19.04170602767062 0.05536093746674599
19.048879395923652 0.04086147967529842
19.056052764176684 0.025401079807066417
19.063226132429715 0.016248959584019694
19.070399500682747 0.023947212141924225
19.07757286893578 0.037606040934656436
19.084746237188806 0.04992855042948384
19.091919605441838 0.05878065140056488
19.09909297369487 0.06304608317864965
19.1062663419479 0.062208784871513906
19.113439710200932 0.05633676627667965
19.120613078453964 0.046325966009021065
19.127786446706995 0.03588338003512227
19.134959814960023 0.036183138509060034
19.142133183213055 0.05354229673589573
19.149306551466086 0.07773350201000187
19.156479919719118 0.09977209516431244
19.16365328797215 0.11403534653624904
19.17082665622518 0.11763250582396252
19.17800002447821 0.11125886333433642
19.18517339273124 0.0998028333649165
19.19234676098427 0.0908795584262441
19.199520129237303 0.08908165913733278
19.206693497490335 0.0908517188009764
19.213866865743366 0.08931145554032309
19.221040233996394 0.08116498861628937
19.228213602249426 0.06835290376518588
19.235386970502457 0.05680312392453507
19.24256033875549 0.05201548023058269
19.24973370700852 0.05196645074672833
19.25690707526155 0.04939933017817671
19.264080443514583 0.039572523083666974
19.27125381176761 0.021981174048662743
19.278427180020643 0.006492270478740177
19.285600548273674 0.02971780431555876
19.292773916526706 0.053886139827063535
19.299947284779737 0.07176877115746527
19.30712065303277 0.07953070084411114
19.314294021285797 0.075243802164396
19.321467389538828 0.059474810162423994
19.32864075779186 0.035572901343063255
19.33581412604489 0.009426567069343271
19.342987494297923 0.014282559342984698
19.350160862550954 0.02879850249800318
19.357334230803982 0.03585176890481894
19.364507599057013 0.043271098092713935
19.371680967310045 0.05872248381700869
19.378854335563076 0.07789144721957153
19.386027703816108 0.09101116209344277
19.39320107206914 0.0905973960064218
19.40037444032217 0.0740173275113888
19.4075478085752 0.04539531689954767
19.41472117682823 0.027999058398491896
19.421894545081262 0.053089661859431314
19.429067913334293 0.0811056745708744
19.436241281587325 0.09561585592560651
19.443414649840356 0.09342980481363669
19.450588018093384 0.07701139343360225
19.457761386346416 0.05280236176138129
19.464934754599447 0.029497124879470253
19.47210812285248 0.018773126609685848
19.47928149110551 0.02412640109109725
19.486454859358542 0.031280973715253194
19.49362822761157 0.036277915290462676
19.5008015958646 0.038706652633100844
19.507974964117633 0.03917011496000617
19.515148332370664 0.04390491880603559
19.522321700623696 0.061211726893025925
19.529495068876727 0.08831497478791829
19.53666843712976 0.11610524216998823
19.543841805382787 0.1361257687482336
19.551015173635818 0.14240948849316332
19.55818854188885 0.13269850969725425
19.56536191014188 0.10933318850806957
19.572535278394913 0.08067042090270288
19.579708646647944 0.06784066278693623
19.586882014900972 0.09185791138560977
19.594055383154004 0.13451762853435828
19.601228751407035 0.1763515223489756
19.608402119660067 0.2078794589318103
19.615575487913098 0.22401603673183687
19.62274885616613 0.223385287901359
19.629922224419158 0.21017917244969045
19.63709559267219 0.19588540420450554
19.64426896092522 0.19530854911509524
19.651442329178252 0.21265197322147744
19.658615697431284 0.23566410170009297
19.665789065684315 0.24824669196343668
19.672962433937347 0.24028929538484786
19.680135802190375 0.20955873383742954
19.687309170443406 0.16071401256544196
19.694482538696438 0.10302733471648691
19.70165590694947 0.04726232377455356
19.7088292752025 0.004326230385215972
19.716002643455532 0.028521538962889736
19.72317601170856 0.046435736273008905
19.73034937996159 0.05974773664305256
19.737522748214623 0.07284962167012528
19.744696116467654 0.08183506327290854
19.751869484720686 0.07980382377166792
19.759042852973717 0.06368670086970378
19.766216221226745 0.039765882137333175
19.773389589479777 0.03680725313242074
19.78056295773281 0.0606195365691424
19.78773632598584 0.07749426207119423
19.79490969423887 0.07505377408478746
19.802083062491903 0.05679867518802726
19.809256430744934 0.056605325618595784
19.816429798997962 0.09858489295131759
19.823603167250994 0.1475845661713012
19.830776535504025 0.18083561509235793
19.837949903757057 0.1876779061834108
19.84512327201009 0.16654714072173463
19.85229664026312 0.12451076027408085
19.859470008516148 0.07637374883603996
19.86664337676918 0.046018250374709496
19.87381674502221 0.04719316474837452
19.880990113275242 0.04713854117553685
19.888163481528274 0.030554471603138355
19.895336849781305 0.023254290013891152
19.902510218034333 0.055910797825034005
19.909683586287365 0.08702633163002621
19.916856954540396 0.1016774231737764
19.924030322793428 0.09523036672932662
19.93120369104646 0.07049875241418938
19.93837705929949 0.03722928825808692
19.945550427552522 0.020698318985722254
19.95272379580555 0.03711194423293196
19.95989716405858 0.046077689346158385
19.967070532311613 0.039861329148372635
19.974243900564645 0.022508435598299716
19.981417268817676 0.013112618483184976
19.988590637070708 0.03178451840765862
19.995764005323736 0.0493487044056975
20.002937373576767 0.05995535022253099
20.0101107418298 0.06237671713433284
20.01728411008283 0.05529236518181602
20.02445747833586 0.03755256793623596
20.031630846588893 0.019726942010608973
20.038804214841925 0.048739011040639164
20.045977583094952 0.09529604536779977
20.053150951347984 0.1398549258876001
20.060324319601015 0.173011551512481
20.067497687854047 0.1887830023822975
20.07467105610708 0.185190627532491
20.08184442436011 0.16371989023963845
20.089017792613138 0.1283611213756027
20.09619116086617 0.08492226487765847
20.1033645291192 0.0423994835020965
20.110537897372232 0.035568602238188515
20.117711265625264 0.07037600416455203
20.124884633878295 0.10316000286291632
20.132058002131323 0.1238638023873315
20.139231370384355 0.12986233344959972
20.146404738637386 0.1223509139673099
20.153578106890418 0.10551356056088203
20.16075147514345 0.0858265055305334
20.16792484339648 0.07320805937107248
20.175098211649512 0.07930532318633422
20.18227157990254 0.1025905927064405
20.189444948155572 0.12969835042243832
20.196618316408603 0.14838748947575206
20.203791684661635 0.15056633787248674
20.210965052914666 0.1333904464861429
20.218138421167698 0.09970811840827169
20.225311789420726 0.05751270071232758
20.232485157673757 0.021497628739484204
20.23965852592679 0.028567667014828654
20.24683189417982 0.04731724272276115
20.25400526243285 0.05970191169876026
20.261178630685883 0.06969851881400028
20.26835199893891 0.0758827211282991
20.275525367191943 0.0703898000000177
20.282698735444974 0.04654923741622381
20.289872103698006 0.0044012611765394
20.297045471951037 0.0485794971071667
20.30421884020407 0.09921865512765378
20.3113922084571 0.13381821203500427
20.318565576710128 0.14274021388252378
20.32573894496316 0.12454205629026108
20.33291231321619 0.08866606325387376
20.340085681469223 0.05975831446053354
20.347259049722254 0.06670633730007659
20.354432417975286 0.085860496715827
20.361605786228314 0.09416069658578125
20.368779154481345 0.09407936725148941
20.375952522734377 0.09585428804049868
20.383125890987408 0.09889576611329114
20.39029925924044 0.09105488888296281
20.39747262749347 0.06395339009345138
20.4046459957465 0.022895864687471162
20.41181936399953 0.03841665415196246
20.418992732252562 0.07740883457915773
20.426166100505593 0.09263810707565132
20.433339468758625 0.07866981352640594
20.440512837011656 0.05538355620113733
20.447686205264688 0.07848297592678431
20.454859573517716 0.12468946845424353
20.462032941770747 0.14856400618692456
20.46920631002378 0.13155685353189575
20.47637967827681 0.07286090883579847
20.483553046529842 0.01593366341551668
20.490726414782873 0.09949018020535182
20.4978997830359 0.15446710987900727
20.505073151288933 0.15361938978429818
20.512246519541964 0.08486174207097881
20.519419887794996 0.04669492964219267
20.526593256048027 0.2169897908634985
20.53376662430106 0.39191655967294725
20.540939992554087 0.5340741467373247
20.54811336080712 0.6141753678327722
20.55528672906015 0.6180866011556057
20.56246009731318 0.5491483935530814
20.569633465566213 0.42628981139156036
20.576806833819244 0.2786920393022628
20.583980202072276 0.13790838632822022
20.591153570325304 0.03305160511866614
20.598326938578335 0.04576745248065283
20.605500306831367 0.0676213900357416
20.612673675084398 0.05928244417441082
20.61984704333743 0.0360270712587159
20.62702041159046 0.013888161130839113
20.63419377984349 0.005368234152732468
20.64136714809652 0.0065430824539343775
20.648540516349552 0.01730283611503807
20.655713884602584 0.03282031371430362
20.662887252855615 0.045164891222766006
20.670060621108647 0.051126574025112115
20.677233989361675 0.05208960218835962
20.684407357614706 0.05092944163743759
20.691580725867738 0.047453185808498013
20.69875409412077 0.038825696570452935
20.7059274623738 0.026470567126142253
20.713100830626832 0.0270003464492617
20.720274198879864 0.04421194040171823
20.72744756713289 0.05790205615247903
20.734620935385923 0.05774134208394005
20.741794303638954 0.04057858152610521
20.748967671891986 0.01266074338496668
20.756141040145017 0.03556030752181454
20.76331440839805 0.07302528077555721
20.770487776651077 0.09994703391383039
20.77766114490411 0.10974502196619522
20.78483451315714 0.10118162892629486
20.79200788141017 0.07865791373122134
20.799181249663203 0.05189113491173369
20.806354617916234 0.03585515930093625
20.813527986169262 0.038767549405430195
20.820701354422294 0.04704606962006527
20.827874722675325 0.055631811998302666
20.835048090928357 0.06701848333208772
20.84222145918139 0.0776129675802284
20.84939482743442 0.07840369715170493
20.85656819568745 0.06233355154078612
20.86374156394048 0.030299228945366238
20.87091493219351 0.029604822495000637
20.878088300446542 0.07417703322804674
20.885261668699574 0.10825438586525109
20.892435036952605 0.11851269134780476
20.899608405205637 0.10533498545435464
20.906781773458665 0.0947303191674895
20.913955141711696 0.12602375527086196
20.921128509964728 0.17835736434153138
20.92830187821776 0.21245939553634963
20.93547524647079 0.20659534279193636
20.942648614723822 0.15629242875414376
20.94982198297685 0.07946684423628426
20.95699535122988 0.06899306868554987
20.964168719482913 0.1324441583979828
20.971342087735945 0.15756861484351303
20.978515455988976 0.12226528507551744
20.985688824242008 0.09618106542087414
20.99286219249504 0.23314732126307355
21.000035560748067 0.4236023081875097
21.0072089290011 0.5960347779426338
21.01438229725413 0.7060294879266219
21.02155566550716 0.7255483825575563
21.028729033760193 0.6484138717852719
21.035902402013225 0.49249384588241807
21.043075770266253 0.29529746714799066
21.050249138519284 0.10753352071779243
21.057422506772316 0.07755257539289892
21.064595875025347 0.14803127289326912
21.07176924327838 0.14939654527709442
21.07894261153141 0.0915020875162387
21.086115979784438 0.0525453866312405
21.09328934803747 0.12579115410505215
21.1004627162905 0.18198011327590977
21.107636084543532 0.18387190646599258
21.114809452796564 0.12639548905794465
21.121982821049595 0.028373594974997
21.129156189302627 0.10806072045751106
21.136329557555655 0.2247754891419118
21.143502925808686 0.30827764142086606
21.150676294061718 0.3427649821304121
21.15784966231475 0.3258538268067802
21.16502303056778 0.2671220491000089
21.172196398820812 0.18384969297841608
21.17936976707384 0.09521618796674562
21.186543135326872 0.017652083834943363
21.193716503579903 0.042377396226958394
21.200889871832935 0.07879102735482967
21.208063240085966 0.09626382675389543
21.215236608338998 0.10001365405477367
21.222409976592026 0.09497727347320431
21.229583344845057 0.08488203373111924
21.23675671309809 0.07307934249686822
21.24393008135112 0.063145848503407
21.25110344960415 0.057470131204686005
21.258276817857183 0.05482640391128186
21.265450186110215 0.05108533424218215
21.272623554363243 0.042307594660876996
21.279796922616274 0.026380138642855166
21.286970290869306 0.00787540954844565
21.294143659122337 0.03151004384764644
21.30131702737537 0.06623177802368531
21.3084903956284 0.1012205790890628
21.315663763881428 0.13173792278370994
21.32283713213446 0.15381726456654932
21.33001050038749 0.16488528479769532
21.337183868640523 0.16437518553212077
21.344357236893554 0.1547147853891893
21.351530605146586 0.1428036163895649
21.358703973399614 0.13899908421695584
21.365877341652645 0.14819553078741407
21.373050709905677 0.16204209178022264
21.380224078158708 0.16622559677008708
21.38739744641174 0.15012367588685718
21.39457081466477 0.1119257283882192
21.401744182917803 0.07062608806996556
21.40891755117083 0.09463645853882346
21.416090919423862 0.16948768318882607
21.423264287676894 0.2448863584659001
21.430437655929925 0.30248544513571884
21.437611024182956 0.33411692832795975
21.444784392435988 0.3381604779606029
21.451957760689016 0.3177044257090834
21.459131128942047 0.2780572519932298
21.46630449719508 0.22459086322299626
21.47347786544811 0.16200575845839935
21.480651233701142 0.09498239636849291
21.487824601954173 0.02988690345504863
21.4949979702072 0.03510294677606865
21.502171338460233 0.08317279914392971
21.509344706713264 0.11758374731223453
21.516518074966296 0.13657945756407402
21.523691443219327 0.14077430671308785
21.53086481147236 0.13109377688035082
21.53803817972539 0.10800752897253871
21.54521154797842 0.0728266981863102
21.55238491623145 0.032084077502056815
21.55955828448448 0.03423119874049002
21.566731652737513 0.07468444847187078
21.573905020990544 0.10588248243791834
21.581078389243576 0.11990023111564568
21.588251757496604 0.11856840173802566
21.595425125749635 0.11333419316230904
21.602598494002667 0.11875838642885674
21.6097718622557 0.1352521798399008
21.61694523050873 0.14896233684217447
21.62411859876176 0.14800663095896122
21.63129196701479 0.1292392834437515
21.63846533526782 0.09817794859013326
21.645638703520852 0.06697551585089015
21.652812071773884 0.048567340091055004
21.659985440026915 0.040463803649650666
21.667158808279947 0.029065104900486305
21.674332176532978 0.025417594466751906
21.681505544786006 0.04961882819292301
21.688678913039038 0.07577851032503712
21.69585228129207 0.08814012630769125
21.7030256495451 0.08195976615096877
21.710199017798132 0.06496702171537344
21.717372386051164 0.06057002248963793
21.72454575430419 0.07639540499102972
21.731719122557223 0.086223828580119
21.738892490810255 0.07315351722653216
21.746065859063286 0.04635965055111333
21.753239227316318 0.07188670995494927
21.76041259556935 0.13416001938396951
21.767585963822377 0.18262271273976438
21.77475933207541 0.19375345538504612
21.78193270032844 0.15805128055806428
21.78910606858147 0.09126892350779557
21.796279436834503 0.10825841206893526
21.803452805087534 0.2232885577420982
21.810626173340566 0.33279235314833466
21.817799541593594 0.4004675660157307
21.824972909846625 0.4106307661972987
21.832146278099657 0.36476568205035464
21.83931964635269 0.2798789357399052
21.84649301460572 0.18452263953095427
21.85366638285875 0.11418858804315048
21.86083975111178 0.08925598880668573
21.86801311936481 0.07419686160318961
21.875186487617842 0.03983876469817298
21.882359855870874 0.04856591995669128
21.889533224123905 0.11256054844421777
21.896706592376937 0.16513054884863693
21.903879960629965 0.18639004226815703
21.911053328882996 0.17029414482972405
21.918226697136028 0.12368847132974228
21.92540006538906 0.06900108878466656
21.93257343364209 0.06345588754335017
21.939746801895122 0.10285867188847225
21.946920170148154 0.13018368990229567
21.95409353840118 0.13409633599529353
21.961266906654213 0.11873014899433137
21.968440274907245 0.09613252692147813
21.975613643160276 0.08592548338273676
21.982787011413308 0.10229649113717187
21.98996037966634 0.1328881862011459
21.997133747919367 0.15890800090655097
22.0043071161724 0.16760037371905848
22.01148048442543 0.15230330555289393
22.01865385267846 0.11395384532824071
22.025827220931493 0.0648320317701797
22.033000589184525 0.048254648126973804
22.040173957437556 0.08035216685281436
22.047347325690584 0.10150910180531811
22.054520693943616 0.09406579615450635
22.061694062196647 0.05927415538811394
22.06886743044968 0.01482217987302363
22.07604079870271 0.05204300276136535
22.08321416695574 0.09280039944644676
22.09038753520877 0.11098539226961276
22.0975609034618 0.10469102470373459
22.104734271714833 0.08154891505315016
22.111907639967864 0.05570500000179228
22.119081008220896 0.03910387605720652
22.126254376473927 0.026437059145797148
22.133427744726955 0.014317349487114796
22.140601112979986 0.0427143740992538
22.147774481233018 0.08187231121968333
22.15494784948605 0.11051721478370939
22.16212121773908 0.11605878845922726
22.169294585992112 0.09299990196399623
22.176467954245144 0.0445881555304782
22.183641322498172 0.01809973348544599
22.190814690751203 0.07907477776256741
22.197988059004235 0.12267867176220515
22.205161427257266 0.13801695521747617
22.212334795510298 0.1222983377048759
22.21950816376333 0.08124445787292513
22.226681532016357 0.027562257621627027
22.23385490026939 0.03048412230087446
22.24102826852242 0.07116615628521447
22.248201636775452 0.09265089155887246
22.255375005028483 0.0936778221681682
22.262548373281515 0.07931026770990662
22.269721741534543 0.05750540350071054
22.276895109787574 0.03553328640281705
22.284068478040606 0.019964405473281006
22.291241846293637 0.024571159285546654
22.29841521454667 0.043293059899876564
22.3055885827997 0.06251052547366394
22.31276195105273 0.07587634961527569
22.31993531930576 0.07958659255097743
22.32710868755879 0.07282028470535964
22.334282055811823 0.05781772234081532
22.341455424064854 0.038859579097682555
22.348628792317886 0.020631292239734887
22.355802160570917 0.0065869398920127
22.362975528823945 0.002555093428086089
22.370148897076977 0.008154441859518823
22.377322265330008 0.013415924902723487
22.38449563358304 0.01895357208370985
22.39166900183607 0.02344925815327412
22.398842370089103 0.026019531021791536
22.40601573834213 0.028142198847369224
22.413189106595162 0.03376810952688948
22.420362474848194 0.0447335360083033
22.427535843101225 0.05783260684905088
22.434709211354257 0.06796807140845569
22.441882579607288 0.07082478926078979
22.44905594786032 0.06426299998886414
22.456229316113347 0.04913844469241183
22.46340268436638 0.02971647080168289
22.47057605261941 0.016547716000783527
22.477749420872442 0.022621487178793254
22.484922789125473 0.031968616519345586
22.492096157378505 0.03896314222752058
22.499269525631533 0.048116201651970544
22.506442893884564 0.06174758536940524
22.513616262137596 0.07623330895885268
22.520789630390627 0.08666916810272556
22.52796299864366 0.0905829489104278
22.53513636689669 0.08865243800705395
22.54230973514972 0.0838698880379123
22.54948310340275 0.08012866180743863
22.55665647165578 0.08032326401783975
22.563829839908813 0.08373437985546854
22.571003208161844 0.0847837742680755
22.578176576414876 0.07520109682400733
22.585349944667907 0.04853462099995234
22.592523312920935 0.02521427673858855
22.599696681173967 0.08431962975408307
22.606870049427 0.16520347612013678
22.61404341768003 0.24308836566611766
22.62121678593306 0.30030965238086144
22.628390154186093 0.3224272763144719
22.63556352243912 0.3020104806265942
22.642736890692152 0.24103722113797896
22.649910258945184 0.15102449955643713
22.657083627198215 0.052373460657790916
22.664256995451247 0.04930645028018096
22.671430363704278 0.11079500441776921
22.678603731957306 0.13661761422018395
22.685777100210338 0.12462510350229772
22.69295046846337 0.08514164040964137
22.7001238367164 0.043586188961087284
22.707297204969432 0.051698897462040476
22.714470573222464 0.07611738587577856
22.721643941475495 0.07714691880191385
22.728817309728523 0.05087722288392572
22.735990677981555 0.0202649558285416
22.743164046234586 0.06363024412318624
22.750337414487618 0.11296134865462557
22.75751078274065 0.14342479603325203
22.76468415099368 0.14658407587053904
22.77185751924671 0.12150702788350651
22.77903088749974 0.07435403723553871
22.78620425575277 0.01895885461390446
22.793377624005803 0.044625096577767434
22.800550992258835 0.08823545314965968
22.807724360511866 0.1123199673496926
22.814897728764894 0.11418958837201498
22.822071097017925 0.09697174831719693
22.829244465270957 0.0688379784204796
22.83641783352399 0.04231426404393456
22.84359120177702 0.030986863085281664
22.85076457003005 0.02904229882093549
22.857937938283083 0.019730453872856785
22.86511130653611 0.02032840550924435
22.872284674789142 0.05577774211357766
22.879458043042174 0.09955102866547502
22.886631411295205 0.13945365319602276
22.893804779548237 0.16627131516034374
22.90097814780127 0.17375572766643746
22.908151516054296 0.15979865769259338
22.915324884307328 0.12678426068802176
22.92249825256036 0.08110180469207488
22.92967162081339 0.032086433772922515
22.936844989066422 0.013825340725605999
22.944018357319454 0.04208482088105828
22.95119172557248 0.053580571007821605
22.958365093825513 0.04811099097578276
22.965538462078545 0.03056031031356021
22.972711830331576 0.008484514298008977
22.979885198584608 0.010294349689841883
22.98705856683764 0.02002671803122272
22.99423193509067 0.019146394109226427
23.0014053033437 0.012942067039602328
23.00857867159673 0.01828627588189723
23.01575203984976 0.030640585736295283
23.022925408102793 0.03793691771156403
23.030098776355825 0.03657834826019735
23.037272144608856 0.027446484108376343
23.044445512861884 0.014689233244665536
23.051618881114916 0.006103358644068082
23.058792249367947 0.008708236099285447
23.06596561762098 0.00950995751534438
23.07313898587401 0.00909918641240005
23.08031235412704 0.012738896847139216
23.08748572238007 0.015680400569425688
23.0946590906331 0.012395941493196592
23.101832458886133 0.0028917238930960963
23.109005827139164 0.016483813319422495
23.116179195392196 0.034371794242588315
23.123352563645227 0.04764676532543034
23.13052593189826 0.05215819473985752
23.137699300151287 0.047433564478835656
23.144872668404318 0.03784228871301762
23.15204603665735 0.031592133528163376
23.15921940491038 0.03142164440730757
23.166392773163412 0.0295082655391492
23.173566141416444 0.021746272057391738
23.180739509669472 0.019169304506400368
23.187912877922503 0.03295410384958834
23.195086246175535 0.046190982495962096
23.202259614428566 0.048033241948670896
23.209432982681598 0.03499137193648674
23.21660635093463 0.011537728177206526
23.223779719187657 0.026356626783562716
23.23095308744069 0.05434820303060799
23.23812645569372 0.07033853579708184
23.245299823946752 0.06857885809840171
23.252473192199783 0.04971248924045582
23.259646560452815 0.02370683381058961
23.266819928705846 0.02973752553152283
23.273993296958874 0.05417181857176275
23.281166665211906 0.06680234876453008
23.288340033464937 0.06291945529652125
23.29551340171797 0.04530871402767277
23.302686769971 0.021194119481394626
23.309860138224032 0.0021567851461371298
23.31703350647706 0.014292695378518572
23.32420687473009 0.016181409445342906
23.331380242983123 0.011348662324728524
23.338553611236154 0.013815224404135561
23.345726979489186 0.02114658044023865
23.352900347742217 0.024026738183538388
23.360073715995245 0.027301286903333995
23.367247084248277 0.04098997410162685
23.374420452501308 0.059621939509225105
23.38159382075434 0.07179072976346117
23.38876718900737 0.06963138049533582
23.395940557260403 0.051086411754547256
23.403113925513434 0.02288190466590745
23.410287293766462 0.0265301087258923
23.417460662019494 0.053446048949792616
23.424634030272525 0.067164638784514
23.431807398525557 0.061924014238142346
23.438980766778588 0.04303516176658561
23.44615413503162 0.03724505087417041
23.453327503284648 0.06120922698570187
23.46050087153768 0.08386470583303805
23.46767423979071 0.09005758042784577
23.474847608043742 0.07678296813603903
23.482020976296774 0.04832061177314831
23.489194344549805 0.013746685060563845
23.496367712802833 0.01750544989544563
23.503541081055864 0.036648121494262706
23.510714449308896 0.04138818983028337
23.517887817561927 0.034275968582404504
23.52506118581496 0.023507652323641284
23.53223455406799 0.024836064321361137
23.539407922321022 0.04176413620706132
23.54658129057405 0.06475565158804648
23.55375465882708 0.08782369488818532
23.560928027080113 0.1031280915477719
23.568101395333144 0.1023827141681969
23.575274763586176 0.08412769149866671
23.582448131839207 0.07371268711233311
23.589621500092235 0.11873468542854829
23.596794868345267 0.19557290733074695
23.6039682365983 0.2696125763077195
23.61114160485133 0.31941408645974295
23.61831497310436 0.3315244949447083
23.625488341357393 0.30139030137929523
23.63266170961042 0.23443835432747606
23.639835077863452 0.1475329442522648
23.647008446116484 0.08573748743813718
23.654181814369515 0.12255325531427085
23.661355182622547 0.18827187036337603
23.66852855087558 0.23428991986664663
23.67570191912861 0.25338964288355303
23.682875287381638 0.24896119416945128
23.69004865563467 0.22698407849035743
23.6972220238877 0.19122677625665055
23.704395392140732 0.14142884304725684
23.711568760393764 0.07541440456532364
23.718742128646795 0.009941188133605516
23.725915496899823 0.09953110501929581
23.733088865152855 0.18916749760025023
23.740262233405886 0.2612810357180308
23.747435601658918 0.3021052442933204
23.75460896991195 0.30340537213267443
23.76178233816498 0.26492774221791304
23.76895570641801 0.19487670718669134
23.77612907467104 0.1088468684423843
23.78330244292407 0.03811545702026057
23.790475811177103 0.07026637878468672
23.797649179430135 0.11456703787163332
23.804822547683166 0.13391610421077987
23.811995915936198 0.13218396557185436
23.819169284189226 0.12106360055746329
23.826342652442257 0.11224399422340221
23.83351602069529 0.1087440993141556
23.84068938894832 0.10458668524914108
23.84786275720135 0.0936502065088313
23.855036125454383 0.07463164011863378
23.86220949370741 0.05093641366799402
23.869382861960442 0.03268679346138929
23.876556230213474 0.03797661323371788
23.883729598466505 0.05620094715936583
23.890902966719537 0.07004479070437661
23.89807633497257 0.0734077862498468
23.905249703225596 0.06567660045343432
23.912423071478628 0.052435600185318974
23.91959643973166 0.04629491680582006
23.92676980798469 0.052200643162892336
23.933943176237722 0.05599135500550624
23.941116544490754 0.045193628785362365
23.948289912743785 0.017313600333133124
23.955463280996813 0.03389248795744188
23.962636649249845 0.08720607798624662
23.969810017502876 0.13861674839395915
23.976983385755908 0.1771863955138757
23.98415675400894 0.19570967391786412
23.99133012226197 0.19233660200137728
23.998503490515 0.1714010333083818
24.00567685876803 0.14303129902571102
24.01285022702106 0.12086723291738392
24.020023595274093 0.11330316075151796
24.027196963527125 0.11348048690253186
24.034370331780156 0.10849569321096618
24.041543700033184 0.0918421606218804
24.048717068286216 0.06436513351798155
24.055890436539247 0.031829100281813016
24.06306380479228 0.002444638156921926
24.07023717304531 0.016423334871092037
24.07741054129834 0.019953615607493716
24.084583909551373 0.00967247670676252
24.0917572778044 0.01888245949665554
24.098930646057433 0.04457036819192807
24.106104014310464 0.06449463615317495
24.113277382563496 0.07040337400343191
24.120450750816527 0.05892240706338696
24.12762411906956 0.03282868363783431
24.134797487322587 0.010702432802207028
24.141970855575618 0.03544150131618206
24.14914422382865 0.051551668625597194
24.15631759208168 0.046896818286351886
24.163490960334713 0.02079303627780489
24.170664328587744 0.021524949161954125
24.177837696840776 0.06563054602594479
24.185011065093803 0.09851623175675442
24.192184433346835 0.10737336687546689
24.199357801599866 0.08530724095827691
24.206531169852898 0.03394034048334868
24.21370453810593 0.038506330749705546
24.22087790635896 0.11427138157897823
24.22805127461199 0.17789829530094647
24.23522464286502 0.21495991943577872
24.242398011118052 0.2175786400860867
24.249571379371083 0.18646888238491954
24.256744747624115 0.13102498122083833
24.263918115877146 0.06962836190909309
24.271091484130174 0.04746096533030854
24.278264852383206 0.07896525688797305
24.285438220636237 0.1017807698040667
24.29261158888927 0.10255266708447955
24.2997849571423 0.0845411865825525
24.306958325395332 0.05776424297497422
24.314131693648363 0.041218084807082285
24.32130506190139 0.053379132139938515
24.328478430154423 0.076724641449954
24.335651798407454 0.09741226932329143
24.342825166660486 0.11158567411506062
24.349998534913517 0.11724426540094587
24.35717190316655 0.11280963907233013
24.364345271419577 0.09781219457646552
24.37151863967261 0.07376157179891032
24.37869200792564 0.044283249448387546
24.38586537617867 0.014514667131308832
24.393038744431703 0.011976854945413016
24.400212112684734 0.02870295594425837
24.407385480937762 0.03511242092182762
24.414558849190794 0.031122854278638368
24.421732217443825 0.01912338457743772
24.428905585696857 0.008150227925186848
24.436078953949888 0.02119418782633071
24.44325232220292 0.03666590842203115
24.45042569045595 0.046870626007557585
24.45759905870898 0.0499049230482973
24.46477242696201 0.04590509547342332
24.471945795215042 0.03722014488655896
24.479119163468074 0.029121906814612682
24.486292531721105 0.028446763229011837
24.493465899974137 0.03407459588285131
24.500639268227165 0.03882756338911984
24.507812636480196 0.03919804525319446
24.514986004733228 0.036372943076982404
24.52215937298626 0.03571305377362317
24.52933274123929 0.04174201176289016
24.536506109492322 0.051213519790359256
24.54367947774535 0.05783930440431245
24.55085284599838 0.05744012651909485
24.558026214251413 0.048678634539742485
24.565199582504444 0.03279142119648305
24.572372950757476 0.013122961118396049
24.579546319010507 0.007298309992286086
24.58671968726354 0.02149394635377875
24.593893055516567 0.027989913149268426
24.6010664237696 0.025208995768132705
24.60823979202263 0.014465923008379206
24.61541316027566 0.008058739624447073
24.622586528528693 0.024147504239782572
24.629759896781724 0.03978646948389527
24.636933265034752 0.04945695589812672
24.644106633287784 0.051106579985545644
24.651280001540815 0.044957442293785344
24.658453369793847 0.03378417746180044
24.66562673804688 0.023971256509141378
24.67280010629991 0.024694170132411833
24.679973474552938 0.03274043627414028
24.68714684280597 0.03888968131881183
24.694320211059 0.03925423415937712
24.701493579312032 0.03277642227375588
24.708666947565064 0.019994588168523435
24.715840315818095 0.008208538037574617
24.723013684071127 0.02507258601255492
24.730187052324155 0.047397575070167036
24.737360420577186 0.06622720731372816
24.744533788830218 0.07704818071361101
24.75170715708325 0.07672565598975055
24.75888052533628 0.0644733666543935
24.766053893589312 0.042619298391863285
24.77322726184234 0.016707016404966153
24.78040063009537 0.009659546349593174
24.787573998348403 0.023635083520442756
24.794747366601435 0.025461123950954002
24.801920734854466 0.01800129125913329
24.809094103107498 0.027686576611066917
24.816267471360526 0.05532205458381323
24.823440839613557 0.08146159216935661
24.83061420786659 0.09635825421812656
24.83778757611962 0.09488510846353569
24.84496094437265 0.07676385681869322
24.852134312625683 0.04674596594499604
24.859307680878715 0.01801524374307518
24.866481049131743 0.031115366027137888
24.873654417384774 0.052719222682157285
24.880827785637806 0.06302631811190723
24.888001153890837 0.061974722081031976
24.89517452214387 0.05370795266793205
24.9023478903969 0.04336228802258047
24.909521258649928 0.033866948127217425
24.91669462690296 0.024853349064833538
24.92386799515599 0.015545327325828149
24.931041363409022 0.007493557787289051
24.938214731662054 0.005180641879548543
24.945388099915085 0.01173924525081137
24.952561468168113 0.025198858446825286
24.959734836421145 0.04276939547373379
24.966908204674176 0.058620245775125
24.974081572927208 0.0661633010677099
24.98125494118024 0.06087490777604743
24.98842830943327 0.0424640603854975
24.995601677686302 0.015653905337566422
25.00277504593933 0.01080710223843189
25.009948414192362 0.026753030562230717
25.017121782445393 0.02450411801499111
25.024295150698425 0.010231319519569876
25.031468518951456 0.04492145075851276
25.038641887204488 0.09345440989778846
25.045815255457516 0.13596919699440585
25.052988623710547 0.1593355680534875
25.06016199196358 0.15622327585490742
25.06733536021661 0.12871635301629936
25.07450872846964 0.09254954688912623
25.081682096722673 0.08105634794660395
25.0888554649757 0.10213231860271506
25.096028833228733 0.12022058355417005
25.103202201481764 0.11701856645646262
25.110375569734796 0.09294407148284772
25.117548937987827 0.05943200976422117
25.12472230624086 0.03595349749849701
25.13189567449389 0.04464377208251848
25.139069042746918 0.08298702458639934
25.14624241099995 0.14755016160535628
25.15341577925298 0.22994531960046544
25.160589147506013 0.31174175056625364
25.167762515759044 0.3715464795085344
25.174935884012076 0.3923389082577151
25.182109252265104 0.36645526365402675
25.189282620518135 0.2977331305340257
25.196455988771167 0.20116885880359306
25.203629357024198 0.10087551077747146
25.21080272527723 0.04286484007882106
25.21797609353026 0.0708364244490183
25.22514946178329 0.08650524977291048
25.23232283003632 0.07195439770502118
25.239496198289352 0.04176262995620932
25.246669566542383 0.0354611871377715
25.253842934795415 0.05652710747706078
25.261016303048446 0.06501744200271604
25.268189671301478 0.05490379282243047
25.275363039554506 0.0417422291498639
25.282536407807537 0.05618411856859167
25.28970977606057 0.08477417036618941
25.2968831443136 0.10512229417806435
25.304056512566632 0.11062595655901744
25.311229880819663 0.10325252526554331
25.31840324907269 0.08925092466896069
25.325576617325723 0.07442321179192009
25.332749985578754 0.0603014606803356
25.339923353831786 0.045602674327642534
25.347096722084817 0.0324620099432368
25.35427009033785 0.02965670163059259
25.361443458590877 0.03667749388556914
25.36861682684391 0.04166429963201261
25.37579019509694 0.03949203761612461
25.38296356334997 0.031363731599197545
25.390136931603003 0.021772769214842936
25.397310299856034 0.015399672589892048
25.404483668109066 0.014153493668264894
25.411657036362094 0.019028980566185152
25.418830404615125 0.028619728742338372
25.426003772868157 0.03744512123308156
25.433177141121188 0.040150157069284986
25.44035050937422 0.03471065876418349
25.44752387762725 0.026714445559702597
25.45469724588028 0.03166425483159951
25.46187061413331 0.046737277200708104
25.469043982386342 0.056968602705109735
25.476217350639374 0.05508454074824179
25.483390718892405 0.04019772039717268
25.490564087145437 0.01856788450546081
25.497737455398465 0.020781357507266715
25.504910823651496 0.04059784615815307
25.512084191904528 0.05167315037099117
25.51925756015756 0.05110548827137015
25.52643092841059 0.04351306015106196
25.533604296663622 0.03835701937482192
25.540777664916654 0.03934235762701338
25.54795103316968 0.03820672081771751
25.555124401422713 0.02885480716915948
25.562297769675745 0.019798751461523743
25.569471137928776 0.03505490344592273
25.576644506181808 0.05816752657809353
25.58381787443484 0.07467437688031245
25.590991242687867 0.08060811178826165
25.5981646109409 0.0781754690793929
25.60533797919393 0.0732791780406197
25.61251134744696 0.06899956649592597
25.619684715699993 0.060856779838934116
25.626858083953024 0.041984863399863036
25.634031452206052 0.011125517971198852
25.641204820459084 0.03317652098716247
25.648378188712115 0.07566243364525939
25.655551556965147 0.1093252536733871
25.66272492521818 0.1256187954388803
25.66989829347121 0.12066743406147429
25.67707166172424 0.09625699385526829
25.68424502997727 0.05917096679159699
25.6914183982303 0.019165184784099048
25.698591766483332 0.013973535988012478
25.705765134736364 0.03324001590546883
25.712938502989395 0.036899556150178654
25.720111871242427 0.030165575729681825
25.727285239495455 0.028533110924762475
25.734458607748486 0.04091714858063025
25.741631976001518 0.05346060426436591
25.74880534425455 0.05656131107607233
25.75597871250758 0.04730721095007533
25.763152080760612 0.026919815361516292
25.77032544901364 0.002379090293304092
25.77749881726667 0.03029890448183543
25.784672185519703 0.05509498041964091
25.791845553772735 0.06935435573866193
25.799018922025766 0.06851421755576774
25.806192290278798 0.05117155029718456
25.81336565853183 0.02722157514318333
25.820539026784857 0.05052519328262186
25.82771239503789 0.1017409549388013
25.83488576329092 0.1509759966342843
25.84205913154395 0.18674500827249696
25.849232499796983 0.20194738615038882
25.856405868050015 0.1941044745077992
25.863579236303043 0.1660004593707174
25.870752604556074 0.12557120249347653
25.877925972809106 0.08539743310005413
25.885099341062137 0.061627106138328246
25.89227270931517 0.059419898574501244
25.8994460775682 0.05982194063523617
25.906619445821228 0.04864845251846093
25.91379281407426 0.02389886928352688
25.92096618232729 0.013362151168529424
25.928139550580322 0.05256950337340423
25.935312918833354 0.0910271968871733
25.942486287086385 0.12243023233584711
25.949659655339417 0.14232676927012233
25.956833023592445 0.14817293039685228
25.964006391845476 0.1398535547043769
25.971179760098508 0.11987528349144608
25.97835312835154 0.09326700788179133
25.98552649660457 0.0674945733121466
25.992699864857602 0.051543966310127975
25.99987323311063 0.04837394524520905
26.007046601363662 0.048519106541232905
26.014219969616693 0.04302615804786731
26.021393337869725 0.029482718538298747
26.028566706122756 0.009441403184022572
26.035740074375788 0.013759409172929766
26.042913442628816 0.03619769616758037
26.050086810881847 0.05422132766924276
26.05726017913488 0.06495617909568278
26.06443354738791 0.06681491835359421
26.071606915640942 0.0598668800831953
26.078780283893973 0.04604411674566825
26.085953652147005 0.029324439797996073
26.093127020400033 0.016861778049592473
26.100300388653064 0.016820586459669357
26.107473756906096 0.019826151624434702
26.114647125159127 0.01865494982866864
26.12182049341216 0.020542860575103582
26.12899386166519 0.0348596693938349
26.136167229918218 0.055115850411585725
26.14334059817125 0.07398829920939343
26.15051396642428 0.0869426479765128
26.157687334677313 0.09179726997616183
26.164860702930344 0.08883882973522851
26.172034071183376 0.0805239558274967
26.179207439436404 0.07037968401490953
26.186380807689435 0.06127441076958001
26.193554175942467 0.05410825886268278
26.200727544195498 0.04834041173506848
26.20790091244853 0.043623110379626046
26.21507428070156 0.039982736925920685
26.222247648954593 0.03643468290332832
26.22942101720762 0.03083351878052508
26.236594385460652 0.021900768218740773
26.243767753713684 0.012754775523128125
26.250941121966715 0.01605424346669553
26.258114490219747 0.026210212069651285
26.265287858472778 0.031716288693185504
26.272461226725806 0.02882104911814568
26.279634594978837 0.01793641208696743
26.28680796323187 0.011857719882654176
26.2939813314849 0.02826728440202787
26.301154699737932 0.04514390994531095
26.308328067990963 0.054218822362740934
26.315501436243995 0.05238518692839048
26.322674804497023 0.03987229460271598
26.329848172750054 0.020436120943789212
26.337021541003086 0.009939135487087188
26.344194909256117 0.025533135547366508
26.35136827750915 0.03641251408707498
26.35854164576218 0.037457329984427884
26.36571501401521 0.02940078380688898
26.37288838226824 0.01658218820459028
26.38006175052127 0.010377754197196602
26.387235118774303 0.016753606705424355
26.394408487027334 0.01920628241464705
26.401581855280366 0.013321655418276564
26.408755223533394 0.001052987255027057
26.415928591786425 0.017139991877613295
26.423101960039457 0.03379762638729674
26.43027532829249 0.046076794094510175
26.43744869654552 0.05175605059949052
26.44462206479855 0.051072092095028575
26.451795433051583 0.0467284424028909
26.45896880130461 0.042639590370467634
26.466142169557642 0.040901039050573566
26.473315537810674 0.039773104772190905
26.480488906063705 0.03616979787290972
26.487662274316737 0.028708457403175073
26.494835642569768 0.018534105828562228
26.502009010822796 0.010121939576372316
26.509182379075828 0.01124510136906069
26.51635574732886 0.01490009528898313
26.52352911558189 0.013855294884899172
26.530702483834922 0.007433751116547897
26.537875852087954 0.007635448649172977
26.54504922034098 0.021295077566469693
26.552222588594013 0.035117826689306825
26.559395956847045 0.04542628130507928
26.566569325100076 0.04990434418574167
26.573742693353108 0.04753391693138509
26.58091606160614 0.038714362922801226
26.58808942985917 0.025117134206986764
26.5952627981122 0.009454624265468137
26.60243616636523 0.007973221719118356
26.60960953461826 0.021006626985260318
26.616782902871293 0.030677108617962322
26.623956271124325 0.03604416371184894
26.631129639377356 0.037233138611793865
26.638303007630384 0.03484726041302671
26.645476375883415 0.02959287379641033
26.652649744136447 0.02202934096552336
26.65982311238948 0.012540002898394086
26.66699648064251 0.0025313578442425462
26.67416984889554 0.012042634535223798
26.68134321714857 0.025551394827338224
26.6885165854016 0.03891079109601432
26.695689953654632 0.050516817435533656
26.702863321907664 0.05861926393549746
26.710036690160695 0.06176350530893628
26.717210058413727 0.05931249094416347
26.72438342666676 0.051898712714053864
26.731556794919786 0.04185186037685836
26.738730163172818 0.033552626578662516
26.74590353142585 0.031720490287505704
26.75307689967888 0.03577046974071963
26.760250267931912 0.04182283007547374
26.767423636184944 0.048871084265420764
26.77459700443797 0.0574026361171966
26.781770372691003 0.06597424158921827
26.788943740944035 0.07082165632858915
26.796117109197066 0.06805743835463474
26.803290477450098 0.05610283905449924
26.81046384570313 0.03833990083190224
26.817637213956157 0.03021868331676868
26.82481058220919 0.04515022443639287
26.83198395046222 0.06309561656231477
26.83915731871525 0.07161584177705131
26.846330686968283 0.06825096828874824
26.853504055221315 0.05791932514115069
26.860677423474346 0.05284996099533897
26.867850791727374 0.060489547678331396
26.875024159980406 0.07059346452374786
26.882197528233437 0.07212804991520166
26.88937089648647 0.06257813421586367
26.8965442647395 0.04862574611490954
26.90371763299253 0.04534742973675844
26.91089100124556 0.05539417627916782
26.91806436949859 0.06304146721085187
26.925237737751623 0.059288380060472684
26.932411106004654 0.04533275407996726
26.939584474257686 0.03332954962654397
26.946757842510717 0.039248005103964624
26.953931210763745 0.05058311375895347
26.961104579016776 0.05260778407410023
26.968277947269808 0.044120895736127916
26.97545131552284 0.037142168120125316
26.98262468377587 0.04723869641874975
26.989798052028902 0.06264079128091297
26.996971420281934 0.0678606863498402
27.004144788534962 0.05785481776139034
27.011318156787993 0.039012771323829944
27.018491525041025 0.04006535382937865
27.025664893294056 0.06761291064200135
27.032838261547088 0.0932524633111936
27.04001162980012 0.10516166770020326
27.047184998053147 0.10074352709024721
27.05435836630618 0.0832509267774345
27.06153173455921 0.059688504139608606
27.068705102812242 0.03803381341769926
27.075878471065273 0.02472463826210011
27.083051839318305 0.023747492892958518
27.090225207571333 0.03333701119376221
27.097398575824364 0.04635775801649478
27.104571944077396 0.05539095727937874
27.111745312330427 0.054603276787896914
27.11891868058346 0.04179267847022673
27.12609204883649 0.021857021983624863
27.13326541708952 0.025819172385638967
27.14043878534255 0.052025528828629125
27.14761215359558 0.07365558438787341
27.154785521848613 0.08448179747135909
27.161958890101644 0.08415485021576058
27.169132258354676 0.07625566953058198
27.176305626607707 0.06603368530264153
27.183478994860735 0.05672057012615206
27.190652363113767 0.04750721696323639
27.197825731366798 0.036456844350573885
27.20499909961983 0.02456032265355742
27.21217246787286 0.017239370352728524
27.219345836125893 0.01811294709747523
27.22651920437892 0.01960247296148394
27.233692572631952 0.0169407412260898
27.240865940884984 0.011923555049416203
27.248039309138015 0.010299957433280391
27.255212677391047 0.012911515654555126
27.262386045644078 0.016632891905465675
27.26955941389711 0.02388908570773571
27.276732782150138 0.0351621922863963
27.28390615040317 0.04603424424555862
27.2910795186562 0.05130703252378729
27.298252886909232 0.048010696495489266
27.305426255162264 0.038504817868754385
27.312599623415295 0.03651089244566914
27.319772991668323 0.0543947671611323
27.326946359921354 0.07983974673643021
27.334119728174386 0.10142820374809579
27.341293096427417 0.11348836226463256
27.34846646468045 0.11375746125574837
27.35563983293348 0.10265376728378092
27.36281320118651 0.08287147525244627
27.36998656943954 0.05956457364197084
27.37715993769257 0.04206297752533722
27.384333305945603 0.041100463129033475
27.391506674198634 0.04923860283507529
27.398680042451666 0.05242149492689184
27.405853410704697 0.045370721358792096
27.413026778957725 0.028744832972777114
27.420200147210757 0.008627276512878734
27.42737351546379 0.019134198653315823
27.43454688371682 0.03596707327191247
27.44172025196985 0.04424121708335336
27.448893620222883 0.043189932884830834
27.45606698847591 0.03566093531381966
27.463240356728942 0.026526046476197815
27.470413724981974 0.01941442624148232
27.477587093235005 0.014748899658855563
27.484760461488037 0.018677050860037868
27.49193382974107 0.035245159899300424
27.499107197994096 0.05624137297469673
27.506280566247128 0.07437932461608854
27.51345393450016 0.08414229002719703
27.52062730275319 0.08258792960781909
27.527800671006222 0.07002585310569136
27.534974039259254 0.04973638773653793
27.542147407512285 0.02683112140584981
27.549320775765313 0.007491116338364128
27.556494144018345 0.010616744365316734
27.563667512271376 0.017538087795543042
27.570840880524408 0.01792402953337586
27.57801424877744 0.012962798943887527
27.58518761703047 0.0075395073702313265
27.5923609852835 0.01644180683904187
27.59953435353653 0.031733740612634766
27.60670772178956 0.04610800928583382
27.613881090042593 0.0551820638880364
27.621054458295625 0.05555931908274455
27.628227826548656 0.04593675763062948
27.635401194801684 0.0279362575889007
27.642574563054715 0.005906963216231111
27.649747931307747 0.014547665521546354
27.65692129956078 0.028237965959049066
27.66409466781381 0.032955316066942984
27.67126803606684 0.03157413344075595
27.678441404319873 0.033237834332804646
27.6856147725729 0.04289864474368266
27.692788140825932 0.05308240521199257
27.699961509078964 0.05597790145386043
27.707134877331995 0.04837714303079976
27.714308245585027 0.031396366552104024
27.72148161383806 0.009722079115563352
27.728654982091086 0.01330853235234963
27.735828350344118 0.02889343091511124
27.74300171859715 0.03595382787691528
27.75017508685018 0.03432355966956937
27.757348455103212 0.026949503864019796
27.764521823356244 0.018593039537636347
27.771695191609272 0.013190205835133516
27.778868559862303 0.010392312610080797
27.786041928115335 0.010138776225131901
27.793215296368366 0.015783440283787333
27.800388664621398 0.023507415072531953
27.80756203287443 0.028155723562455815
27.81473540112746 0.026908591224328256
27.82190876938049 0.019629032921282333
27.82908213763352 0.009609649428872581
27.83625550588655 0.009343458007830414
27.843428874139583 0.01653081863765255
27.850602242392615 0.018991751149260633
27.857775610645646 0.015218478354605405
27.864948978898674 0.008139312487966545
27.872122347151706 0.009577788383780433
27.879295715404737 0.01721890420746847
27.88646908365777 0.021821356707734493
27.8936424519108 0.022967468839370106
27.90081582016383 0.02416337902105695
27.90798918841686 0.028424900052993585
27.91516255666989 0.033685450513160256
27.922335924922923 0.03636826221999112
27.929509293175954 0.03520003570557713
27.936682661428986 0.03151649205050356
27.943856029682017 0.02741546628569442
27.95102939793505 0.022935804226582215
27.958202766188077 0.017764048457079525
27.965376134441108 0.021703311723028234
27.97254950269414 0.041105222461401976
27.97972287094717 0.0660039222182929
27.986896239200203 0.0883177297018704
27.994069607453234 0.10187554050850807
28.001242975706262 0.10297851732728744
28.008416343959293 0.09142990734554106
28.015589712212325 0.07073589406726315
28.022763080465356 0.047672072712610716
28.029936448718388 0.03251121210902642
28.03710981697142 0.03466687291854205
28.044283185224447 0.04855310984445836
28.05145655347748 0.0684449116473327
28.05862992173051 0.09152584296994494
28.065803289983542 0.11212981236755097
28.072976658236573 0.12329210167507994
28.080150026489605 0.1197701428371602
28.087323394742636 0.1002047744475601
28.094496762995664 0.06852663660997717
28.101670131248696 0.03765188560147716
28.108843499501727 0.04006926672297339
28.11601686775476 0.06333690692097883
28.12319023600779 0.07795740293871263
28.130363604260822 0.0784030160062185
28.13753697251385 0.06714073969264966
28.14471034076688 0.0509804772394916
28.151883709019913 0.03838772779103062
28.159057077272944 0.03249403828017356
28.166230445525976 0.026603451521165836
28.173403813779007 0.01459587754261752
28.180577182032035 0.004895433354065012
28.187750550285067 0.026042505676750833
28.194923918538098 0.04679289513135942
28.20209728679113 0.06334793989366344
28.20927065504416 0.07389004627397729
28.216444023297193 0.07790772186163439
28.223617391550224 0.07540752475209445
28.230790759803252 0.06639079601260979
28.237964128056284 0.05116973659215524
28.245137496309315 0.03132598315631512
28.252310864562347 0.012815939614622074
28.259484232815378 0.020793575621901473
28.26665760106841 0.03909149379590988
28.273830969321438 0.05454839033771617
28.28100433757447 0.0665765975437546
28.2881777058275 0.07531308058478697
28.295351074080532 0.07943024180656241
28.302524442333564 0.07624240071600479
28.309697810586595 0.0635986384081274
28.316871178839623 0.04219475384612815
28.324044547092655 0.0205598016761927
28.331217915345686 0.030241197540024224
28.338391283598718 0.05315046295701199
28.34556465185175 0.06771215759436207
28.35273802010478 0.06927190325088511
28.359911388357812 0.05859625427604868
28.36708475661084 0.041829495012957386
28.37425812486387 0.033004342606039024
28.381431493116903 0.04152462241182743
28.388604861369934 0.052865347523829175
28.395778229622966 0.056852963769987455
28.402951597875997 0.05169379986052129
28.410124966129025 0.03960851051648612
28.417298334382057 0.024675881435475566
28.42447170263509 0.01104213665783471
28.43164507088812 0.0021649445826752685
28.43881843914115 0.006061144359312306
28.445991807394183 0.011830808305505902
28.453165175647214 0.018973384207365208
28.460338543900242 0.026405466523986607
28.467511912153274 0.03200699816145696
28.474685280406305 0.03409168613967101
28.481858648659337 0.03185244506881942
28.48903201691237 0.025577913563462985
28.4962053851654 0.017218119200739686
28.503378753418428 0.012524036126991975
28.51055212167146 0.016543229175354182
28.51772548992449 0.021150454668736142
28.524898858177522 0.020377400884948823
28.532072226430554 0.012992273400912394
28.539245594683585 0.009865682976477155
28.546418962936613 0.026723667205582065
28.553592331189645 0.04609227426900254
28.560765699442676 0.061230878755792084
28.567939067695708 0.0682912774892548
28.57511243594874 0.06573023548166483
28.58228580420177 0.05480804349877145
28.589459172454802 0.03978577105955631
28.59663254070783 0.028196252913953487
28.60380590896086 0.026973870029689668
28.610979277213893 0.03040514570715453
28.618152645466925 0.03038335508288846
28.625326013719956 0.025393985680633332
28.632499381972988 0.01761209157353382
28.639672750226016 0.010385814428396568
28.646846118479047 0.005820182036535189
28.65401948673208 0.00426640209099759
28.66119285498511 0.009968908087596925
28.66836622323814 0.01971438899866998
28.675539591491173 0.029567001587154286
28.6827129597442 0.03658721326202318
28.689886327997232 0.03900801807694672
28.697059696250264 0.036775832901888836
28.704233064503295 0.03145639144675237
28.711406432756327 0.02537563453851068
28.71857980100936 0.020088239563243005
28.72575316926239 0.015209046460308804
28.732926537515418 0.009582715377282912
28.74009990576845 0.003914372606127688
28.74727327402148 0.0049303497386729124
28.754446642274512 0.008494393799697322
28.761620010527544 0.01153541185110528
28.768793378780575 0.018601822518936245
28.775966747033603 0.031188614196923762
28.783140115286635 0.045862364007305124
28.790313483539666 0.05821407583608953
28.797486851792698 0.06442992341074412
28.80466022004573 0.062222268988390735
28.81183358829876 0.051502858758589246
28.81900695655179 0.0347351285477786
28.82618032480482 0.018069066831404232
28.833353693057852 0.017116083000228214
28.840527061310883 0.027330697837084975
28.847700429563915 0.033114196332103704
28.854873797816946 0.032086450266713834
28.862047166069978 0.025957443495058477
28.869220534323006 0.018541129784168404
28.876393902576037 0.014321699061471427
28.88356727082907 0.013913655556265767
28.8907406390821 0.013851988214111082
28.89791400733513 0.014084258818855735
28.905087375588163 0.017083733839922333
28.91226074384119 0.021751524317442542
28.919434112094223 0.02465034848769698
28.926607480347254 0.023533404537918617
28.933780848600286 0.018223961156340063
28.940954216853317 0.01164954791993532
28.94812758510635 0.012686871704390859
28.955300953359377 0.02086679015382276
28.962474321612408 0.02851368097767668
28.96964768986544 0.03350170306538949
28.97682105811847 0.03617505640467302
28.983994426371503 0.037943125243374856
28.991167794624534 0.040009024016518506
28.998341162877566 0.042349455871062376
29.005514531130594 0.04380066768755364
29.012687899383625 0.04296985371843724
29.019861267636657 0.03899367754618602
29.027034635889688 0.031835925197217174
29.03420800414272 0.02239529071459016
29.04138137239575 0.012702047309524716
29.04855474064878 0.006815630941218631
29.05572810890181 0.007405883098971284
29.062901477154842 0.00776484055325577
29.070074845407873 0.010810397026249705
29.077248213660905 0.022692888014593043
29.084421581913936 0.039310348184072315
29.091594950166964 0.055800663906794806
29.098768318419996 0.06771382501522713
29.105941686673027 0.07151907927664267
29.11311505492606 0.06544519303911132
29.12028842317909 0.05007347922263601
29.127461791432122 0.028773897633104353
29.134635159685153 0.012786237558223775
29.14180852793818 0.02537029959074777
29.148981896191213 0.03992191551890153
29.156155264444244 0.04631011729536731
29.163328632697276 0.04364527619061925
29.170502000950307 0.033879805135280716
29.17767536920334 0.020734700990832845
29.184848737456367 0.008521742680461707
29.1920221057094 0.0016008633664254862
29.19919547396243 0.00275692009481334
29.20636884221546 0.007371143052735912
29.213542210468493 0.01809578543188358
29.220715578721524 0.03148690983558669
29.227888946974552 0.044279216947121544
29.235062315227584 0.054015879694401935
29.242235683480615 0.059448427498209014
29.249409051733647 0.060444372526247965
29.256582419986678 0.05744105012798038
29.26375578823971 0.05092757611912064
29.27092915649274 0.04134490533523727
29.27810252474577 0.029375377913195822
29.2852758929988 0.016406131774889716
29.292449261251832 0.006082108203307786
29.299622629504864 0.009212318435419174
29.306795997757895 0.013992857309332364
29.313969366010927 0.014064934349918307
29.321142734263955 0.009880398800252592
29.328316102516986 0.005374003535034689
29.335489470770018 0.00890102111444143
29.34266283902305 0.013978790034625991
29.34983620727608 0.016678948435367172
29.357009575529112 0.018693602768024977
29.36418294378214 0.02391025557445722
29.37135631203517 0.032674021371257564
29.378529680288203 0.041504009723896354
29.385703048541234 0.04686877999055372
29.392876416794266 0.04666062217546717
29.400049785047297 0.040596248992989824
29.40722315330033 0.030241187391995362
29.414396521553357 0.019083955405296605
29.42156988980639 0.01385668540049637
29.42874325805942 0.018034111187288305
29.43591662631245 0.02378180743844346
29.443089994565483 0.02771557712293907
29.450263362818514 0.030003534827592562
29.457436731071542 0.0314493577733151
29.464610099324574 0.03276653474530033
29.471783467577605 0.034877330534499214
29.478956835830637 0.03878502901049145
29.48613020408367 0.04430362145059566
29.4933035723367 0.049486850655096344
29.500476940589728 0.05174566270168055
29.50765030884276 0.04929721330036866
29.51482367709579 0.04215402405878308
29.521997045348822 0.03281979828938205
29.529170413601854 0.026710701947851107
29.536343781854885 0.028084782037022277
29.543517150107917 0.0327283825019168
29.550690518360945 0.0351079471576907
29.557863886613976 0.03375965736641303
29.565037254867008 0.030313088565869926
29.57221062312004 0.027491255044691593
29.57938399137307 0.02599100650981398
29.586557359626102 0.023560370561385966
29.59373072787913 0.018054934795132673
29.60090409613216 0.01007169926968352
29.608077464385193 0.007988187295417252
29.615250832638225 0.015349419411572567
29.622424200891256 0.02034468978248694
29.629597569144288 0.019577465631441533
29.636770937397316 0.013494000686093589
29.643944305650347 0.0095289159736878
29.65111767390338 0.01770466816701804
29.65829104215641 0.026363868314896708
29.66546441040944 0.028767463504710787
29.672637778662473 0.022444324705603782
29.679811146915505 0.007895391587064383
29.686984515168533 0.014150140457635739
29.694157883421564 0.036627340223865025
29.701331251674596 0.056084592882597276
29.708504619927627 0.06825615771464441
29.71567798818066 0.07087543405336327
29.72285135643369 0.06437014382780372
29.730024724686718 0.05239498720798142
29.73719809293975 0.04196956512313515
29.74437146119278 0.04026465196924687
29.751544829445812 0.04541262397934548
29.758718197698844 0.049849329085837835
29.765891565951875 0.0494047321661508
29.773064934204903 0.043518015536706256
29.780238302457935 0.033647760649173394
29.787411670710966 0.022467668540022488
29.794585038963998 0.015223344061557375
29.80175840721703 0.01848582600698206
29.80893177547006 0.02604050309310544
29.816105143723092 0.031178725056359626
29.82327851197612 0.03154689375189314
29.830451880229152 0.026778657490893292
29.837625248482183 0.018113613472825817
29.844798616735215 0.008269477871620606
29.851971984988246 0.0035647388469141885
29.859145353241278 0.006348454821716283
29.866318721494306 0.004847572222065844
29.873492089747337 0.0037882009868223693
29.88066545800037 0.014158224662983146
29.8878388262534 0.025727645234015505
29.89501219450643 0.03478370598682854
29.902185562759463 0.0388901330567172
29.90935893101249 0.037230002945359934
29.916532299265523 0.030789172910809067
29.923705667518554 0.02196742283027566
29.930879035771586 0.013706931004599842
29.938052404024617 0.008437129057555602
29.94522577227765 0.0074854308832028186
29.95239914053068 0.010967980175169586
29.959572508783708 0.017136779469876497
29.96674587703674 0.023558078809857625
29.97391924528977 0.028168927556097574
29.981092613542803 0.029835747836711078
29.988265981795834 0.028502038520806624
29.995439350048866 0.024824791943592318
30.002612718301894 0.019734217311781453
30.009786086554925 0.014943559014433436
30.016959454807957 0.014446043096154632
30.024132823060988 0.019417543947830716
30.03130619131402 0.024771540953092287
30.03847955956705 0.026505678159765587
30.04565292782008 0.02373265426736645
30.05282629607311 0.020998650967673085
30.059999664326142 0.027092246817262508
30.067173032579174 0.038995152838965416
30.074346400832205 0.047955645452045066
30.081519769085237 0.048649272496112395
30.088693137338268 0.039587214829912246
30.095866505591296 0.024523295670748516
30.103039873844327 0.019700689578239707
30.11021324209736 0.0325900922304627
30.11738661035039 0.041656559943969836
30.124559978603422 0.037966926651667836
30.131733346856453 0.019949785151602395
30.13890671510948 0.013108186458763988
30.146080083362513 0.048344156872304415
30.153253451615544 0.0826546658932928
30.160426819868576 0.10788124155519371
30.167600188121607 0.11912830879769389
30.17477355637464 0.11522265650941202
30.181946924627667 0.09868984105899917
30.1891202928807 0.07464857462943389
30.19629366113373 0.04915822593346991
30.20346702938676 0.02803961982025026
30.210640397639793 0.01831215264429305
30.217813765892824 0.023176612886677654
30.224987134145856 0.03236872236777019
30.232160502398884 0.04064206564875397
30.239333870651915 0.04642839133133084
30.246507238904947 0.04938483298920187
30.25368060715798 0.050163515344695306
30.26085397541101 0.04947884779415898
30.26802734366404 0.04695504335782014
30.27520071191707 0.04125099904698739
30.2823740801701 0.03154186456277802
30.289547448423132 0.019190191818630617
30.296720816676164 0.011490704249281194
30.303894184929195 0.01808937172896374
30.311067553182227 0.025986477133378896
30.318240921435255 0.028907530870476063
30.325414289688286 0.026528556473681797
30.332587657941318 0.022140667259738598
30.33976102619435 0.023873281741393634
30.34693439444738 0.03538129329643163
30.354107762700412 0.050742759533022146
30.361281130953444 0.06457280437546303
30.36845449920647 0.07285571746436341
30.375627867459503 0.07268340678539972
30.382801235712535 0.06304048218820454
30.389974603965566 0.04583680435501772
30.397147972218598 0.027737221987575368
30.40432134047163 0.02403423168491518
30.411494708724657 0.03349917775106735
30.41866807697769 0.038176469812728576
30.42584144523072 0.03302673111125359
30.43301481348375 0.021319619196795394
30.440188181736783 0.01803325675205521
30.447361549989814 0.029385174617528494
30.454534918242846 0.03748227093949801
30.461708286495874 0.03543561857276359
30.468881654748905 0.02340133967208882
30.476055023001937 0.010534971712308813
30.48322839125497 0.02208949968190292
30.490401759508 0.03537525404829596
30.49757512776103 0.038453074474524576
30.50474849601406 0.02950993120421396
30.51192186426709 0.013746172219998583
30.519095232520122 0.021332564345067535
30.526268600773154 0.042541610277233834
30.533441969026185 0.05752593340020974
30.540615337279217 0.062312475994842326
30.547788705532245 0.0580301370910553
30.554962073785276 0.04999983976495915
30.562135442038308 0.044576654723711286
30.56930881029134 0.04230153606092652
30.57648217854437 0.037442560113113685
30.583655546797402 0.02576832059115105
30.590828915050434 0.007773138089857629
30.59800228330346 0.013413481694928349
30.605175651556493 0.031585269161097225
30.612349019809525 0.0429202430648263
30.619522388062556 0.045517376703597276
30.626695756315588 0.04046891218603058
30.63386912456862 0.03105446129886045
30.641042492821647 0.02088854788178113
30.64821586107468 0.011464800142568255
30.65538922932771 0.005468941551191448
30.66256259758074 0.016774289833342438
30.669735965833773 0.03269007119773931
30.676909334086805 0.04719330927734881
30.684082702339833 0.05637283376778332
30.691256070592864 0.05808157372647532
30.698429438845896 0.05297327457874661
30.705602807098927 0.04476282325655059
30.71277617535196 0.03892862395839643
30.71994954360499 0.03808887499543014
30.72712291185802 0.03913112255045017
30.73429628011105 0.038747761346075854
30.74146964836408 0.03707513180003966
30.748643016617113 0.03581426395326931
30.755816384870144 0.03478629225200138
30.762989753123176 0.031578296244695284
30.770163121376207 0.024440708816595342
30.777336489629235 0.014108662398938803
30.784509857882266 0.0035759785508540295
30.791683226135298 0.004154692689948225
30.79885659438833 0.007507145306852941
30.80602996264136 0.014580280690406807
30.813203330894392 0.0306322058998004
30.82037669914742 0.051123704688710844
30.827550067400452 0.06995221198096782
30.834723435653483 0.0813714855544272
30.841896803906515 0.0814352200569638
30.849070172159546 0.06918572664036458
30.856243540412578 0.04705328656868728
30.86341690866561 0.020881169278687106
30.870590276918637 0.01300997065980768
30.87776364517167 0.02990309288610894
30.8849370134247 0.03944585662034425
30.892110381677732 0.04068382445720698
30.899283749930763 0.040225429852037385
30.906457118183795 0.04609505685025986
30.913630486436823 0.05640887552421742
30.920803854689854 0.06303002272141975
30.927977222942886 0.060453481041821064
30.935150591195917 0.047531343851842565
30.94232395944895 0.027509189241487396
30.94949732770198 0.014352829057506188
30.956670695955008 0.028591572500456054
30.96384406420804 0.04276945124301911
30.97101743246107 0.04761074571734153
30.978190800714103 0.042414431543077134
30.985364168967134 0.02984359809028474
30.992537537220166 0.01493090671130088
30.999710905473197 0.007517713650825149
31.006884273726225 0.012083022626530021
31.014057641979257 0.012604323120622003
31.021231010232288 0.008148496518302984
31.02840437848532 0.010171848624021885
31.03557774673835 0.020555309781311662
31.042751114991383 0.029888401023832653
31.04992448324441 0.03569043893945873
31.057097851497442 0.03902744544630548
31.064271219750474 0.04350090761422348
31.071444588003505 0.051883803853487516
31.078617956256537 0.06305707992184413
31.085791324509568 0.0738949851692629
31.092964692762596 0.08190590959300302
31.100138061015627 0.0858145766471256
31.10731142926866 0.0852466546393927
31.11448479752169 0.08028348963292978
31.121658165774722 0.07111646311560235
31.128831534027753 0.05815177734316596
31.136004902280785 0.04249451858329497
31.143178270533813 0.02641971865609894
31.150351638786844 0.015082753522638047
31.157525007039876 0.01704128492552096
31.164698375292907 0.024267329502344035
31.17187174354594 0.028419403269555176
31.17904511179897 0.027737285816232273
31.186218480052 0.022234274117865816
31.19339184830503 0.012958238318393765
31.20056521655806 0.0055474380864933125
31.207738584811093 0.015204969045305442
31.214911953064124 0.026628776094725394
31.222085321317156 0.034603463418930516
31.229258689570184 0.03724477891813504
31.236432057823215 0.03401670471307964
31.243605426076247 0.0258185147566858
31.25077879432928 0.014809785664566161
31.25795216258231 0.003936926271834556
31.26512553083534 0.004113180394119231
31.272298899088373 0.006933836876917148
31.2794722673414 0.004175637220501799
31.286645635594432 0.004191115089092017
31.293819003847464 0.014001706543872776
31.300992372100495 0.023339690684755197
31.308165740353527 0.029200757276493423
31.31533910860656 0.02984485543391019
31.322512476859586 0.02534241554647038
31.329685845112618 0.01844713868853056
31.33685921336565 0.016180071612434677
31.34403258161868 0.021845427611858235
31.351205949871712 0.028415739680016254
31.358379318124744 0.03190014226920128
31.36555268637777 0.03204064041815898
31.372726054630803 0.03038656916171348
31.379899422883835 0.028499300377685218
31.387072791136866 0.026163986616402856
31.394246159389898 0.021592440593375416
31.40141952764293 0.013377801345224725
31.40859289589596 0.002457288937125253
31.41576626414899 0.012447970707440638
31.42293963240202 0.02546180268406269
31.43011300065505 0.03559012820702063
31.437286368908083 0.04140713522879329
31.444459737161115 0.04302226124677314
31.451633105414146 0.04198342574059195
31.458806473667174 0.04038672481963808
31.465979841920205 0.03935080370698086
31.473153210173237 0.03822270945253685
31.48032657842627 0.03555552721196097
31.4874999466793 0.03047809858474029
31.49467331493233 0.02314042756572963
31.50184668318536 0.01448072244550413
31.50902005143839 0.006197603147308513
31.516193419691422 0.005385536165104862
31.523366787944454 0.010853877958115628
31.530540156197485 0.014461014484699972
31.537713524450517 0.015435883827487647
31.54488689270355 0.015226516190850034
31.552060260956576 0.017232672589070054
31.559233629209608 0.022690404854070673
31.56640699746264 0.028762728627886393
31.57358036571567 0.03234658251630361
31.580753733968702 0.03195149231484449
31.587927102221734 0.028492524038989896
31.595100470474762 0.025639913914918894
31.602273838727793 0.026807838689025434
31.609447206980825 0.029478646642190666
31.616620575233856 0.02833032120528726
31.623793943486888 0.020273342639096272
31.63096731173992 0.006009599052421139
31.638140679992947 0.01635658004509108
31.64531404824598 0.037417450268706985
31.65248741649901 0.05522206498334464
31.65966078475204 0.06578978358532502
31.666834153005073 0.06686562220329834
31.674007521258105 0.05827824801599966
31.681180889511136 0.04191382439451395
31.688354257764164 0.021212126604419318
31.695527626017196 0.00456726308841652
31.702700994270227 0.020400009070078523
31.70987436252326 0.034133392291095126
31.71704773077629 0.041880770736300366
31.72422109902932 0.04376917238421253
31.73139446728235 0.04101984194890554
31.73856783553538 0.03549025487465811
31.745741203788413 0.029192495807106148
31.752914572041444 0.023505965522762597
31.760087940294476 0.018687597476556527
31.767261308547507 0.014973143258665509
31.774434676800535 0.014466853176702635
31.781608045053567 0.018346257535147605
31.788781413306598 0.02331907709979694
31.79595478155963 0.02583772340622699
31.80312814981266 0.023981012217457277
31.810301518065693 0.017633452755217126
31.817474886318724 0.009383410871729498
31.824648254571752 0.0100581573627828
31.831821622824783 0.01864273876320453
31.838994991077815 0.025532565117353096
31.846168359330846 0.029411395952534204
31.853341727583878 0.031646757927448046
31.86051509583691 0.03400990050927099
31.867688464089937 0.03623152550703835
31.87486183234297 0.03593372991058776
31.882035200596 0.0308203835409333
31.889208568849032 0.020538763565877596
31.896381937102063 0.010137239223949265
31.903555305355095 0.018510967521199975
31.910728673608123 0.033401728106859464
31.917902041861154 0.04447195901019345
31.925075410114186 0.04865725217801728
31.932248778367217 0.04486353101513524
31.93942214662025 0.03355667728471002
31.94659551487328 0.01643854927233435
31.953768883126312 0.004646975354042196
31.96094225137934 0.025340949319318025
31.96811561963237 0.04395078923796502
31.975288987885403 0.05781828285575844
31.982462356138434 0.06547767653894217
31.989635724391466 0.06661677058673539
31.996809092644497 0.06211466391371612
32.00398246089753 0.05382330135702876
32.01115582915056 0.04402141751197505
32.018329197403595 0.03481048199898088
32.02550256565662 0.028183641217432002
32.03267593390965 0.026896953799004978
32.039849302162686 0.03274822542605035
32.047022670415714 0.04363569510333849
32.05419603866875 0.056269540560793876
32.06136940692178 0.06802263831812025
32.06854277517481 0.07681010763982071
32.07571614342784 0.08096727270017257
32.08288951168087 0.07931292100719434
32.0900628799339 0.07133494401372659
32.09723624818693 0.057426622555125394
32.104409616439966 0.039026370978604175
32.111582984692994 0.01857135322882197
32.11875635294602 0.004539570255603153
32.12592972119906 0.019388910339502012
32.133103089452085 0.030863802044316036
32.14027645770512 0.035880384740085466
32.14744982595815 0.03387639552825705
32.15462319421118 0.025104508498867317
32.16179656246421 0.01069193311208543
32.16896993071724 0.007760087038851732
32.176143298970274 0.026238884778544178
32.1833166672233 0.04157883757709185
32.19049003547634 0.05013132486139726
32.197663403729365 0.04963448827009546
32.2048367719824 0.04023233986393908
32.21201014023543 0.025864376411086118
32.219183508488456 0.01917598366459838
32.22635687674149 0.029093414715984617
32.23353024499452 0.03903098533060792
32.240703613247554 0.04136864206891325
32.24787698150058 0.0361044115232044
32.25505034975361 0.028519344337526568
32.262223718006645 0.02733183119579226
32.26939708625967 0.03215557349848098
32.27657045451271 0.03394650460077254
32.283743822765736 0.028002957016280448
32.29091719101877 0.015276327330916585
32.2980905592718 0.011082070836551893
32.30526392752483 0.026653562018059095
32.31243729577786 0.03973158245261503
32.31961066403089 0.04499747043085137
32.326784032283925 0.0415029019837234
32.33395740053695 0.03137525886476788
32.34113076878999 0.02101264184385483
32.348304137043016 0.022826183535998953
32.355477505296044 0.03430278562620511
32.36265087354908 0.04455696827756057
32.36982424180211 0.04937470624279116
32.37699761005514 0.04731777102958885
32.38417097830817 0.03859277942300112
32.3913443465612 0.02519860065255743
32.39851771481423 0.012155510547103475
32.40569108306726 0.011709597792762193
32.412864451320296 0.01673922233162883
32.420037819573324 0.015529851414111688
32.42721118782636 0.013328035685773482
32.43438455607939 0.026511113305810758
32.441557924332415 0.046929087823500956
32.44873129258545 0.06467955103337612
32.45590466083848 0.07389814600182477
32.46307802909151 0.07183603365222252
32.47025139734454 0.05961804257066417
32.477424765597576 0.0426102590333394
32.484598133850604 0.030401992753231903
32.49177150210363 0.029535758318345005
32.49894487035667 0.030838893173145265
32.506118238609695 0.02644935332008311
32.51329160686273 0.020085859272856412
32.52046497511576 0.024895374471823443
32.527638343368785 0.03709841253004477
32.53481171162182 0.04510526690727176
32.54198507987485 0.04428308939558306
32.54915844812788 0.03460126650722172
32.55633181638091 0.019316640845302307
32.56350518463395 0.004679986538844382
32.570678552886974 0.010578797187851813
32.57785192114 0.016326926469461364
32.58502528939304 0.017028390285001225
32.592198657646065 0.018284300798061124
32.5993720258991 0.024216116296107988
32.60654539415213 0.030745529984057093
32.61371876240516 0.033260665859398866
32.62089213065819 0.03021320229716627
32.62806549891122 0.022737185296121634
32.635238867164254 0.013492253366100593
32.64241223541728 0.005260447441075928
32.64958560367032 0.004803063128983529
32.656758971923345 0.012059700087602224
32.66393234017637 0.02046979921527695
32.67110570842941 0.027855393990356764
32.678279076682436 0.03142056144061877
32.68545244493547 0.029120918059549385
32.6926258131885 0.02074224672012316
32.699799181441534 0.00843810902553259
32.70697254969456 0.007693997065693562
32.71414591794759 0.01878464701772057
32.721319286200625 0.02547602568673493
32.72849265445365 0.0264741113301749
32.73566602270669 0.022803240391613876
32.742839390959716 0.016908168729661735
32.75001275921275 0.011630083736156597
32.75718612746578 0.009110420952978924
32.76435949571881 0.009825521097702714
32.77153286397184 0.012361376108788411
32.77870623222487 0.014321592418957321
32.785879600477905 0.013342918807519151
32.79305296873093 0.008367041552075561
32.80022633698396 0.005102449812736367
32.807399705236996 0.014443038001287765
32.814573073490024 0.023717066164390826
32.82174644174306 0.028169043644049593
32.82891980999609 0.026310959031425853
32.83609317824912 0.021900270733084346
32.84326654650215 0.0267034616521836
32.85043991475518 0.04170403571031232
32.85761328300821 0.056801541156131445
32.86478665126124 0.06568622714302898
32.871960019514276 0.06561071649798761
32.879133387767304 0.05681888818106563
32.88630675602034 0.04199783798753524
32.89348012427337 0.025266470279211015
32.900653492526395 0.011121055726615207
32.90782686077943 0.005343797042959588
32.91500022903246 0.006821208938006015
32.92217359728549 0.005862013389780591
32.92934696553852 0.0033016139210805405
32.93652033379155 0.004362738764173059
32.943693702044584 0.008039844419433253
32.95086707029761 0.01217275450632322
32.95804043855065 0.016500734356928136
32.965213806803675 0.01996284095136799
32.97238717505671 0.021131740061525777
32.97956054330974 0.019378795717468485
32.986733911562766 0.01578483963221827
32.9939072798158 0.01333018527733284
33.00108064806883 0.013810531029151361
33.008254016321864 0.014400766473177982
33.01542738457489 0.01234081472606665
33.02260075282793 0.008132598677973191
33.029774121080955 0.0075330659832514215
33.03694748933398 0.012091680479106323
33.04412085758702 0.014835124605668796
33.051294225840046 0.012858487002460546
33.05846759409308 0.006001267680934113
33.06564096234611 0.0053150211005162686
33.07281433059914 0.01624697857981207
33.07998769885217 0.02486389827890845
33.0871610671052 0.028235538274926145
33.094334435358235 0.024809784447270385
33.10150780361126 0.01456009514396962
33.1086811718643 0.0013686371332703531
33.115854540117326 0.01984839178498461
33.123027908370354 0.03835049979666893
33.13020127662339 0.05339482873541686
33.13737464487642 0.06206221292312939
33.14454801312945 0.062326593352285194
33.15172138138248 0.053550256616508495
33.158894749635515 0.03685756174663054
33.16606811788854 0.015145015224415874
33.17324148614157 0.007802038912361853
33.180414854394606 0.026982543912471086
33.18758822264763 0.039284642459726474
33.19476159090067 0.042939523187895255
33.2019349591537 0.038585830193077396
33.209108327406724 0.028932625083468475
33.21628169565976 0.01789015392646539
33.22345506391279 0.009544698898327013
33.23062843216582 0.007519853632264148
33.23780180041885 0.011700110261820707
33.244975168671886 0.019487196907051432
33.25214853692491 0.028257435653865542
33.25932190517794 0.03462234012511789
33.26649527343098 0.03574732314592345
33.273668641684004 0.03046704214717554
33.28084200993704 0.01975077550582722
33.28801537819007 0.0069271525018828545
33.2951887464431 0.008735696812263178
33.30236211469613 0.017750067177116715
33.30953548294916 0.022014507967562665
33.31670885120219 0.021636174915245714
33.32388221945522 0.0188260864656523
33.331055587708256 0.016154547498416567
33.338228955961284 0.014171282756244099
33.34540232421431 0.011952607175622377
33.35257569246735 0.011812557292748506
33.359749060720375 0.01753249293156539
33.36692242897341 0.025455671324575307
33.37409579722644 0.030788692716636507
33.38126916547947 0.0307097333059644
33.3884425337325 0.024469696839676154
33.39561590198553 0.013475242119662152
33.402789270238564 0.004418893429581514
33.40996263849159 0.013727481775856204
33.41713600674463 0.021167706424023516
33.424309374997655 0.022395541440597355
33.43148274325069 0.017557770227704442
33.43865611150372 0.01080571982454428
33.445829479756746 0.013786149920100578
33.45300284800978 0.022803347791316247
33.46017621626281 0.028738777646452548
33.467349584515844 0.028840310513859498
33.47452295276887 0.02306043382405608
33.4816963210219 0.013359271722441396
33.488869689274935 0.004841498197847839
33.49604305752796 0.0095323876927437
33.503216425781 0.014563866653069312
33.510389794034026 0.016348470256287537
33.51756316228706 0.01884978107453032
33.52473653054009 0.026311418413936926
33.53190989879312 0.03659138729971999
33.53908326704615 0.04527539695993765
33.54625663529918 0.04922894118351926
33.553430003552215 0.047193520227787326
33.56060337180524 0.03982212878201637
33.56777674005828 0.02931151292506224
33.574950108311306 0.018658528173908638
33.582123476564334 0.010714458036511068
33.58929684481737 0.007111510490687408
33.5964702130704 0.007521883233180571
33.60364358132343 0.011038547965947706
33.61081694957646 0.016000779825181388
33.61799031782949 0.02046010864189576
33.62516368608252 0.023669657382894567
33.63233705433555 0.026641736030753108
33.639510422588586 0.030899636853327594
33.646683790841614 0.03597162066313292
33.65385715909465 0.039262044381385225
33.66103052734768 0.038103539177020265
33.668203895600705 0.031208399873086493
33.67537726385374 0.019122039356617337
33.68255063210677 0.004269338642320838
33.6897240003598 0.01151847687968919
33.69689736861283 0.023630263041594175
33.704070736865866 0.030716946162569585
33.711244105118894 0.03213490264375953
33.71841747337192 0.02881369250983949
33.72559084162496 0.022770100026003354
33.732764209877985 0.016331092966547334
33.73993757813102 0.011369919078760818
33.74711094638405 0.008948374368316626
33.754284314637076 0.00925425982213795
33.76145768289011 0.011090148213999415
33.76863105114314 0.012631732829666275
33.775804419396174 0.012754469858571742
33.7829777876492 0.0115129570617534
33.79015115590224 0.010006986657416705
33.797324524155265 0.009080855871955092
33.80449789240829 0.007773448933210185
33.81167126066133 0.005625633210230012
33.818844628914356 0.008933602922740305
33.82601799716739 0.01837631785575467
33.83319136542042 0.028841660452609358
33.840364733673454 0.036957279357272985
33.84753810192648 0.040055976603248576
33.85471147017951 0.03655760410705777
33.861884838432545 0.02640427364271774
33.86905820668557 0.011182893310946436
33.87623157493861 0.007123331091620965
33.883404943191636 0.024009937373863262
33.89057831144466 0.0375372001772028
33.8977516796977 0.04551270890133691
33.90492504795073 0.04697444460426814
33.91209841620376 0.042056432995273764
33.91927178445679 0.03181895962136313
33.926445152709825 0.01801035010147764
33.93361852096285 0.003670121970971161
33.94079188921588 0.0129215539477542
33.947965257468915 0.02506400848318041
33.95513862572194 0.03327519610318864
33.96231199397498 0.03704728388897219
33.969485362228006 0.0372389877763248
33.97665873048104 0.035631620511639886
33.98383209873407 0.033675242897589726
33.9910054669871 0.03112984618055636
33.99817883524013 0.026350103904044606
34.00535220349316 0.018268097354226864
34.012525571746195 0.009886254099708868
34.01969893999922 0.015034361258120599
34.02687230825225 0.02679246328790105
34.034045676505286 0.03526218881309882
34.041219044758314 0.037159178357214204
34.04839241301135 0.031521130736864425
34.05556578126438 0.019489394818143345
34.06273914951741 0.003963241795370747
34.06991251777044 0.011193840152270143
34.07708588602347 0.022207694523447927
34.0842592542765 0.026469204187977154
34.09143262252953 0.023338738016584367
34.098605990782566 0.01488954227439973
34.105779359035594 0.010318331375762256
34.11295272728863 0.019124138610423093
34.12012609554166 0.02835556898133114
34.127299463794685 0.033014685647856014
34.13447283204772 0.03322705322936554
34.14164620030075 0.03240078191348207
34.14881956855378 0.03517158637070747
34.15599293680681 0.04192077507197711
34.16316630505984 0.048698123193660244
34.170339673312874 0.052048718997181165
34.1775130415659 0.05060157494672762
34.18468640981894 0.044728302233041736
34.191859778071965 0.03593096322032562
34.199033146325 0.026174166191331692
34.20620651457803 0.017226989530815605
34.213379882831056 0.010298402761671535
34.22055325108409 0.006236364765324567
34.22772661933712 0.005405655425299805
34.234899987590154 0.006129721131447426
34.24207335584318 0.0070111041210032775
34.24924672409622 0.008260599820271686
34.256420092349245 0.010335771448507648
34.26359346060227 0.012957642719243408
34.27076682885531 0.015388755578944513
34.277940197108336 0.017063556022525236
34.28511356536137 0.017856727851168725
34.2922869336144 0.017999034327183267
34.29946030186743 0.017725158511137335
34.30663367012046 0.016897960436993646
34.31380703837349 0.01497078735500029
34.320980406626525 0.01139372050326868
34.32815377487955 0.006940106277736557
34.33532714313259 0.009132475762583917
34.342500511385616 0.019058036026665042
34.349673879638644 0.030781565687060974
34.35684724789168 0.041546152319134715
34.36402061614471 0.04896000997027856
34.37119398439774 0.05096854008741914
34.37836735265077 0.04636674862209931
34.385540720903805 0.035288136279981556
34.39271408915683 0.01941906631829152
34.39988745740986 0.003013961290333426
34.407060825662896 0.015179398414697225
34.414234193915924 0.02633069641277629
34.42140756216896 0.030167275841502028
34.42858093042199 0.025951865104449284
34.435754298675015 0.015030325086530655
34.44292766692805 0.004193528173976549
34.45010103518108 0.01677187763129496
34.45727440343411 0.028562371742348526
34.46444777168714 0.034248279140364206
34.471621139940176 0.03260874467832302
34.478794508193204 0.024410851058071514
34.48596787644623 0.012174714648050693
34.49314124469927 0.00420485456701642
34.500314612952295 0.013605611828676109
34.50748798120533 0.01984175800196861
34.51466134945836 0.020681517661632672
34.52183471771139 0.01731772630182632
34.52900808596442 0.01375013474837116
34.53618145421745 0.015094054980352989
34.543354822470484 0.019172737273835273
34.55052819072351 0.02111688184614638
34.55770155897655 0.01905599603430689
34.564874927229575 0.013352716156671805
34.5720482954826 0.006376438384644317
34.57922166373564 0.00658514848102062
34.586395031988665 0.012238159739892816
34.5935684002417 0.015795903252949856
34.60074176849473 0.01638209789061871
34.60791513674776 0.014819227745303695
34.61508850500079 0.012689880732709867
34.62226187325382 0.011146640704724904
34.629435241506854 0.009876537093485814
34.63660860975988 0.008169018649945835
34.64378197801292 0.0072876351435347065
34.650955346265945 0.010045032354056915
34.65812871451898 0.015149645591100403
34.66530208277201 0.02019257055008362
34.672475451025036 0.02410530120576043
34.67964881927807 0.026861227234031705
34.6868221875311 0.029013836842589354
34.693995555784134 0.030889244850972462
34.70116892403716 0.032001587072489776
34.70834229229019 0.031313092260335657
34.715515660543225 0.02793107005122385
34.72268902879625 0.021689674281294462
34.72986239704929 0.013810309704804949
34.737035765302316 0.009566888814341907
34.74420913355535 0.014918559005332807
34.75138250180838 0.021982275991959493
34.75855587006141 0.026175541024566117
34.76572923831444 0.026215165912346683
34.77290260656747 0.022487163822796266
34.780075974820505 0.01770285123350753
34.78724934307353 0.017847367529634648
34.79442271132657 0.024526147039361648
34.801596079579596 0.032063486958446616
34.808769447832624 0.0362948851403042
34.81594281608566 0.03521854730247067
34.82311618433869 0.02845902898509479
34.83028955259172 0.017444510293372108
34.83746292084475 0.009023116027549757
34.84463628909778 0.017517164124560766
34.85180965735081 0.028472945931212804
34.85898302560384 0.03477007542566533
34.866156393856876 0.034754344765048115
34.873329762109904 0.02892309545967253
34.88050313036294 0.020166816508510373
34.88767649861597 0.01545290235516877
34.894849866868995 0.019918829703538633
34.90202323512203 0.025795121168137345
34.90919660337506 0.027923248928186862
34.91636997162809 0.02590048876218242
34.92354333988112 0.022156062418800675
34.930716708134156 0.020498143579394893
34.937890076387184 0.02176487728363872
34.94506344464021 0.022525839256142204
34.95223681289325 0.020097755593538786
34.959410181146275 0.014912028673258517
34.96658354939931 0.012013792222390591
34.97375691765234 0.01674186656651935
34.980930285905366 0.023500813579661127
34.9881036541584 0.02790200539711915
34.99527702241143 0.029334603854974224
35.002450390664464 0.029436737817204517
35.00962375891749 0.03044970843368096
35.01679712717053 0.03268682857837327
35.023970495423555 0.03423176638010801
35.03114386367658 0.03317596084812179
35.03831723192962 0.02903904821905797
35.045490600182646 0.02283181973680248
35.05266396843568 0.016453811683681294
35.05983733668871 0.011708642129993646
35.067010704941744 0.009435494553634878
35.07418407319477 0.010171586832196346
35.0813574414478 0.014133919990856628
35.088530809700835 0.019468241974451208
35.09570417795386 0.023542633784070396
35.1028775462069 0.02422730991601269
35.110050914459926 0.020469423100156425
35.117224282712954 0.012557828549072713
35.12439765096599 0.0027844403181510923
35.13157101921902 0.01011019516990176
35.13874438747205 0.01978258134860873
35.14591775572508 0.02635456010452448
35.153091123978115 0.029256917748495443
35.16026449223114 0.0291167979923149
35.16743786048417 0.027238739563490526
35.174611228737206 0.02480956169775689
35.181784596990234 0.022486386842432003
35.18895796524327 0.021113252212070065
35.1961313334963 0.022494353850758916
35.20330470174933 0.027448185010972233
35.21047807000236 0.03400102741484915
35.21765143825539 0.03935533269246848
35.22482480650842 0.0415788968489195
35.23199817476145 0.04016498253171931
35.239171543014486 0.03641118014205287
35.246344911267514 0.03344868950258963
35.25351827952054 0.03426397412440659
35.26069164777358 0.03812932216334489
35.267865016026605 0.04160535722591408
35.27503838427964 0.041897174907948316
35.28221175253267 0.037810672280399
35.2893851207857 0.02958779935689577
35.29655848903873 0.018529539011241717
35.30373185729176 0.006537882443175356
35.31090522554479 0.004672380230459404
35.31807859379782 0.012842149190689734
35.32525196205086 0.017042762717821233
35.332425330303884 0.01672873847111145
35.33959869855692 0.012259387228543013
35.34677206680995 0.005145425827962525
35.353945435062975 0.006145049986407832
35.36111880331601 0.01468779974693663
35.36829217156904 0.02163618479382742
35.37546553982207 0.025456481582790406
35.3826389080751 0.025675449810012824
35.38981227632813 0.022680233743355448
35.396985644581164 0.017576011153821403
35.40415901283419 0.011905598881046649
35.41133238108723 0.007290159763617016
35.418505749340255 0.004899443661416248
35.42567911759329 0.004225007368234463
35.43285248584632 0.00400510788527931
35.440025854099346 0.0046220782470222125
35.44719922235238 0.0067367296241679
35.45437259060541 0.010157469813518952
35.461545958858444 0.014608312694205445
35.46871932711147 0.019640582077065996
35.47589269536451 0.02440970962865701
35.483066063617535 0.02782248321721732
35.49023943187056 0.028884015171492528
35.4974128001236 0.02702272967661268
35.504586168376626 0.022230166691261953
35.51175953662966 0.014969642617066934
35.51893290488269 0.006002752945270315
35.52610627313572 0.0046697769236632046
35.53327964138875 0.014925277302208427
35.54045300964178 0.024574650880530076
35.547626377894815 0.03219741312088302
35.55479974614784 0.036475798312755145
35.56197311440088 0.03651099352469743
35.569146482653906 0.032384154881501044
35.576319850906934 0.025767484449663123
35.58349321915997 0.020356894975461497
35.590666587413 0.019672916535544288
35.59783995566603 0.02126301036450802
35.60501332391906 0.020269380678233053
35.612186692172095 0.014761780290876648
35.61936006042512 0.006577874900798451
35.62653342867815 0.009442388305241592
35.633706796931186 0.018604698647458652
35.640880165184214 0.02380406334980577
35.64805353343725 0.022628676936288204
35.65522690169028 0.014903075896325661
35.662400269943305 0.0024405488667415373
35.66957363819634 0.011585913241595396
35.67674700644937 0.023346973881749486
35.6839203747024 0.029727009963943347
35.69109374295543 0.029053544014313683
35.698267111208466 0.02160835844803806
35.705440479461494 0.009521364030623562
35.71261384771452 0.003926364620442567
35.71978721596756 0.015344204103582938
35.726960584220585 0.022256567841390854
35.73413395247362 0.02383666632668262
35.74130732072665 0.021185295323557122
35.74848068897968 0.017053672271793406
35.75565405723271 0.014541875492829814
35.76282742548574 0.014143456871917077
35.770000793738774 0.013927307103869569
35.7771741619918 0.013511942351570784
35.78434753024484 0.014161355054686823
35.791520898497865 0.015769984784947295
35.7986942667509 0.016699090250272275
35.80586763500393 0.016439851021320534
35.813041003256956 0.016697704770143422
35.82021437150999 0.019264133586471457
35.82738773976302 0.02275177955323203
35.834561108016054 0.02436275704856766
35.84173447626908 0.02254992592551731
35.84890784452211 0.017603011730163903
35.856081212775145 0.011210723366848342
35.86325458102817 0.005258770762853594
35.87042794928121 0.00035381657081821286
35.877601317534236 0.0069270883783554
35.88477468578727 0.016254271938982292
35.8919480540403 0.026554313027452692
35.89912142229333 0.03468166650030352
35.90629479054636 0.03748210476800084
35.91346815879939 0.033229652761060706
35.920641527052425 0.022984661254921466
35.92781489530545 0.013964582561497324
35.93498826355849 0.01986951034747812
35.942161631811516 0.02915270783708891
35.94933500006454 0.03138720981487434
35.95650836831758 0.024176945971897096
35.96368173657061 0.010620124556197267
35.97085510482364 0.016885545477654394
35.97802847307667 0.03609635775766491
35.9852018413297 0.05070978662197082
35.99237520958273 0.0566890499513323
35.99954857783576 0.05341767935600373
36.006721946088796 0.04323348777542214
36.01389531434182 0.030486340174046212
36.02106868259486 0.02007057924633961
36.028242050847886 0.015829388973273857
36.035415419100914 0.018241745504630237
36.04258878735395 0.024234819053560112
36.04976215560698 0.029398335118373448
36.05693552386001 0.028873592470783485
36.06410889211304 0.019905908822733544
36.071282260366075 0.016193859144479468
36.0784556286191 0.04261441932108188
36.08562899687213 0.0771146523272697
36.092802365125166 0.10841619643797917
36.099975733378194 0.1286722286403473
36.10714910163123 0.13271075516235556
36.11432246988426 0.11927708235242077
36.121495838137285 0.0913998424132831
36.12866920639032 0.055674943356270955
36.13584257464335 0.021475427984865604
36.14301594289638 0.015867628613075092
36.15018931114941 0.030403579369122604
36.157362679402446 0.034457783594986885
36.164536047655474 0.029151255578190514
36.1717094159085 0.020524399589767192
36.17888278416154 0.016108077475515386
36.186056152414565 0.016068268082392676
36.1932295206676 0.013921300769886173
36.20040288892063 0.009174097729083983
36.20757625717366 0.009916628572108455
36.21474962542669 0.015603385349461926
36.22192299367972 0.017830721203300138
36.229096361932754 0.013981740210238429
36.23626973018578 0.0050028881003391186
36.24344309843882 0.007321436511358699
36.250616466691845 0.01735655814331768
36.25778983494487 0.0230122244044748
36.26496320319791 0.02379838428351475
36.272136571450936 0.023630109604553907
36.27930993970397 0.028156764786835164
36.286483307957 0.03588214174910203
36.293656676210034 0.04085615147598014
36.30083004446306 0.03920674194362429
36.30800341271609 0.030410326256921447
36.315176780969125 0.017761663432416735
36.32235014922215 0.012818494173218536
36.32952351747519 0.02110316299114354
36.336696885728216 0.02672201309261956
36.34387025398125 0.024594507378873028
36.35104362223428 0.014835877191863687
36.35821699048731 0.0023749416995001407
36.36539035874034 0.016611356996392993
36.37256372699337 0.029969266419232372
36.379737095246405 0.03774138821424031
36.38691046349943 0.03860543020425744
36.39408383175246 0.03301147983188992
36.401257200005496 0.022795447157580574
36.408430568258524 0.01075342277828143
36.41560393651156 0.006148338076801172
36.42277730476459 0.015588049518588986
36.42995067301762 0.024170387464709883
36.43712404127065 0.030263792312230108
36.44429740952368 0.033829493176804684
36.45147077777671 0.03506045671060507
36.45864414602974 0.03411424824061207
36.465817514282776 0.031035902777251805
36.472990882535804 0.02589778098796688
36.48016425078884 0.019211799843762076
36.48733761904187 0.012810739675751795
36.494510987294895 0.01116286822526008
36.50168435554793 0.015004487306826117
36.50885772380096 0.018871399173044062
36.51603109205399 0.020161012804818305
36.52320446030702 0.01859265192689109
36.53037782856005 0.015143654594653723
36.537551196813084 0.011456971885794157
36.54472456506611 0.009084087985802949
36.55189793331915 0.008633275182594874
36.559071301572175 0.009870556070203651
36.56624466982521 0.01217680954344644
36.57341803807824 0.014273429307842806
36.580591406331266 0.014748497528156405
36.5877647745843 0.01314369670837668
36.59493814283733 0.011453036733510618
36.602111511090364 0.014100944241614415
36.60928487934339 0.02034877547093554
36.61645824759643 0.025938071978759962
36.623631615849455 0.028171267524714095
36.63080498410248 0.025969885169589188
36.63797835235552 0.01964433468364992
36.645151720608546 0.010608060403822232
36.65232508886158 0.001544746148905246
36.65949845711461 0.008215499057770316
36.66667182536764 0.014506263246853699
36.67384519362067 0.017995357971233243
36.6810185618737 0.019067939802125042
36.688191930126735 0.0187601870385869
36.69536529837976 0.018342175235971994
36.7025386666328 0.018655632801450623
36.709712034885825 0.019464867450692595
36.71688540313885 0.01963706991540281
36.72405877139189 0.01799058828662126
36.731232139644916 0.014037046864791635
36.73840550789795 0.00868254050994339
36.74557887615098 0.006577265167109842
36.752752244404014 0.010908979795161597
36.75992561265704 0.01520024996909621
36.76709898091007 0.017091432951051134
36.774272349163105 0.01742110118046807
36.78144571741613 0.01930497194609341
36.78861908566917 0.024731317141810205
36.795792453922196 0.03188903665366414
36.802965822175224 0.03815597147841285
36.81013919042826 0.04204564381158733
36.81731255868129 0.04332979733159271
36.82448592693432 0.042640149766556355
36.83165929518735 0.04072379662280115
36.838832663440385 0.037786197217844174
36.84600603169341 0.033551933540153164
36.85317939994644 0.02787134134956017
36.860352768199476 0.021170127584828113
36.867526136452504 0.014542571079211312
36.87469950470554 0.009757472828115479
36.88187287295857 0.008581805121577572
36.8890462412116 0.009842379088588456
36.89621960946463 0.011233630335109226
36.90339297771766 0.012055948749682823
36.91056634597069 0.012243053478601473
36.91773971422372 0.011593688302047427
36.924913082476756 0.009633125638395416
36.932086450729784 0.005860519208025935
36.93925981898281 0.0008833665074253342
36.94643318723585 0.007418095913538803
36.953606555488875 0.015060202763193866
36.96077992374191 0.021247888799438647
36.96795329199494 0.02407423599616273
36.97512666024797 0.022174899531262605
36.982300028501 0.015307745197977883
36.98947339675403 0.004820062229918471
36.996646765007064 0.008036382872714545
37.00382013326009 0.018734650254447118
37.01099350151313 0.025751375735748212
37.018166869766155 0.02840417077353436
37.02534023801919 0.029119098654631474
37.03251360627222 0.03277968258037427
37.039686974525246 0.040918116159938886
37.04686034277828 0.04946570379405247
37.05403371103131 0.0538223832737096
37.061207079284344 0.051613099508464745
37.06838044753737 0.04311362766401382
37.0755538157904 0.03106593143221068
37.082727184043435 0.02045974802273719
37.08990055229646 0.016893888005400492
37.0970739205495 0.01802774355567599
37.104247288802526 0.017620368198718855
37.11142065705556 0.0153981576591204
37.11859402530859 0.015160943349378495
37.12576739356162 0.017867257654421237
37.13294076181465 0.019419824753240143
37.14011413006768 0.01682271290283419
37.147287498320715 0.010272609089141616
37.15446086657374 0.008182650249786916
37.16163423482678 0.017765707930368493
37.168807603079806 0.02738455601802964
37.175980971332834 0.0328360882849395
37.18315433958587 0.03251450977018254
37.1903277078389 0.026303922445902364
37.19750107609193 0.015411404476469154
37.20467444434496 0.003836271828967913
37.21184781259799 0.013467070264564404
37.21902118085102 0.024951924937504207
37.22619454910405 0.032095291957783045
37.233367917357086 0.03346385752674703
37.240541285610114 0.02919653546620618
37.24771465386315 0.022103864196919273
37.25488802211618 0.01995836630544629
37.262061390369205 0.027357234438027987
37.26923475862224 0.03650902718974294
37.27640812687527 0.04146439457484259
37.2835814951283 0.039990890233052426
37.29075486338133 0.032205068739052434
37.297928231634366 0.019995679743243917
37.305101599887394 0.006385676075973513
37.31227496814042 0.00591299277360353
37.31944833639346 0.01388077426600288
37.326621704646485 0.016943528242948345
37.33379507289952 0.015639137950544148
37.34096844115255 0.011889563005811817
37.348141809405575 0.008259087519560804
37.35531517765861 0.006099572476952364
37.36248854591164 0.0038504709730877665
37.36966191416467 0.0012657306262312804
37.3768352824177 0.006430497339679958
37.38400865067074 0.012451662397235753
37.391182018923764 0.017124339362289208
37.39835538717679 0.019291817053199888
37.40552875542983 0.018786408872358853
37.412702123682855 0.016508422111805768
37.41987549193589 0.014001695986854506
37.42704886018892 0.01235028190636487
37.43422222844195 0.011346711201646143
37.44139559669498 0.010749254723907755
37.44856896494801 0.011681370544911073
37.455742333201044 0.014720253381534243
37.46291570145407 0.018183394314955015
37.47008906970711 0.02000756963309056
37.477262437960135 0.019068218987465402
37.48443580621316 0.015674394362622024
37.4916091744662 0.012294062574236857
37.498782542719226 0.013181400374569366
37.50595591097226 0.017482939838885075
37.51312927922529 0.020821845619188557
37.520302647478324 0.020812853440606415
37.52747601573135 0.016775262958552962
37.53464938398438 0.009261737542180824
37.541822752237415 0.001961279994960496
37.54899612049044 0.010841732638218518
37.55616948874348 0.019032097095067462
37.563342856996506 0.023815212205765317
37.57051622524954 0.024089354021883235
37.57768959350257 0.01963887777904165
37.5848629617556 0.011158960901554282
37.59203633000863 0.0009302661941573254
37.59920969826166 0.011762646581529026
37.606383066514695 0.02209415934273237
37.61355643476772 0.029258109129524427
37.62072980302075 0.03218196182177958
37.627903171273786 0.03077921735712476
37.635076539526814 0.02595225640737557
37.64224990777985 0.019399155638628002
37.64942327603288 0.01337992642200819
37.65659664428591 0.010237810632054494
37.66377001253894 0.010171073762759235
37.67094338079197 0.010843170866046775
37.678116749045 0.010973871329524735
37.68529011729803 0.010375424334074831
37.692463485551066 0.00887135364252812
37.699636853804094 0.006190011224351292
37.70681022205713 0.0025034524796027783
37.71398359031016 0.0026598760728789245
37.721156958563185 0.0065709295694843396
37.72833032681622 0.009315120846937733
37.73550369506925 0.010348416112311831
37.74267706332228 0.0101209568114912
37.74985043157531 0.009751087671413935
37.75702379982834 0.00974016678769118
37.764197168081374 0.009148735630781182
37.7713705363344 0.0070466632169051135
37.77854390458744 0.005476001880232043
37.785717272840465 0.009921902687285914
37.7928906410935 0.017137708110997532
37.80006400934653 0.023770821554979237
37.807237377599556 0.028362261742447065
37.81441074585259 0.030566939226720078
37.82158411410562 0.030891964760521393
37.828757482358654 0.030009189727978936
37.83593085061168 0.027941544748896124
37.84310421886472 0.023983908323044246
37.850277587117745 0.01749909757196063
37.85745095537077 0.008728736653312455
37.86462432362381 0.0019055697945906374
37.871797691876836 0.010497948587594085
37.87897106012987 0.01694784656241766
37.8861444283829 0.019760806785713438
37.89331779663593 0.019033528424118838
37.90049116488896 0.01581872984983063
37.90766453314199 0.011301470840559588
37.914837901395025 0.006079052714640949
37.92201126964805 0.005266344756818818
37.92918463790109 0.014735655603795396
37.936358006154116 0.02704639576206913
37.943531374407144 0.039042678144743714
37.95070474266018 0.04762555384451845
37.95787811091321 0.05013661357928536
37.96505147916624 0.04517411289584435
37.97222484741927 0.03307161282997179
37.979398215672305 0.01598396964919153
37.98657158392533 0.005195304384401976
37.99374495217836 0.0214260406057744
38.000918320431396 0.033843946355580835
38.008091688684424 0.03956621958662623
38.01526505693746 0.03830398488288559
38.02243842519049 0.03130980505794064
38.029611793443515 0.020789559329624428
38.03678516169655 0.009235978168151124
38.04395852994958 0.0026352937707727554
38.05113189820261 0.010664421729173009
38.05830526645564 0.016973952621168464
38.065478634708676 0.021180758631101002
38.0726520029617 0.02348420870397951
38.07982537121473 0.02400295651153692
38.08699873946777 0.022951167883148986
38.094172107720794 0.020946163468001714
38.10134547597383 0.01913017193203294
38.10851884422686 0.01861737026844403
38.11569221247989 0.019369930993118612
38.12286558073292 0.020185373118553278
38.13003894898595 0.019810266027596692
38.13721231723898 0.017505224223731724
38.14438568549201 0.01310610179557949
38.151559053745046 0.007702902805942622
38.158732421998074 0.008539838587398527
38.1659057902511 0.017556851699153577
38.17307915850414 0.02811022326291637
38.180252526757165 0.03770885187795549
38.1874258950102 0.04464473553832397
38.19459926326323 0.04759924389868029
38.20177263151626 0.04585064987781464
38.20894599976929 0.03949428832917621
38.21611936802232 0.029553326039686613
38.223292736275354 0.018034594912530517
38.23046610452838 0.009147521461938627
38.23763947278142 0.011205394305666578
38.244812841034445 0.016938098646872957
38.25198620928748 0.01980871664640281
38.25915957754051 0.019154573723332704
38.266332945793536 0.01598937379596339
38.27350631404657 0.012472907071323489
38.2806796822996 0.011282675630924041
38.287853050552634 0.012620840574935349
38.29502641880566 0.014072893435177354
38.30219978705869 0.01422073478521894
38.309373155311725 0.013017032967547993
38.31654652356475 0.011047281959966217
38.32371989181779 0.008898400043609459
38.330893260070816 0.006925247591195899
38.33806662832385 0.005997029701066896
38.34523999657688 0.007653869694931721
38.35241336482991 0.011066239121928393
38.35958673308294 0.014240839694108613
38.36676010133597 0.01578734774906077
38.373933469589005 0.015025029694369986
38.38110683784203 0.012080544746083773
38.38828020609507 0.00791704179623323
38.395453574348096 0.00460214718950364
38.402626942601124 0.0056121626729640365
38.40980031085416 0.009819310104235054
38.41697367910719 0.015997002240299624
38.42414704736022 0.0238961441536376
38.43132041561325 0.03215049674584952
38.43849378386628 0.03865042970526532
38.44566715211931 0.041410707647339284
38.45284052037234 0.03936938705537634
38.460013888625376 0.03302643097100481
38.467187256878404 0.025011799642868916
38.47436062513144 0.020507393980105818
38.48153399338447 0.022704028761804544
38.488707361637495 0.026729959104500777
38.49588072989053 0.027761252972155207
38.50305409814356 0.024387949909882602
38.51022746639659 0.017381380288960895
38.51740083464962 0.008722408323545221
38.524574202902656 0.002026350889707314
38.531747571155684 0.006161978131722849
38.53892093940871 0.008833768767271833
38.54609430766175 0.008416590448593518
38.553267675914775 0.005641454679128125
38.56044104416781 0.0015762012822294047
38.56761441242084 0.003104720727646755
38.574787780673866 0.008029634874721506
38.5819611489269 0.013400865338257328
38.58913451717993 0.01921605523713055
38.596307885432964 0.025123504337194045
38.60348125368599 0.030558837824305518
38.61065462193903 0.0349697491352237
38.617827990192055 0.037922623510092075
38.62500135844508 0.039123833295216875
38.63217472669812 0.038425510474590266
38.639348094951146 0.03582189704967633
38.64652146320418 0.031455799410377065
38.65369483145721 0.025645853165879116
38.660868199710244 0.018879768051266732
38.66804156796327 0.011800175496537073
38.6752149362163 0.005638558937355466
38.682388304469335 0.005168121317671997
38.68956167272236 0.009197529121118363
38.6967350409754 0.01228728983157347
38.703908409228426 0.013812628212980621
38.71108177748145 0.01465525062355343
38.71825514573449 0.016266002802596047
38.72542851398752 0.018975000191344828
38.73260188224055 0.021475275089136357
38.73977525049358 0.02221672513486852
38.746948618746615 0.02048043785899493
38.75412198699964 0.01676063367549345
38.76129535525267 0.012876622960870672
38.768468723505705 0.011267489727702114
38.77564209175873 0.0117770043870439
38.78281546001177 0.011625205134736274
38.789988828264796 0.009215598407592838
38.79716219651783 0.004607371327668488
38.80433556477086 0.0012952265723906338
38.81150893302389 0.006909588281180331
38.81868230127692 0.011176355467333962
38.82585566952995 0.013221907235151707
38.833029037782985 0.012759148853525748
38.84020240603601 0.010068761712865965
38.84737577428904 0.0063082833617835645
38.854549142542076 0.005586634442304412
38.861722510795104 0.009661204456857307
38.86889587904814 0.013640964591293665
38.87606924730117 0.015297526011439718
38.8832426155542 0.01383858143945852
38.89041598380723 0.009791489425163828
38.89758935206026 0.006562482729941801
38.90476272031329 0.009622694628612111
38.91193608856632 0.0140657091441378
38.919109456819356 0.01572717786550802
38.926282825072384 0.013616818003945532
38.93345619332542 0.008953192874972715
38.94062956157845 0.007160708512815806
38.947802929831475 0.01148583605940422
38.95497629808451 0.015029214644585547
38.96214966633754 0.014709871596792434
38.96932303459057 0.01026728698121525
38.9764964028436 0.004507338681659058
38.98366977109663 0.008636624939349236
38.990843139349664 0.015561070988947547
38.99801650760269 0.019772547357168963
39.00518987585573 0.02082400886283549
39.012363244108755 0.02032698371453685
39.01953661236179 0.020685267036085704
39.02670998061482 0.02239181431505479
39.033883348867846 0.0235893572803632
39.04105671712088 0.02262306928743867
39.04823008537391 0.01957424515273922
39.055403453626944 0.016386620173246578
39.06257682187997 0.015337468879219862
39.06975019013301 0.01584605317700353
39.076923558386035 0.01548553765340074
39.08409692663906 0.013296339561028802
39.0912702948921 0.010314222356492566
39.098443663145126 0.008677312877912501
39.10561703139816 0.00879085819319072
39.11279039965119 0.008629889572215122
39.11996376790422 0.007360375629720381
39.12713713615725 0.00634247969298076
39.13431050441028 0.007259102377120066
39.141483872663315 0.009176287844401514
39.14865724091634 0.011462354037040934
39.15583060916938 0.015159500662952508
39.163003977422406 0.02056641746897623
39.170177345675434 0.026202140053256502
39.17735071392847 0.030080200518276454
39.1845240821815 0.030780598239004326
39.19169745043453 0.027921286132781786
39.19887081868756 0.022227616078353375
39.206044186940595 0.015290058261535422
39.21321755519362 0.009380423361651055
39.22039092344665 0.007635715201036049
39.227564291699686 0.009858593574313797
39.234737659952714 0.01231716157974272
39.24191102820575 0.013287738932950882
39.24908439645878 0.011951961875593362
39.256257764711805 0.008046537996409692
39.26343113296484 0.0032820352420384114
39.27060450121787 0.007463765899016112
39.2777778694709 0.014131085651794143
39.28495123772393 0.01859464020207852
39.292124605976966 0.019504375863492497
39.299297974229994 0.0167770990537604
39.30647134248302 0.011672064994222898
39.31364471073606 0.006985908564369119
39.320818078989085 0.006285799642087053
39.32799144724212 0.006921269764801053
39.33516481549515 0.005086848123063041
39.34233818374818 0.0015839807521959874
39.34951155200121 0.006844153453152211
39.35668492025424 0.013461934719013672
39.363858288507274 0.01866574288989031
39.3710316567603 0.021548209085530425
39.37820502501334 0.02211005205565483
39.385378393266365 0.020998068226630785
39.39255176151939 0.019135810487211476
39.39972512977243 0.017644583199491914
39.406898498025456 0.01784161583961114
39.41407186627849 0.020168780084095974
39.42124523453152 0.023200930964715222
39.428418602784554 0.024762689862590354
39.43559197103758 0.023256797255370047
39.44276533929061 0.018291132540048476
39.449938707543645 0.011020376086872714
39.45711207579667 0.005764595990413114
39.46428544404971 0.009216961209630755
39.471458812302735 0.01314175496403497
39.47863218055577 0.01375154168426618
39.4858055488088 0.011312537649723725
39.492978917061826 0.008078672715227168
39.50015228531486 0.00721283826868491
39.50732565356789 0.0077470218980557
39.514499021820924 0.006352225627421793
39.52167239007395 0.0022557380014506002
39.52884575832698 0.004249943161728383
39.536019126580015 0.010224586364029415
39.54319249483304 0.014193213364205757
39.55036586308608 0.014842017959875425
39.557539231339106 0.012105185747301725
39.56471259959214 0.007153748739733237
39.57188596784517 0.0019760320438574146
39.5790593360982 0.002339016273527076
39.58623270435123 0.0053730433544769115
39.59340607260426 0.010197204930965823
39.600579440857295 0.01750262467046824
39.60775280911032 0.025176232558228203
39.61492617736336 0.030423162816811473
39.622099545616386 0.03101162005191825
39.629272913869414 0.026052286864085915
39.63644628212245 0.016558437395218863
39.64361965037548 0.007757528358179439
39.65079301862851 0.013678054071737014
39.65796638688154 0.022652676347223222
39.66513975513457 0.027326538527636657
39.6723131233876 0.026610412848620344
39.67948649164063 0.021342023117510545
39.686659859893666 0.013563618708878464
39.693833228146694 0.005981856192743052
39.70100659639973 0.0036100286302539735
39.70817996465276 0.0061940603045353235
39.715353332905785 0.007329012807073636
39.72252670115882 0.007011218936564444
39.72970006941185 0.005756082181250291
39.73687343766488 0.004231321803272512
39.74404680591791 0.005949115197428954
39.751220174170946 0.01141303999406745
39.758393542423974 0.017451221898516105
39.765566910677 0.02179655670082026
39.77274027893004 0.022822363812901304
39.779913647183065 0.019935189652542533
39.7870870154361 0.014153853793774002
39.79426038368913 0.009723583676022775
39.801433751942156 0.01286237192349348
39.80860712019519 0.01841107449310101
39.81578048844822 0.02127079554580911
39.822953856701254 0.020094908922848875
39.83012722495428 0.015250427065074049
39.83730059320732 0.008171545074085336
39.844473961460345 0.0024961456790282303
39.85164732971337 0.00741975545113282
39.85882069796641 0.012023781297660777
39.865994066219436 0.014148072023844958
39.87316743447247 0.013675338915375645
39.8803408027255 0.010818942975007328
39.887514170978534 0.006034240259115088
39.89468753923156 0.001957632604335694
39.90186090748459 0.007561887181573105
39.909034275737625 0.013462392760107867
39.91620764399065 0.017631170780622794
39.92338101224369 0.01959425965707911
39.930554380496716 0.020051612128785312
39.93772774874975 0.020775651206321737
39.94490111700278 0.0230140869032231
39.95207448525581 0.02578109467562527
39.95924785350884 0.0268992907356547
39.96642122176187 0.024776117054015237
39.973594590014905 0.019165888288347283
39.98076795826793 0.011760959849756007
39.98794132652096 0.009276511225074746
39.995114694773996 0.015590466700946558
40.002288063027024 0.022039101511436603
40.00946143128006 0.02512328909701821
40.01663479953309 0.024039204395001006
40.02380816778612 0.01932587448238477
40.03098153603915 0.012626760133103524
40.03815490429218 0.007040305569045311
40.04532827254521 0.007109319685785209
40.05250164079824 0.00917320873367666
40.059675009051276 0.00886194286149275
40.066848377304304 0.006235773605542297
40.07402174555734 0.005812142835188331
40.08119511381037 0.010747154239754135
40.088368482063395 0.015973349114567825
40.09554185031643 0.018932555262126453
40.10271521856946 0.018665323195779293
40.10988858682249 0.015307288760281463
40.11706195507552 0.010025024069701358
40.12423532332855 0.0055256468125677635
40.13140869158158 0.006744419935707655
40.13858205983461 0.0105108632367991
40.14575542808765 0.01369813704067805
40.152928796340674 0.016432352516698924
40.16010216459371 0.01907407248096144
40.16727553284674 0.021274755828615658
40.174448901099765 0.02223259220078687
40.1816222693528 0.02135387536860415
40.18879563760583 0.018611446192728684
40.19596900585886 0.014478009532343327
40.20314237411189 0.009593540631633887
40.21031574236493 0.004455021324112658
40.217489110617954 0.0008475423100218175
40.22466247887098 0.005361604839643857
40.23183584712402 0.008887079440158605
40.239009215377045 0.010519057089079199
40.24618258363008 0.009897557506689462
40.25335595188311 0.007985669329813047
40.260529320136136 0.008254895865456342
40.26770268838917 0.012198150930353946
40.2748760566422 0.01664898189642589
40.282049424895234 0.019747723981283282
40.28922279314826 0.02161271186648776
40.2963961614013 0.023588718757710698
40.303569529654325 0.026389555798045666
40.31074289790735 0.02871807013508436
40.31791626616039 0.028409741666414603
40.325089634413416 0.024375688291952004
40.33226300266645 0.018467350338290396
40.33943637091948 0.017863521190390547
40.346609739172514 0.025669105876961733
40.35378310742554 0.03424732697829133
40.36095647567857 0.03831517361794983
40.368129843931605 0.035788287492152515
40.37530321218463 0.026872422337629924
40.38247658043767 0.013632935619796149
40.389649948690696 0.0017793749082779535
40.396823316943724 0.013266833404106036
40.40399668519676 0.020673579404829907
40.41117005344979 0.02203285102149296
40.41834342170282 0.017688572227612283
40.42551678995585 0.00941244956175821
40.432690158208885 0.002877915439665456
40.43986352646191 0.011078035449560554
40.44703689471494 0.018474498223312905
40.454210262967976 0.023164226048750108
40.461383631221004 0.024929508703805996
40.46855699947404 0.02369543443674534
40.47573036772707 0.01932072000083659
40.4829037359801 0.01204599887748676
40.49007710423313 0.005702655678206461
40.49725047248616 0.01309994025217405
40.50442384073919 0.023522142535842446
40.51159720899222 0.0314309022702034
40.518770577245256 0.03501963516554742
40.525943945498284 0.03394059960440395
40.53311731375131 0.02954796596601006
40.54029068200435 0.025079634811713915
40.547464050257375 0.02434333711806756
40.55463741851041 0.027292243720804146
40.56181078676344 0.03033512925638265
40.56898415501647 0.03100506015240012
40.5761575232695 0.028886410257598825
40.58333089152253 0.02494159772769572
40.590504259775564 0.020784941180903637
40.59767762802859 0.017776642289452686
40.60485099628163 0.01604951360000375
40.612024364534655 0.014640265111845813
40.61919773278769 0.012683814042371106
40.62637110104072 0.00998071662557569
40.633544469293746 0.006817279635527219
40.64071783754678 0.003728698449466471
40.64789120579981 0.0019741825536893453
40.655064574052844 0.0032024599647047748
40.66223794230587 0.004935921108809867
40.6694113105589 0.006392864233693488
40.676584678811935 0.007763022858665631
40.68375804706496 0.00921470935030339
40.690931415318 0.010470811344900247
40.698104783571026 0.010817901560033642
40.70527815182406 0.009468608218596276
40.71245152007709 0.006146296485367337
40.71962488833012 0.00442692266735156
40.72679825658315 0.011212768707278678
40.73397162483618 0.02056222362285068
40.741144993089215 0.02979610504042839
40.74831836134224 0.03720607826570803
40.75549172959528 0.041412893588516804
40.762665097848306 0.04161406208891749
40.76983846610133 0.03780961031969357
40.77701183435437 0.030955396144164038
40.7841852026074 0.02324616852862941
40.79135857086043 0.018631805781191318
40.79853193911346 0.02020086002580666
40.80570530736649 0.024740086110400718
40.81287867561952 0.028100166818753644
40.82005204387255 0.028525915594680706
40.827225412125586 0.025695235155015993
40.83439878037861 0.020085750913061768
40.84157214863165 0.012670973440739555
40.84874551688468 0.005043061767979684
40.855918885137704 0.005336568998959354
40.86309225339074 0.011624077815523806
40.87026562164377 0.01654484134608005
40.8774389898968 0.019351712702393147
40.88461235814983 0.019974945981723075
40.891785726402865 0.018684062188131786
40.89895909465589 0.01599597517757488
40.90613246290892 0.012568156764700014
40.913305831161956 0.009032611901285705
40.920479199414984 0.005811108023333922
40.92765256766802 0.003236810904468652
40.93482593592105 0.00318048987021334
40.941999304174075 0.006213491545478362
40.94917267242711 0.01001884760441041
40.95634604068014 0.013559214554231723
40.96351940893317 0.016054722140384392
40.9706927771862 0.016923212217660594
40.977866145439236 0.015934685779728612
40.985039513692264 0.013283457972033074
40.99221288194529 0.00953376467138508
40.99938625019833 0.0054652683775941995
41.006559618451355 0.0018977345264276242
41.01373298670439 0.0011683784027253185
41.02090635495742 0.002719168396286434
41.02807972321045 0.003864053485633957
41.03525309146348 0.0052135838502117325
41.04242645971651 0.006903235868579643
41.049599827969544 0.008427407986844588
41.05677319622257 0.009146391034665665
41.06394656447561 0.008606792226721413
41.071119932728635 0.00667599702032575
41.07829330098166 0.0036311623792327696
41.0854666692347 0.001521306316334835
41.092640037487726 0.004624049709658739
41.09981340574076 0.007633612369306347
41.10698677399379 0.009425175396171617
41.114160142246824 0.009844485223876969
41.12133351049985 0.009243949040254646
41.12850687875288 0.008276495778225387
41.135680247005915 0.007514360844688616
41.14285361525894 0.007478669643068827
41.15002698351198 0.009279346087130337
41.157200351765006 0.013618909646001695
41.16437372001804 0.019566040306580035
41.17154708827107 0.025437868764719054
41.1787204565241 0.029505359158087673
41.18589382477713 0.030406640469915702
41.19306719303016 0.027501724017109295
41.200240561283195 0.021105181453283356
41.20741392953622 0.012587827018261524
41.21458729778925 0.0052733111461575
41.221760666042286 0.007593531332277695
41.228934034295314 0.011895288465050089
41.23610740254835 0.012994812088864785
41.24328077080138 0.01093740059980103
41.25045413905441 0.00801991504750436
41.25762750730744 0.009052393453181984
41.26480087556047 0.013490075319162255
41.2719742438135 0.01739096875711002
41.27914761206653 0.01931073205295626
41.286320980319566 0.01926803600348846
41.293494348572594 0.01798670137954514
41.30066771682563 0.016208598559739894
41.30784108507866 0.014099693377622131
41.315014453331685 0.011300271326339555
41.32218782158472 0.007727001761859466
41.32936118983775 0.0052501647311878836
41.33653455809078 0.007825870837513405
41.34370792634381 0.01248849704873677
41.35088129459684 0.016351327476920363
41.358054662849874 0.018444974245697646
41.3652280311029 0.018567396937336306
41.37240139935594 0.017031665597609318
41.379574767608965 0.014439872719041827
41.386748135862 0.011396991354554102
41.39392150411503 0.008262638054724518
41.401094872368056 0.005157288692871565
41.40826824062109 0.0026986992949333396
41.41544160887412 0.0037177208390476663
41.422614977127154 0.006510429055056399
41.42978834538018 0.00873955332134769
41.43696171363322 0.009766795682237026
41.444135081886245 0.009688208806034848
41.45130845013927 0.00948226321413682
41.45848181839231 0.010442337495348968
41.465655186645336 0.01238316679974158
41.47282855489837 0.013739221549815652
41.4800019231514 0.013112602259889968
41.48717529140443 0.01000782266759827
41.49434865965746 0.006195674350096247
41.50152202791049 0.009307074756112359
41.508695396163525 0.01732648446655443
41.51586876441655 0.025017771026733283
41.52304213266959 0.030260809872948723
41.530215500922615 0.03192531529993131
41.53738886917564 0.029744579445150986
41.54456223742868 0.024314743858339413
41.551735605681706 0.017008117094351655
41.55890897393474 0.010046145482622571
41.56608234218777 0.007370636980658757
41.573255710440804 0.009682341431129199
41.58042907869383 0.011819096731124003
41.58760244694686 0.01200374895224409
41.594775815199895 0.01028927837114002
41.60194918345292 0.007203302143711127
41.60912255170596 0.0033534737150015875
41.616295919958986 0.0016508475066856262
41.623469288212014 0.005789054720132855
41.63064265646505 0.00998460653116104
41.63781602471808 0.01365086067305827
41.64498939297111 0.016458819928589496
41.65216276122414 0.01818077853760866
41.659336129477175 0.01869440912013616
41.6665094977302 0.017942315313716994
41.67368286598323 0.015902107992125603
41.680856234236266 0.012660928156571832
41.688029602489294 0.008810899985151376
41.69520297074233 0.0071036097374799125
41.70237633899536 0.011058443351370973
41.70954970724839 0.01770445781946517
41.71672307550142 0.02459243029629831
41.72389644375445 0.030571229596599348
41.73106981200748 0.034792743839024025
41.73824318026051 0.036551176007640865
41.745416548513546 0.03532737272788588
41.752589916766574 0.03090229233975847
41.7597632850196 0.023481992820549143
41.76693665327264 0.013791576300768894
41.774110021525665 0.003202337600991046
41.7812833897787 0.007447371246875394
41.78845675803173 0.015677568301700345
41.79563012628476 0.02079875680714509
41.80280349453779 0.022375603094232133
41.80997686279082 0.020948323626782048
41.817150231043854 0.01801934094918362
41.82432359929688 0.015500994574538943
41.83149696754992 0.01412416314568169
41.838670335802945 0.012508380895014508
41.84584370405598 0.00893767288432318
41.85301707230901 0.003282636147788759
41.860190440562036 0.006018171335982986
41.86736380881507 0.014069596864963074
41.8745371770681 0.020680158427924263
41.881710545321134 0.024137202336475854
41.88888391357416 0.023679635931921572
41.89605728182719 0.019762082644570862
41.903230650080225 0.014335229065080397
41.91040401833325 0.01121828029660594
41.91757738658629 0.012688925186018975
41.924750754839316 0.01482259550011804
41.93192412309235 0.014510852385399108
41.93909749134538 0.01145955075805445
41.94627085959841 0.007790167684993215
41.95344422785144 0.00831617789115277
41.96061759610447 0.012034416254989784
41.967790964357505 0.014386166782354945
41.97496433261053 0.013702251399793891
41.98213770086357 0.009899261117165686
41.989311069116596 0.004049383687765488
41.996484437369624 0.004498015883983748
42.00365780562266 0.011190116497006101
42.01083117387569 0.016810799768264512
42.01800454212872 0.02056419076774178
42.02517791038175 0.022389943852463654
42.03235127863478 0.022667718281697932
42.03952464688781 0.02200972875844899
42.04669801514084 0.021015572760074642
42.053871383393876 0.019991737775226143
42.061044751646904 0.018789196564465618
42.06821811989994 0.017041152944737892
42.07539148815297 0.01489785023738276
42.082564856405995 0.014031300088891665
42.08973822465903 0.016802710200447313
42.09691159291206 0.022455022198797754
42.10408496116509 0.02821814372698199
42.11125832941812 0.031825120735274354
42.118431697671156 0.03184117093183758
42.125605065924184 0.027687578775203833
42.13277843417721 0.019664747793377835
42.13995180243025 0.00885131179733015
42.147125170683275 0.003267806779915026
42.15429853893631 0.014765199584959244
42.16147190718934 0.02426479282885703
42.168645275442366 0.03065687986510765
42.1758186436954 0.03344317727264365
42.18299201194843 0.032709303650487555
42.190165380201464 0.029046070941944464
42.19733874845449 0.02342274523845973
42.20451211670753 0.017056323215225228
42.211685484960555 0.011366918534113602
42.21885885321358 0.007952097192945188
42.22603222146662 0.007271769948787093
42.233205589719645 0.007259289779610167
42.24037895797268 0.0063946466628444915
42.24755232622571 0.005010323704246115
42.25472569447874 0.0047905143292281275
42.26189906273177 0.005980569764710794
42.2690724309848 0.006551976331923008
42.276245799237834 0.005141881379878368
42.28341916749086 0.0016184733779769473
42.2905925357439 0.004744546128197506
42.297765903996925 0.011291390237383438
42.30493927224995 0.017179940776470344
42.31211264050299 0.02083812141529722
42.319286008756016 0.0212150645242905
42.32645937700905 0.018133944853110484
42.33363274526208 0.012541429715068048
42.340806113515114 0.007050891638538552
42.34797948176814 0.006873517321724279
42.35515285002117 0.009482678325000037
42.362326218274205 0.009595683085804226
42.36949958652723 0.006570988583570382
42.37667295478027 0.004917088125802203
42.383846323033296 0.010819712696078438
42.39101969128633 0.01740951579304848
42.39819305953936 0.021468798040991593
42.40536642779239 0.021731026746004172
42.41253979604542 0.018172941952216814
42.41971316429845 0.011922290583673218
42.426886532551485 0.005236129156727709
42.43405990080451 0.004322012469544507
42.44123326905754 0.007648981896989103
42.448406637310576 0.008899905668871019
42.455580005563604 0.00847892869096066
42.46275337381664 0.008820257915829107
42.46992674206967 0.011213768889621873
42.4771001103227 0.013843862733308438
42.48427347857573 0.014877061475287282
42.49144684682876 0.013622221538190635
42.49862021508179 0.010386609877301918
42.50579358333482 0.006517735636528989
42.512966951587856 0.005588686852379122
42.520140319840884 0.008923603587736558
42.52731368809392 0.012753374822602928
42.53448705634695 0.015628600491834524
42.541660424599975 0.017152002525770677
42.54883379285301 0.01727706081214306
42.55600716110604 0.016303376566989377
42.56318052935907 0.015090953118036807
42.5703538976121 0.015110870765838579
42.57752726586513 0.017382861102196768
42.584700634118164 0.021232252347261674
42.59187400237119 0.025164172384158974
42.59904737062423 0.02793360411891425
42.606220738877255 0.02878335609576357
42.61339410713029 0.027465790336351256
42.62056747538332 0.024250064762195427
42.627740843636346 0.01986220763025618
42.63491421188938 0.015255626389889271
42.64208758014241 0.011148899844705814
42.649260948395444 0.007560682815849833
42.65643431664847 0.004222588937404511
42.66360768490151 0.0037831050284547565
42.670781053154535 0.007930278225768616
42.67795442140756 0.012414449520301145
42.6851277896606 0.015472982427365627
42.692301157913626 0.016136693494854897
42.69947452616666 0.014070886213862446
42.70664789441969 0.009630807607154668
42.71382126267272 0.0038478122066532496
42.72099463092575 0.003380290479146068
42.72816799917878 0.00870507893891513
42.735341367431815 0.012531311957859307
42.74251473568484 0.014104686126682992
42.74968810393788 0.013287051419143573
42.756861472190906 0.01043943754349603
42.764034840443934 0.006631861866633133
42.77120820869697 0.004881563465161211
42.77838157695 0.007383893287693677
42.78555494520303 0.010126615863465372
42.79272831345606 0.011245287899350892
42.799901681709095 0.01082705973301709
42.80707504996212 0.01028169235076072
42.81424841821515 0.011246684351269524
42.821421786468186 0.013259646537584706
42.828595154721214 0.014524937829076247
42.83576852297425 0.013921595560374164
42.84294189122728 0.011426321583268076
42.850115259480305 0.007970266328748575
42.85728862773334 0.0051336399040719065
42.86446199598637 0.003951017952495169
42.8716353642394 0.0030181477469140056
42.87880873249243 0.0012719240006930014
42.885982100745466 0.002770986376333254
42.89315546899849 0.005531590106754018
42.90032883725152 0.006875689474265077
42.90750220550456 0.0061179152469274765
42.914675573757584 0.004497549915621956
42.92184894201062 0.006383719744742028
42.92902231026365 0.010504158801339092
42.93619567851668 0.01324282976545932
42.94336904676971 0.012930468575410877
42.95054241502274 0.009253189862829692
42.95771578327577 0.0037155220232763866
42.9648891515288 0.005662806661399316
42.972062519781836 0.01111568916474508
42.979235888034864 0.013783368209501856
42.98640925628789 0.013152364681764851
42.99358262454093 0.012040781817708287
43.000755992793955 0.01584681082146655
43.00792936104699 0.023396212888377996
43.01510272930002 0.03013093294381856
43.02227609755305 0.03333045893325978
43.02944946580608 0.03203578241173535
43.03662283405911 0.026826195368696033
43.043796202312144 0.019440317279815388
43.05096957056517 0.012123996095216194
43.05814293881821 0.006836687096371225
43.065316307071235 0.004415374587304198
43.07248967532427 0.004872743099043241
43.0796630435773 0.007936516291863567
43.086836411830326 0.01176402842223461
43.09400978008336 0.014387648616558984
43.10118314833639 0.01444568618054515
43.108356516589424 0.01146957500009949
43.11552988484245 0.006187710869817557
43.12270325309548 0.0046399139695103755
43.129876621348515 0.01145970188460954
43.13704998960154 0.0183666035061205
43.14422335785458 0.023400770020885888
43.151396726107606 0.025704865106229588
43.15857009436064 0.024883300974496814
43.16574346261367 0.021040334237781448
43.1729168308667 0.015115950954556456
43.18009019911973 0.010240226361115991
43.18726356737276 0.012172985058783977
43.194436935625795 0.017902925183310756
43.20161030387882 0.02214890637858229
43.20878367213186 0.023055133916574544
43.215957040384886 0.020403007072708323
43.223130408637914 0.015087605689270821
43.23030377689095 0.008818716695940108
43.23747714514398 0.00414717920240424
43.24465051339701 0.004033924789702458
43.25182388165004 0.004645123034557686
43.25899724990307 0.004131507549824183
43.2661706181561 0.005244026874375695
43.27334398640913 0.00855132661470545
43.280517354662166 0.011621105227692496
43.287690722915194 0.01302872799562131
43.29486409116823 0.012360344561912819
43.30203745942126 0.010145344699410055
43.309210827674285 0.00808336399349906
43.31638419592732 0.008698276536822059
43.32355756418035 0.011765144274921544
43.33073093243338 0.015185846353836931
43.33790430068641 0.017843081930561205
43.345077668939446 0.01929971616998128
43.352251037192474 0.019453806398861784
43.3594244054455 0.018483634439591418
43.36659777369854 0.016804474809917428
43.373771141951565 0.014836704514666977
43.3809445102046 0.012676573483306613
43.38811787845763 0.010052292209834512
43.395291246710656 0.006825937755324781
43.40246461496369 0.004505885199876189
43.40963798321672 0.0068421123496549205
43.416811351469754 0.011069791723509772
43.42398471972278 0.014358539622459109
43.43115808797582 0.01573989337839406
43.438331456228845 0.015248434898799172
43.44550482448187 0.013974846133544959
43.45267819273491 0.013706460693901256
43.459851560987936 0.015189990068587265
43.46702492924097 0.017288807870368055
43.474198297494 0.01884800470675524
43.481371665747034 0.019797875733487687
43.48854503400006 0.02074735272171155
43.49571840225309 0.02188650990967382
43.502891770506125 0.022396837247914005
43.51006513875915 0.02109360888992371
43.51723850701219 0.017459349101752255
43.524411875265216 0.012671544691469914
43.53158524351824 0.011308315600427953
43.53875861177128 0.016191525833477754
43.54593198002431 0.022353553452336795
43.55310534827734 0.026352227307462037
43.56027871653037 0.026881938176633032
43.567452084783405 0.023832771363822385
43.57462545303643 0.017959971137639613
43.58179882128946 0.010611976862645532
43.588972189542496 0.00411776363286806
43.59614555779552 0.005983937492213837
43.60331892604856 0.010669020939637614
43.61049229430159 0.013523472727400208
43.61766566255462 0.014039541781456959
43.62483903080765 0.012316776083859112
43.63201239906068 0.009078196337522323
43.63918576731371 0.006580100258142144
43.64635913556674 0.008342479303510814
43.653532503819775 0.012205484934714662
43.6607058720728 0.015082874750494382
43.66787924032583 0.015834036592192048
43.675052608578866 0.014334829590290622
43.682225976831894 0.011160247563123069
43.68939934508493 0.0072941677293630125
43.69657271333796 0.0037493353954659177
43.70374608159099 0.001267865729481932
43.71091944984402 0.0015360290071297596
43.71809281809705 0.0033587196449849544
43.72526618635008 0.005208237307017976
43.73243955460311 0.006377536693885118
43.739612922856146 0.006285358149943533
43.746786291109174 0.005233585493664753
43.75395965936221 0.00558096902746515
43.76113302761524 0.008818667432793824
43.768306395868265 0.012660124020398872
43.7754797641213 0.015191494749753164
43.78265313237433 0.015355398290367164
43.78982650062736 0.012857285442556555
43.79699986888039 0.00833602563696315
43.80417323713342 0.004804017324368669
43.811346605386454 0.008142946373425441
43.81851997363948 0.013157628011492261
43.82569334189252 0.01649502434789089
43.832866710145545 0.01733431835621535
43.84004007839858 0.01572437865904353
43.84721344665161 0.012381890366301638
43.854386814904636 0.008681173833019255
43.86156018315767 0.0067623290204184665
43.8687335514107 0.007525661686229619
43.875906919663734 0.008672161623316224
43.88308028791676 0.008512405865289929
43.8902536561698 0.006656315989991279
43.897427024422825 0.003684725392867909
43.90460039267585 0.0038106650245567255
43.91177376092889 0.008278909315395518
43.918947129181916 0.01277363582084526
43.92612049743495 0.01577259963656913
43.93329386568798 0.016320974529782577
43.94046723394101 0.014157289845541161
43.94764060219404 0.010852283330173807
43.95481397044707 0.01199040131020739
43.961987338700105 0.01921517509416296
43.96916070695313 0.027414146293823934
43.97633407520617 0.033210930968811295
43.983507443459196 0.034691621092331634
43.990680811712224 0.031103814311372387
43.99785417996526 0.02290411379806597
44.00502754821829 0.011633364678782216
44.01220091647132 0.0024926345341322958
44.01937428472435 0.012585620610385592
44.026547652977385 0.02109317214514586
44.03372102123041 0.026112477903308257
44.04089438948344 0.027713094606413188
44.048067757736476 0.02652948551699793
44.055241125989504 0.02321491920129474
44.06241449424254 0.01816965894710449
44.06958786249557 0.011816958199820891
44.0767612307486 0.006278159336893632
44.08393459900163 0.008844270917981897
44.09110796725466 0.015088434318075387
44.09828133550769 0.019416073467533247
44.10545470376072 0.020203712549944516
44.112628072013756 0.017125491375919163
44.119801440266784 0.010938187499931619
44.12697480851981 0.003636378846116657
44.13414817677285 0.005635121924493911
44.141321545025875 0.011265314332824216
44.14849491327891 0.014179742844849734
44.15566828153194 0.013996060268598532
44.16284164978497 0.01135432827498077
44.170015018038 0.007510232920837954
44.17718838629103 0.003929453959537641
44.184361754544064 0.002032624488758123
44.19153512279709 0.0020246068786337864
44.19870849105013 0.002679118859177138
44.205881859303155 0.0040648356334904625
44.21305522755619 0.00552027175722311
44.22022859580922 0.00608284308577789
44.227401964062246 0.00527315416144515
44.23457533231528 0.0035562839747783083
44.24174870056831 0.003655685727255726
44.248922068821344 0.006491256610932364
44.25609543707437 0.009346377017499182
44.2632688053274 0.01107076587952377
44.270442173580435 0.011409554767446976
44.27761554183346 0.010837304668411086
44.2847889100865 0.010508332504082871
44.291962278339525 0.011505648164417527
44.29913564659256 0.013604385286845886
44.30630901484559 0.01570851089087353
44.313482383098616 0.01693662122934628
44.32065575135165 0.016918816241224974
44.32782911960468 0.015787039827120947
44.335002487857714 0.014116608658921262
44.34217585611074 0.01270873765755248
44.34934922436378 0.012000241543721478
44.356522592616805 0.01152031138082319
44.36369596086983 0.010332937692952144
44.37086932912287 0.007983999835947319
44.378042697375896 0.005630119332439473
44.38521606562893 0.007283954691471527
44.39238943388196 0.012281316033862982
44.39956280213499 0.01744198728122349
44.40673617038802 0.021313508026168264
44.41390953864105 0.023177049490601776
44.421082906894085 0.02281597689404627
44.42825627514711 0.020421536002246346
44.43542964340015 0.016483293450513293
44.442603011653176 0.011717203090202022
44.449776379906204 0.0070424508765294744
44.45694974815924 0.003619330675331449
44.46412311641227 0.0024828965630351117
44.4712964846653 0.0021787186690348215
44.47846985291833 0.0028778310011090547
44.485643221171365 0.006650659139407193
44.49281658942439 0.011786070953458367
44.49998995767742 0.016534731997803753
44.507163325930456 0.019279368674875827
44.514336694183484 0.018773177782885925
44.52151006243652 0.014523057607301196
44.52868343068955 0.007134608188915007
44.535856798942575 0.004291389206621183
44.54303016719561 0.01337846328430269
44.55020353544864 0.021050187336647246
44.55737690370167 0.02493328240277637
44.5645502719547 0.024077794233144545
44.571723640207736 0.018760675564104833
44.578897008460764 0.010551563577566413
44.58607037671379 0.004800178706704151
44.59324374496683 0.01071379747135043
44.600417113219855 0.01649337603083456
44.60759048147289 0.018769416459008276
44.61476384972592 0.01747777165916222
44.62193721797895 0.013891539292877465
44.62911058623198 0.010438582205132855
44.63628395448501 0.009762133540902973
44.643457322738044 0.011184236894405614
44.65063069099107 0.012231218330979956
44.65780405924411 0.012118823854395583
44.664977427497135 0.011231240673858419
44.67215079575016 0.010037176783993743
44.6793241640032 0.008426612111880068
44.686497532256226 0.00590607980742966
44.69367090050926 0.002311744576004676
44.70084426876229 0.0026479165471839524
44.708017637015324 0.007193072934466046
44.71519100526835 0.01093473157983353
44.72236437352138 0.012936255426822037
44.729537741774415 0.01266112487838835
44.73671111002744 0.010050011220136396
44.74388447828048 0.005598936285747584
44.751057846533506 0.0018653911333656639
44.75823121478654 0.006302756078853838
44.76540458303957 0.010562434844682004
44.7725779512926 0.01258130211156493
44.77975131954563 0.01184726814405662
44.78692468779866 0.00937691648286595
44.794098056051695 0.009742152185157563
44.80127142430472 0.015762654241876173
44.80844479255775 0.023309997634296885
44.815618160810786 0.029266662809585897
44.822791529063814 0.03190312713370616
44.82996489731685 0.030500192424657475
44.83713826556988 0.02536438310035258
44.84431163382291 0.0177982291992938
44.85148500207594 0.010294368630856261
44.85865837032897 0.008108872021204173
44.865831738582 0.011983366998410516
44.87300510683503 0.015722492870533383
44.880178475088066 0.017712662718791905
44.887351843341094 0.018124727853665687
44.89452521159413 0.01740878383692215
44.90169857984716 0.016066966193136512
44.908871948100185 0.015084094117927905
44.91604531635322 0.016041729957686303
44.92321868460625 0.019448986209514896
44.93039205285928 0.02378904102833454
44.93756542111231 0.02707691617263342
44.94473878936534 0.02792318597753662
44.951912157618374 0.025788494244815503
44.9590855258714 0.020970041634767286
44.96625889412444 0.014416281362348063
44.973432262377464 0.00741670662342187
44.9806056306305 0.0014246680090286353
44.98777899888353 0.0036206503524754386
44.994952367136555 0.00620377134891095
45.00212573538959 0.007011971388735224
45.00929910364262 0.006532596561905567
45.01647247189565 0.005397835641926267
45.02364584014868 0.004165176054482428
45.03081920840172 0.003245295305806535
45.037992576654744 0.003019325318043662
45.04516594490777 0.0038312227942357002
45.05233931316081 0.005576723448729512
45.059512681413835 0.007770485012165266
45.06668604966687 0.009734010519295195
45.0738594179199 0.010724289159634675
45.081032786172926 0.010283170508134298
45.08820615442596 0.008993006552892532
45.09537952267899 0.009548660983530596
45.102552890932024 0.013786196333746194
45.10972625918505 0.019369238532580373
45.11689962743809 0.023708240946726803
45.124072995691115 0.025118644748937043
45.13124636394414 0.022819513840464337
45.13841973219718 0.017037130398789378
45.145593100450206 0.009078535601615761
45.15276646870324 0.003864264397565137
45.15993983695627 0.009663604800210878
45.167113205209304 0.014860995179177239
45.17428657346233 0.01696325947785432
45.18145994171536 0.015983960216433966
45.188633309968395 0.012813511323360309
45.19580667822142 0.008767315443857712
45.20298004647446 0.005222966561471396
45.210153414727486 0.003942931580294723
45.217326782980514 0.006004761386131516
45.22450015123355 0.009686880486751101
45.23167351948658 0.01378167579955513
45.23884688773961 0.017304922631969588
45.24602025599264 0.01937284314822468
45.253193624245675 0.01944694390358111
45.2603669924987 0.017440624928026102
45.26754036075173 0.01366484944722397
45.274713729004766 0.008682975102366325
45.281887097257794 0.003171744857007799
45.28906046551083 0.002294194896891791
45.29623383376386 0.0068658212424608555
45.30340720201689 0.010086932476564883
45.31058057026992 0.01154781696313236
45.31775393852295 0.011173424355642964
45.32492730677598 0.009285198757416917
45.33210067502901 0.00657319467557669
45.339274043282046 0.004028552187387022
45.346447411535074 0.003240788448287628
45.3536207797881 0.005075180726711434
45.36079414804114 0.008389415175103446
45.367967516294165 0.012602919101355064
45.3751408845472 0.01704398677182369
45.38231425280023 0.02080697154927849
45.38948762105326 0.023071788385459376
45.39666098930629 0.02336594818584214
45.40383435755932 0.021671341026400923
45.411007725812354 0.018395527314587344
45.41818109406538 0.014247148495569318
45.42535446231842 0.01008714903550682
45.432527830571445 0.006911848408022582
45.43970119882448 0.005853829134010396
45.44687456707751 0.0068402787318720855
45.454047935330536 0.008441327857412606
45.46122130358357 0.00977046732763582
45.4683946718366 0.010394064758222894
45.475568040089634 0.009992834846879715
45.48274140834266 0.008357428343850419
45.48991477659569 0.005580443887435488
45.497088144848725 0.002955515094141472
45.50426151310175 0.004844123511184757
45.51143488135479 0.008465700297877767
45.518608249607816 0.011001511365375067
45.52578161786085 0.011539802308758883
45.53295498611388 0.009860069378557596
45.54012835436691 0.006625131233994977
45.54730172261994 0.00483828861366239
45.55447509087297 0.008003217346330053
45.561648459126005 0.012166057347407016
45.56882182737903 0.015036136231046209
45.57599519563207 0.01599639298216578
45.583168563885096 0.015139220765649447
45.590341932138124 0.013018774675907775
45.59751530039116 0.010453109850240547
45.60468866864419 0.008320365475440466
45.61186203689722 0.007157419623462606
45.61903540515025 0.0065736905710707515
45.62620877340328 0.005546523639924416
45.63338214165631 0.0033174425731967512
45.64055550990934 0.0007671230386291695
45.647728878162376 0.005147078303255326
45.6549022464154 0.01000536689168488
45.66207561466844 0.013991061637256014
45.66924898292147 0.016134078463499034
45.676422351174494 0.01598718758493276
45.68359571942753 0.013999729533207935
45.69076908768056 0.01182906081796109
45.69794245593359 0.01181362906304337
45.70511582418662 0.013992426875031074
45.712289192439655 0.016095502012841975
45.71946256069268 0.016565271189777825
45.72663592894571 0.01507377959505811
45.733809297198746 0.01213563387860407
45.740982665451774 0.00863593284038885
45.74815603370481 0.005296083496585298
45.75532940195784 0.002283230768052838
45.762502770210865 0.0014252066362578368
45.7696761384639 0.004868174531776048
45.77684950671693 0.008690082909003354
45.78402287496996 0.012225697583588184
45.79119624322299 0.014985406346243315
45.798369611476026 0.016719134562209075
45.805542979729054 0.0174164386942933
45.81271634798208 0.017204451705215968
45.81988971623512 0.016270235172241354
45.827063084488145 0.014888090318700153
45.83423645274118 0.013463814873464364
45.84140982099421 0.012361847853687546
45.84858318924724 0.011517982842646716
45.85575655750027 0.010405641903814968
45.8629299257533 0.00861219834225886
45.870103294006334 0.006568468224403944
45.87727666225936 0.0060177373525760955
45.8844500305124 0.0076235520246372935
45.891623398765425 0.009293912060827338
45.89879676701845 0.00950501520257731
45.90597013527149 0.007964018348174244
45.913143503524516 0.005908413083862486
45.92031687177755 0.006769526485225116
45.92749024003058 0.010466121160007518
45.934663608283614 0.014006214748823163
45.94183697653664 0.015999133947390644
45.94901034478967 0.016040934473039184
45.956183713042705 0.014328358763091013
45.96335708129573 0.011404958169597227
45.97053044954877 0.007857744066395805
45.977703817801796 0.004056485241488238
45.98487718605483 0.00039245409434348054
45.99205055430786 0.003998690369975179
45.99922392256089 0.007857430433111143
46.00639729081392 0.011022497798020864
46.01357065906695 0.012904465854750226
46.020744027319985 0.013089016574799326
46.02791739557301 0.011549393322272663
46.03509076382604 0.008862960015300299
46.042264132079076 0.006662845246941484
46.049437500332104 0.007290728310970278
46.05661086858514 0.009828259132148185
46.06378423683817 0.012089313835572598
46.0709576050912 0.013365699772125967
46.07813097334423 0.013932780483063458
46.08530434159726 0.014513683709289247
46.09247770985029 0.015540884896861114
46.09965107810332 0.01663696619434682
46.106824446356356 0.016955557174420533
46.113997814609384 0.015820409559175255
46.12117118286242 0.013063561661423936
46.12834455111545 0.009091823816545412
46.135517919368475 0.004898792858475604
46.14269128762151 0.0029795790807851047
46.14986465587454 0.004929616391630507
46.15703802412757 0.00724395140733073
46.1642113923806 0.009700734343831967
46.17138476063363 0.012799074283149085
46.178558128886664 0.016081959841536635
46.18573149713969 0.018328615079783093
46.19290486539273 0.018333811228782165
46.200078233645755 0.015455352712593668
46.20725160189879 0.00988996298047673
46.21442497015182 0.0027084686288048145
46.221598338404846 0.004394740997113081
46.22877170665788 0.009532233669122009
46.23594507491091 0.011327062639843776
46.243118443163944 0.009664747653522708
46.25029181141697 0.0076645366954854535
46.25746517967001 0.011724223544016192
46.264638547923035 0.018564472269907005
46.27181191617606 0.023247923932582328
46.2789852844291 0.023294118540861785
46.286158652682126 0.01783238119550947
46.29333202093516 0.0076038095121199085
46.30050538918819 0.005816099805131579
46.30767875744122 0.018700415005116527
46.31485212569425 0.028709894272037045
46.32202549394728 0.03361340446931252
46.329198862200315 0.03263709162353839
46.33637223045334 0.026679653737767532
46.34354559870638 0.018407091317163036
46.350718966959406 0.012751413485413908
46.35789233521243 0.013876422009617672
46.36506570346547 0.01677992817666742
46.3722390717185 0.01713530419608215
46.37941243997153 0.01462920661835579
46.38658580822456 0.010933064398280918
46.393759176477595 0.00875963285848111
46.40093254473062 0.009232327244805551
46.40810591298365 0.01016952687077903
46.415279281236685 0.010062922443666336
46.42245264948971 0.008937963870899767
46.42962601774275 0.0075782813984014395
46.436799385995776 0.007432706881688908
46.443972754248804 0.009701378610863962
46.45114612250184 0.013492061033700596
46.45831949075487 0.0170698898731282
46.4654928590079 0.018921781966563654
46.47266622726093 0.018071552459654125
46.479839595513965 0.014402571683996312
46.48701296376699 0.008919522360261138
46.49418633202002 0.004929449703466089
46.501359700273056 0.007379635253156543
46.508533068526084 0.010604697630653328
46.51570643677912 0.011736301177645148
46.52287980503215 0.011189158222500443
46.53005317328518 0.010463244357515696
46.53722654153821 0.010230974784241138
46.54439990979124 0.009200514964609628
46.55157327804427 0.006009755927037066
46.5587466462973 0.004137609468934987
46.565920014550336 0.011378266647932133
46.573093382803364 0.020248710322028993
46.58026675105639 0.027462787136719673
46.58744011930943 0.03112015048121196
46.594613487562455 0.03033820503915531
46.60178685581549 0.02553005265540886
46.60896022406852 0.018574739302651157
46.61613359232155 0.01317134824057924
46.62330696057458 0.013280618310193356
46.63048032882761 0.0161974766038859
46.637653697080644 0.01770658453216313
46.64482706533367 0.016749040746409448
46.65200043358671 0.013923900827407602
46.659173801839735 0.01040957065912597
46.66634717009277 0.007222748248902621
46.6735205383458 0.004837800437974606
46.680693906598826 0.0038348823365400076
46.68786727485186 0.00509529829404222
46.69504064310489 0.007408422651209736
46.702214011357924 0.009322468275580172
46.70938737961095 0.010122906087064279
46.71656074786398 0.009671555265191404
46.723734116117015 0.00832636226561973
46.73090748437004 0.0067890212291939036
46.73808085262308 0.005878992263281819
46.745254220876106 0.00615570272027191
46.75242758912914 0.007513613003924065
46.75960095738217 0.009381358568245247
46.7667743256352 0.011047169610961598
46.77394769388823 0.011816374279313795
46.78112106214126 0.011230111288381537
46.788294430394295 0.009308110711040773
46.79546779864732 0.006801838197324516
46.80264116690036 0.00546480752983947
46.809814535153386 0.006297046075890673
46.816987903406414 0.007324411833930085
46.82416127165945 0.006931862379765779
46.83133463991248 0.004714510900617234
46.83850800816551 0.0010640208272435412
46.84568137641854 0.003371539544250031
46.85285474467157 0.007358008779690642
46.8600281129246 0.010100833209544552
46.86720148117763 0.011059762380790171
46.874374849430666 0.010247074547358044
46.881548217683694 0.008382481521598938
46.88872158593673 0.007085786664844859
46.89589495418976 0.007988808389431789
46.903068322442785 0.01035991515215406
46.91024169069582 0.012774355444211478
46.91741505894885 0.01462371502122704
46.92458842720188 0.015696589753265964
46.93176179545491 0.015788467651035587
46.938935163707946 0.014643688344051093
46.946108531960974 0.01212082562248921
46.953281900214 0.008368891037313666
46.96045526846704 0.003914475645848898
46.967628636720065 0.001113546792935092
46.9748020049731 0.004375307405297022
46.98197537322613 0.006462182486968343
46.989148741479156 0.006893627360389298
46.99632210973219 0.006150109574889331
47.00349547798522 0.005658891073368581
47.010668846238254 0.006852100676920204
47.01784221449128 0.009042347470716626
47.02501558274432 0.010984178301659302
47.032188950997345 0.01210978711484003
47.03936231925037 0.012338575458229032
47.04653568750341 0.011852523233842107
47.053709055756435 0.010984882454591918
47.06088242400947 0.010200891750014141
47.0680557922625 0.009964508536018206
47.07522916051553 0.010302775621516574
47.08240252876856 0.010606717035624621
47.08957589702159 0.010087328699035633
47.096749265274624 0.008304603011023518
47.10392263352765 0.005568689913810937
47.11109600178069 0.004058243796457392
47.118269370033715 0.00636620307883948
47.12544273828674 0.00941309688533448
47.13261610653978 0.011244711890103712
47.139789474792806 0.011332786468735473
47.14696284304584 0.009914655105341787
47.15413621129887 0.00802024637707006
47.161309579551904 0.007430538453125339
47.16848294780493 0.008878217564383496
47.17565631605796 0.010950991276562285
47.182829684310995 0.012422937062946527
47.19000305256402 0.012853217211708812
47.19717642081706 0.012285339859450784
47.204349789070086 0.011084179952917368
47.21152315732312 0.00984091778359583
47.21869652557615 0.009127607108846839
47.22586989382918 0.00900415510434386
47.23304326208221 0.008999266899945476
47.24021663033524 0.008929153897013984
47.247389998588275 0.009523811011351089
47.2545633668413 0.011654512314534564
47.26173673509433 0.014812763763942074
47.268910103347366 0.0175813145851698
47.276083471600394 0.01871744044359216
47.28325683985343 0.017636060871222846
47.29043020810646 0.014793400850771334
47.29760357635949 0.012303763031579911
47.30477694461252 0.013320181194916684
47.31195031286555 0.017238749493283512
47.31912368111858 0.020879854404063633
47.32629704937161 0.022328302559295677
47.333470417624646 0.020955574382513293
47.340643785877674 0.01708112319854353
47.34781715413071 0.011821822759321119
47.35499052238374 0.007321785478208472
47.362163890636765 0.006983933946852256
47.3693372588898 0.009477410332571292
47.37651062714283 0.011264927550557436
47.38368399539586 0.01146344833311534
47.39085736364889 0.010370576515114478
47.39803073190192 0.008916745167521079
47.405204100154954 0.008397178956320944
47.41237746840798 0.009451253223940578
47.41955083666102 0.01136389312593876
47.426724204914045 0.013210053016821632
47.43389757316708 0.014479418221499498
47.44107094142011 0.01497841124626473
47.448244309673136 0.014750617119401604
47.45541767792617 0.014122204653023673
47.4625910461792 0.013722772574902443
47.469764414432234 0.014155748629471117
47.47693778268526 0.015354983739487897
47.4841111509383 0.0165087520229685
47.491284519191325 0.0166503304846101
47.49845788744435 0.015140621482598073
47.50563125569739 0.011867966039255967
47.512804623950416 0.007270907467578399
47.51997799220345 0.0024771202153954994
47.52715136045648 0.0036067316917868892
47.53432472870951 0.0072398593785845755
47.54149809696254 0.009495012549136775
47.54867146521557 0.010205147675979347
47.555844833468605 0.009660211387608801
47.56301820172163 0.008293756892070476
47.57019156997467 0.006552596307453307
47.577364938227696 0.005262122489971766
47.584538306480724 0.006024469084054318
47.59171167473376 0.008795535666066627
47.59888504298679 0.011947493312876733
47.60605841123982 0.014291858790846585
47.61323177949285 0.015131357334191626
47.620405147745885 0.014243351639299868
47.62757851599891 0.011881469939757782
47.63475188425194 0.008648439874014922
47.641925252504976 0.005286678848318138
47.649098620758004 0.0027237624250013165
47.65627198901104 0.0028084407835593924
47.66344535726407 0.004538078087036237
47.670618725517095 0.005930848354738953
47.67779209377013 0.006263866989663141
47.68496546202316 0.005072091642204391
47.69213883027619 0.0022181033551152895
47.69931219852922 0.001958355435693641
47.706485566782256 0.006656944659217558
47.71365893503528 0.010826246929852991
47.72083230328831 0.013491435056175286
47.72800567154135 0.01409110688928682
47.735179039794374 0.012759402231400407
47.74235240804741 0.010590781273068802
47.74952577630044 0.009639161422900716
47.75669914455347 0.010920714795175769
47.7638725128065 0.012780283567425986
47.77104588105953 0.013531836124593202
47.77821924931256 0.012569797737766661
47.78539261756559 0.0100374612630856
47.79256598581863 0.006478321200031104
47.799739354071654 0.0026582648917949318
47.80691272232468 0.002325309973755188
47.81408609057772 0.005763525368017276
47.821259458830745 0.008933745024870555
47.82843282708378 0.011480158476380545
47.83560619533681 0.013312090026445426
47.84277956358984 0.01446771488643889
47.84995293184287 0.015014639769091332
47.8571263000959 0.014874986143085191
47.864299668348934 0.013775109517412773
47.87147303660196 0.011480097563504672
47.878646404855 0.008285353270904594
47.885819773108025 0.00589731780361136
47.89299314136106 0.006852290890932314
47.90016650961409 0.008949888763867937
47.907339877867116 0.009256349625373408
47.91451324612015 0.0067850814841686315
47.92168661437318 0.003230191293968389
47.928859982626214 0.007875832347416524
47.93603335087924 0.015198877132356991
47.94320671913227 0.020936989696409888
47.950380087385305 0.02328502980330963
47.95755345563833 0.021411042385348984
47.96472682389137 0.015637740669293933
47.971900192144396 0.007820780420488685
47.97907356039743 0.006182128175341134
47.98624692865046 0.012845625446266837
47.99342029690349 0.01754696194187517
48.00059366515652 0.018363482289431354
48.00776703340955 0.015475931196420541
48.014940401662585 0.010654281825829795
48.02211376991561 0.00813618246175883
48.02928713816865 0.010659300646546918
48.036460506421676 0.013323078001060647
48.043633874674704 0.013115318667900647
48.05080724292774 0.00951144394721722
48.05798061118077 0.0032247330457676037
48.0651539794338 0.004295127224694326
48.07232734768683 0.011282326992698684
48.07950071593986 0.016109071044456455
48.08667408419289 0.017672107153663012
48.09384745244592 0.015665221376563038
48.101020820698956 0.010773723131534145
48.108194188951984 0.005646524926829617
48.11536755720502 0.007740887600906705
48.12254092545805 0.013050661128187244
48.129714293711075 0.016259163303307258
48.13688766196411 0.016182466890065975
48.14406103021714 0.012967709188301452
48.15123439847017 0.007784023541701268
48.1584077667232 0.0034626367512785453
48.165581134976236 0.005288359553178501
48.172754503229264 0.007533977826283512
48.17992787148229 0.007272627852514815
48.18710123973533 0.004766666339052151
48.194274607988355 0.0025701389780389233
48.20144797624139 0.00506468641537399
48.20862134449442 0.007588884232160939
48.215794712747446 0.008179989374581987
48.22296808100048 0.007011869110227768
48.23014144925351 0.005993791657233279
48.237314817506544 0.007606648177822495
48.24448818575957 0.010614530177743631
48.25166155401261 0.01314931989009201
48.258834922265635 0.014762151707792525
48.26600829051866 0.015772021671700723
48.2731816587717 0.01654616310870308
48.280355027024726 0.01711818674426729
48.28752839527776 0.01741834797043066
48.29470176353079 0.01762704220994692
48.301875131783824 0.017985203063309863
48.30904850003685 0.018218255713013155
48.31622186828988 0.01761229023072378
48.323395236542915 0.015929671563132852
48.33056860479594 0.014306507510006101
48.33774197304898 0.014844680235933574
48.344915341302006 0.017478936220472332
48.35208870955504 0.019670581358648423
48.35926207780807 0.019666376471075324
48.3664354460611 0.018122131162277046
48.37360881431413 0.018582663148553644
48.38078218256716 0.02363602889314742
48.387955550820195 0.03052255844440693
48.39512891907322 0.035420273373440565
48.40230228732625 0.03611783807451899
48.409475655579286 0.03215688876321791
48.41664902383231 0.02459270490703493
48.42382239208535 0.015529844501381168
48.43099576033838 0.0075510894172670295
48.43816912859141 0.0033739488484843295
48.44534249684444 0.002505576477886712
48.45251586509747 0.00020123628881297067
48.4596892333505 0.004439592711297977
48.46686260160353 0.0093973785123127
48.474035969856565 0.013210712641488256
48.48120933810959 0.01497247362442935
48.48838270636263 0.014964963295520203
48.495556074615656 0.014601229646738765
48.502729442868684 0.015181974945092888
48.50990281112172 0.01622724227602614
48.51707617937475 0.016183827458632165
48.52424954762778 0.014081808122513736
48.53142291588081 0.010020497689445247
48.53859628413384 0.00501549033484922
48.54576965238687 0.002272436754499267
48.5529430206399 0.005187295665937745
48.560116388892936 0.007407585069950189
48.567289757145964 0.00819822668001944
48.574463125399 0.00816160242580602
48.58163649365203 0.008150275814049649
48.588809861905055 0.008716180093762722
48.59598323015809 0.00987501585690607
48.60315659841112 0.01130063405154908
48.61032996666415 0.012517190240347706
48.61750333491718 0.013086409920586769
48.624676703170216 0.012969728322559656
48.631850071423244 0.012905592078325286
48.63902343967627 0.014109895538940704
48.64619680792931 0.016840927720448068
48.653370176182335 0.01999405420906231
48.66054354443537 0.02226325189393506
48.6677169126884 0.022828205678690393
48.674890280941426 0.021444511223628133
48.68206364919446 0.018317303361332787
48.68923701744749 0.013948346897493705
48.696410385700524 0.009234295741314923
48.70358375395355 0.006413316238545882
48.71075712220659 0.008132646800182657
48.717930490459615 0.011309022039418732
48.72510385871264 0.013091535357352342
48.73227722696568 0.012511114587248899
48.739450595218706 0.009800299777137502
48.74662396347174 0.007468804219199582
48.75379733172477 0.010207497918316405
48.760970699977804 0.01572678326607723
48.76814406823083 0.02021313188341602
48.77531743648386 0.021892449041103098
48.782490804736895 0.02011388211261345
48.78966417298992 0.0152657841916716
48.79683754124296 0.009236313587747314
48.804010909495986 0.008033673836508222
48.811184277749014 0.013499606287482592
48.81835764600205 0.018882653378247124
48.82553101425508 0.02185907709974166
48.83270438250811 0.021999938825508266
48.83987775076114 0.01971383433862539
48.847051119014175 0.015858680590752308
48.8542244872672 0.011427443241900842
48.86139785552023 0.007600498379763231
48.868571223773266 0.006590820461257592
48.875744592026294 0.00921986692003517
48.88291796027933 0.012733847867093256
48.89009132853236 0.015275213467807911
48.89726469678539 0.016017928425630157
48.90443806503842 0.015045165486427668
48.91161143329145 0.013663309906216583
48.91878480154448 0.013928879209279307
48.92595816979751 0.01605006543452443
48.933131538050546 0.017892539579128765
48.940304906303574 0.017537485472162936
48.9474782745566 0.014279912370122978
48.95465164280964 0.008664300737726534
48.961825011062665 0.003634177633570372
48.9689983793157 0.007508243713005446
48.97617174756873 0.012756366592835695
48.98334511582176 0.01605828786187816
48.99051848407479 0.01731711529514728
48.99769185232782 0.0173024205373889
49.004865220580854 0.01695426793848891
49.01203858883388 0.016643226568338304
49.01921195708692 0.016074878741486952
49.026385325339945 0.014926039541496851
49.03355869359298 0.013323453425746373
49.04073206184601 0.011787458037317601
49.047905430099036 0.010890248519896959
49.05507879835207 0.010920736105318888
49.0622521666051 0.01170825823101673
49.069425534858134 0.012631791346920716
49.07659890311116 0.012837964259517113
49.08377227136419 0.011614565293243508
49.090945639617225 0.008771492729495768
49.09811900787025 0.005025324652668453
49.10529237612329 0.003528186014555818
49.112465744376316 0.006110635025723802
49.11963911262935 0.008300237581628664
49.12681248088238 0.009167916386750501
49.13398584913541 0.009580268613828219
49.14115921738844 0.010520073317598268
49.14833258564147 0.011419034136955218
49.155505953894505 0.010704605373437795
49.16267932214753 0.0073206900786882585
49.16985269040057 0.0019256102362856865
49.177026058653595 0.006848507549793603
49.18419942690662 0.014043263089155263
49.19137279515966 0.018980141562887354
49.198546163412686 0.020182973133140186
49.20571953166572 0.017302369457527732
49.21289289991875 0.011377426265188503
49.22006626817178 0.005822288294283401
49.22723963642481 0.007905828967728864
49.23441300467784 0.011914517362944107
49.241586372930875 0.01284331217519026
49.2487597411839 0.010154439287966504
49.25593310943694 0.004821301172024235
49.263106477689966 0.0018554009969978167
49.270279845942994 0.007212101496732761
49.27745321419603 0.010555692217167704
49.28462658244906 0.011274780541657464
49.29179995070209 0.009831173719945612
49.29897331895512 0.0073320984905681594
49.306146687208155 0.0049431240974263145
49.31332005546118 0.003179177051268694
49.32049342371421 0.0018770469169195202
49.327666791967246 0.0018676018023066608
49.334840160220274 0.003173832773868442
49.34201352847331 0.004357004391589923
49.34918689672634 0.00578314579226618
49.356360264979365 0.008686891971923256
49.3635336332324 0.01291722226306171
49.37070700148543 0.017032004897808827
49.37788036973846 0.01945530487134462
49.38505373799149 0.019095511259349433
49.392227106244526 0.01569815340521357
49.399400474497554 0.009931224532213888
49.40657384275058 0.0031735663298283665
49.41374721100362 0.002920514460212591
49.420920579256645 0.006934399274246568
49.42809394750968 0.008111795464319959
49.43526731576271 0.006541494164968624
49.44244068401574 0.003070629300114816
49.44961405226877 0.0011339564111871358
49.4567874205218 0.004593585094971658
49.463960788774834 0.006631257575555614
49.47113415702786 0.0069768004706698625
49.4783075252809 0.005954250601029175
49.485480893533925 0.004204603557036384
49.49265426178695 0.002400858849165564
49.49982763003999 0.001181449256490654
49.507000998293016 0.001014614417484846
49.51417436654605 0.0007066293579069475
49.52134773479908 0.00120279378277065
49.528521103052114 0.004607298418348713
49.53569447130514 0.00970304481139083
49.54286783955817 0.0157701721395212
49.550041207811205 0.021699178297091167
49.55721457606423 0.02629049837429494
49.56438794431727 0.02864626741364689
49.571561312570296 0.028480370892756495
49.57873468082333 0.026209999158692224
49.58590804907636 0.02272003316552102
49.59308141732939 0.0188262039181226
49.60025478558242 0.014796158848958761
49.60742815383545 0.010474078377105914
49.614601522088485 0.00609596061885098
49.62177489034151 0.004162998539531593
49.62894825859454 0.0066705697928286095
49.636121626847576 0.009137289257110992
49.643294995100604 0.010003663226075606
49.65046836335364 0.00977993695031348
49.65764173160667 0.010092988200638066
49.6648150998597 0.01176369614405219
49.67198846811273 0.01354347145431452
49.67916183636576 0.013910874756783332
49.68633520461879 0.012234392310748505
49.69350857287182 0.008809972587576662
49.700681941124856 0.0047289375298211166
49.707855309377884 0.0028821655691221642
49.71502867763092 0.005013808362926603
49.72220204588395 0.006807391506549277
49.729375414136975 0.007325848986942119
49.73654878239001 0.006739930690171695
49.74372215064304 0.0056499096767610455
49.75089551889607 0.005560813267152146
49.7580688871491 0.00785963122063598
49.76524225540213 0.011355730743842845
49.772415623655164 0.01431845974580471
49.77958899190819 0.015478603164128458
49.78676236016123 0.014155785301872394
49.793935728414255 0.010567839082669103
49.80110909666729 0.006708058056673995
49.80828246492032 0.007734918431983906
49.815455833173345 0.0121574045941188
49.82262920142638 0.015412223129200249
49.82980256967941 0.016046251128056927
49.83697593793244 0.013975532718787043
49.84414930618547 0.009952206410459453
49.85132267443851 0.005179549982204402
49.858496042691534 0.0008789409728311257
49.86566941094456 0.0023640835763002717
49.8728427791976 0.004371712963068537
49.880016147450625 0.005769436364919721
49.88718951570366 0.006872806707756349
49.89436288395669 0.0072835231314450945
49.901536252209716 0.0063852479967616204
49.90870962046275 0.004215454085042129
49.91588298871578 0.003660284690429956
49.923056356968814 0.00740286604329828
49.93022972522184 0.011628617473818086
49.93740309347488 0.014503426851697601
49.944576461727905 0.015256296394196905
49.95174982998093 0.01393923384633522
49.95892319823397 0.011667455179344286
49.966096566486996 0.010773673564613381
49.97326993474003 0.012736116630950003
49.98044330299306 0.015930393485599343
49.987616671246094 0.018549983015659705
49.99479003949912 0.01998920641463391
50.00196340775215 0.020448356809742416
50.009136776005185 0.02041934271093614
50.01631014425821 0.02022787790481734
50.02348351251125 0.019911419493140594
50.030656880764276 0.019506532632489325
50.037830249017304 0.01924744099190305
50.04500361727034 0.019234558452002098
50.05217698552337 0.01893911522633435
50.0593503537764 0.017327332878085126
50.06652372202943 0.013536560543465923
50.073697090282465 0.007501497009105828
50.08087045853549 0.0026300409639320645
50.08804382678852 0.009392938438264215
50.095217195041556 0.016068304978061936
50.102390563294584 0.01994982309497186
50.10956393154762 0.020122825621031435
50.11673729980065 0.01668592244849209
50.12391066805368 0.01082258761496308
50.13108403630671 0.005552148284477705
50.13825740455974 0.007264578064795806
50.14543077281277 0.011404023834422376
50.1526041410658 0.013657547102921653
50.159777509318836 0.01370338350674042
50.166950877571864 0.012325518818976693
50.17412424582489 0.010739340351446603
50.18129761407793 0.010081523918384712
50.188470982330955 0.010928900347897572
50.19564435058399 0.01307713415207486
50.20281771883702 0.015732483697536295
50.20999108709005 0.01783884149145355
50.21716445534308 0.018440522449171565
50.22433782359611 0.017023368087751414
50.231511191849144 0.013702257265733549
50.23868456010217 0.00919081912902145
50.24585792835521 0.004592551707245235
50.253031296608235 0.0016579077139073461
50.26020466486127 0.002848936606622882
50.2673780331143 0.004091790228732911
50.274551401367326 0.004723802031301649
50.28172476962036 0.005008001067724348
50.28889813787339 0.004759529443208253
50.296071506126424 0.0036982380071512565
50.30324487437945 0.002102134965022581
50.31041824263248 0.0016991094258556126
50.317591610885515 0.002633700021345066
50.32476497913854 0.002573618196151703
50.33193834739158 0.0016046287613949038
50.339111715644606 0.0038533284376788815
50.34628508389764 0.007876988776179402
50.35345845215067 0.011391074856934521
50.3606318204037 0.013078967060090194
50.36780518865673 0.012239726864944924
50.37497855690976 0.00907223226470617
50.382151925162795 0.005152965098798867
50.38932529341582 0.004912815055253382
50.39649866166886 0.007529646292065893
50.403672029921886 0.008342728517639217
50.410845398174914 0.006247261639586973
50.41801876642795 0.0019141160219901955
50.42519213468098 0.00457231452167134
50.43236550293401 0.009758756318543614
50.43953887118704 0.012727974453316852
50.44671223944007 0.012327350323303995
50.4538856076931 0.008391280632790904
50.46105897594613 0.0018360985580080746
50.468232344199166 0.006271721663769722
50.47540571245219 0.01355696326290836
50.48257908070523 0.018711728829201118
50.48975244895826 0.02080791130534181
50.496925817211284 0.01978442405731452
50.50409918546432 0.016400590619722634
50.51127255371735 0.012053293135474949
50.51844592197038 0.008602914730472215
50.52561929022341 0.007624752985719727
50.532792658476446 0.008268412772690959
50.53996602672947 0.008636891445705626
50.5471393949825 0.007948916117111985
50.55431276323554 0.006105227706863415
50.561486131488564 0.003288807779919351
50.5686594997416 0.001615297795155606
50.57583286799463 0.0053287970222466695
50.583006236247655 0.00950605810850264
50.59017960450069 0.013094707558216933
50.59735297275372 0.0155596324640197
50.60452634100675 0.016613184206071226
50.61169970925978 0.01625524402946453
50.618873077512816 0.014765272751704351
50.626046445765844 0.012636382692901502
50.63321981401887 0.010463759094279988
50.64039318227191 0.008775383297594707
50.647566550524935 0.007770532794475831
50.65473991877797 0.007186735302293942
50.661913287031 0.006680734848586914
50.66908665528403 0.006473625938484164
50.67626002353706 0.00748980842955275
50.68343339179009 0.010050754268128837
50.690606760043124 0.013216942439265219
50.69778012829615 0.01570861286545181
50.70495349654919 0.01636188741200548
50.712126864802215 0.014336436070664541
50.71930023305524 0.009353054791280397
50.72647360130828 0.0018657798767194099
50.733646969561306 0.006973876232496288
50.74082033781434 0.015447686951400674
50.74799370606737 0.02172543315026547
50.755167074320404 0.024289730624368643
50.76234044257343 0.022394146541071178
50.76951381082646 0.01635174274762339
50.776687179079495 0.007819153998853221
50.78386054733252 0.005454865210320553
50.79103391558556 0.01313059878688179
50.798207283838586 0.018626527935694696
50.80538065209162 0.019970685332954468
50.81255402034465 0.01706480390075868
50.81972738859768 0.010983517700390882
50.82690075685071 0.0043078731097820335
50.83407412510374 0.006217463314486191
50.841247493356775 0.0113267571288345
50.8484208616098 0.01392885653628915
50.85559422986283 0.013606415693029072
50.862767598115866 0.010937105331003385
50.869940966368894 0.006993031100651796
50.87711433462193 0.003459611108296036
50.88428770287496 0.004171271895761687
50.89146107112799 0.007179457547236889
50.89863443938102 0.009558429948434038
50.90580780763405 0.010610396207934058
50.91298117588708 0.00998571517743368
50.92015454414011 0.007648936718410051
50.927327912393146 0.004031871727922601
50.934501280646174 0.0011150004081109878
50.94167464889921 0.004178684000384591
50.94884801715224 0.006442114013093679
50.956021385405265 0.006823324903901721
50.9631947536583 0.005343043328990261
50.97036812191133 0.002602146467179656
50.97754149016436 0.000726849495040279
50.98471485841739 0.003090530424509061
50.99188822667042 0.004341666659657595
50.999061594923454 0.004313132357111493
51.00623496317648 0.0037601147760087297
51.01340833142952 0.0040523141422571796
51.020581699682545 0.005253904407139834
51.02775506793558 0.006275604544543526
51.03492843618861 0.006616966842829643
51.042101804441636 0.006419560134811894
51.04927517269467 0.00608840677854642
51.0564485409477 0.005886992738119458
51.063621909200734 0.005894099324142167
51.07079527745376 0.006305519640055386
51.0779686457068 0.007279682735676237
51.085142013959825 0.008452942541591459
51.09231538221285 0.009116690252614128
51.09948875046589 0.00874105262872397
51.106662118718916 0.007365616713919373
51.11383548697195 0.005993584629397394
51.12100885522498 0.006423842041272587
51.12818222347801 0.008520428878633284
51.13535559173104 0.010638399087052691
51.14252895998407 0.011950954388141779
51.149702328237105 0.012402412741735876
51.15687569649013 0.012353835750680983
51.16404906474317 0.012262822119380882
51.171222432996196 0.012459610771762112
51.17839580124922 0.013097159122241223
51.18556916950226 0.014138547700140492
51.19274253775529 0.015301863262639956
51.19991590600832 0.01611964670899652
51.20708927426135 0.016155041824598707
51.214262642514385 0.015218713067952331
51.22143601076741 0.013440771999251968
51.22860937902044 0.011136819122031889
51.235782747273475 0.008525746281890378
51.2429561155265 0.005535530340952125
51.25012948377954 0.0019484285858996872
51.257302852032566 0.0022808708751153326
51.264476220285594 0.006732073486906059
51.27164958853863 0.01073652822612913
51.27882295679166 0.013533698344113216
51.28599632504469 0.014582214210352029
51.29316969329772 0.013764170893290746
51.300343061550755 0.01146986161378552
51.30751642980378 0.008591860091179168
51.31468979805681 0.00646601750772085
51.321863166309846 0.006126347441248356
51.329036534562874 0.006825757112925632
51.33620990281591 0.007487932163533764
51.34338327106894 0.008073539164735138
51.35055663932197 0.00897855994596158
51.357730007575 0.010181600280400082
51.36490337582803 0.011101395991737404
51.37207674408106 0.011050688860351161
51.37925011233409 0.009576176786532824
51.386423480587126 0.006587987797931133
51.393596848840154 0.0024460443827651686
51.40077021709318 0.002898206995316329
51.40794358534622 0.00773735405414144
51.415116953599245 0.011932839283523983
51.42229032185228 0.014892929627982705
51.42946369010531 0.016391768688385676
51.43663705835834 0.01652457281496502
51.44381042661137 0.015595762265245812
51.4509837948644 0.013943922715134477
51.458157163117434 0.011806629061336518
51.46533053137046 0.009309818085517858
51.4725038996235 0.006560843399661846
51.479677267876525 0.00375259953638456
51.48685063612956 0.0014690473014101599
51.49402400438259 0.0023462583823593377
51.501197372635616 0.004464954538037851
51.50837074088865 0.0063731693742324754
51.51554410914168 0.007849194162577504
51.522717477394714 0.008665112123161095
51.52989084564774 0.008590710683482716
51.53706421390077 0.007521189562110527
51.544237582153805 0.005582377770475272
51.55141095040683 0.003162683767810825
51.55858431865987 0.0011933295933639278
51.565757686912896 0.0021279731330148626
51.57293105516593 0.0034295558574065957
51.58010442341896 0.00396525222215597
51.58727779167199 0.003725251985563954
51.59445115992502 0.0029129447553797394
51.60162452817805 0.001935620612380988
51.608797896431085 0.0017271539112100017
51.61597126468411 0.0026108046856409715
51.62314463293715 0.0035648935954524837
51.630318001190176 0.004074469710278538
51.637491369443204 0.004011535007796926
51.64466473769624 0.003496435450236049
51.65183810594927 0.002765028376497853
51.6590114742023 0.0019337291609772128
51.66618484245533 0.001312589962791177
51.67335821070836 0.002730415652502228
51.68053157896139 0.005711738771471324
51.68770494721442 0.009261427276571067
51.694878315467456 0.012583932372820269
51.702051683720484 0.014881270418341487
51.70922505197352 0.015549259531734205
51.71639842022655 0.014350684972052845
51.723571788479575 0.011484245384999361
51.73074515673261 0.007544540625404163
51.73791852498564 0.0035144873234050646
51.74509189323867 0.0023348659488687247
51.7522652614917 0.00451230610517661
51.759438629744736 0.0057530207782909145
51.766611997997764 0.005343013694987725
51.77378536625079 0.0033054082998074576
51.78095873450383 0.001697581482926597
51.788132102756855 0.005468980066078718
51.79530547100989 0.009760069488011959
51.80247883926292 0.012864975855001232
51.809652207515946 0.013727120293879468
51.81682557576898 0.01177475054999438
51.82399894402201 0.007152130078984231
51.831172312275044 0.0008547139858302597
51.83834568052807 0.005823220462902308
51.84551904878111 0.01086507936647604
51.852692417034135 0.012935506774397075
51.85986578528716 0.011385855577580513
51.8670391535402 0.006927444731655147
51.874212521793226 0.0050706682264124265
51.88138589004626 0.011042226324632287
51.88855925829929 0.016836081963973175
51.89573262655232 0.019679561970890266
51.90290599480535 0.018795661500283566
51.91007936305838 0.014619238002561187
51.917252731311414 0.008558354705165857
51.92442609956444 0.002674226040331249
51.93159946781748 0.002427516442548767
51.938772836070505 0.0037760539273488654
51.94594620432353 0.0026488795570256173
51.95311957257657 0.0032781180833062486
51.960292940829596 0.007401128291200428
51.96746630908263 0.010940949668567831
51.97463967733566 0.01223832428088663
51.981813045588694 0.010707728239917901
51.98898641384172 0.006791878156757058
51.99615978209475 0.002427713851094028
52.003333150347785 0.004693330907747976
52.01050651860081 0.008115407199355652
52.01767988685385 0.00948908491741016
52.024853255106876 0.008863176757925013
52.03202662335991 0.007288607668596922
52.03919999161294 0.00618680173174856
52.04637335986597 0.005855236892010353
52.053546728119 0.005357549745164041
52.06072009637203 0.0047766415938353315
52.067893464625065 0.005613618599110066
52.07506683287809 0.007461958424428692
52.08224020113112 0.008316488730801012
52.089413569384156 0.006913565584252732
52.096586937637184 0.0031667183016015504
52.10376030589022 0.0036014012704669823
52.11093367414325 0.00971760782508657
52.11810704239628 0.014817855877969835
52.12528041064931 0.0172752032614698
52.13245377890234 0.01639712608272663
52.13962714715537 0.012759238132887842
52.1468005154084 0.009123115220873796
52.153973883661436 0.010403505654201521
52.161147251914464 0.014652061518872224
52.1683206201675 0.017312015500293165
52.17549398842053 0.01673674394084693
52.182667356673555 0.01305418590133628
52.18984072492659 0.008063147371176015
52.19701409317962 0.0068275964733272325
52.20418746143265 0.01049042474266489
52.21136082968568 0.013175632049371208
52.21853419793871 0.012795739573631658
52.225707566191744 0.00940840048061801
52.23288093444477 0.005565843116773601
52.24005430269781 0.008479296185505665
52.247227670950835 0.014617598996716922
52.25440103920387 0.019302202270252932
52.2615744074569 0.02107611408625612
52.268747775709926 0.01961003252502448
52.27592114396296 0.015506806645315898
52.28309451221599 0.01038868829430337
52.290267880469024 0.007473702007851541
52.29744124872205 0.008886555991757535
52.30461461697509 0.010732681301468101
52.311787985228115 0.010363416536710123
52.31896135348114 0.007395879988355398
52.32613472173418 0.003238998942659758
52.333308089987206 0.0056316221659350706
52.34048145824024 0.011161292094666722
52.34765482649327 0.01529478079710351
52.3548281947463 0.016901924301421647
52.36200156299933 0.015667936502449537
52.36917493125236 0.012029780892510297
52.376348299505395 0.007394048100736222
52.38352166775842 0.005710711633897372
52.39069503601146 0.00908939842750335
52.397868404264486 0.012632748142934639
52.405041772517514 0.014423836137752995
52.41221514077055 0.014189274507757367
52.41938850902358 0.012348435236057644
52.42656187727661 0.009739172242850284
52.43373524552964 0.00731597237387334
52.440908613782675 0.005643522899722886
52.4480819820357 0.004548210159833338
52.45525535028873 0.004067445852652408
52.462428718541766 0.005353093251776971
52.469602086794794 0.008264635878643753
52.47677545504783 0.011510516333716919
52.48394882330086 0.014158391183875435
52.49112219155389 0.01576801584866212
52.49829555980692 0.016400612702665456
52.50546892805995 0.016466155683508583
52.51264229631298 0.016325510404290557
52.51981566456601 0.015902226542763073
52.526989032819046 0.014736345131784958
52.534162401072074 0.012431316225662892
52.5413357693251 0.009029287059369574
52.54850913757814 0.005088001375530051
52.555682505831165 0.0016554530773160887
52.5628558740842 0.001789760417711977
52.57002924233723 0.0027177661463417347
52.57720261059026 0.0022860585104743526
52.58437597884329 0.0009964935132014251
52.59154934709632 0.00022390931558751267
52.59872271534935 0.0007720032705143757
52.60589608360238 0.002330373447413664
52.61306945185542 0.006038948051378632
52.620242820108444 0.011052195321274794
52.62741618836148 0.016082246426590622
52.63458955661451 0.01967204462248982
52.641762924867535 0.02064150708032843
52.64893629312057 0.01852828750567068
52.6561096613736 0.013882791372684793
52.66328302962663 0.008548826161407471
52.67045639787966 0.006401242918459561
52.67762976613269 0.008193064058410986
52.684803134385724 0.009019788488807036
52.69197650263875 0.007487623394313267
52.69914987089179 0.005876630959490575
52.706323239144815 0.008522847794715488
52.71349660739785 0.012727752930453027
52.72066997565088 0.0150828075533834
52.727843343903906 0.01443080636248264
52.73501671215694 0.011480114592390218
52.74219008040997 0.009698440094324377
52.749363448663004 0.012683710465271735
52.75653681691603 0.017165198483162204
52.76371018516907 0.019627370996838003
52.770883553422095 0.018786550773874054
52.77805692167512 0.014774455257470467
52.78523028992816 0.008693802755398354
52.792403658181186 0.0030281822262701206
52.79957702643422 0.006287759845431712
52.80675039468725 0.011640193071094344
52.81392376294028 0.015915183188774787
52.82109713119331 0.01880602592281565
52.82827049944634 0.019957460573223278
52.835443867699375 0.01901791844884074
52.8426172359524 0.016261906129474927
52.84979060420544 0.01352338875890476
52.856963972458466 0.014054514143926224
52.864137340711494 0.017747438683073814
52.87131070896453 0.021091459402998926
52.87848407721756 0.02172260837834005
52.88565744547059 0.01901742155797191
52.89283081372362 0.013897658937495425
52.900004181976655 0.009117083519312941
52.90717755022968 0.008987350753992826
52.91435091848271 0.011623457778832254
52.921524286735746 0.012599753972791892
52.928697654988774 0.01074645882345478
52.93587102324181 0.006575514559103722
52.94304439149484 0.0014546665731095035
52.950217759747865 0.003736090123080438
52.9573911280009 0.007267967843876764
52.96456449625393 0.008984355161729667
52.97173786450696 0.008995081273601904
52.97891123275999 0.007756783907317017
52.986084601013026 0.005833224009741344
52.993257969266054 0.004281954560199767
53.00043133751908 0.005091922679006106
53.00760470577212 0.007486569344178152
53.014778074025145 0.009194730305689142
53.02195144227818 0.00886990508975354
53.02912481053121 0.005952544886536812
53.03629817878424 0.0010982236202377877
53.04347154703727 0.005881218340082392
53.0506449152903 0.011722047916273353
53.057818283543334 0.015246220898528345
53.06499165179636 0.015177344567288933
53.0721650200494 0.011292263563383574
53.079338388302425 0.005129814242243754
53.08651175655545 0.006316946216273424
53.09368512480849 0.013088359705474525
53.100858493061516 0.01726611961764199
53.10803186131455 0.017081317579154553
53.11520522956758 0.012388359380358475
53.122378597820614 0.004506319571861802
53.12955196607364 0.005474560935435712
53.13672533432667 0.013562723551806495
53.143898702579705 0.018720530669991527
53.15107207083273 0.0201191751554927
53.15824543908577 0.019002837683898658
53.165418807338796 0.018871133752939962
53.17259217559183 0.022398004615052335
53.17976554384486 0.02755134411800095
53.18693891209789 0.03096757844849849
53.19411228035092 0.03073801341316592
53.20128564860395 0.02652793912501768
53.208459016856985 0.019244878194273115
53.21563238511001 0.010682929805300601
53.22280575336304 0.004346056833468383
53.229979121616076 0.007056823366003739
53.2371524898691 0.01061056264685425
53.24432585812214 0.011748993820900557
53.25149922637517 0.010984341583052568
53.2586725946282 0.009729083208338046
53.26584596288123 0.009298627654985256
53.27301933113426 0.00957660290540173
53.28019269938729 0.009541601519817292
53.28736606764032 0.00898177849033664
53.294539435893356 0.009033130770356057
53.30171280414638 0.010712030930704764
53.30888617239942 0.012972258078113115
53.31605954065245 0.01404659520695434
53.323232908905474 0.012835972155259705
53.33040627715851 0.009188650022832656
53.33757964541154 0.004196026256615316
53.34475301366457 0.004365162077102269
53.3519263819176 0.009102580083268367
53.35909975017063 0.01206655654035805
53.36627311842366 0.01214925755583208
53.37344648667669 0.009445223442959364
53.380619854929726 0.004905843701635879
53.387793223182754 0.0004391460262516085
53.39496659143579 0.0039009990089997892
53.40213995968882 0.005798617989838726
53.409313327941845 0.006393646142461587
53.41648669619488 0.00815311584083848
53.42366006444791 0.012074875405303557
53.43083343270094 0.01625296840189667
53.43800680095397 0.018748913270579506
53.445180169207006 0.01848116284085926
53.452353537460034 0.015313209336650972
53.45952690571306 0.009979557590440292
53.4667002739661 0.0040599499391640185
53.473873642219125 0.0036219169294714228
53.48104701047216 0.007473037116875941
53.48822037872519 0.009563969183281446
53.495393746978216 0.009637223889346598
53.50256711523125 0.00826997878264634
53.50974048348428 0.006274198654763837
53.516913851737314 0.004237211763106762
53.52408721999034 0.0022488619821098297
53.53126058824338 0.00043684633454143986
53.538433956496405 0.0024416877222240905
53.54560732474943 0.004810775712126611
53.55278069300247 0.006769219334283478
53.559954061255496 0.008039329150963318
53.56712742950853 0.008653792983218766
53.57430079776156 0.008982730401785292
53.581474166014594 0.009554689373132863
53.58864753426762 0.010675103194293685
53.59582090252065 0.012220944509014661
53.602994270773685 0.013866910891169773
53.61016763902671 0.015370265420348925
53.61734100727975 0.01664315943448333
53.624514375532776 0.017644222252894394
53.631687743785804 0.018210141676560793
53.63886111203884 0.017992085126079103
53.64603448029187 0.016587512263251617
53.6532078485449 0.013791027038329176
53.66038121679793 0.009832766938187886
53.667554585050965 0.005685793700074218
53.67472795330399 0.004313239850575456
53.68190132155702 0.006770432128802827
53.689074689810056 0.009184908027144164
53.696248058063084 0.01050534494919133
53.70342142631612 0.01097689922209947
53.71059479456915 0.011101909913175187
53.71776816282218 0.011012848377667571
53.72494153107521 0.010356074323858796
53.73211489932824 0.008790517695312524
53.73928826758127 0.006502208488947973
53.7464616358343 0.004473637152744728
53.753635004087336 0.004069756236109023
53.760808372340364 0.004534077669531933
53.76798174059339 0.004259253383397132
53.77515510884643 0.0033583170544831623
53.782328477099455 0.0040921099770452425
53.78950184535249 0.006758095662991315
53.79667521360552 0.009312401748166195
53.80384858185855 0.010602899890727093
53.81102195011158 0.01016220843495574
53.81819531836461 0.00807424198550691
53.825368686617644 0.004893373592925741
53.83254205487067 0.002072085020618377
53.83971542312371 0.003583135291505651
53.846888791376735 0.005994935480744156
53.85406215962977 0.007202133843025741
53.8612355278828 0.006881262168128497
53.868408896135826 0.005221758658006666
53.87558226438886 0.0032352311620960665
53.88275563264189 0.0035492836279864895
53.889929000894924 0.005445873267294801
53.89710236914795 0.00634941139455572
53.90427573740098 0.005382169480955529
53.911449105654015 0.0026771102958673535
53.91862247390704 0.002622021498525401
53.92579584216008 0.00687543658097048
53.932969210413106 0.010461304995369515
53.94014257866614 0.012266064147753808
53.94731594691917 0.012108712776154076
53.9544893151722 0.010889985934992496
53.96166268342523 0.010349817963780135
53.96883605167826 0.011162563553509757
53.976009419931295 0.01179294276819657
53.98318278818432 0.010595870926945174
53.99035615643736 0.007041791305049293
53.997529524690385 0.0016619167852635773
54.00470289294341 0.004313756130576739
54.01187626119645 0.009418587833743653
54.019049629449476 0.01247065856600269
54.02622299770251 0.012947606074278886
54.03339636595554 0.011149716703015681
54.04056973420857 0.008101811595606077
54.0477431024616 0.005221548027899933
54.05491647071463 0.0035825648152633663
54.062089838967665 0.0027796084099373773
54.06926320722069 0.0024674906481753924
54.07643657547373 0.0038574774429857594
54.083609943726756 0.006068851402615204
54.090783311979784 0.007967014688612033
54.09795668023282 0.009535530416093415
54.10513004848585 0.011528962288897666
54.11230341673888 0.014280071445401086
54.11947678499191 0.016932961218703677
54.126650153244945 0.018138960503213338
54.13382352149797 0.016930438516278273
54.140996889751 0.013150365962760265
54.148170258004036 0.007574988771933705
54.155343626257064 0.002794071188255456
54.1625169945101 0.005768469374317591
54.16969036276313 0.009275435277167045
54.176863731016155 0.010813850472615613
54.18403709926919 0.011028866392490188
54.19121046752222 0.011377010633633593
54.19838383577525 0.012466534144473023
54.20555720402828 0.013294101940557478
54.212730572281316 0.012657853049325062
54.219903940534344 0.010241765893956953
54.22707730878737 0.006830884750468268
54.23425067704041 0.004480512712932345
54.241424045293435 0.0049992326677564605
54.24859741354647 0.00623579123516562
54.2557707817995 0.007542139196493019
54.26294415005253 0.010229337954181237
54.27011751830556 0.014192865941935312
54.27729088655859 0.017756299868399113
54.284464254811624 0.019231153591065867
54.29163762306465 0.0176161715464571
54.29881099131769 0.01288266368100417
54.305984359570715 0.006113309084089887
54.31315772782374 0.0033514486172132748
54.32033109607678 0.009124908676897869
54.327504464329806 0.012885239863581609
54.33467783258284 0.01319086716660206
54.34185120083587 0.010103098961084625
54.349024569088904 0.004669486565181848
54.35619793734193 0.0019729342196688417
54.36337130559496 0.00694180941766361
54.370544673847995 0.009526152423592832
54.37771804210102 0.0087695133939901
54.38489141035406 0.004789220977333617
54.392064778607086 0.0018399069709432057
54.39923814686012 0.008790304948542408
54.40641151511315 0.015003511657294997
54.41358488336618 0.018886853456348624
54.42075825161921 0.019565176568291938
54.42793161987224 0.01691820215572536
54.435104988125275 0.011572883029037029
54.4422783563783 0.004979036896635272
54.44945172463133 0.004387139998012801
54.456625092884366 0.010190273214776776
54.463798461137394 0.014498775686317788
54.47097182939043 0.01632732750896227
54.47814519764346 0.01555564918755577
54.48531856589649 0.012527709514930272
54.49249193414952 0.007919922437375913
54.49966530240255 0.0030724797169189746
54.50683867065558 0.004683212162904052
54.51401203890861 0.00952079599804236
54.521185407161646 0.013286942334663385
54.528358775414674 0.015125077972044985
54.53553214366771 0.014601568240665943
54.54270551192074 0.011781992269128464
54.549878880173765 0.007658638069072875
54.5570522484268 0.005898683564604698
54.56422561667983 0.009344286419903031
54.57139898493286 0.013102252144740012
54.57857235318589 0.014645286236503852
54.58574572143892 0.013549138650092413
54.592919089691954 0.011204962536438275
54.60009245794498 0.0112082194457335
54.60726582619802 0.014822496585436974
54.614439194451045 0.01862437337428289
54.62161256270408 0.01994468887864224
54.62878593095711 0.017799125115958665
54.635959299210135 0.012657315702838973
54.64313266746317 0.007278937678234363
54.6503060357162 0.008946476500659432
54.65747940396923 0.014609463282627114
54.66465277222226 0.018522236376854444
54.6718261404753 0.01933906282910628
54.678999508728324 0.017191168961529314
54.68617287698135 0.013020322617363399
54.69334624523439 0.008160542249796796
54.700519613487415 0.004014856470474215
54.70769298174045 0.0023129811107366325
54.71486634999348 0.003052014118946733
54.722039718246506 0.003698163060457814
54.72921308649954 0.004013382993435534
54.73638645475257 0.004317489500445655
54.743559823005604 0.004896974609649226
54.75073319125863 0.005874134349213467
54.75790655951167 0.006982640635097784
54.765079927764695 0.007683032177430621
54.77225329601772 0.0075409709136636666
54.77942666427076 0.006538857596057899
54.786600032523786 0.005248167763640579
54.79377340077682 0.004658352442227211
54.80094676902985 0.004963283447607843
54.808120137282884 0.005206246613285514
54.81529350553591 0.0048281030999482305
54.82246687378894 0.0040589046340131305
54.829640242041975 0.003375663341244808
54.836813610295 0.0026267683827778045
54.84398697854804 0.001191563365258177
54.851160346801066 0.002228945368421176
54.858333715054094 0.006127693267838989
54.86550708330713 0.010383032779690623
54.87268045156016 0.013935068914523754
54.87985381981319 0.015953205175850294
54.88702718806622 0.016114720485205486
54.894200556319255 0.014815581129248388
54.90137392457228 0.013153377255446453
54.90854729282531 0.012305690116643321
54.915720661078346 0.012306747965447552
54.922894029331374 0.01204503871688767
54.93006739758441 0.010580797977247194
54.93724076583744 0.007728233666450394
54.94441413409047 0.003935540027075415
54.9515875023435 0.0012585008327080877
54.95876087059653 0.004460658452542756
54.96593423884956 0.0074369669746697925
54.97310760710259 0.009476348152923477
54.980280975355626 0.0106174951446167
54.987454343608654 0.011051849859378514
54.99462771186168 0.011006717021848036
55.00180108011472 0.010652030931504821
55.008974448367745 0.010018378734280516
55.01614781662078 0.009017823861244853
55.02332118487381 0.0076580268463144535
55.03049455312684 0.006429528219743274
55.03766792137987 0.0064376740977550514
55.0448412896329 0.00794952439279123
55.052014657885934 0.009750180265563702
55.05918802613896 0.010728468082010624
55.066361394392 0.010356891460006925
55.073534762645025 0.008619765392285457
55.08070813089806 0.005908405164005318
55.08788149915109 0.0028589929082811602
55.095054867404116 0.00014643952834985687
55.10222823565715 0.0017053988311496481
55.10940160391018 0.0024304636084625133
55.116574972163214 0.0020599917135529985
55.12374834041624 0.0009942213713946516
55.13092170866927 0.0013182764519218647
55.138095076922305 0.002821699610499621
55.14526844517533 0.003844187780689451
55.15244181342837 0.00393567538593103
55.159615181681396 0.003086858774548745
55.16678854993443 0.0023879986107444864
55.17396191818746 0.0038409397396159924
55.18113528644049 0.006020146098230755
55.18830865469352 0.007386979853146462
55.19548202294655 0.007237949215483318
55.202655391199585 0.005464310362175047
55.20982875945261 0.002751312541842784
55.21700212770565 0.002565425956274839
55.224175495958676 0.005165387136634486
55.231348864211704 0.007004241088193216
55.23852223246474 0.007827079937824954
55.24569560071777 0.0085545667925611
55.2528689689708 0.010053739805683094
55.26004233722383 0.01177595814704992
55.26721570547686 0.012513894647637934
55.27438907372989 0.011710343961888815
55.28156244198292 0.010096117348620122
55.288735810235956 0.009629705756833567
55.295909178488984 0.01098805343312709
55.30308254674202 0.01209382549969727
55.31025591499505 0.011139198847088746
55.317429283248075 0.00834441395699035
55.32460265150111 0.007928542717559337
55.33177601975414 0.01303110411961496
55.33894938800717 0.018977382205156774
55.3461227562602 0.022692080371489277
55.353296124513236 0.02295119855292791
55.36046949276626 0.01984065234691378
55.36764286101929 0.014574929310859632
55.37481622927233 0.00919816857298731
55.381989597525354 0.0060801850596039625
55.38916296577839 0.005436565105143369
55.39633633403142 0.0045694574045096045
55.403509702284445 0.0027401556210450936
55.41068307053748 0.0020945426122111373
55.41785643879051 0.003197045851251203
55.42502980704354 0.0032585165726510532
55.43220317529657 0.003065005992939211
55.439376543549606 0.005904816657952723
55.446549911802634 0.010151126481429469
55.45372328005566 0.013572163548137294
55.4608966483087 0.014924528650386218
55.468070016561725 0.013948487127196943
55.47524338481476 0.01160404380655414
55.48241675306779 0.009941050707059656
55.48959012132082 0.01014491594680066
55.49676348957385 0.010547208611409722
55.50393685782688 0.009302516244606904
55.511110226079914 0.0063398930950526325
55.51828359433294 0.004709230603059864
55.52545696258598 0.007946137666846525
55.532630330839005 0.011709844968029879
55.53980369909203 0.013633690033458646
55.54697706734507 0.013206752318533589
55.554150435598096 0.010845029020100181
55.56132380385113 0.007592673842216714
55.56849717210416 0.005149638595219357
55.575670540357194 0.005725989388031088
55.58284390861022 0.00845965934082415
55.59001727686325 0.011474692563047744
55.597190645116285 0.013832609138393879
55.60436401336931 0.014819068886655863
55.61153738162235 0.013986537943839016
55.618710749875376 0.011389757217897018
55.62588411812841 0.0076703331062697696
55.63305748638144 0.004091463965509528
55.64023085463447 0.0031914157111552137
55.6474042228875 0.004874326643467375
55.65457759114053 0.006478176964805739
55.661750959393565 0.007742345447039685
55.66892432764659 0.008647193151689936
55.67609769589962 0.008782994861955993
55.683271064152656 0.007756180626450629
55.690444432405684 0.0058382023788161215
55.69761780065872 0.0047721538192505575
55.70479116891175 0.006358993361157637
55.71196453716478 0.008696408161596877
55.71913790541781 0.010171789659295825
55.72631127367084 0.010642116856320256
55.73348464192387 0.01093527194444139
55.7406580101769 0.012022919099911381
55.747831378429936 0.013874076385208491
55.755004746682964 0.015644942142083652
55.762178114936 0.0166385925056865
55.76935148318903 0.01660974096729405
55.776524851442055 0.015574088543729658
55.78369821969509 0.013584295333325617
55.79087158794812 0.010767396408598588
55.79804495620115 0.007660759365558753
55.80521832445418 0.005681579166029489
55.81239169270721 0.0059725469428187974
55.819565060960244 0.006641675018623352
55.82673842921327 0.005763612974763857
55.83391179746631 0.002927601439081557
55.841085165719335 0.002131360315271227
55.84825853397237 0.006826959809145216
55.8554319022254 0.010766708805514108
55.862605270478426 0.012620328833668924
55.86977863873146 0.011800397008350621
55.87695200698449 0.008509929290681334
55.884125375237524 0.0036867266657659974
55.89129874349055 0.0013355070367019916
55.89847211174359 0.005095078058780404
55.905645479996615 0.006848589506559987
55.91281884824964 0.0069357126034979245
55.91999221650268 0.0076045253412308405
55.927165584755706 0.010860681760329113
55.93433895300874 0.015253647429543426
55.94151232126177 0.018751801000932423
55.9486856895148 0.020138078768361854
55.95585905776783 0.018981855967840074
55.96303242602086 0.015563898359970747
55.970205794273895 0.010816285602074703
55.97737916252692 0.006691830500236446
55.98455253077996 0.006921256162610621
55.991725899032986 0.010400551133431144
55.99889926728601 0.013637316712955084
56.00607263553905 0.015601074006473072
56.01324600379208 0.016088974431855224
56.02041937204511 0.015175313820195272
56.02759274029814 0.013045948304477063
56.034766108551175 0.00991903842130096
56.0419394768042 0.006030326285201683
56.04911284505723 0.0016981115199513604
56.056286213310266 0.0028087361488089856
56.06345958156329 0.006736099800888698
56.07063294981633 0.009581457988866022
56.07780631806936 0.010821512656956807
56.084979686322384 0.010244617629080981
56.09215305457542 0.008168827693715706
56.09932642282845 0.005872503729050763
56.10649979108148 0.005954971229714947
56.11367315933451 0.008317126937087601
56.120846527587545 0.010378871268053945
56.12801989584057 0.01092482800979001
56.1351932640936 0.009714376539942941
56.142366632346636 0.007111985565862004
56.149540000599664 0.003909937878143128
56.1567133688527 0.001667259269051851
56.16388673710573 0.0027579089411218422
56.17106010535876 0.003970580401343208
56.17823347361179 0.004389695006215112
56.18540684186482 0.004434900014120978
56.19258021011785 0.004526945665870727
56.19975357837088 0.004526817685008192
56.206926946623916 0.004019927601619511
56.214100314876944 0.0029963334105738617
56.22127368312997 0.002541902238334241
56.22844705138301 0.0037296232354492756
56.235620419636035 0.005128222296629983
56.24279378788907 0.005611050996807862
56.2499671561421 0.0047984729790091244
56.25714052439513 0.002953566180455424
56.26431389264816 0.0021906492096905343
56.27148726090119 0.004567930927981931
56.278660629154224 0.0071606918184727395
56.28583399740725 0.009043890121330247
56.29300736566029 0.010146404140317882
56.300180733913315 0.010708051260834373
56.30735410216635 0.010905041551048052
56.31452747041938 0.010598250465448024
56.321700838672406 0.009466101025682728
56.32887420692544 0.007375974316793694
56.33604757517847 0.004742791923041468
56.343220943431504 0.003116560677611011
56.35039431168453 0.0039964538870590986
56.35756767993756 0.005006240138447904
56.364741048190595 0.004820869289588802
56.37191441644362 0.004107333015334925
56.37908778469666 0.005331420317290538
56.386261152949686 0.00852558006172569
56.39343452120272 0.01171940428730304
56.40060788945575 0.013738081688322175
56.40778125770878 0.014057327172964859
56.41495462596181 0.01268252914600563
56.42212799421484 0.010053063473422021
56.429301362467875 0.00694642258630175
56.4364747307209 0.00469999029586149
56.44364809897394 0.00515482801053781
56.450821467226966 0.007293765748514599
56.457994835479994 0.009221197979302693
56.46516820373303 0.010083394076787539
56.47234157198606 0.009458485059453953
56.47951494023909 0.007317324597815218
56.48668830849212 0.004413324703104571
56.49386167674515 0.004108173330804126
56.50103504499818 0.00742002924130203
56.50820841325121 0.010593588491385609
56.515381781504246 0.01228282908426492
56.522555149757274 0.012140977640787745
56.52972851801031 0.01046167239646669
56.53690188626334 0.008194970757487532
56.544075254516365 0.006978800633658318
56.5512486227694 0.00778151100997999
56.55842199102243 0.0093497179482057
56.56559535927546 0.010442897673757716
56.57276872752849 0.010797109537973082
56.579942095781526 0.01074542964794201
56.587115464034554 0.010813459486733365
56.59428883228758 0.011271957634986103
56.60146220054062 0.01191473723318737
56.608635568793645 0.01229569220111293
56.61580893704668 0.012038687009940218
56.62298230529971 0.010952419181026716
56.630155673552736 0.009058694267208003
56.63732904180577 0.006688852083864734
56.6445024100588 0.004903562962059766
56.651675778311834 0.005590402581490677
56.65884914656486 0.008159245449989175
56.6660225148179 0.01082060896403428
56.673195883070925 0.012683854196616011
56.68036925132395 0.01329611876076221
56.68754261957699 0.012472823196390917
56.694715987830016 0.01030955048164773
56.70188935608305 0.007315312482750477
56.70906272433608 0.005209886741812923
56.716236092589114 0.007078960545113456
56.72340946084214 0.011320214020912782
56.73058282909517 0.01562664873631506
56.737756197348205 0.018991522499155845
56.74492956560123 0.020784949984796797
56.75210293385427 0.020641295883846132
56.759276302107295 0.01857549105189564
56.76644967036033 0.015152157558443922
56.77362303861336 0.011747700378410534
56.780796406866386 0.010586099577620946
56.78796977511942 0.012313846839627201
56.79514314337245 0.014730345005926258
56.802316511625484 0.016057661976178528
56.80948987987851 0.01569870534447868
56.81666324813154 0.01378917172197559
56.823836616384575 0.010886880753836118
56.8310099846376 0.007729041534339113
56.83818335289064 0.005077576116172371
56.845356721143666 0.0038753039419786458
56.8525300893967 0.004836441993623406
56.85970345764973 0.007118406283726739
56.86687682590276 0.00983004520350422
56.87405019415579 0.01238503248490049
56.88122356240882 0.014269358590400145
56.888396930661855 0.015100922749862005
56.89557029891488 0.014746012562971493
56.90274366716792 0.013446373653287536
56.909917035420946 0.01198245117528686
56.917090403673974 0.01165190468606999
56.92426377192701 0.013224636337381223
56.93143714018004 0.01589816818637186
56.93861050843307 0.0182973517985625
56.9457838766861 0.0193836546880112
56.95295724493913 0.018583182737321693
56.96013061319216 0.015784981860628662
56.96730398144519 0.011328892978298977
56.974477349698226 0.005960298446273757
56.981650717951254 0.001444411874013493
56.98882408620429 0.004467953476441342
56.99599745445732 0.007213022383696166
57.003170822710345 0.007938187102027563
57.01034419096338 0.006779821944525926
57.01751755921641 0.0048003094376510924
57.02469092746944 0.0046685578499554
57.03186429572247 0.007011909340390615
57.039037663975506 0.009297825940355125
57.046211032228534 0.010372707428241895
57.05338440048156 0.01006812979315458
57.0605577687346 0.008766495593052757
57.067731136987625 0.0071095613283674915
57.07490450524066 0.005606798056077293
57.08207787349369 0.0044040993814351455
57.089251241746716 0.0038339872964821275
57.09642460999975 0.004796750894836902
57.10359797825278 0.006854251108422035
57.110771346505814 0.008640008060308997
57.11794471475884 0.0090936128811045
57.12511808301188 0.007605663637067656
57.132291451264905 0.004116774387216795
57.13946481951793 0.0013303023496850025
57.14663818777097 0.006870300651055071
57.153811556023996 0.012209325184333885
57.16098492427703 0.016164854790472832
57.16815829253006 0.018080377764752832
57.175331660783094 0.017803431907831374
57.18250502903612 0.015678832086683497
57.18967839728915 0.012392272304748075
57.196851765542185 0.00870637340605267
57.20402513379521 0.005180314552902678
57.21119850204825 0.002093129518906048
57.218371870301276 0.0017654439295433518
57.225545238554304 0.004562147456309266
57.23271860680734 0.007350605061708723
57.23989197506037 0.009666412752956044
57.2470653433134 0.011285998140181334
57.25423871156643 0.012266237912422383
57.261412079819465 0.012916162577809495
57.26858544807249 0.013531401242124956
57.27575881632552 0.014083177369001191
57.282932184578556 0.014217685047818531
57.290105552831584 0.013571902711499072
57.29727892108462 0.012131927054840331
57.30445228933765 0.010503809224984674
57.31162565759068 0.009876762682666065
57.31879902584371 0.010866316254779377
57.32597239409674 0.01247697252232468
57.33314576234977 0.013334693318760915
57.3403191306028 0.012656614405250384
57.347492498855836 0.010343226998151081
57.354665867108864 0.0069837949331883475
57.36183923536189 0.004252285996296689
57.36901260361493 0.0047501295543229075
57.376185971867955 0.006376338733255551
57.38335934012099 0.006693047550823757
57.39053270837402 0.0054100460597306665
57.39770607662705 0.003697315856746799
57.40487944488008 0.004258513413577395
57.41205281313311 0.006173179960326796
57.41922618138614 0.00701015339087088
57.42639954963917 0.006282370151092878
57.43357291789221 0.00578081629956444
57.440746286145234 0.008546506831561763
57.44791965439827 0.013030971629048088
57.4550930226513 0.016636050254875565
57.462266390904325 0.01784132121531441
57.46943975915736 0.016024776128956315
57.47661312741039 0.011487651104992289
57.48378649566342 0.0055514153502777665
57.49095986391645 0.003510341253341029
57.49813323216948 0.007688312340580961
57.505306600422514 0.010139345613719267
57.51247996867554 0.009707179365036364
57.51965333692858 0.006767303009937606
57.526826705181605 0.0027118617631770752
57.53400007343464 0.0028765015234606993
57.54117344168767 0.005658963348748026
57.548346809940696 0.0070552356448525515
57.55552017819373 0.008375318604716861
57.56269354644676 0.011876950556126762
57.569866914699794 0.017136068699881192
57.57704028295282 0.02206986521124131
57.58421365120586 0.024883723306091253
57.591387019458885 0.02455108135424691
57.59856038771191 0.020956629171556718
57.60573375596495 0.014854349268439924
57.612907124217976 0.007692755035949325
57.62008049247101 0.002725320205833871
57.62725386072404 0.006079336884489068
57.63442722897707 0.00901833454958692
57.6416005972301 0.00970522492326317
57.64877396548313 0.008490414380179882
57.655947333736165 0.006119760906470218
57.66312070198919 0.003430294160681732
57.67029407024223 0.0020671136220626026
57.677467438495256 0.003904545149843226
57.684640806748284 0.006230440486789418
57.69181417500132 0.007864335732334507
57.69898754325435 0.008272272122026712
57.70616091150738 0.007259828701603659
57.71333427976041 0.005190057447612692
57.720507648013445 0.0034214295565835073
57.72768101626647 0.00390871469423272
57.7348543845195 0.0050312640304331765
57.742027752772536 0.004915134627456029
57.749201121025564 0.0033614350771741424
57.7563744892786 0.0025353897616093744
57.76354785753163 0.005254081635461612
57.770721225784655 0.008294870498003471
57.77789459403769 0.010168290835100572
57.78506796229072 0.010511463327901907
57.79224133054375 0.009750764259575004
57.79941469879678 0.008939173159548827
57.806588067049816 0.008898922615710788
57.813761435302844 0.009192831707809667
57.82093480355587 0.00882169907866446
57.82810817180891 0.007380366058476949
57.835281540061935 0.005460259799476683
57.84245490831497 0.004864142493249573
57.849628276568 0.006377564641370392
57.85680164482103 0.008192225425036722
57.86397501307406 0.009196313650071704
57.87114838132709 0.009201027285734244
57.878321749580124 0.008466644213891754
57.88549511783315 0.0074324252010474715
57.89266848608619 0.006532318308948708
57.899841854339215 0.006087737722246431
57.90701522259224 0.0062415761770354995
57.91418859084528 0.006961954241680092
57.921361959098306 0.008138872875176447
57.92853532735134 0.009583140705626214
57.93570869560437 0.010899121249875247
57.942882063857404 0.011460971261434404
57.95005543211043 0.010601307462955236
57.95722880036346 0.007948770092904203
57.964402168616495 0.004204609481457892
57.97157553686952 0.005359098931527659
57.97874890512256 0.011256105660008408
57.985922273375586 0.01684268214385732
57.99309564162862 0.02052605464898982
58.00026900988165 0.02153679217079756
58.00744237813468 0.019810637890692945
58.01461574638771 0.015954100839745564
58.02178911464074 0.011056474753959919
58.028962482893775 0.006477431863483365
58.0361358511468 0.004087653599300129
58.04330921939983 0.004929362124397839
58.050482587652866 0.006392289411173131
58.057655955905894 0.007010720399319114
58.06482932415893 0.006263191277713651
58.07200269241196 0.003893193911984892
58.07917606066499 0.00036544692134708176
58.08634942891802 0.004607812507832933
58.09352279717105 0.008857456912074022
58.10069616542408 0.011557161649068828
58.10786953367711 0.011944786851899059
58.115042901930146 0.010259919736549923
58.12221627018317 0.008578826866393696
58.12938963843621 0.01007788281707602
58.13656300668924 0.013468159025455938
58.143736374942264 0.015547307172379536
58.1509097431953 0.014783349006056696
58.15808311144833 0.01121497189336553
58.16525647970136 0.006808524302094004
58.17242984795439 0.007012139889211982
58.17960321620742 0.010924573751197243
58.18677658446045 0.01330117864846552
58.19394995271348 0.012750449999947316
58.201123320966516 0.009890916655745065
58.208296689219544 0.007574637310074332
58.21547005747258 0.009362729716502273
58.22264342572561 0.01270707671347393
58.229816793978635 0.014553538083879658
58.23699016223167 0.01417257072983592
58.2441635304847 0.012284678307541659
58.25133689873773 0.010643208588447138
58.25851026699076 0.010780935634833937
58.265683635243796 0.012085588281256375
58.272857003496824 0.013086945936006447
58.28003037174985 0.013203582992635628
58.28720374000289 0.012628317759382052
58.294377108255915 0.011855591782365657
58.30155047650895 0.011419205313295405
58.30872384476198 0.011749446636361049
58.315897213015006 0.012855778464884835
58.32307058126804 0.014142450168077022
58.33024394952107 0.01479230043927271
58.337417317774104 0.014332240763026182
58.34459068602713 0.013036294916804156
58.35176405428017 0.012001560382291948
58.358937422533195 0.012272570242903265
58.36611079078622 0.013351740944063243
58.37328415903926 0.01376031780164948
58.380457527292286 0.012509330679856613
58.38763089554532 0.009507821518666245
58.39480426379835 0.005427633897176466
58.401977632051384 0.0017393628830791902
58.40915100030441 0.002775390787090488
58.41632436855744 0.004280751513597456
58.423497736810475 0.004157917118549789
58.4306711050635 0.0030520400608937365
58.43784447331654 0.0030015095874183994
58.445017841569566 0.004472481488311288
58.452191209822594 0.005549917069026622
58.45936457807563 0.0054427950665774365
58.46653794632866 0.004296454577765922
58.47371131458169 0.003180834302226117
58.48088468283472 0.003658878948259846
58.488058051087755 0.00491882654288679
58.49523141934078 0.005639071787351033
58.50240478759381 0.005575942545719845
58.509578155846846 0.005162766432558139
58.516751524099874 0.005050586006869116
58.52392489235291 0.005316311396084737
58.53109826060594 0.005382270225466991
58.53827162885897 0.0048037167629887715
58.545444997112 0.0037345709724705797
58.55261836536503 0.0033369558636616907
58.55979173361806 0.004755138003583126
58.56696510187109 0.006941005724153997
58.574138470124126 0.008897537511595452
58.581311838377154 0.010173092038764575
58.58848520663018 0.010554767415972895
58.59565857488322 0.009942040616894422
58.602831943136245 0.008293990234092592
58.61000531138928 0.005652965770903693
58.61717867964231 0.00256488935191891
58.62435204789534 0.0038786799661900077
58.63152541614837 0.008676749860950963
58.6386987844014 0.013711832506775675
58.645872152654434 0.0180626566125382
58.65304552090746 0.020923896611244507
58.6602188891605 0.021612756324045187
58.667392257413525 0.019727102936656665
58.67456562566656 0.01528919663334325
58.68173899391959 0.008841999763357491
58.688912362172616 0.0021635954302969226
58.69608573042565 0.006895826613502387
58.70325909867868 0.012971890150010202
58.710432466931714 0.016727483160835232
58.71760583518474 0.01746876916849482
58.72477920343777 0.015143118302356333
58.731952571690805 0.010340665235531834
58.73912593994383 0.004528911567703767
58.74629930819687 0.004768914823393211
58.753472676449896 0.010266457579995279
58.76064604470293 0.014552623028998122
58.76781941295596 0.01666445080347483
58.77499278120899 0.016452661331304
58.78216614946202 0.014248272230940091
58.78933951771505 0.010784257562778768
58.796512885968085 0.00737061749921187
58.80368625422111 0.006486738532340181
58.81085962247415 0.008881107801354485
58.818032990727176 0.012010596174292358
58.8252063589802 0.014506068764080513
58.83237972723324 0.015930271992929575
58.839553095486266 0.016160774645356632
58.8467264637393 0.015214398227799601
58.85389983199233 0.013200726275219274
58.86107320024536 0.010333066144658768
58.86824656849839 0.006993797464651927
58.87541993675142 0.0039522382773126054
58.882593305004455 0.0030453097851083134
58.88976667325748 0.004292284000153037
58.89694004151052 0.005157508547312355
58.904113409763546 0.005087760245230154
58.911286778016574 0.004867904102351456
58.91846014626961 0.005929533756889731
58.92563351452264 0.008121570255190707
58.93280688277567 0.010083928215995755
58.9399802510287 0.010813970500071952
58.947153619281735 0.00998746877430736
58.95432698753476 0.008345325635742834
58.96150035578779 0.008321593329588393
58.968673724040826 0.011422674464423133
58.975847092293854 0.015524140310401701
58.98302046054689 0.018499847306622425
58.99019382879992 0.0191756420463985
58.997367197052945 0.017152570624947676
59.00454056530598 0.01277364481770681
59.01171393355901 0.007198170678741588
59.01888730181204 0.004071598722046096
59.02606067006507 0.0074292352632811835
59.033234038318106 0.010853134041092284
59.040407406571134 0.01233167962378953
59.04758077482416 0.011847677752913047
59.0547541430772 0.010054738092307456
59.061927511330225 0.007890199596430494
59.06910087958326 0.0060827491113938596
59.07627424783629 0.004691243221748443
59.08344761608932 0.0033030672367011355
59.09062098434235 0.0017068597783649034
59.09779435259538 0.0004474399228401328
59.104967720848414 0.0018015207733710315
59.11214108910144 0.003415843967429348
59.11931445735448 0.005129876425185492
59.126487825607505 0.006755624403677568
59.13366119386053 0.007778723684068982
59.14083456211357 0.00765645732746234
59.148007930366596 0.006191303452899928
59.15518129861963 0.003899798452784445
59.16235466687266 0.0028814682003603497
59.169528035125694 0.004271777781443022
59.17670140337872 0.005015111663477936
59.18387477163175 0.003827344213584217
59.191048139884785 0.0017744832271301253
59.19822150813781 0.005190368295206686
59.20539487639085 0.009954876037219479
59.212568244643876 0.01343963914843029
59.21974161289691 0.014360917527137812
59.22691498114994 0.012171116746183099
59.23408834940297 0.007284051173479929
59.241261717656 0.0029597134175508807
59.24843508590903 0.008204714143207007
59.255608454162065 0.014070199919488604
59.26278182241509 0.017694375108262116
59.26995519066812 0.01841694182770823
59.277128558921156 0.01635311573655737
59.284301927174184 0.012141232244833723
59.29147529542722 0.006632303576613515
59.29864866368025 0.0007207254611940366
59.30582203193328 0.005291414675515288
59.31299540018631 0.010433708748400432
59.32016876843934 0.014254891697076878
59.32734213669237 0.016174811174805296
59.3345155049454 0.015832136765684023
59.341688873198436 0.013292872575662014
59.348862241451464 0.009147789973361013
59.3560356097045 0.004597778516555294
59.36320897795753 0.0031079635256897505
59.370382346210555 0.0057598643303343345
59.37755571446359 0.007812450372580942
59.38472908271662 0.008684880642033078
59.39190245096965 0.008952685416389446
59.39907581922268 0.00949972283645999
59.40624918747571 0.010845359664415124
59.413422555728744 0.012726967710780466
59.42059592398177 0.014382587957499492
59.42776929223481 0.01495076244639475
59.434942660487835 0.013746740450847564
59.44211602874087 0.010551853155982397
59.4492893969939 0.006070154557314997
59.456462765246926 0.004381563904462252
59.46363613349996 0.008374755552259045
59.47080950175299 0.011858141704245366
59.477982870006024 0.012757903328209943
59.48515623825905 0.010976905129295698
59.49232960651209 0.008711623582254137
59.499502974765115 0.010711195142706914
59.50667634301814 0.016085773649810856
59.51384971127118 0.02077336348363302
59.521023079524205 0.02268351764406167
59.52819644777724 0.021088966681606546
59.53536981603027 0.01629713833094813
59.542543184283296 0.00938521519888626
59.54971655253633 0.001942537975060061
59.55688992078936 0.0052891648072845975
59.564063289042394 0.010478310133936719
59.57123665729542 0.013543639135509114
59.57841002554846 0.014523981665885522
59.585583393801485 0.013803706854933507
59.59275676205451 0.01184567078699049
59.59993013030755 0.0090118924872855
59.607103498560576 0.0056902211772410114
59.61427686681361 0.003852011272091831
59.62145023506664 0.00702372301286337
59.628623603319674 0.011839289346473509
59.6357969715727 0.015998712253586945
59.64297033982573 0.01823367394454016
59.650143708078765 0.01765313516930813
59.65731707633179 0.013955905300756372
59.66449044458483 0.00767769975304885
59.671663812837856 0.001942409433997141
59.678837181090884 0.007844680265667765
59.68601054934392 0.012559756517258035
59.69318391759695 0.013358178454078945
59.70035728584998 0.009644524418044005
59.70753065410301 0.0023264516422366985
59.714704022356045 0.007895807995624256
59.72187739060907 0.01716566394875093
59.7290507588621 0.023538183076811357
59.736224127115136 0.025100781403537983
59.743397495368164 0.021244000431141483
59.7505708636212 0.013054176866787658
59.75774423187423 0.005926186187802127
59.76491760012726 0.012837569011936119
59.77209096838029 0.02109816668110597
59.77926433663332 0.025231341526368606
59.78643770488635 0.024264220517266278
59.79361107313938 0.018850540656216264
59.800784441392416 0.010778805407202751
59.807957809645444 0.002415225821001493
59.81513117789847 0.004652406310444903
59.82230454615151 0.008785845717544667
59.829477914404535 0.010703971837035866
59.83665128265757 0.012208974655016415
59.8438246509106 0.014741924908704055
59.85099801916363 0.017552842423341236
59.85817138741666 0.01894914686519076
59.86534475566969 0.017885606628458103
59.872518123922724 0.014366847947289058
59.87969149217575 0.009350722932097714
59.88686486042879 0.004869980979559106
59.894038228681815 0.004762778127375709
59.90121159693485 0.006871250130071929
59.90838496518788 0.007667800030895359
59.915558333440906 0.006928111625857854
59.92273170169394 0.00546631107444817
59.92990506994697 0.00455609372885001
59.937078438200004 0.004838926820373094
59.94425180645303 0.00549263835252384
59.95142517470606 0.005806475085792512
59.958598542959095 0.005760047417688515
59.96577191121212 0.005713035802390627
59.97294527946516 0.006040568837788575
59.980118647718186 0.006736691900537371
59.98729201597122 0.007377335864117019
59.99446538422425 0.007435992933635337
60.00163875247728 0.00653963286131999
60.00881212073031 0.004623187468805984
60.01598548898334 0.002226493574381514
60.023158857236375 0.0026396690556825487
60.0303322254894 0.005435294538100251
60.03750559374244 0.007892527897885741
60.044678961995466 0.009594121176333176
60.051852330248494 0.010644960124447905
60.05902569850153 0.011342223568977317
60.06619906675456 0.011824044418216603
60.07337243500759 0.011923207855596621
60.08054580326062 0.01142979096232345
60.08771917151365 0.01048765961518153
60.09489253976668 0.009738522525952429
60.10206590801971 0.009797882343870195
60.109239276272746 0.0103350679820119
60.116412644525774 0.010317238353418086
60.12358601277881 0.008964284117138201
60.13075938103184 0.00625657966127739
60.137932749284865 0.0038415664269535405
60.1451061175379 0.0057226928754139286
60.15227948579093 0.009222582715471392
60.15945285404396 0.011457890501276052
60.16662622229699 0.01143490035782836
60.173799590550026 0.008909482331810365
60.18097295880305 0.004284282181141073
60.18814632705608 0.0017559877119703307
60.19531969530912 0.007523305722441777
60.202493063562144 0.012170539760123082
60.20966643181518 0.01469506591791565
60.21683980006821 0.014724620539227325
60.224013168321235 0.012700935715629812
60.23118653657427 0.010222463979014322
60.2383599048273 0.009938754304124905
60.24553327308033 0.01223977642269916
60.25270664133336 0.014608123155654268
60.2598800095864 0.015333676565354108
60.267053377839424 0.014057824663927335
60.27422674609245 0.011565943761191669
60.28140011434549 0.009754471169001175
60.288573482598515 0.010336706285510231
60.29574685085155 0.012253729832132127
60.30292021910458 0.013591729754994892
60.31009358735761 0.01359067548284123
60.31726695561064 0.012440252984259681
60.32444032386367 0.010811161692327135
60.331613692116704 0.009354079461463091
60.33878706036973 0.008339894028869163
60.34596042862277 0.007881651015818553
60.353133796875795 0.008315559364540986
60.36030716512882 0.009668706224671437
60.36748053338186 0.011162116758312546
60.374653901634886 0.011808695108205761
60.38182726988792 0.010999919814649236
60.38900063814095 0.008680102389013332
60.396174006393984 0.005292584466324261
60.40334737464701 0.0018025964078190653
60.41052074290004 0.002785172176180984
60.417694111153075 0.005793027009764352
60.4248674794061 0.00846478537125947
60.43204084765914 0.01076152026215966
60.439214215912166 0.012353274629367488
60.4463875841652 0.012540624437145289
60.45356095241823 0.010607215120870431
60.46073432067126 0.006228502792159284
60.46790768892429 0.0002869945693441886
60.47508105717732 0.007952536101821926
60.482254425430355 0.015398742748085219
60.48942779368338 0.021153117459176494
60.49660116193641 0.02406955775429161
60.503774530189446 0.023660162330605986
60.510947898442474 0.020300169139232403
60.51812126669551 0.015305653087884447
60.52529463494854 0.010995694045142416
60.53246800320157 0.00977207268301553
60.5396413714546 0.01040129574155695
60.54681473970763 0.009767354693715856
60.55398810796066 0.00661197766215856
60.56116147621369 0.001199309960557318
60.568334844466726 0.005631883107215952
60.575508212719754 0.01231460305796294
60.58268158097279 0.017627726121955876
60.58985494922582 0.02061910337436006
60.597028317478845 0.020881690749404047
60.60420168573188 0.01858986174497981
60.61137505398491 0.01440666848354424
60.61854842223794 0.00927253027774019
60.62572179049097 0.004160563328663093
60.632895158744 0.0013477316331297585
60.640068526997034 0.004494707282274765
60.64724189525006 0.007326032828230687
60.6544152635031 0.009523672985245521
60.661588631756125 0.011013332385706247
60.66876200000916 0.011514326579076736
60.67593536826219 0.010715703974583615
60.683108736515216 0.008486281902839251
60.69028210476825 0.004990879436822041
60.69745547302128 0.000946992811446031
60.704628841274314 0.004076612640845956
60.71180220952734 0.008157894059426268
60.71897557778038 0.01122700243317959
60.726148946033405 0.012857564525038112
60.73332231428643 0.012853882075972267
60.74049568253947 0.01129420316555448
60.747669050792496 0.008676132283090797
60.75484241904553 0.006415569933127378
60.76201578729856 0.0069892952124256
60.76918915555159 0.009800261493165707
60.77636252380462 0.012347547530854923
60.78353589205765 0.013347672291408989
60.790709260310685 0.012345176793511567
60.79788262856371 0.009539325230943118
60.80505599681675 0.005932984840292057
60.812229365069776 0.0043952069670028775
60.819402733322804 0.006672512555018229
60.82657610157584 0.00897868744041564
60.83374946982887 0.009640618211497644
60.8409228380819 0.008401685578329474
60.84809620633493 0.005641843838058419
60.855269574587965 0.00217875302780988
60.86244294284099 0.0018531720310347405
60.86961631109402 0.0045022639208644145
60.876789679347056 0.006096549365121088
60.88396304760008 0.006538508642188215
60.89113641585312 0.006334123961708083
60.89830978410615 0.006402370679888036
60.90548315235918 0.0073509537793649375
60.91265652061221 0.008792250961148773
60.91982988886524 0.009965863107087594
60.92700325711827 0.010355488451075132
60.9341766253713 0.009786826840429039
60.941349993624335 0.008421106780053061
60.94852336187736 0.006844952619461241
60.95569673013039 0.006303720673045679
60.962870098383426 0.007864191041525956
60.970043466636454 0.010826066168213525
60.97721683488949 0.01403036417802971
60.98439020314252 0.01657023535152136
60.99156357139555 0.017635013977361155
60.99873693964858 0.016574248092324297
61.00591030790161 0.013115548619629306
61.01308367615464 0.007542097388242778
61.02025704440767 0.0007424003438666074
61.027430412660706 0.006073451478682272
61.034603780913734 0.011388322865772814
61.04177714916677 0.01408423589241196
61.0489505174198 0.013634953302411566
61.056123885672825 0.010373745028382342
61.06329725392586 0.005764080752112484
61.07047062217889 0.004451390644617844
61.07764399043192 0.007829433242232847
61.08481735868495 0.01013686478614905
61.09199072693798 0.009983603795048314
61.099164095191014 0.007629981496541677
61.10633746344404 0.004362020443432603
61.11351083169708 0.003244211251523715
61.120684199950105 0.005114778526339567
61.12785756820314 0.006658047387138736
61.13503093645617 0.007608574750425676
61.142204304709196 0.008657379800028906
61.14937767296223 0.009752742168605477
61.15655104121526 0.009968174856654981
61.163724409468294 0.008492591355412766
61.17089777772132 0.005276513073233782
61.17807114597436 0.0019530785355033082
61.185244514227385 0.004624961439709602
61.19241788248041 0.007741744004907682
61.19959125073345 0.00879674673325848
61.206764618986476 0.007518311963026247
61.21393798723951 0.004919405188162333
61.22111135549254 0.004580433259588302
61.22828472374557 0.00748229540497743
61.2354580919986 0.009895828320090323
61.24263146025163 0.010510069125955979
61.249804828504665 0.009446644678097357
61.25697819675769 0.007720938082225451
61.26415156501073 0.006582828996849595
61.271324933263756 0.006078162990166532
61.278498301516784 0.004998226720227308
61.28567166976982 0.0027272735199245723
61.29284503802285 0.0023036452564158564
61.30001840627588 0.00606447610735037
61.30719177452891 0.009646996147190005
61.314365142781945 0.011917783115283229
61.32153851103497 0.012444675635729931
61.328711879288 0.011294003605822158
61.335885247541036 0.008878983652059226
61.343058615794064 0.005745918140575764
61.3502319840471 0.0024751820790238073
61.35740535230013 0.0014652735839161776
61.364578720553155 0.003757719181362353
61.37175208880619 0.005239512716153277
61.37892545705922 0.005327240015011713
61.38609882531225 0.003959523259363491
61.39327219356528 0.00206502056723274
61.400445561818316 0.0035458292331909044
61.407618930071344 0.006589464566505833
61.41479229832437 0.008885659082967534
61.42196566657741 0.009830204084504177
61.429139034830435 0.009468144583461758
61.43631240308347 0.008366520424206485
61.4434857713365 0.007273767010690936
61.45065913958953 0.00653463476241795
61.45783250784256 0.005940800198105738
61.46500587609559 0.005423905050136739
61.472179244348624 0.005408422771030027
61.47935261260165 0.005967302746236953
61.48652598085469 0.006434911286104254
61.493699349107715 0.006454135731421009
61.50087271736074 0.006714138502359658
61.50804608561378 0.008226599293928443
61.515219453866806 0.010517932399888491
61.52239282211984 0.012209599220703991
61.52956619037287 0.012271585208531959
61.536739558625904 0.010372769548175136
61.54391292687893 0.0069106211665397365
61.55108629513196 0.002856879145592323
61.558259663384995 0.000891998762900632
61.56543303163802 0.0027405517072154077
61.57260639989106 0.00268027901338532
61.579779768144085 0.0008373022970339492
61.58695313639712 0.00206112555471679
61.59412650465015 0.00468312927752221
61.601299872903176 0.005976380029103467
61.60847324115621 0.005366321309255789
61.61564660940924 0.003826708459376191
61.622819977662274 0.005711876824659568
61.6299933459153 0.01037455563042955
61.63716671416833 0.014660742834300914
61.644340082421365 0.01705295206461326
61.65151345067439 0.01682594764763572
61.65868681892743 0.01397654289897563
61.665860187180456 0.009139644706062332
61.67303355543349 0.003356817786548106
61.68020692368652 0.0022693402937626304
61.68738029193955 0.006830824026381246
61.69455366019258 0.009905878019150076
61.70172702844561 0.011537322794311121
61.708900396698645 0.012129556667903142
61.71607376495167 0.012153496397897824
61.72324713320471 0.011807893634836144
61.730420501457736 0.01091225941593954
61.737593869710764 0.009130288467239903
61.7447672379638 0.006312550515585793
61.75194060621683 0.00317661030660075
61.75911397446986 0.004492328313715757
61.76628734272289 0.009147463781516497
61.77346071097592 0.013723933516382038
61.78063407922895 0.017226875075694908
61.78780744748198 0.019039778990392702
61.794980815735016 0.01881591134065544
61.802154183988044 0.01652192411173187
61.80932755224108 0.012483490988311181
61.81650092049411 0.007552202604622074
61.823674288747135 0.004632101829245663
61.83084765700017 0.007722468833303212
61.8380210252532 0.01178559642140212
61.84519439350623 0.014159609373097211
61.85236776175926 0.014060799494254653
61.859541130012296 0.011398843327239016
61.866714498265324 0.006721194877995409
61.87388786651835 0.002286563188774008
61.88106123477139 0.006183327195024629
61.888234603024415 0.010805641413148789
61.89540797127745 0.013438943200259262
61.90258133953048 0.013607314387765945
61.909754707783506 0.011578153843008079
61.91692807603654 0.008365230972821169
61.92410144428957 0.005966402246687218
61.931274812542604 0.006386275356052848
61.93844818079563 0.007916048938593294
61.94562154904867 0.008571177034117809
61.952794917301695 0.008214313358752352
61.95996828555472 0.007953409951879497
61.96714165380776 0.0090571901024339
61.974315022060786 0.011113463355662342
61.98148839031382 0.01271269566227635
61.98866175856685 0.01284266033230894
61.995835126819884 0.011161832601042686
62.00300849507291 0.008109947987789873
62.01018186332594 0.005705986346351922
62.017355231578975 0.007442865252400168
62.024528599832 0.011219326942033587
62.03170196808504 0.014188507065517619
62.038875336338066 0.015388907707303787
62.046048704591094 0.0147525100311625
62.05322207284413 0.0129246125212719
62.06039544109716 0.01120569416487145
62.06756880935019 0.010890940974415505
62.07474217760322 0.011853845000804617
62.081915545856255 0.012940820343748284
62.08908891410928 0.013504112712529102
62.09626228236231 0.013674742363112724
62.103435650615346 0.013918210538064302
62.110609018868374 0.014431474862196484
62.11778238712141 0.014951676412487909
62.12495575537444 0.015156266668666648
62.13212912362747 0.015031408705929453
62.1393024918805 0.014835908692674824
62.14647586013353 0.014751625294500744
62.15364922838656 0.014579337442922544
62.16082259663959 0.013899691298579337
62.167995964892626 0.01258385856136254
62.175169333145654 0.011235698839965539
62.18234270139868 0.01109933482797816
62.18951606965172 0.012650179076934552
62.196689437904745 0.01474914039875182
62.20386280615778 0.016009015773710222
62.21103617441081 0.015628933287594324
62.21820954266384 0.013415758371432832
62.22538291091687 0.009663599868224975
62.2325562791699 0.005016044687481133
62.239729647422934 0.0008743200871022615
62.24690301567596 0.0042265391740125636
62.254076383929 0.007373151427704931
62.261249752182025 0.009380903530707729
62.26842312043506 0.010538217382247014
62.27559648868809 0.011375649544103313
62.282769856941115 0.012196386213226669
62.28994322519415 0.0127388604374525
62.29711659344718 0.01239872253430235
62.30428996170021 0.010726009933422874
62.31146332995324 0.007822988578057218
62.31863669820627 0.004930085331646005
62.325810066459304 0.005296435816994356
62.33298343471233 0.008047246057477926
62.34015680296537 0.009972186099134518
62.347330171218395 0.010021660874870305
62.35450353947143 0.008222060680587692
62.36167690772446 0.005468904153743396
62.368850275977486 0.0038736397685662565
62.37602364423052 0.004814154509720333
62.38319701248355 0.005721171411883606
62.390370380736584 0.005319704256003836
62.39754374898961 0.004281966205396345
62.40471711724265 0.004747562666223809
62.411890485495675 0.006771261612876585
62.4190638537487 0.008430779605632602
62.42623722200174 0.008863741863809383
62.433410590254766 0.008231186590155166
62.4405839585078 0.007370271778274176
62.44775732676083 0.006976372848415032
62.45493069501386 0.006743238577887817
62.46210406326689 0.006187729688932331
62.46927743151992 0.006098891562566831
62.476450799772955 0.007748264927019013
62.48362416802598 0.01014736064644468
62.49079753627902 0.011395746744718839
62.497970904532046 0.010246221154510364
62.505144272785074 0.006350572950236738
62.51231764103811 0.0006338555290995355
62.51949100929114 0.0068220720303824225
62.52666437754417 0.013116825850333585
62.5338377457972 0.017240146454582213
62.541011114050235 0.018309095588608975
62.54818448230326 0.01631658886002079
62.55535785055629 0.012145476077473814
62.562531218809326 0.007386830500842972
62.569704587062354 0.004218221779844068
62.57687795531539 0.003845821674028779
62.58405132356842 0.0035376053228612717
62.591224691821445 0.001905299588497672
62.59839806007448 0.0006983905908869552
62.60557142832751 0.0026610666656275497
62.61274479658054 0.003326577629312089
62.61991816483357 0.002153614450119063
62.627091533086606 0.0012818562491255854
62.634264901339634 0.004779851743929313
62.64143826959266 0.008122174733766755
62.6486116378457 0.010025205851730778
62.655785006098725 0.009918487585822573
62.66295837435176 0.008129862638965195
62.67013174260479 0.00620165819147134
62.67730511085782 0.006264349149423708
62.68447847911085 0.007423071088101688
62.69165184736388 0.007360892388136187
62.698825215616914 0.005353333775628428
62.70599858386994 0.003312908573121946
62.71317195212298 0.0064697241454010415
62.720345320376005 0.01110828629996133
62.72751868862903 0.014435438705021992
62.73469205688207 0.015444240128200247
62.741865425135096 0.01391296615719942
62.74903879338813 0.010261654545156299
62.75621216164116 0.005337201513940403
62.763385529894194 0.00021453333501574316
62.77055889814722 0.004564746226725401
62.77773226640025 0.008169483556706597
62.784905634653285 0.010493736956196792
62.79207900290631 0.011522467975114931
62.79925237115935 0.011302155327705368
62.806425739412376 0.009865626425666208
62.81359910766541 0.007243328250005134
62.82077247591844 0.0035919571555118423
62.82794584417147 0.0023031597128460456
62.8351192124245 0.007528415154120895
62.84229258067753 0.013477915411515329
62.849465948930565 0.01913963447797758
62.85663931718359 0.023657654698991438
62.86381268543662 0.0262179636955444
62.870986053689656 0.026269406220013787
62.878159421942684 0.023746396767233873
62.88533279019572 0.019174294738837194
62.89250615844875 0.013592940370890774
62.89967952670178 0.008315590394353088
62.90685289495481 0.004538789931012813
62.91402626320784 0.0025575100201314363
62.92119963146087 0.0018088013846890645
62.9283729997139 0.0038062538707703767
62.935546367966936 0.007289935024076071
62.94271973621996 0.010642354675841478
62.949893104473 0.012880241947087014
62.95706647272603 0.013522414561150262
62.964239840979054 0.01266636780958959
62.97141320923209 0.01091214844974512
62.97858657748512 0.00914470756366896
62.98575994573815 0.008240834669286629
62.99293331399118 0.008675556313088304
63.00010668224421 0.010170619323988975
63.00728005049724 0.011875206526736227
63.01445341875027 0.012784576212822422
63.021626787003306 0.012076751530152656
63.028800155256334 0.00949534030605981
63.03597352350937 0.006146091096187118
63.0431468917624 0.0065396935048479266
63.050320260015425 0.011025711759704803
63.05749362826846 0.015100680072099254
63.06466699652149 0.01688128954739595
63.07184036477452 0.01576709332166438
63.07901373302755 0.012079260557634716
63.086187101280586 0.006957827161778073
63.093360469533614 0.0029986182627969467
63.10053383778664 0.004863693448436471
63.10770720603968 0.007026708460690847
63.114880574292705 0.007206614363613181
63.12205394254574 0.005778769828552807
63.12922731079877 0.004177733948011171
63.136400679051796 0.0041946848103732465
63.14357404730483 0.005028459769027247
63.15074741555786 0.005086204138402119
63.157920783810894 0.00422341917546345
63.16509415206392 0.0035051548202315566
63.17226752031696 0.0040962011215879566
63.179440888569985 0.0050603645029274995
63.18661425682301 0.005232988573797392
63.19378762507605 0.004321558263895127
63.200960993329076 0.00262784298496957
63.20813436158211 0.000980915012110867
63.21530772983514 0.0015790334016565373
63.222481098088174 0.0026824434559783376
63.2296544663412 0.0033893306421719947
63.23682783459423 0.003864276783463525
63.244001202847265 0.004153222758893826
63.25117457110029 0.004131826321468313
63.25834793935333 0.003944509113338337
63.265521307606356 0.004295283628133386
63.272694675859384 0.005540871335483486
63.27986804411242 0.007003071732357089
63.28704141236545 0.007977178265232006
63.29421478061848 0.008344864800067032
63.30138814887151 0.008643337660395245
63.308561517124545 0.00949633449901704
63.31573488537757 0.010639007764889876
63.3229082536306 0.011060273820680092
63.330081621883636 0.009895441527637829
63.337254990136664 0.00692151456555243
63.3444283583897 0.002901987803950693
63.35160172664273 0.0034368185932435367
63.35877509489576 0.007213881650174334
63.36594846314879 0.009294753634521662
63.37312183140182 0.008790317073244656
63.38029519965485 0.005807135140501641
63.38746856790788 0.002893219770693539
63.394641936160916 0.006876091036175446
63.401815304413944 0.011824591781204303
63.40898867266697 0.014862162182186712
63.41616204092001 0.015068012221418918
63.423335409173035 0.012443837990015428
63.43050877742607 0.00821049891361661
63.4376821456791 0.006480613909289568
63.44485551393213 0.010257469835695792
63.45202888218516 0.014611678994452832
63.45920225043819 0.017066887374582815
63.466375618691224 0.016995506286648962
63.47354898694425 0.014620287299528557
63.48072235519729 0.010846650093809538
63.487895723450315 0.007598482987230339
63.49506909170335 0.008095313969586956
63.50224245995638 0.011695362304684721
63.509415828209406 0.015388619951673009
63.51658919646244 0.01775308867118516
63.52376256471547 0.01809236828494746
63.530935932968504 0.016105632598804643
63.53810930122153 0.011955958937336631
63.54528266947456 0.0065466213238409635
63.552456037727595 0.004300566219702124
63.55962940598062 0.009211868483386433
63.56680277423366 0.014265751426623646
63.573976142486686 0.01761068816676661
63.58114951073972 0.018869031988523827
63.58832287899275 0.01821367294394252
63.59549624724578 0.016145249384480465
63.60266961549881 0.0132901375913438
63.60984298375184 0.010262884475970764
63.617016352004875 0.007692252730417511
63.6241897202579 0.0063588941562226714
63.63136308851094 0.006732964764595656
63.638536456763966 0.008202796438862126
63.64570982501699 0.010000761772985678
63.65288319327003 0.011758748213919196
63.66005656152306 0.013217165047258155
63.66722992977609 0.014053290032568813
63.67440329802912 0.013989642213182775
63.68157666628215 0.013035068839808067
63.68875003453518 0.011653832602343086
63.69592340278821 0.010634425074414942
63.703096771041245 0.010428011277464073
63.71027013929427 0.010601473339629046
63.71744350754731 0.010443098905556098
63.724616875800336 0.009729286201671107
63.731790244053364 0.008745590872199291
63.7389636123064 0.007774098008014458
63.74613698055943 0.00658244378077766
63.75331034881246 0.004634682815419932
63.76048371706549 0.0019291814999383228
63.767657085318525 0.0026946463821245575
63.77483045357155 0.006045858959172955
63.78200382182458 0.008471900053531874
63.789177190077616 0.009276524070900825
63.796350558330644 0.00865626461020268
63.80352392658368 0.007870442582011946
63.81069729483671 0.008390401201613346
63.817870663089735 0.009676495035698387
63.82504403134277 0.010056523634338456
63.8322173995958 0.008808802596117181
63.83939076784883 0.006969092609425318
63.84656413610186 0.007441461099294585
63.853737504354896 0.010241045019906766
63.860910872607924 0.012436596304878643
63.86808424086095 0.01239735652110457
63.87525760911399 0.009784328448907122
63.882430977367015 0.005260727063147556
63.88960434562005 0.0019198660386633621
63.89677771387308 0.006193334808753
63.90395108212611 0.010458133441888458
63.91112445037914 0.013970715058193122
63.91829781863217 0.017078193956449578
63.925471186885204 0.01965482306943658
63.93264455513823 0.02081912366540242
63.93981792339127 0.019550842266673783
63.946991291644295 0.0155526622385233
63.95416465989732 0.010330205931250504
63.96133802815036 0.009638092891906027
63.968511396403386 0.01526419459576518
63.97568476465642 0.020788831749872384
63.98285813290945 0.02321918224632812
63.990031501162484 0.021710304114492866
63.99720486941551 0.016701799418246534
64.00437823766855 0.009664482241447952
64.01155160592157 0.003997556514060732
64.0187249741746 0.006997015471086619
64.02589834242764 0.010872316790084883
64.03307171068067 0.01214804239195636
64.0402450789337 0.010684269421384935
64.04741844718673 0.00707829166869731
64.05459181543976 0.0024253926143711557
64.06176518369278 0.003269600291266135
64.06893855194582 0.0074070004425161725
64.07611192019885 0.009980035206408278
64.08328528845189 0.010382109822615527
64.09045865670491 0.008808456203545686
64.09763202495795 0.0070797559794647524
64.10480539321098 0.008748557759772506
64.111978761464 0.012965201993182908
64.11915212971704 0.01665190027270744
64.12632549797007 0.018291188121990508
64.1334988662231 0.01761505223058031
64.14067223447613 0.015519511737191334
64.14784560272916 0.013862002332353
64.1550189709822 0.014097809634472522
64.16219233923522 0.015472779526995693
64.16936570748825 0.016346251138956273
64.17653907574129 0.015994019420425727
64.18371244399431 0.014594112160249133
64.19088581224734 0.012541228772571876
64.19805918050038 0.009864247846139297
64.20523254875341 0.006250951630791074
64.21240591700644 0.0015951999583780551
64.21957928525947 0.0038151687477473465
64.2267526535125 0.008835095837657809
64.23392602176553 0.01244476213058628
64.24109939001856 0.013793367909979416
64.2482727582716 0.01263674975874849
64.25544612652463 0.009509361530006965
64.26261949477765 0.005926843941420957
64.26979286303069 0.004938631080842869
64.27696623128372 0.006761016575857666
64.28413959953674 0.008048699061439119
64.29131296778978 0.007817311506390302
64.29848633604281 0.006507305586091822
64.30565970429585 0.005493440204317165
64.31283307254887 0.006175787417895241
64.3200064408019 0.007873180659598756
64.32717980905494 0.00924889881065513
64.33435317730796 0.009636707325727337
64.341526545561 0.008873450485315166
64.34869991381403 0.007273908598858711
64.35587328206707 0.005835604978180582
64.36304665032009 0.00585897100595974
64.37022001857312 0.006854557741355751
64.37739338682616 0.00726311735971351
64.38456675507918 0.006561749376067482
64.39174012333221 0.0059416370575273185
64.39891349158525 0.007607208703880967
64.40608685983828 0.01073774241457424
64.4132602280913 0.013154540745502376
64.42043359634434 0.013651929418169286
64.42760696459737 0.012180359789357793
64.4347803328504 0.010179093669439218
64.44195370110343 0.010309352220543723
64.44912706935646 0.012756530814266873
64.45630043760949 0.014872246440559152
64.46347380586252 0.014908397359965169
64.47064717411556 0.012598536447684263
64.47782054236859 0.009063046462884975
64.48499391062161 0.007077725180824939
64.49216727887465 0.008447953408017256
64.49934064712768 0.01024875498338111
64.5065140153807 0.010366238965991554
64.51368738363374 0.008575161186707514
64.52086075188677 0.005696194075061021
64.52803412013981 0.0033268366836423017
64.53520748839283 0.0031955374668347233
64.54238085664586 0.003934104191072728
64.5495542248989 0.00451849607305795
64.55672759315192 0.005545889633048223
64.56390096140495 0.006955228244828455
64.57107432965799 0.007809431900447576
64.57824769791102 0.007385480001326204
64.58542106616405 0.005772399026439445
64.59259443441708 0.004501227928573125
64.59976780267012 0.0058241012338092635
64.60694117092314 0.008212842856159632
64.61411453917617 0.009686503603271437
64.6212879074292 0.009579692640497321
64.62846127568224 0.00800110055817525
64.63563464393526 0.005522289579369627
64.6428080121883 0.002897875344305492
64.64998138044133 0.0015424199245462529
64.65715474869435 0.0032533612610806282
64.66432811694739 0.005610577900741327
64.67150148520042 0.007703013671156709
64.67867485345346 0.008804424599664117
64.68584822170648 0.008205529119487645
64.69302158995951 0.0055876350305166375
64.70019495821255 0.0019463765134751058
64.70736832646557 0.005287383623696985
64.7145416947186 0.010544752390434052
64.72171506297164 0.014362791392013657
64.72888843122466 0.015629446404972866
64.7360617994777 0.013972896204130487
64.74323516773073 0.009922146105847152
64.75040853598377 0.005322735376088338
64.75758190423679 0.00518206829275408
64.76475527248982 0.008258878852394277
64.77192864074286 0.009527522469704723
64.77910200899588 0.007960816450329058
64.78627537724891 0.004156903184844787
64.79344874550195 0.00348984816312673
64.80062211375498 0.008530886959958316
64.807795482008 0.012667154245012656
64.81496885026104 0.014417141698477088
64.82214221851407 0.013421144554389678
64.8293155867671 0.010104829015658675
64.83648895502013 0.005492738538440423
64.84366232327316 0.0014742217421132354
64.8508356915262 0.0035935752576328373
64.85800905977922 0.005566638287609098
64.86518242803226 0.005694246051067497
64.87235579628529 0.004260380473501612
64.87952916453831 0.0024400768399652794
64.88670253279135 0.0033579958599317277
64.89387590104438 0.0058703112587053866
64.90104926929742 0.007756732248673761
64.90822263755044 0.008181562703343847
64.91539600580347 0.006658301833124834
64.92256937405651 0.0030427857031183237
64.92974274230953 0.002443587750366058
64.93691611056256 0.008912015092912923
64.9440894788156 0.015294559531352893
64.95126284706863 0.02031002940159099
64.95843621532165 0.022902707614091997
64.96560958357469 0.02253413489149166
64.97278295182772 0.019399005735444407
64.97995632008075 0.014595396075468519
64.98712968833378 0.0105122154811254
64.99430305658682 0.010424463173173129
65.00147642483984 0.013330736569894391
65.00864979309287 0.015873231930230665
65.0158231613459 0.016713169731759885
65.02299652959894 0.015759249099642877
65.03016989785196 0.01347464484674715
65.037343266105 0.010531759303061909
65.04451663435803 0.007610030864017349
65.05169000261105 0.005317876115723693
65.05886337086409 0.0040939240538704225
65.06603673911712 0.00380650965453835
65.07321010737016 0.003817702367229815
65.08038347562318 0.003741063439484537
65.08755684387621 0.003505880764424016
65.09473021212925 0.003174220252899453
65.10190358038227 0.003184829797039724
65.1090769486353 0.004397242078369166
65.11625031688834 0.006761882668261998
65.12342368514138 0.00948331533896812
65.1305970533944 0.011779199992569935
65.13777042164743 0.013076108064391748
65.14494378990047 0.013204523883504989
65.15211715815349 0.012581124703019057
65.15929052640652 0.012153882942600117
65.16646389465956 0.012683153772648328
65.17363726291259 0.013835542633416192
65.18081063116561 0.014605558866628638
65.18798399941865 0.014264244501532594
65.19515736767168 0.012679743463465105
65.2023307359247 0.010237515770918866
65.20950410417774 0.007582556459674248
65.21667747243077 0.0052284258759995265
65.22385084068381 0.0032142670413702417
65.23102420893683 0.0013617584510187354
65.23819757718987 0.0020448091922572794
65.2453709454429 0.004764944695815207
65.25254431369592 0.007502731327287645
65.25971768194896 0.009636854364108775
65.26689105020199 0.010737210729699442
65.27406441845501 0.010589442373581377
65.28123778670805 0.009224063354415364
65.28841115496108 0.006906738520493794
65.29558452321412 0.004094233707697739
65.30275789146714 0.001526648969221836
65.30993125972017 0.0018169591558940905
65.31710462797321 0.0032619244818767974
65.32427799622623 0.003916990185782255
65.33145136447926 0.003869311217026524
65.3386247327323 0.0037749292546508614
65.34579810098533 0.004483246954883689
65.35297146923835 0.005943578013098816
65.36014483749139 0.0074396890535797094
65.36731820574443 0.00836561536148474
65.37449157399745 0.00835477038059776
65.38166494225048 0.007352723491407209
65.38883831050352 0.005857972833044065
65.39601167875655 0.005305227672134889
65.40318504700957 0.00668986213044298
65.4103584152626 0.008619268583271457
65.41753178351564 0.009703740302363251
65.42470515176866 0.009527900222937246
65.4318785200217 0.00874708038587188
65.43905188827473 0.009029927975027387
65.44622525652777 0.011122940717075718
65.45339862478079 0.013606991480878508
65.46057199303382 0.014930722584153445
65.46774536128686 0.014395276502678616
65.47491872953988 0.012201242610050522
65.48209209779291 0.00938213415118531
65.48926546604595 0.0074675334724998085
65.49643883429898 0.0069898596994719675
65.503612202552 0.006577053224540827
65.51078557080504 0.005326303614984221
65.51795893905808 0.004673118732929658
65.5251323073111 0.006975834136629589
65.53230567556413 0.010469521380243253
65.53947904381717 0.013224925860773631
65.54665241207019 0.014459798688396395
65.55382578032322 0.014095665988297718
65.56099914857626 0.012466568136310363
65.56817251682929 0.009986606795890023
65.57534588508231 0.0069524130936576695
65.58251925333535 0.003906648106509483
65.58969262158838 0.003761457805986893
65.5968659898414 0.006939391903290937
65.60403935809444 0.009819427294620238
65.61121272634747 0.011019915696336707
65.61838609460051 0.010073039531613207
65.62555946285353 0.007570189693140395
65.63273283110657 0.0063034799806792234
65.6399061993596 0.009067403378965739
65.64707956761262 0.012800480468299008
65.65425293586566 0.014905549481167336
65.66142630411869 0.01440270180511425
65.66859967237173 0.011312179327169982
65.67577304062475 0.006532130710638078
65.68294640887778 0.0028091349674024047
65.69011977713082 0.00548246336448826
65.69729314538384 0.008181847516386754
65.70446651363687 0.008527247762020794
65.71163988188991 0.006552485259213946
65.71881325014294 0.004282626924975809
65.72598661839596 0.00673207204930796
65.733159986649 0.011361483792904753
65.74033335490203 0.014878957733488414
65.74750672315506 0.015998028361948902
65.75468009140809 0.014259260098226038
65.76185345966113 0.009958789168589883
65.76902682791416 0.004523301782255568
65.77620019616718 0.005139373552203036
65.78337356442022 0.010555631376049649
65.79054693267325 0.014499380539087113
65.79772030092627 0.015855129678522015
65.80489366917931 0.014568451452022665
65.81206703743234 0.011362897856120465
65.81924040568536 0.007622854961738051
65.8264137739384 0.005187850946706012
65.83358714219143 0.0047572977218930616
65.84076051044447 0.004538738294753286
65.84793387869749 0.004226580281921918
65.85510724695052 0.005878320970447507
65.86228061520356 0.009174838524839028
65.86945398345658 0.01218344389065952
65.87662735170962 0.013672626901364069
65.88380071996265 0.013176231326194754
65.89097408821569 0.011072827472777961
65.8981474564687 0.008777562969132627
65.90532082472174 0.008452694529624449
65.91249419297478 0.010204034482921467
65.9196675612278 0.011985938307490241
65.92684092948083 0.01262367462045065
65.93401429773387 0.01203782017910121
65.9411876659869 0.010784889926694791
65.94836103423992 0.009602104456082413
65.95553440249296 0.008888523843643354
65.962707770746 0.008520442899379843
65.96988113899901 0.008263824555292704
65.97705450725205 0.008079362972697247
65.98422787550508 0.007914899893708438
65.99140124375812 0.007477393600569298
65.99857461201114 0.006413404747063118
66.00574798026418 0.004658135040130769
66.01292134851721 0.002699964698071313
66.02009471677023 0.0020512664223041386
66.02726808502327 0.0028958068381115683
66.0344414532763 0.0032433967744345473
66.04161482152934 0.0028787673935095483
66.04878818978236 0.0032629390093823953
66.05596155803539 0.00524227998207861
66.06313492628843 0.007488368395424444
66.07030829454145 0.009026146903892591
66.07748166279448 0.009589319285483611
66.08465503104752 0.009582347077569081
66.09182839930054 0.0097717790174577
66.09900176755357 0.010430208321198129
66.10617513580661 0.010926521592110824
66.11334850405964 0.010446695783630796
66.12052187231266 0.008670379609585261
66.1276952405657 0.005904010926745538
66.13486860881873 0.0029118740968090036
66.14204197707176 0.0006457380912894743
66.14921534532479 0.0003837136192056933
66.15638871357783 0.0005760803835227497
66.16356208183086 0.0028254745683544773
66.17073545008388 0.005756052168075083
66.17790881833692 0.008300895335846624
66.18508218658995 0.009493357554409087
66.19225555484297 0.008784692109492176
66.19942892309601 0.0064027683988750195
66.20660229134904 0.004373109888224012
66.21377565960208 0.006494911714321051
66.2209490278551 0.010189950589421725
66.22812239610813 0.012819787162525837
66.23529576436117 0.01356358058201443
66.24246913261419 0.01242425520015926
66.24964250086722 0.010036075212252143
66.25681586912026 0.007552323721939486
66.2639892373733 0.006311384611793191
66.27116260562632 0.006440603212987672
66.27833597387935 0.0065806172880505205
66.28550934213239 0.00582165914711586
66.2926827103854 0.004274651967705301
66.29985607863844 0.0036210998198120082
66.30702944689148 0.005709281521631547
66.31420281514451 0.0086662725539559
66.32137618339753 0.0110001095960071
66.32854955165057 0.012059778613634081
66.3357229199036 0.011728614754661124
66.34289628815662 0.010437451093191307
66.35006965640966 0.009061559250436328
66.3572430246627 0.00835529319130413
66.36441639291571 0.008107144586939476
66.37158976116875 0.007480991807468653
66.37876312942178 0.006131098030273822
66.38593649767482 0.004740145964621994
66.39310986592784 0.0047735792531243305
66.40028323418088 0.006100436524759471
66.40745660243391 0.007464765696832683
66.41462997068693 0.008761245391145579
66.42180333893997 0.01060186984565796
66.428976707193 0.01302953186119495
66.43615007544604 0.015122987891352902
66.44332344369906 0.01571721140252751
66.45049681195209 0.014038426081714548
66.45767018020513 0.009979352972534473
66.46484354845815 0.004179976683730951
66.47201691671118 0.002920968307854434
66.47919028496422 0.008824712141925662
66.48636365321725 0.013201258249963571
66.49353702147027 0.01528050592011409
66.50071038972331 0.015106852761987068
66.50788375797634 0.013468231423016444
66.51505712622937 0.011693087389279901
66.5222304944824 0.010905091335625044
66.52940386273544 0.010969118082681006
66.53657723098847 0.01095863101887275
66.54375059924149 0.010558698339392259
66.55092396749453 0.010486528928225134
66.55809733574756 0.011685508799368112
66.56527070400058 0.013934700260092267
66.57244407225362 0.016114931667467164
66.57961744050665 0.017276098561754202
66.58679080875969 0.01697341520307701
66.59396417701271 0.015207874296013994
66.60113754526574 0.012252106352431796
66.60831091351878 0.008453771033423695
66.6154842817718 0.004187733689732432
66.62265765002483 0.002323910024873461
66.62983101827787 0.0068641936061629915
66.63700438653089 0.01190252528888245
66.64417775478393 0.016209707744846077
66.65135112303696 0.01896544517779584
66.65852449129 0.019570180034144753
66.66569785954302 0.017911756437181854
66.67287122779605 0.014648628600701001
66.68004459604909 0.011580026988192393
66.6872179643021 0.011281869242882568
66.69439133255514 0.013572593266341386
66.70156470080818 0.015716421172307902
66.70873806906121 0.016033213296148922
66.71591143731423 0.014110668648123641
66.72308480556727 0.010349560721023662
66.7302581738203 0.0057324393993331705
66.73743154207332 0.002868019457529059
66.74460491032636 0.005592695993864264
66.7517782785794 0.008925056821568095
66.75895164683243 0.011455320163832714
66.76612501508545 0.0131439147468346
66.77329838333848 0.01399751610237895
66.78047175159152 0.013908388038238855
66.78764511984454 0.012773352774813262
66.79481848809758 0.010696786047948872
66.80199185635061 0.008205282472683468
66.80916522460365 0.006522615597406684
66.81633859285667 0.0069694058667143025
66.8235119611097 0.008768886019429187
66.83068532936274 0.010434314396832185
66.83785869761576 0.011308957745203825
66.84503206586879 0.011286769285537256
66.85220543412183 0.010539093329635067
66.85937880237486 0.009358676765394952
66.86655217062788 0.008039729733307077
66.87372553888092 0.006804657578842024
66.88089890713395 0.00582733840500096
66.88807227538697 0.005319045618457039
66.89524564364001 0.005437111323498772
66.90241901189304 0.005988624512666726
66.90959238014607 0.006498519926285109
66.9167657483991 0.006570618607824192
66.92393911665214 0.006104892123576874
66.93111248490517 0.005385601802883864
66.93828585315819 0.004995066478056536
66.94545922141123 0.005231450838072397
66.95263258966426 0.0056465242928982196
66.95980595791728 0.005683894193830345
66.96697932617032 0.005264047099275404
66.97415269442335 0.004897414500838729
66.98132606267639 0.005318338401796509
66.98849943092941 0.006528466502258934
66.99567279918244 0.007946516795215937
67.00284616743548 0.00918250498060376
67.0100195356885 0.010075637584124223
67.01719290394153 0.010465252164376706
67.02436627219457 0.01009207047305445
67.0315396404476 0.008732392153909658
67.03871300870063 0.006489172860991921
67.04588637695366 0.0042843988249544095
67.0530597452067 0.004322520239969537
67.06023311345972 0.006120476584540677
67.06740648171275 0.007304059620607007
67.07457984996579 0.007044833975615902
67.08175321821882 0.005497344706161126
67.08892658647184 0.003612275062550142
67.09609995472488 0.0028529146804853766
67.10327332297791 0.002788312465867141
67.11044669123093 0.0015757720381068898
67.11762005948397 0.0014870326556958378
67.124793427737 0.005532492223359098
67.13196679599004 0.009571792754109512
67.13914016424306 0.012156727912229716
67.1463135324961 0.012114106605338732
67.15348690074913 0.008934041557704223
67.16066026900215 0.0031883033487015646
67.16783363725519 0.005236626756248335
67.17500700550822 0.012703745157756666
67.18218037376126 0.018460487456382256
67.18935374201428 0.021107189717457817
67.19652711026731 0.020212903915406463
67.20370047852035 0.016535533436757326
67.21087384677337 0.012341408894341361
67.2180472150264 0.011269800441401533
67.22522058327944 0.013724805126312776
67.23239395153246 0.01619376809104355
67.2395673197855 0.01679783273490415
67.24674068803853 0.015390418787841743
67.25391405629156 0.012637745759509822
67.26108742454458 0.009417358985365732
67.26826079279762 0.006558640902503573
67.27543416105065 0.0052668203996040245
67.28260752930368 0.006551018431424696
67.28978089755671 0.008981834556797137
67.29695426580975 0.01099284296865003
67.30412763406278 0.011891367510971147
67.3113010023158 0.011694184207150588
67.31847437056884 0.010984909825859673
67.32564773882187 0.010377712333793634
67.33282110707489 0.009801179388701137
67.33999447532793 0.008701786521167263
67.34716784358096 0.007206252439946183
67.354341211834 0.007086132343787168
67.36151458008702 0.009406259399322894
67.36868794834005 0.012095133557576822
67.37586131659309 0.013152080937721867
67.38303468484611 0.011641893008983202
67.39020805309914 0.0077062798448147025
67.39738142135218 0.0037893076331158224
67.40455478960521 0.007263943042912655
67.41172815785824 0.012637425587313357
67.41890152611127 0.016265090939088043
67.4260748943643 0.017339690016234692
67.43324826261733 0.01599786724635609
67.44042163087036 0.013091877384289522
67.4475949991234 0.009924928047833084
67.45476836737643 0.007775178348020543
67.46194173562945 0.006952864567559674
67.46911510388249 0.006606220934794825
67.47628847213552 0.006161690058899399
67.48346184038854 0.005806996327392345
67.49063520864158 0.005799886190822577
67.49780857689461 0.00591782900203756
67.50498194514763 0.005789051516795732
67.51215531340067 0.005409399468663952
67.5193286816537 0.0052423107812330835
67.52650204990674 0.005736430165414282
67.53367541815976 0.006606623478336318
67.5408487864128 0.007098275293435675
67.54802215466583 0.00656984489967557
67.55519552291885 0.004694741493891816
67.56236889117189 0.00152831900569842
67.56954225942492 0.0025121694340087303
67.57671562767796 0.006657399978455043
67.58388899593098 0.01006376455138334
67.59106236418401 0.01199655539300768
67.59823573243705 0.01208992716323596
67.60540910069007 0.010490213563243004
67.6125824689431 0.007839088214143102
67.61975583719614 0.005075342789834608
67.62692920544917 0.0029720842813316254
67.6341025737022 0.001397731373665653
67.64127594195523 0.0012483905591963644
67.64844931020826 0.004126196215541883
67.65562267846128 0.007445567415608047
67.66279604671432 0.010162342843124797
67.66996941496735 0.01144314010107324
67.67714278322039 0.010947551059316406
67.68431615147341 0.009111194233381671
67.69148951972645 0.007299632691179302
67.69866288797948 0.00704091079949016
67.7058362562325 0.007689306436127117
67.71300962448554 0.007499139096268722
67.72018299273857 0.0060205286234964
67.7273563609916 0.005058120327097026
67.73452972924463 0.007385926066523489
67.74170309749766 0.0110060849474909
67.7488764657507 0.013623974441467223
67.75604983400372 0.014273110630537518
67.76322320225675 0.012868146870897285
67.77039657050979 0.010133403544995173
67.77756993876281 0.007648239573928666
67.78474330701584 0.007299967020500833
67.79191667526888 0.008652911460874263
67.79909004352191 0.009913399641227737
67.80626341177494 0.010530387665943854
67.81343678002797 0.010946596982079329
67.820610148281 0.01178010558307107
67.82778351653403 0.013025513034936792
67.83495688478706 0.01400494598900869
67.8421302530401 0.013926680183553287
67.84930362129313 0.012279851380453647
67.85647698954615 0.00898426383539879
67.86365035779919 0.00446694825724797
67.87082372605222 0.0015639229286661133
67.87799709430524 0.005634363400525359
67.88517046255828 0.008655384659085297
67.89234383081131 0.009414289042335797
67.89951719906435 0.007639929610028599
67.90669056731737 0.0038837136818843814
67.9138639355704 0.0030478879862140275
67.92103730382344 0.007908959653967904
67.92821067207646 0.011935206937858987
67.9353840403295 0.013753716235423166
67.94255740858253 0.013159881862591143
67.94973077683557 0.011423648968697197
67.95690414508859 0.01177453704847076
67.96407751334162 0.015808402849782438
67.97125088159466 0.020949191524588864
67.97842424984768 0.024716358640476586
67.98559761810071 0.025811418499419654
67.99277098635375 0.02385322909959831
67.99994435460678 0.019218956716278223
68.0071177228598 0.012857358222537956
68.01429109111284 0.00603149392572474
68.02146445936587 0.001062513961865488
68.0286378276189 0.00478696471983134
68.03581119587193 0.007022853493173293
68.04298456412496 0.007119015663146545
68.05015793237799 0.005620253071444659
68.05733130063102 0.0037632248204063374
68.06450466888406 0.0036390814762576095
68.07167803713709 0.00502351996628263
68.07885140539011 0.005983276268894968
68.08602477364315 0.005885745507510886
68.09319814189618 0.004792978473246416
68.1003715101492 0.0030648244686148924
68.10754487840224 0.0011505781949117976
68.11471824665527 0.0008950366687361362
68.12189161490831 0.0025372528345950405
68.12906498316133 0.004168984178808701
68.13623835141436 0.005956831577491953
68.1434117196674 0.0080545900547882
68.15058508792042 0.01043028654442703
68.15775845617345 0.012780444215313193
68.16493182442649 0.014547760202851926
68.17210519267952 0.015069604864096682
68.17927856093254 0.013826401910720954
68.18645192918558 0.010768773208370446
68.19362529743862 0.007096592187541192
68.20079866569164 0.007428602556279708
68.20797203394467 0.012606067276311235
68.2151454021977 0.018161137692183735
68.22231877045074 0.022176563006407708
68.22949213870376 0.02393627128473453
68.2366655069568 0.023430860465023306
68.24383887520983 0.02119505736977151
68.25101224346285 0.01803566139077334
68.25818561171589 0.014683290319555571
68.26535897996892 0.01156580226636888
68.27253234822196 0.008865026810293926
68.27970571647498 0.006768740079549199
68.28687908472801 0.005485017971898792
68.29405245298105 0.004739054756705666
68.30122582123407 0.003755280928888496
68.3083991894871 0.002058323873767291
68.31557255774014 0.0006618832884181293
68.32274592599316 0.002866908185944629
68.3299192942462 0.004672119652491706
68.33709266249923 0.005332170012534327
68.34426603075227 0.004665946936969284
68.35143939900529 0.0030001511895757834
68.35861276725832 0.0016180969813157286
68.36578613551136 0.002724234223247948
68.37295950376438 0.004147705798141998
68.38013287201741 0.004813037034991925
68.38730624027045 0.004760700329177683
68.39447960852348 0.004423537602657574
68.4016529767765 0.0045437194743761546
68.40882634502954 0.005929774711168417
68.41599971328257 0.008593205508514048
68.4231730815356 0.011773808468601571
68.43034644978863 0.01444361883307835
68.43751981804166 0.015609802353675083
68.4446931862947 0.014693302053725306
68.45186655454772 0.01203752336495957
68.45903992280076 0.00971493909945359
68.46621329105379 0.010904504931368618
68.47338665930681 0.014363892919381782
68.48056002755985 0.016701478228033927
68.48773339581288 0.016231122826959057
68.49490676406592 0.012832723766573058
68.50208013231894 0.008110575899995509
68.50925350057197 0.006894340949386227
68.51642686882501 0.01030625531696065
68.52360023707803 0.012582303222630804
68.53077360533106 0.011443772899319634
68.5379469735841 0.006699384402878969
68.54512034183713 0.001382944375248885
68.55229371009015 0.009257182888351721
68.55946707834319 0.01652530904351675
68.56664044659622 0.021082622560082115
68.57381381484925 0.02198239140742851
68.58098718310228 0.019235418121814177
68.58816055135532 0.01373953487149062
68.59533391960834 0.007025485494431647
68.60250728786137 0.002270123717230885
68.6096806561144 0.005870768168588592
68.61685402436744 0.009159437772750181
68.62402739262046 0.010918787562014925
68.6312007608735 0.011731184374663677
68.63837412912653 0.01206624633892425
68.64554749737955 0.011800110301953737
68.65272086563259 0.01046217931477668
68.65989423388562 0.007813305810276103
68.66706760213866 0.004316743450514465
68.67424097039168 0.0028596178397792614
68.68141433864471 0.005689040929179633
68.68858770689775 0.008115139886665438
68.69576107515077 0.00874859691955631
68.7029344434038 0.007351345731780916
68.71010781165684 0.004446185360873077
68.71728117990988 0.003095935184493068
68.7244545481629 0.0066373737759829795
68.73162791641593 0.010526632632865714
68.73880128466897 0.013148836935615436
68.74597465292199 0.013972345747722397
68.75314802117502 0.012958058717094227
68.76032138942806 0.010469958087521462
68.76749475768109 0.007146022066281164
68.77466812593411 0.003708128706713883
68.78184149418715 0.0007581451304800297
68.78901486244018 0.0014812037467274708
68.7961882306932 0.0031236312646004487
68.80336159894624 0.004683218162896175
68.81053496719927 0.006455874816534325
68.81770833545231 0.008247873618349768
68.82488170370533 0.00958429131579102
68.83205507195837 0.010010914455395653
68.8392284402114 0.00926259805590633
68.84640180846442 0.007322231035316974
68.85357517671746 0.004417856115116134
68.86074854497049 0.0011824962699388528
68.86792191322351 0.002993066564075051
68.87509528147655 0.006197556982343637
68.88226864972958 0.00868389878442937
68.88944201798262 0.010204321293280399
68.89661538623564 0.010769953372784588
68.90378875448867 0.010582353395120585
68.91096212274171 0.009893190717358195
68.91813549099473 0.008834295356082456
68.92530885924776 0.007388321319971059
68.9324822275008 0.005670949986852597
68.93965559575383 0.004662290413104031
68.94682896400685 0.0059765978022605385
68.95400233225989 0.008691568007971037
68.96117570051292 0.011123957757155481
68.96834906876595 0.012350352603876118
68.97552243701898 0.012091869336678754
68.98269580527202 0.010851571700566949
68.98986917352505 0.009991907598409526
68.99704254177807 0.010665462276944196
69.0042159100311 0.012052687608340794
69.01138927828414 0.012431922464584265
69.01856264653716 0.01075170358643211
69.0257360147902 0.006991743518320331
69.03290938304323 0.0034093030263201807
69.04008275129627 0.0070159213350268115
69.04725611954929 0.012346616533875462
69.05442948780232 0.01615860313207512
69.06160285605536 0.017642485058710747
69.06877622430838 0.01681459732781347
69.07594959256141 0.014328730939168708
69.08312296081445 0.011150813144734267
69.09029632906748 0.008084126186901
69.0974696973205 0.005449211694360807
69.10464306557354 0.003653405802941666
69.11181643382658 0.004276965356859376
69.1189898020796 0.006476003267000956
69.12616317033263 0.008005553917253735
69.13333653858567 0.007648701680485553
69.14050990683869 0.00491917523126677
69.14768327509172 0.0003271968055097302
69.15485664334476 0.0060633315444841756
69.16203001159779 0.011990619806826057
69.16920337985081 0.01628933321164599
69.17637674810385 0.01778897744308152
69.18355011635688 0.015942633845387362
69.1907234846099 0.01099987329365921
69.19789685286294 0.004114954971508591
69.20507022111597 0.004495250350137378
69.21224358936901 0.011191769562594968
69.21941695762203 0.01581391127339134
69.22659032587507 0.017427349891271534
69.2337636941281 0.0160132595111582
69.24093706238112 0.012473928125776867
69.24811043063416 0.00888255119049413
69.25528379888719 0.008385444950401135
69.26245716714023 0.010601194870480626
69.26963053539325 0.012275195430856551
69.27680390364628 0.011974819206840936
69.28397727189932 0.009640432521092026
69.29115064015234 0.006099874317086032
69.29832400840537 0.003780480893763273
69.30549737665841 0.005743269836659813
69.31267074491144 0.00842689714680831
69.31984411316446 0.009830525167241588
69.3270174814175 0.009604688300265639
69.33419084967053 0.007911924788759756
69.34136421792356 0.00516044962831462
69.34853758617659 0.0018456110182155062
69.35571095442963 0.0015746835490161957
69.36288432268266 0.00468485098537114
69.37005769093568 0.0071824495440001935
69.37723105918872 0.008813833981690503
69.38440442744175 0.009411613497108095
69.39157779569477 0.00902375465721518
69.39875116394781 0.008268239048465588
69.40592453220084 0.008713247884112905
69.41309790045386 0.011469737169942465
69.4202712687069 0.0155001382465829
69.42744463695993 0.019176963382398066
69.43461800521297 0.021224442448244098
69.44179137346599 0.020885586851713003
69.44896474171902 0.01819742896654764
69.45613810997206 0.014520775572801398
69.46331147822508 0.013085671913165807
69.47048484647812 0.015813071331021347
69.47765821473115 0.01969901607979391
69.48483158298419 0.021704721353960784
69.4920049512372 0.020578800306720255
69.49917831949024 0.01653333277223123
69.50635168774328 0.01133914375801893
69.5135250559963 0.009083437320763856
69.52069842424933 0.011733658574297732
69.52787179250237 0.01466741447501751
69.5350451607554 0.015230679142489044
69.54221852900842 0.013056049186555512
69.54939189726146 0.008893912072153492
69.5565652655145 0.0040882930574388425
69.56373863376751 0.001225304393464646
69.57091200202055 0.003152045867637982
69.57808537027358 0.003613808239847176
69.58525873852662 0.002292582882773354
69.59243210677964 0.0005674570390311862
69.59960547503267 0.0030917761186094656
69.60677884328571 0.0054797695826911815
69.61395221153873 0.007185917256312551
69.62112557979177 0.008284726493816733
69.6282989480448 0.00899221129724292
69.63547231629784 0.009351876938280237
69.64264568455086 0.009193690354269422
69.64981905280389 0.008337928476780518
69.65699242105693 0.006757452503259628
69.66416578930995 0.004574986495676113
69.67133915756298 0.002039452491233148
69.67851252581602 0.0016546227261070147
69.68568589406904 0.004585041651427697
69.69285926232207 0.007493062325894343
69.70003263057511 0.009694579710091617
69.70720599882814 0.010651497395989896
69.71437936708116 0.01005876071749586
69.7215527353342 0.008076118260199884
69.72872610358723 0.005699443179040959
69.73589947184026 0.00531696551508032
69.74307284009329 0.007428799472165827
69.75024620834633 0.00951781187056734
69.75741957659936 0.01026416504592862
69.76459294485238 0.00937282073560726
69.77176631310542 0.007284046618403917
69.77893968135845 0.005512136590182932
69.78611304961147 0.0063886177946236985
69.79328641786451 0.00897216810255052
69.80045978611754 0.011070799274233212
69.80763315437058 0.011683483054789971
69.8148065226236 0.010546680595227535
69.82197989087663 0.007955654714913314
69.82915325912967 0.004763015847037801
69.83632662738269 0.0028538386756302393
69.84349999563572 0.0037931013457060355
69.85067336388876 0.004814607071134888
69.8578467321418 0.005067499799831795
69.86502010039482 0.005548531305616912
69.87219346864785 0.007051067809237208
69.87936683690089 0.008711185892757706
69.8865402051539 0.009293934195464332
69.89371357340694 0.008138975104257215
69.90088694165998 0.00536646456713522
69.90806030991301 0.002617288654642283
69.91523367816603 0.004569421806728537
69.92240704641907 0.007594903382093962
69.9295804146721 0.009108533837233378
69.93675378292512 0.008618862397528328
69.94392715117816 0.006345746678835838
69.9511005194312 0.002997298747745353
69.95827388768421 0.0008984092809122302
69.96544725593725 0.0037079996693220995
69.97262062419028 0.005571595653067037
69.97979399244332 0.006130703718535593
69.98696736069634 0.005413491909711417
69.99414072894938 0.003562511350965252
70.00131409720241 0.000787847705466772
70.00848746545543 0.0025691496578836093
70.01566083370847 0.005923338104566152
70.0228342019615 0.008547049231095189
70.03000757021454 0.009735887514765836
70.03718093846756 0.009052450782137006
70.04435430672059 0.00651575056364163
70.05152767497363 0.0026903778396644754
70.05870104322665 0.00202480061690436
70.06587441147968 0.005829189227201482
70.07304777973272 0.008571513843795658
70.08022114798575 0.00992935349312425
70.08739451623877 0.010169068094960479
70.09456788449181 0.009841803747023457
70.10174125274484 0.009356513821837796
70.10891462099787 0.008778119979889651
70.1160879892509 0.00813465633118753
70.12326135750394 0.007694622481132784
70.13043472575697 0.007567374622072658
70.13760809400999 0.007188425745342017
70.14478146226303 0.005718080993452039
70.15195483051606 0.0027325986020515186
70.15912819876908 0.0015619932893168535
70.16630156702212 0.006252711718921607
70.17347493527515 0.010280175255558147
70.18064830352819 0.01260225808170346
70.18782167178121 0.012618700785353465
70.19499504003424 0.010389282678054987
70.20216840828728 0.006775934533229258
70.2093417765403 0.004202622216921381
70.21651514479333 0.005980252715113524
70.22368851304637 0.00883386060776899
70.23086188129939 0.010582108727669258
70.23803524955242 0.010883129652877627
70.24520861780546 0.009871055085056063
70.2523819860585 0.007858130712962085
70.25955535431152 0.005497334981019924
70.26672872256455 0.004635016989411239
70.27390209081759 0.006567728937230989
70.2810754590706 0.009065086407500478
70.28824882732364 0.010534288137342576
70.29542219557668 0.010473649040169942
70.30259556382971 0.009196212552126232
70.30976893208273 0.007807498505868524
70.31694230033577 0.00756947784987476
70.3241156685888 0.008271157005016452
70.33128903684182 0.008675347757987032
70.33846240509486 0.008181909046122465
70.3456357733479 0.006970333165850916
70.35280914160093 0.005425704312206628
70.35998250985395 0.0035267633516266254
70.36715587810698 0.0012236196938434853
70.37432924636002 0.0034391696967040137
70.38150261461304 0.0077002502740130185
70.38867598286608 0.01153338103996492
70.39584935111911 0.01364965125279711
70.40302271937215 0.01309728907367781
70.41019608762517 0.009631508332013778
70.4173694558782 0.004117949858169634
70.42454282413124 0.004560908004767241
70.43171619238426 0.010898360761688776
70.43888956063729 0.015593701198984636
70.44606292889033 0.017312869479225484
70.45323629714336 0.0157415752782481
70.46040966539638 0.011412754727107484
70.46758303364942 0.005630909571287866
70.47475640190245 0.0031588831587366323
70.48192977015547 0.007847289278201022
70.48910313840851 0.011846943341732516
70.49627650666154 0.014107078670611823
70.50344987491457 0.014659696077364053
70.5106232431676 0.01379075190421567
70.51779661142064 0.01188018920564986
70.52496997967367 0.009457085510644517
70.53214334792669 0.007406685729212108
70.53931671617973 0.006830256537105662
70.54649008443276 0.007642726855654868
70.55366345268578 0.00856635412421895
70.56083682093882 0.008788341902674064
70.56801018919185 0.008195928727497746
70.57518355744489 0.00712631641904275
70.58235692569791 0.006223308727356474
70.58953029395094 0.006245117414622598
70.59670366220398 0.007365126391011383
70.603877030457 0.008885866470389593
70.61105039871003 0.009910471549416083
70.61822376696307 0.009734611682151941
70.6253971352161 0.008047428995123042
70.63257050346913 0.005366338932963825
70.63974387172216 0.0047138682476547894
70.6469172399752 0.008188394943739241
70.65409060822822 0.012209854416045175
70.66126397648125 0.014936913359158047
70.66843734473429 0.01564446685516738
70.67561071298732 0.01423773186428538
70.68278408124034 0.011175904289181363
70.68995744949338 0.007450471719957109
70.69713081774641 0.004968986319369751
70.70430418599943 0.005813077965760595
70.71147755425247 0.007875091719415068
70.7186509225055 0.00917638177896126
70.72582429075854 0.009270926181484609
70.73299765901156 0.008304438044767028
70.7401710272646 0.006893670735282027
70.74734439551763 0.006297869961002399
70.75451776377065 0.007522606719803606
70.76169113202369 0.009740307875139189
70.76886450027672 0.011696729616845777
70.77603786852974 0.012668102234228974
70.78321123678278 0.012412326110766455
70.79038460503581 0.01116781408972236
70.79755797328885 0.009704195354016627
70.80473134154187 0.009083643496421276
70.8119047097949 0.009601257343646283
70.81907807804794 0.010303103608420903
70.82625144630096 0.01017083661742141
70.833424814554 0.008911100448971766
70.84059818280703 0.007176257692253363
70.84777155106006 0.0065554735023929485
70.85494491931308 0.0076874602784420985
70.86211828756612 0.008958211026207823
70.86929165581915 0.00895923311206958
70.87646502407217 0.007238358357920366
70.88363839232521 0.0040732211055170605
70.89081176057825 0.00036470534738904895
70.89798512883128 0.0033412380813346914
70.9051584970843 0.005704530789958238
70.91233186533734 0.006416308534057239
70.91950523359037 0.0055843206388583614
70.92667860184339 0.004147169058484499
70.93385197009643 0.004071052431498448
70.94102533834946 0.005593129551063402
70.9481987066025 0.006897203499788591
70.95537207485552 0.007136888986350179
70.96254544310855 0.006276134374816279
70.96971881136159 0.004807530865674141
70.97689217961461 0.0037196465060401027
70.98406554786764 0.003920200910302723
70.99123891612068 0.004727285998548558
70.99841228437371 0.005140494030089463
71.00558565262673 0.004996029181858049
71.01275902087977 0.005102624059333931
71.0199323891328 0.006622048048711942
71.02710575738583 0.009182983143259722
71.03427912563886 0.011504878398028301
71.0414524938919 0.012556613098151712
71.04862586214492 0.011923460861405078
71.05579923039795 0.010275628915624288
71.06297259865099 0.009875611090177133
71.07014596690402 0.012394297889029267
71.07731933515704 0.01595123066467955
71.08449270341008 0.018197899140630355
71.09166607166311 0.01790884038634515
71.09883943991613 0.014917638636692394
71.10601280816917 0.0099940231835447
71.1131861764222 0.004780485641544754
71.12035954467524 0.0032916688899843876
71.12753291292826 0.005402766119896183
71.1347062811813 0.0059312806428735146
71.14187964943433 0.004519849046616019
71.14905301768735 0.002756037666543983
71.15622638594039 0.003691745769733258
71.16339975419342 0.0052636726315607426
71.17057312244646 0.005319594685770146
71.17774649069948 0.0038293381676839603
71.18491985895251 0.003498222935298898
71.19209322720555 0.006644895876072833
71.19926659545857 0.010106088408407135
71.2064399637116 0.012251006294856768
71.21361333196464 0.012493899956431874
71.22078670021767 0.01091191750470388
71.2279600684707 0.008090876086361463
71.23513343672373 0.004902436609255553
71.24230680497676 0.00236939909848056
71.24948017322978 0.0018360017426455955
71.25665354148282 0.002486057767096107
71.26382690973585 0.0030927896353705356
71.27100027798889 0.0041620044977962395
71.27817364624191 0.006050606597117025
71.28534701449495 0.008414499354872228
71.29252038274798 0.010637129327930437
71.299693751001 0.012079001167570184
71.30686711925404 0.012224636661317904
71.31404048750707 0.010844772482928164
71.32121385576009 0.008120898896850064
71.32838722401313 0.004705153617558819
71.33556059226616 0.0021892018958052433
71.3427339605192 0.003257548185390535
71.34990732877222 0.004721272792120125
71.35708069702525 0.005235816219469845
71.36425406527829 0.005283627291277517
71.37142743353131 0.0056677972473703235
71.37860080178434 0.006423194849691756
71.38577417003738 0.006878666527738817
71.39294753829041 0.006622237203577717
71.40012090654344 0.005894553626539935
71.40729427479647 0.005456270919369161
71.4144676430495 0.005754312685250268
71.42164101130253 0.006227152961025227
71.42881437955556 0.006134218960829147
71.4359877478086 0.005201508851748924
71.44316111606163 0.003572732343068122
71.45033448431465 0.0016706067567768832
71.45750785256769 0.001312780026339162
71.46468122082072 0.0030798980881319208
71.47185458907374 0.004708850726986291
71.47902795732678 0.0057327584169523495
71.48620132557981 0.005916252786020934
71.49337469383285 0.005432338904678533
71.50054806208587 0.005348555906668785
71.5077214303389 0.006868426414639696
71.51489479859194 0.00923982295304696
71.52206816684496 0.010995976368528846
71.529241535098 0.01118070279875306
71.53641490335103 0.009566185267169913
71.54358827160407 0.007011838862252947
71.55076163985709 0.006273162591149044
71.55793500811012 0.008805415021312967
71.56510837636316 0.011676083896493616
71.57228174461618 0.0129659912537603
71.57945511286921 0.012092796808093245
71.58662848112225 0.009290059323723876
71.59380184937528 0.00542291568980531
71.6009752176283 0.0024398113642327603
71.60814858588134 0.0038920615958088407
71.61532195413437 0.005888794485552664
71.6224953223874 0.006658753789141848
71.62966869064043 0.006304975181999854
71.63684205889346 0.005341254160919099
71.64401542714648 0.0043579330412584156
71.65118879539952 0.003738292237274846
71.65836216365255 0.003457875275661512
71.66553553190559 0.0031962695178937585
71.67270890015861 0.0026180650952144454
71.67988226841165 0.0016362246491477964
71.68705563666468 0.0016129906159500376
71.6942290049177 0.0036380258398575355
71.70140237317074 0.006002902858136584
71.70857574142377 0.007898116246586474
71.7157491096768 0.008828911036863542
71.72292247792983 0.008626950688671215
71.73009584618286 0.007551854633925948
71.7372692144359 0.006287306239155938
71.74444258268892 0.005603583021057652
71.75161595094195 0.0055393527015368494
71.75878931919499 0.0054793642052336
71.76596268744802 0.005314572086456748
71.77313605570104 0.005778233610741199
71.78030942395408 0.007288648042740951
71.78748279220711 0.00912916047543152
71.79465616046014 0.010411773581718827
71.80182952871317 0.010672379743695646
71.8090028969662 0.009946895055787514
71.81617626521924 0.008718363086860326
71.82334963347226 0.007714878408817027
71.8305230017253 0.007400210751829356
71.83769636997833 0.007530199184779657
71.84486973823135 0.007567949565209639
71.85204310648439 0.007243057108455532
71.85921647473742 0.006570809362419817
71.86638984299046 0.005641582172486578
71.87356321124348 0.004481674949121796
71.88073657949651 0.0030953030546634736
71.88790994774955 0.0016923825375501872
71.89508331600257 0.0014721322794591693
71.9022566842556 0.002685439105041747
71.90943005250864 0.0039007910376613985
71.91660342076166 0.004866549092234375
71.9237767890147 0.005711630288757486
71.93095015726773 0.006559246599853539
71.93812352552077 0.0072721586152389136
71.94529689377379 0.007486581637088604
71.95247026202682 0.006882325734740339
71.95964363027986 0.005485288024436903
71.96681699853288 0.004094657378599272
71.97399036678591 0.004515714827477536
71.98116373503895 0.006507107257284299
71.98833710329198 0.008272527117711297
71.995510471545 0.008898811485303417
72.00268383979804 0.008177384250421242
72.00985720805107 0.006572335600081281
72.0170305763041 0.005428381175873808
72.02420394455713 0.006151783751655707
72.03137731281016 0.007824562558121194
72.0385506810632 0.008992176388363542
72.04572404931622 0.009142965881584473
72.05289741756926 0.008466334536578734
72.06007078582229 0.00752013161054831
72.06724415407531 0.0067295794047198265
72.07441752232835 0.005973921006470572
72.08159089058138 0.0049157866725633
72.08876425883442 0.0038106250336862593
72.09593762708744 0.003935694856867267
72.10311099534047 0.005450632560531183
72.11028436359351 0.006987021549246544
72.11745773184653 0.007951658457271613
72.12463110009956 0.008721102176417875
72.1318044683526 0.010119907741827345
72.13897783660563 0.01227349364982606
72.14615120485865 0.01432148982890933
72.15332457311169 0.015281516700155576
72.16049794136472 0.01474263409417748
72.16767130961775 0.013236040011623424
72.17484467787078 0.012282675698442736
72.18201804612382 0.013124864421457785
72.18919141437684 0.014863429631834048
72.19636478262987 0.01567468978099741
72.2035381508829 0.014490335303309334
72.21071151913594 0.011240085063142152
72.21788488738896 0.00675552457038419
72.225058255642 0.003477617112257819
72.23223162389503 0.005229939042804075
72.23940499214805 0.00745671335443429
72.24657836040109 0.007810425598221286
72.25375172865412 0.006208445332376065
72.26092509690716 0.0033498918605945013
72.26809846516018 0.0017892025927767734
72.27527183341321 0.004402396234607218
72.28244520166625 0.006926444356615021
72.28961856991927 0.008701672297359095
72.2967919381723 0.009799126652863508
72.30396530642534 0.01023669265765653
72.31113867467838 0.009792309289789082
72.3183120429314 0.00818376689753961
72.32548541118443 0.005386991167064834
72.33265877943747 0.0019864472736197685
72.33983214769049 0.002744009370664745
72.34700551594352 0.005820288888596945
72.35417888419656 0.007684748035289061
72.36135225244959 0.007889073850735421
72.36852562070261 0.006605955406723104
72.37569898895565 0.004640145950672065
72.38287235720868 0.0035561049049991707
72.3900457254617 0.004125866683415248
72.39721909371474 0.0047279143267690196
72.40439246196777 0.004588220137238119
72.41156583022081 0.004415923456182847
72.41873919847383 0.005419909790546393
72.42591256672686 0.0072073844084991475
72.4330859349799 0.008572434296463035
72.44025930323292 0.008830358680648505
72.44743267148596 0.007979304171431913
72.45460603973899 0.006676740089476511
72.46177940799201 0.00593747776158628
72.46895277624505 0.005984720985867951
72.47612614449808 0.005797842324780536
72.48329951275112 0.004526112149098506
72.49047288100414 0.0025489318655589764
72.49764624925717 0.003608021812573346
72.50481961751021 0.007076257567940652
72.51199298576323 0.01003847191387153
72.51916635401626 0.011446810138781537
72.5263397222693 0.010878534075455904
72.53351309052233 0.008532133336703615
72.54068645877535 0.005458620193327731
72.54785982702839 0.004453911647601894
72.55503319528142 0.006539395180808151
72.56220656353445 0.00842826248136718
72.56937993178748 0.008808169522387445
72.57655330004052 0.007757577989475024
72.58372666829355 0.006347186871021478
72.59090003654657 0.006251076536008469
72.5980734047996 0.007409055301768908
72.60524677305264 0.00809824623825615
72.61242014130566 0.007277151339780169
72.6195935095587 0.004866209267477492
72.62676687781173 0.0023662160553724627
72.63394024606477 0.004807265653518819
72.64111361431779 0.008625983054689399
72.64828698257082 0.011454499942245311
72.65546035082386 0.012673847654312571
72.66263371907688 0.01222473592744892
72.66980708732991 0.010512040052510068
72.67698045558295 0.008293540209500192
72.68415382383598 0.006466945930192418
72.691327192089 0.005536274038403678
72.69850056034204 0.005045968877190196
72.70567392859508 0.004217427371921142
72.7128472968481 0.0028003007224902455
72.72002066510113 0.0014869889534500798
72.72719403335417 0.0024501155174427454
72.73436740160719 0.004185861887925
72.74154076986022 0.005481532614440995
72.74871413811326 0.006231622955003624
72.75588750636629 0.0068759480983299195
72.76306087461931 0.008138941220561581
72.77023424287235 0.010245375539504985
72.77740761112538 0.01262460574298809
72.7845809793784 0.014425788515128343
72.79175434763144 0.01493088403342513
72.79892771588447 0.013744106725994338
72.80610108413751 0.010888364102475769
72.81327445239053 0.006818179252035662
72.82044782064357 0.002338080147166192
72.8276211888966 0.0017921052564870612
72.83479455714962 0.004513877759862564
72.84196792540266 0.005647217406180084
72.84914129365569 0.005669777921035379
72.85631466190873 0.006258262471333092
72.86348803016175 0.008510371042098145
72.87066139841478 0.011266413350173974
72.87783476666782 0.013080571471336372
72.88500813492084 0.013122156397480484
72.89218150317387 0.011216071751435375
72.89935487142691 0.007790687711067941
72.90652823967994 0.0037117616916719238
72.91370160793296 0.0006064264915818312
72.920874976186 0.0029015840235910645
72.92804834443903 0.004342963156510042
72.93522171269206 0.005243388301747729
72.94239508094509 0.006677878734384173
72.94956844919813 0.008664914321755443
72.95674181745116 0.010215211620724706
72.96391518570418 0.010418641068134823
72.97108855395722 0.008960165808857383
72.97826192221025 0.006441090516641987
72.98543529046327 0.005181367333972564
72.9926086587163 0.007254799056376603
72.99978202696934 0.010071305984423613
73.00695539522236 0.011726306685477835
73.0141287634754 0.011731229341620188
73.02130213172843 0.010400148614822535
73.02847549998147 0.00863776048976062
73.03564886823449 0.007536264322943506
73.04282223648752 0.007394152851857671
73.04999560474056 0.007461261777320206
73.05716897299358 0.007214420780294326
73.06434234124661 0.006983563478135026
73.07151570949965 0.007434903941837508
73.07868907775268 0.008499640541520815
73.0858624460057 0.009390106303291432
73.09303581425874 0.009425559079134695
73.10020918251178 0.008329049027575844
73.1073825507648 0.006168311008019032
73.11455591901783 0.0032343977852517056
73.12172928727087 0.0006625709987410188
73.1289026555239 0.0037045385567957096
73.13607602377692 0.006767364970898722
73.14324939202996 0.009090933161797914
73.15042276028299 0.010261418127593559
73.15759612853601 0.010024086493420655
73.16476949678905 0.008605040260453285
73.17194286504208 0.0074605070719378315
73.17911623329512 0.009223706216498958
73.18628960154814 0.013575469426620012
73.19346296980117 0.01830941183217274
73.20063633805421 0.021986300347099905
73.20780970630723 0.02383779241451679
73.21498307456027 0.02362681387710897
73.2221564428133 0.021572035181511694
73.22932981106634 0.0182079978457143
73.23650317931936 0.014166794687331516
73.24367654757239 0.009958301593022394
73.25084991582543 0.005876516519904213
73.25802328407845 0.0020793737314186043
73.26519665233148 0.001257579406265975
73.27237002058452 0.0038632321100779297
73.27954338883754 0.005445765473768405
73.28671675709057 0.005883426767407708
73.29389012534361 0.005449127792784615
73.30106349359664 0.004967197840147127
73.30823686184966 0.005345111781520857
73.3154102301027 0.00632862844381388
73.32258359835573 0.007014025543917653
73.32975696660876 0.006953825314589029
73.33693033486179 0.00630485654244341
73.34410370311483 0.005611410003649463
73.35127707136786 0.005204353508009793
73.35845043962088 0.004657659867426691
73.36562380787392 0.0032881195146902756
73.37279717612695 0.0014046840741624468
73.37997054437997 0.003838002119779043
73.38714391263301 0.008097608109186293
73.39431728088604 0.012254045320278498
73.40149064913908 0.015483122950401723
73.4086640173921 0.01722799860300155
73.41583738564513 0.017277174230192344
73.42301075389817 0.01578403472708269
73.43018412215119 0.013190061162798005
73.43735749040422 0.010070321527356452
73.44453085865726 0.0069457045319108405
73.4517042269103 0.004138098844309533
73.45887759516332 0.0018001060604600193
73.46605096341635 0.001084963381977388
73.47322433166939 0.002534267073128019
73.4803976999224 0.0036824061149785827
73.48757106817544 0.004073389520166008
73.49474443642848 0.003606166927776005
73.50191780468151 0.0026790052213875866
73.50909117293453 0.002801428465673705
73.51626454118757 0.004473293055824056
73.5234379094406 0.0061924220888591635
73.53061127769362 0.007039470877651321
73.53778464594666 0.00658913819427781
73.5449580141997 0.004851779233009312
73.55213138245271 0.0027269509269004536
73.55930475070575 0.0037962334530993857
73.56647811895878 0.0070777305250001935
73.57365148721182 0.009985543726297768
73.58082485546484 0.011677603028762439
73.58799822371788 0.011791426634360759
73.59517159197091 0.010354746771449128
73.60234496022393 0.007884123028118117
73.60951832847697 0.005843787420613265
73.61669169673 0.00664008485448094
73.62386506498304 0.00952003130303823
73.63103843323606 0.012271117337078129
73.63821180148909 0.013870328091430286
73.64538516974213 0.013945105141144732
73.65255853799515 0.012520636109893044
73.65973190624818 0.009930899650416205
73.66690527450122 0.006749042876732062
73.67407864275425 0.0038184217639643334
73.68125201100727 0.0027601244645005774
73.68842537926031 0.003927488004549688
73.69559874751334 0.005206747635418458
73.70277211576636 0.006127895961338629
73.7099454840194 0.006979860193249511
73.71711885227243 0.008134171032452786
73.72429222052547 0.009724413076207765
73.73146558877849 0.011616632878020965
73.73863895703153 0.01354987372131211
73.74581232528456 0.015221248501566443
73.75298569353758 0.016308856680483437
73.76015906179062 0.01649905735112924
73.76733243004365 0.015537666071115262
73.77450579829669 0.013299930522729476
73.78167916654971 0.009864920630121383
73.78885253480274 0.005559167040299374
73.79602590305578 0.0009694191145850472
73.8031992713088 0.0033928571294335767
73.81037263956183 0.006644276733900671
73.81754600781487 0.008344664964866938
73.82471937606789 0.008287020427990151
73.83189274432092 0.0068259105675221
73.83906611257396 0.00540754036648421
73.846239480827 0.0064627417681992145
73.85341284908002 0.00933071217003915
73.86058621733305 0.011904849386618729
73.86775958558609 0.013154693531761392
73.8749329538391 0.01277997638081949
73.88210632209214 0.011037857030178622
73.88927969034518 0.0086676593665748
73.89645305859821 0.00671975762156293
73.90362642685123 0.005869633323471966
73.91079979510427 0.005487573099298933
73.9179731633573 0.004510457773809881
73.92514653161032 0.00262937564361539
73.93231989986336 0.00159022189380992
73.9394932681164 0.004133003491053192
73.94666663636943 0.006822604707986334
73.95384000462245 0.008647186355214623
73.96101337287548 0.009256973869215092
73.96818674112852 0.008632188878477037
73.97536010938154 0.00701328385494593
73.98253347763458 0.004821371471191033
73.98970684588761 0.002795323386542352
73.99688021414065 0.002873411059389296
74.00405358239367 0.00497091612938493
74.0112269506467 0.007265860166498204
74.01840031889974 0.009140353859324293
74.02557368715276 0.010254592837022113
74.03274705540579 0.010396479764830125
74.03992042365883 0.009528825651854292
74.04709379191186 0.00782654304963936
74.05426716016488 0.00571264348808386
74.06144052841792 0.004044007192939599
74.06861389667095 0.0041160447816630565
74.07578726492397 0.005575721581057012
74.08296063317701 0.007075248057942617
74.09013400143004 0.007982219567727692
74.09730736968307 0.00808149813678283
74.1044807379361 0.007457116476442492
74.11165410618914 0.006586255537088248
74.11882747444217 0.006365367968564813
74.12600084269519 0.007356435346694547
74.13317421094823 0.00899634008759011
74.14034757920126 0.010421053338054218
74.14752094745428 0.011074803068959941
74.15469431570732 0.010690514959230511
74.16186768396035 0.009200445025605923
74.16904105221339 0.0067005873455700605
74.17621442046641 0.0035071999291772116
74.18338778871944 0.0014338509085490775
74.19056115697248 0.004123226563213703
74.1977345252255 0.006538927110432968
74.20490789347853 0.007500562540569698
74.21208126173157 0.0066627743475476345
74.2192546299846 0.0041203215892036595
74.22642799823763 0.00039841794535645623
74.23360136649066 0.0036563077293512987
74.2407747347437 0.007097852783500358
74.24794810299672 0.009159361465338642
74.25512147124975 0.009487371953237905
74.26229483950279 0.008248166772037022
74.26946820775582 0.0060705136405871845
74.27664157600884 0.0038284499923987828
74.28381494426188 0.002307788122123979
74.29098831251491 0.0020958728487181677
74.29816168076793 0.0036028433563009858
74.30533504902097 0.006256726040164423
74.312508417274 0.009133220318970825
74.31968178552704 0.011290863937203582
74.32685515378006 0.011996007539437652
74.3340285220331 0.010947877993604254
74.34120189028613 0.008368286960492202
74.34837525853915 0.004922502770167191
74.35554862679219 0.0014932906119870775
74.36272199504522 0.0011347187504635377
74.36989536329824 0.002534876472072249
74.37706873155128 0.0028888534527372546
74.38424209980431 0.002999166253430541
74.39141546805735 0.003569940351797664
74.39858883631037 0.00421781331112498
74.4057622045634 0.004308071979776092
74.41293557281644 0.003679736807377587
74.42010894106946 0.0026377874488741943
74.42728230932249 0.0018842131177772648
74.43445567757553 0.0024425395880780967
74.44162904582856 0.004317574405119674
74.44880241408158 0.006996574347840974
74.45597578233462 0.009858306897100228
74.46314915058765 0.012018090721599792
74.47032251884067 0.012587258560139347
74.47749588709371 0.011013588925016764
74.48466925534674 0.007333575859917435
74.49184262359978 0.002466389210762431
74.4990159918528 0.004042080444962892
74.50618936010584 0.008633873242973268
74.51336272835887 0.011411887126442985
74.52053609661189 0.011818302210270117
74.52770946486493 0.010250473473222622
74.53488283311796 0.00813709916096953
74.542056201371 0.007504896918069493
74.54922956962402 0.008345260785935773
74.55640293787705 0.008557875786408145
74.56357630613009 0.006933813310588351
74.57074967438311 0.003601245161909405
74.57792304263614 0.002316414293192282
74.58509641088918 0.006489028064095341
74.59226977914221 0.010131206367955765
74.59944314739523 0.012216884785706985
74.60661651564827 0.012641089714515365
74.6137898839013 0.011835522079915447
74.62096325215433 0.010445124424551727
74.62813662040736 0.008907212490006691
74.6353099886604 0.007365157504561064
74.64248335691342 0.006261491655993421
74.64965672516645 0.006700580210075001
74.65683009341949 0.008650107865193235
74.66400346167252 0.01063254723659115
74.67117682992554 0.011488062775420603
74.67835019817858 0.010823297691823833
74.68552356643161 0.00914825002137288
74.69269693468463 0.008023014437063816
74.69987030293767 0.008805941120688093
74.7070436711907 0.010339407679216438
74.71421703944374 0.010794381794208302
74.72139040769676 0.009406434555055871
74.7285637759498 0.006720582577235098
74.73573714420283 0.005665346985157635
74.74291051245585 0.008633933438078494
74.75008388070889 0.012176443359658113
74.75725724896192 0.013985941804189878
74.76443061721496 0.013285198834652042
74.77160398546798 0.01046009664845618
74.77877735372101 0.00796686463297904
74.78595072197405 0.010179925357960274
74.79312409022707 0.015270272818312372
74.8002974584801 0.019569825234567458
74.80747082673314 0.021411765821943502
74.81464419498617 0.020205318846198975
74.8218175632392 0.016159121529845492
74.82899093149223 0.010140859092704384
74.83616429974526 0.0035932915193318997
74.84333766799828 0.003567133229222067
74.85051103625132 0.007914839706830452
74.85768440450435 0.010125187087226028
74.86485777275739 0.009936699095492397
74.87203114101041 0.007873817182260191
74.87920450926345 0.005259316598806764
74.88637787751648 0.004635911598419083
74.8935512457695 0.006395561683657771
74.90072461402254 0.007928823107389267
74.90789798227557 0.008131027432998494
74.91507135052859 0.006882843812056958
74.92224471878163 0.004572480445252462
74.92941808703466 0.00238659612706296
74.9365914552877 0.003538598986403756
74.94376482354072 0.006279604196696373
74.95093819179375 0.008653868465410414
74.95811156004679 0.010179454114375226
74.96528492829981 0.010602842985011704
74.97245829655284 0.009771536624315043
74.97963166480588 0.0076557622746320254
74.98680503305891 0.0044222344359844705
74.99397840131194 0.00111363510928432
75.00115176956497 0.004355740262649108
75.008325137818 0.008335544297408239
75.01549850607103 0.011427467965625262
75.02267187432406 0.01316294532204255
75.0298452425771 0.013364566946895038
75.03701861083013 0.012188157651456154
75.04419197908315 0.010166807371034004
75.05136534733619 0.008255226901584534
75.05853871558922 0.007580882187390261
75.06571208384224 0.008259272481844182
75.07288545209528 0.009188787176020643
75.08005882034831 0.009457837547362105
75.08723218860135 0.00873636130962317
75.09440555685437 0.007091297315376861
75.1015789251074 0.0048291609628352905
75.10875229336044 0.0024577770688958564
75.11592566161346 0.001637659112425768
75.1230990298665 0.003415034051882439
75.13027239811953 0.0054285731233230956
75.13744576637257 0.0073058511809190865
75.14461913462559 0.008988770003766076
75.15179250287862 0.010363865037693517
75.15896587113166 0.01129265086182471
75.16613923938468 0.011721335601722286
75.17331260763771 0.011752038923948908
75.18048597589075 0.01159144121644969
75.18765934414377 0.011369662591242436
75.1948327123968 0.010976336807728863
75.20200608064984 0.010099336532605592
75.20917944890287 0.008438418163712847
75.2163528171559 0.005926912904209019
75.22352618540893 0.002928214190809447
75.23069955366196 0.0018505798831293266
75.23787292191498 0.004243809282936494
75.24504629016802 0.006088878456298739
75.25221965842105 0.006594953649397642
75.25939302667409 0.005662133286963198
75.26656639492711 0.0035827887059399505
75.27373976318015 0.0009314441995377529
75.28091313143318 0.001629384979674987
75.2880864996862 0.003618599417079533
75.29525986793924 0.005039951784536109
75.30243323619227 0.006505208610785999
75.3096066044453 0.008653719213889063
75.31677997269833 0.01131722239771788
75.32395334095136 0.013699054808318557
75.3311267092044 0.014976450654042168
75.33830007745742 0.014649955482556525
75.34547344571045 0.012685749700929491
75.35264681396349 0.009559688912577049
75.35982018221652 0.006388620761144961
75.36699355046954 0.005270011335053081
75.37416691872258 0.006762500516697548
75.38134028697561 0.008545570182887105
75.38851365522864 0.009508845657408055
75.39568702348167 0.00956615189153291
75.4028603917347 0.00899983623860789
75.41003375998774 0.00813921773306813
75.41720712824076 0.007134092089957449
75.4243804964938 0.0059053480993550974
75.43155386474683 0.004364807626705409
75.43872723299985 0.003043478683609756
75.44590060125289 0.003899361573986913
75.45307396950592 0.006582912503189276
75.46024733775894 0.009387830270612945
75.46742070601198 0.011405561077880962
75.47459407426501 0.012072702041757023
75.48176744251805 0.011154132880219977
75.48894081077107 0.008805919237173642
75.4961141790241 0.005594762515838105
75.50328754727714 0.0026826361897824987
75.51046091553016 0.0027433298786466017
75.5176342837832 0.0042907180757394735
75.52480765203623 0.005071263296223934
75.53198102028927 0.005166398687623672
75.53915438854229 0.00517664878125734
75.54632775679532 0.005334459226071385
75.55350112504836 0.005154587893499248
75.56067449330138 0.004048262357512981
75.56784786155441 0.0018331492083640461
75.57502122980745 0.0012542091882567893
75.58219459806048 0.004573774910526734
75.5893679663135 0.007515525093600139
75.59654133456654 0.009559089242988924
75.60371470281957 0.01047704356144879
75.6108880710726 0.010357263501013339
75.61806143932563 0.009539548999525896
75.62523480757866 0.008529254567148741
75.6324081758317 0.007904347049023814
75.63958154408472 0.00804124559568726
75.64675491233776 0.008715213688087597
75.65392828059079 0.009241036684838078
75.66110164884381 0.008989013180632433
75.66827501709685 0.007714699847131004
75.67544838534988 0.005775646271815818
75.68262175360292 0.004447378951771056
75.68979512185594 0.005041917318784068
75.69696849010897 0.006253024676890238
75.70414185836201 0.006599829249070756
75.71131522661503 0.0058570085921210375
75.71848859486806 0.004900419199421784
75.7256619631211 0.005157620458160223
75.73283533137413 0.006286113393084423
75.74000869962715 0.006773796130675789
75.74718206788019 0.005879244842474814
75.75435543613322 0.003736925913042024
75.76152880438624 0.0015499378504544592
75.76870217263928 0.0025161132638971363
75.77587554089232 0.0036804237043144266
75.78304890914534 0.0032720918884866133
75.79022227739837 0.0017034327827656394
75.7973956456514 0.002927847022147854
75.80456901390444 0.005820137266498983
75.81174238215746 0.007661033959971084
75.8189157504105 0.007507498288326016
75.82608911866353 0.005366428420506994
75.83326248691655 0.0038722285540941656
75.84043585516959 0.0075305059896720395
75.84760922342262 0.012377899569130036
75.85478259167566 0.01589321970578907
75.86195595992868 0.017085344133396036
75.86912932818171 0.01576044916634027
75.87630269643475 0.012395499286585178
75.88347606468777 0.007912417300284323
75.8906494329408 0.0033946271046952805
75.89782280119384 0.0011796218955468377
75.90499616944687 0.003410950236212222
75.9121695376999 0.004668585505745352
75.91934290595293 0.004658796205496295
75.92651627420597 0.0034037980120652685
75.93368964245899 0.0013603772207469566
75.94086301071202 0.0033951989657210946
75.94803637896506 0.007564418459894867
75.95520974721809 0.011644229778319921
75.96238311547111 0.014741863104106677
75.96955648372415 0.016284523830440642
75.97672985197718 0.01621048347223316
75.9839032202302 0.0150212477881202
75.99107658848324 0.013542197625121667
75.99824995673627 0.012335935631548209
76.00542332498931 0.011221954028821165
76.01259669324233 0.009632975998605993
76.01977006149536 0.007337871855292852
76.0269434297484 0.004683950107856034
76.03411679800142 0.0023936445714178305
76.04129016625446 0.001181857599520171
76.04846353450749 0.0012415175195656229
76.05563690276051 0.002514665146404779
76.06281027101355 0.004406519878880641
76.06998363926658 0.005888761566957663
76.07715700751962 0.006015207908823765
76.08433037577264 0.00431510197531485
76.09150374402567 0.0020121821713586035
76.09867711227871 0.005203215165821432
76.10585048053173 0.009779726207434782
76.11302384878476 0.013027012759632903
76.1201972170378 0.013765673050991393
76.12737058529083 0.011538706359985537
76.13454395354385 0.006708566543133645
76.14171732179689 0.0007873559707795732
76.14889069004992 0.006202422990425237
76.15606405830295 0.01114100353286255
76.16323742655598 0.01350247363648556
76.17041079480902 0.012877358082464489
76.17758416306205 0.009699281440064718
76.18475753131507 0.005305107242380399
76.1919308995681 0.003538728909458917
76.19910426782114 0.006383749954091113
76.20627763607416 0.008483876516712525
76.2134510043272 0.008645089583709872
76.22062437258023 0.007295976406402684
76.22779774083327 0.005929637479134564
76.23497110908629 0.0062805941649981545
76.24214447733932 0.007587134957469634
76.24931784559236 0.008024585586856512
76.25649121384538 0.006737733401115252
76.26366458209841 0.0037306411227272696
76.27083795035145 0.0016741555231269574
76.27801131860448 0.006052381817595568
76.2851846868575 0.010347770223453153
76.29235805511054 0.013169933700744886
76.29953142336358 0.013832064391793564
76.3067047916166 0.012136119895086811
76.31387815986963 0.008410452148449989
76.32105152812267 0.0035098685219669304
76.32822489637569 0.0024383658486665507
76.33539826462872 0.006794414274562851
76.34257163288176 0.009933253453150671
76.34974500113479 0.011422032438092752
76.35691836938781 0.011433052185945798
76.36409173764085 0.01040134279117095
76.37126510589388 0.008732401002728199
76.3784384741469 0.006657707074286254
76.38561184239994 0.004466439634814267
76.39278521065297 0.00324595427126715
76.39995857890601 0.004174455364235752
76.40713194715903 0.0055628414399757796
76.41430531541207 0.006243288822534828
76.4214786836651 0.006696746609993387
76.42865205191812 0.008535548526800916
76.43582542017116 0.012139750024917625
76.44299878842419 0.01617028715371902
76.45017215667723 0.019205379157399463
76.45734552493025 0.020305529330402788
76.46451889318328 0.019136665521149343
76.47169226143632 0.015978924447175757
76.47886562968934 0.011584268246568535
76.48603899794237 0.006892564179099674
76.49321236619541 0.0027083216545117543
76.50038573444844 0.0006085100539636952
76.50755910270146 0.0028876076048477066
76.5147324709545 0.004431932099633705
76.52190583920753 0.005311318087756439
76.52907920746055 0.005559556007123301
76.53625257571359 0.005463646070996752
76.54342594396662 0.0057518812207866185
76.55059931221966 0.006872786011751211
76.55777268047268 0.008227852077849103
76.56494604872572 0.008908398092558617
76.57211941697875 0.008413669442778835
76.57929278523177 0.006835860103948921
76.5864661534848 0.004847509136767333
76.59363952173784 0.0034855401634233895
76.60081288999086 0.0030511446645467605
76.6079862582439 0.002590380657530056
76.61515962649693 0.002653420010899163
76.62233299474997 0.004964686324897172
76.62950636300299 0.008205994523237408
76.63667973125602 0.010951818556885774
76.64385309950906 0.012309427296367439
76.65102646776208 0.011931054193057022
76.65819983601511 0.010161884841683764
76.66537320426815 0.008131109191942511
76.67254657252118 0.007351078077360801
76.6797199407742 0.007890226418395901
76.68689330902724 0.008270571621245108
76.69406667728028 0.007651637945586565
76.7012400455333 0.006309517267538205
76.70841341378633 0.005294298143991478
76.71558678203937 0.005210180151468781
76.7227601502924 0.005057341056146582
76.72993351854542 0.0038235496504631914
76.73710688679846 0.002550351839651013
76.74428025505149 0.005272835079701234
76.75145362330451 0.009545448693944926
76.75862699155755 0.013171455666311666
76.76580035981058 0.015053610132487483
76.77297372806362 0.014631106972924472
76.78014709631664 0.011950430325713694
76.78732046456967 0.007722343080043461
76.79449383282271 0.003929251274301926
76.80166720107573 0.005293817150842348
76.80884056932877 0.008597802816973508
76.8160139375818 0.010625902326482743
76.82318730583484 0.010954526022235204
76.83036067408786 0.00989302765831729
76.83753404234089 0.008097268378022701
76.84470741059393 0.00630784430622739
76.85188077884695 0.0051050564126748
76.85905414709998 0.004743187928297181
76.86622751535302 0.005113369264153502
76.87340088360604 0.005819229244132727
76.88057425185907 0.006354905684643312
76.88774762011211 0.006343150924926783
76.89492098836514 0.005750643572831932
76.90209435661816 0.005000420738895675
76.9092677248712 0.004727815355100237
76.91644109312423 0.004922641005525651
76.92361446137726 0.0048299558734867295
76.93078782963029 0.003885132612952295
76.93796119788333 0.002200385006329474
76.94513456613636 0.00185065967766702
76.95230793438938 0.003941889177701417
76.95948130264242 0.005818706661499902
76.96665467089545 0.006781544758001669
76.97382803914847 0.006830590006861851
76.98100140740151 0.006433991590537753
76.98817477565454 0.006169823262530529
76.99534814390758 0.006094954245135552
77.0025215121606 0.00574390328590225
77.00969488041363 0.004956573846600902
77.01686824866667 0.00472990117797271
77.02404161691969 0.006429208009755967
77.03121498517272 0.009200163996964127
77.03838835342576 0.011601176954022328
77.0455617216788 0.01270486803350619
77.05273508993182 0.012042730273109651
77.05990845818485 0.009599847180597828
77.06708182643789 0.005823560119833764
77.0742551946909 0.0020894039799779747
77.08142856294394 0.003984760834798595
77.08860193119698 0.007080273627539812
77.09577529945001 0.008572465425913499
77.10294866770303 0.008126323786640568
77.11012203595607 0.006290984386883346
77.1172954042091 0.005148167349111515
77.12446877246212 0.00684212571601312
77.13164214071516 0.009177976340065407
77.1388155089682 0.009932298033502743
77.14598887722121 0.008213876714098867
77.15316224547425 0.00406109939041334
77.16033561372728 0.002256204245918477
77.16750898198032 0.008495706722800055
77.17468235023334 0.013869040698075567
77.18185571848637 0.01697281920613929
77.18902908673941 0.01707865015395749
77.19620245499243 0.014213330325472482
77.20337582324547 0.009195581634198795
77.2105491914985 0.003979882840131509
77.21772255975154 0.004818730522945523
77.22489592800456 0.008477595852610305
77.23206929625759 0.010213900104365967
77.23924266451063 0.009534509786218235
77.24641603276365 0.0068472817246485965
77.25358940101668 0.003072059064433057
77.26076276926972 0.0016754036998333373
77.26793613752275 0.004815895459697203
77.27510950577577 0.00707456301043192
77.28228287402881 0.008137482413446242
77.28945624228184 0.008244731337077498
77.29662961053486 0.00782431485192189
77.3038029787879 0.007238131939253093
77.31097634704093 0.006595007290185564
77.31814971529397 0.005806419363656564
77.32532308354699 0.004853930579598836
77.33249645180003 0.004059406703302427
77.33966982005306 0.004041436337677604
77.34684318830608 0.004818994275651996
77.35401655655912 0.00563877353619643
77.36118992481215 0.005870740187028169
77.36836329306519 0.00524521919679655
77.37553666131821 0.003811136258636689
77.38271002957124 0.0018591650775356462
77.38988339782428 0.0002515675868989295
77.3970567660773 0.0020943953352740158
77.40423013433033 0.0036569813639612896
77.41140350258337 0.005068305406891276
77.41857687083639 0.006496490323653439
77.42575023908942 0.007820611745732117
77.43292360734246 0.008642101665534063
77.4400969755955 0.008546671151008198
77.44727034384852 0.007336725761616901
77.45444371210155 0.005156929749210534
77.46161708035459 0.0027182593555543475
77.4687904486076 0.0027076455408093134
77.47596381686064 0.005040270197490486
77.48313718511368 0.0071614802943519235
77.49031055336671 0.008618309149114638
77.49748392161973 0.009476441125204413
77.50465728987277 0.009966255164978094
77.5118306581258 0.010296828710281983
77.51900402637882 0.01053802168982864
77.52617739463186 0.010610619359196263
77.5333507628849 0.010350998220964278
77.54052413113793 0.009602492157570627
77.54769749939095 0.008346012900794649
77.55487086764398 0.006924092735746649
77.56204423589702 0.006302325007417355
77.56921760415004 0.0073330482480151605
77.57639097240308 0.009259873968087567
77.58356434065611 0.010783027964685178
77.59073770890915 0.011041255837408634
77.59791107716217 0.0096628716032133
77.6050844454152 0.006893823598001778
77.61225781366824 0.00457161541094061
77.61943118192126 0.006657583164829995
77.62660455017429 0.010785850570335926
77.63377791842733 0.014115967568808641
77.64095128668036 0.01562176523172557
77.64812465493338 0.015041220759259467
77.65529802318642 0.012880819963440343
77.66247139143945 0.010621209180289167
77.66964475969247 0.010316120019635444
77.67681812794551 0.012065723747009026
77.68399149619854 0.013901680086432455
77.69116486445157 0.014468245431565161
77.6983382327046 0.013467563761654632
77.70551160095764 0.011332977107115824
77.71268496921067 0.00890225599851401
77.71985833746369 0.006999734029252993
77.72703170571673 0.005882755371630566
77.73420507396976 0.0051122864094756346
77.74137844222278 0.004234799841714495
77.74855181047582 0.0031912813774578087
77.75572517872885 0.0023254795693817484
77.76289854698189 0.002720520702345153
77.77007191523491 0.004621215101054573
77.77724528348794 0.006987595303424634
77.78441865174098 0.008907314352139224
77.791592019994 0.009565100767112946
77.79876538824703 0.008393710102981289
77.80593875650007 0.005285161414950112
77.8131121247531 0.0011870617432724207
77.82028549300612 0.005110426579821702
77.82745886125916 0.010070178941566863
77.8346322295122 0.01359025306440389
77.84180559776522 0.014926088798388025
77.84897896601825 0.01391361352244699
77.85615233427129 0.010996178485355152
77.86332570252432 0.007172724415522915
77.87049907077734 0.004223055215142868
77.87767243903038 0.004643188287083919
77.88484580728341 0.00672868252224994
77.89201917553643 0.008664374424708153
77.89919254378947 0.010415237826466736
77.9063659120425 0.012011613028906968
77.91353928029554 0.013080127167887914
77.92071264854856 0.013081378560337842
77.9278860168016 0.011685772934682707
77.93505938505463 0.0089744824954005
77.94223275330765 0.005463517408736407
77.94940612156068 0.0022672660732216536
77.95657948981372 0.0026764278432089314
77.96375285806674 0.004637745947713561
77.97092622631978 0.005998995489481826
77.97809959457281 0.007193290880485603
77.98527296282585 0.008722225273480086
77.99244633107887 0.01025737852390432
77.9996196993319 0.010876427638477681
78.00679306758494 0.009740912165055201
78.01396643583796 0.0064991769201597745
78.02113980409099 0.0015196229911106454
78.02831317234403 0.004789526392436349
78.03548654059706 0.010640341589376365
78.04265990885008 0.014994223827594338
78.04983327710312 0.016822946308971135
78.05700664535615 0.01566330003695148
78.06418001360917 0.011743726368488801
78.07135338186221 0.005951973253817754
78.07852675011524 0.0009469598766426109
78.08570011836828 0.0062126933729144615
78.0928734866213 0.009994061991602502
78.10004685487434 0.011430883989737598
78.10722022312737 0.010689626096606623
78.11439359138039 0.008619292310394072
78.12156695963343 0.0065582619614526
78.12874032788646 0.005587809458620687
78.1359136961395 0.005205928908071043
78.14308706439252 0.004212289010586643
78.15026043264555 0.002545275713690726
78.15743380089859 0.0029418571289947936
78.16460716915161 0.005798915002092177
78.17178053740464 0.008605787386827615
78.17895390565768 0.0106289529205828
78.18612727391071 0.011793897009561525
78.19330064216373 0.012408064836474176
78.20047401041677 0.012835013780143555
78.2076473786698 0.013128860213381966
78.21482074692283 0.013007051256594326
78.22199411517586 0.012185590603809233
78.2291674834289 0.010702053147642708
78.23634085168192 0.009026220234693327
78.24351421993495 0.007880388045942894
78.25068758818799 0.007596743443154779
78.25786095644102 0.007687074502772962
78.26503432469404 0.007547758811715561
78.27220769294708 0.007104506670050435
78.27938106120011 0.0067291397320325625
78.28655442945313 0.006697547074325853
78.29372779770617 0.006737286117021632
78.3009011659592 0.006329999200680318
78.30807453421224 0.00523760578238837
78.31524790246526 0.0037783372716631404
78.3224212707183 0.003187610169586341
78.32959463897133 0.004412397201532938
78.33676800722435 0.006168056393800426
78.34394137547739 0.007470172055665026
78.35111474373042 0.007895220033421782
78.35828811198346 0.007260065539908009
78.36546148023648 0.005609341852661987
78.37263484848951 0.0034213917266465257
78.37980821674255 0.0026194418659969305
78.38698158499557 0.004346521591440037
78.3941549532486 0.005860248488978304
78.40132832150164 0.006031887131306391
78.40850168975467 0.004872231436853618
78.4156750580077 0.0038989585638925925
78.42284842626073 0.005516066942494721
78.43002179451376 0.008033779108437082
78.43719516276678 0.009308410601784953
78.44436853101982 0.008421638236047399
78.45154189927285 0.005532035545341237
78.45871526752589 0.003792605265555371
78.46588863577891 0.007839413962026491
78.47306200403195 0.012555714322129161
78.48023537228498 0.015467358691422803
78.487408740538 0.015674186435373556
78.49458210879104 0.013136685064968949
78.50175547704407 0.008585326286247058
78.50892884529709 0.0033845302426429246
78.51610221355013 0.0024582926922219694
78.52327558180316 0.005449751877958206
78.5304489500562 0.00652539572971196
78.53762231830922 0.005506460153205875
78.54479568656225 0.0030820862116494
78.55196905481529 0.0019895542014646364
78.55914242306831 0.004583604631408366
78.56631579132134 0.006933181244345152
78.57348915957438 0.008138681924837441
78.58066252782741 0.008066039431005253
78.58783589608043 0.00690683394342157
78.59500926433347 0.005161947527555373
78.6021826325865 0.003818363456908057
78.60935600083953 0.00394893318857296
78.61652936909256 0.004759316665400116
78.6237027373456 0.004960840852896691
78.63087610559863 0.004165750569159924
78.63804947385165 0.0027395564068223013
78.64522284210469 0.0019610955874910995
78.65239621035772 0.002519051059384218
78.65956957861074 0.002659483698414904
78.66674294686378 0.0017398288881416335
78.67391631511681 0.0020243443121047713
78.68108968336985 0.004809861911130621
78.68826305162287 0.007609471514539598
78.6954364198759 0.009351373246995809
78.70260978812894 0.00950160818466086
78.70978315638196 0.008086030059002403
78.716956524635 0.005647238795836327
78.72412989288803 0.003000187327365724
78.73130326114106 0.0010671516422844545
78.73847662939409 0.0019965495031933718
78.74564999764712 0.0043103840324718755
78.75282336590016 0.0071087602645591285
78.75999673415318 0.009732364892463945
78.76717010240621 0.011404490563832123
78.77434347065925 0.01174066748486299
78.78151683891227 0.011146935094714334
78.7886902071653 0.010755650315234762
78.79586357541834 0.011195685252510293
78.80303694367137 0.01151906890553904
78.8102103119244 0.010365869239329643
78.81738368017743 0.007288826422176918
78.82455704843046 0.004097081498665065
78.83173041668348 0.006745739971780771
78.83890378493652 0.011467566470497237
78.84607715318955 0.014496808408396001
78.85325052144259 0.01479167037795288
78.86042388969561 0.01244048409717826
78.86759725794865 0.008540680554717541
78.87477062620168 0.0053239788456991375
78.8819439944547 0.005242324934445678
78.88911736270774 0.00614453957086582
78.89629073096077 0.0058549284088602405
78.9034640992138 0.005144782707278067
78.91063746746683 0.006276761132972868
78.91781083571986 0.00884127205973153
78.9249842039729 0.010877269080401744
78.93215757222592 0.011386613480590353
78.93933094047895 0.010151474514064448
78.94650430873199 0.007431042732907716
78.95367767698502 0.003914105093371179
78.96085104523804 0.0030348544625987805
78.96802441349108 0.0069097914313668695
78.97519778174411 0.010813027124060789
78.98237114999714 0.013314049328786244
78.98954451825017 0.013632061621978647
78.9967178865032 0.0114927632070876
79.00389125475624 0.007291225051239945
79.01106462300926 0.002097009083320407
79.0182379912623 0.002770832590813074
79.02541135951533 0.005755083509119077
79.03258472776835 0.006126343425211554
79.03975809602139 0.004158064228557384
79.04693146427442 0.003683584460600157
79.05410483252744 0.007829435321838562
79.06127820078048 0.011877928178115676
79.06845156903351 0.013868178779130378
79.07562493728655 0.013195799205425922
79.08279830553957 0.010245927995740943
79.0899716737926 0.006191476748981281
79.09714504204564 0.002676886823448957
79.10431841029866 0.001648575891631955
79.1114917785517 0.001804305044988953
79.11866514680473 0.002513218641248487
79.12583851505777 0.00468293717260631
79.13301188331079 0.006606205366521717
79.14018525156382 0.006881428128016244
79.14735861981686 0.0051918360253428745
79.15453198806988 0.004076641443961323
79.16170535632291 0.0076329498355436195
79.16887872457595 0.011999623088086346
79.17605209282898 0.014381124528732745
79.183225461082 0.01359135476477854
79.19039882933504 0.009624374631402992
79.19757219758807 0.004073082376851792
79.2047455658411 0.005369840291206024
79.21191893409413 0.010703375491333197
79.21909230234716 0.013799240402692899
79.2262656706002 0.013829489660312187
79.23343903885322 0.011345994856552983
79.24061240710625 0.007986286039217354
79.24778577535929 0.0058911142312312965
79.25495914361231 0.0052567140522340175
79.26213251186535 0.003916969642045062
79.26930588011838 0.002116938104132325
79.27647924837142 0.005307752025711305
79.28365261662444 0.009779549443375606
79.29082598487747 0.012901924882626804
79.2979993531305 0.013673618572666201
79.30517272138353 0.012145206267278363
79.31234608963656 0.00962625702516274
79.3195194578896 0.008559879575304937
79.32669282614262 0.00974738129598414
79.33386619439565 0.010927784825963446
79.34103956264869 0.010536396764393092
79.34821293090172 0.008581955247195334
79.35538629915474 0.006228532644738169
79.36255966740778 0.005260206149579611
79.36973303566081 0.005793201791820999
79.37690640391384 0.006282487686381388
79.38407977216687 0.006581257310152987
79.3912531404199 0.007679576237450686
79.39842650867294 0.009736831696796004
79.40559987692596 0.01174309088849123
79.412773245179 0.012766789424339814
79.41994661343203 0.012438914984270542
79.42711998168505 0.010919829867485875
79.43429334993809 0.008721016053790573
79.44146671819112 0.006463015624779512
79.44864008644416 0.004615156117489469
79.45581345469718 0.003323805654991444
79.46298682295021 0.002615975300841789
79.47016019120325 0.002860298448835438
79.47733355945627 0.004071193891846583
79.4845069277093 0.005599467668361366
79.49168029596234 0.0068975299384579055
79.49885366421537 0.007644738999506626
79.5060270324684 0.007765715945449306
79.51320040072143 0.0074200497031710515
79.52037376897447 0.00683466801789063
79.52754713722749 0.006005209464191583
79.53472050548052 0.004604910627900907
79.54189387373356 0.002311929360568318
79.54906724198659 0.0011812572147945973
79.55624061023961 0.0047595964355360235
79.56341397849265 0.008093780445989511
79.57058734674568 0.010226983258494486
79.5777607149987 0.010571307332567916
79.58493408325174 0.00911096753071028
79.59210745150477 0.006612137497598437
79.5992808197578 0.004848510571324305
79.60645418801083 0.005175722888792833
79.61362755626386 0.0056625640449352995
79.6208009245169 0.004718819260277041
79.62797429276992 0.0032555334712159535
79.63514766102296 0.005345796742906249
79.64232102927599 0.009346495211091219
79.64949439752901 0.012504494288784659
79.65666776578205 0.013637586379170528
79.66384113403508 0.012369981223879348
79.67101450228812 0.009047262358508282
79.67818787054114 0.004557938836597105
79.68536123879417 0.00015305520161500372
79.69253460704721 0.00362125989402327
79.69970797530023 0.005787211630139551
79.70688134355326 0.006498477066299391
79.7140547118063 0.006223323519492353
79.72122808005933 0.005678552899356037
79.72840144831235 0.0055783085964549355
79.73557481656539 0.0063134204352417395
79.74274818481842 0.007673152408939727
79.74992155307145 0.009003418071754895
79.75709492132448 0.009559228901026229
79.76426828957752 0.008817426871022075
79.77144165783055 0.006809410543974595
79.77861502608357 0.004749001353993696
79.7857883943366 0.0054664779542334795
79.79296176258964 0.008130474069263146
79.80013513084266 0.010104058877868955
79.8073084990957 0.010374958434686226
79.81448186734873 0.008867459211429276
79.82165523560177 0.006205249408956813
79.82882860385479 0.0038467661620255646
79.83600197210782 0.00398018696149568
79.84317534036086 0.0053537835913676085
79.85034870861388 0.005956143085469374
79.85752207686691 0.005448781141523079
79.86469544511995 0.004268261107355804
79.87186881337298 0.003617434887653539
79.879042181626 0.004674838673917804
79.88621554987904 0.00649838185916451
79.89338891813208 0.00789931674657172
79.9005622863851 0.00824768611768266
79.90773565463813 0.007359009899219234
79.91490902289117 0.005814870777236845
79.92208239114419 0.005647065193289745
79.92925575939722 0.007998984943195474
79.93642912765026 0.010859375213800619
79.94360249590329 0.012583906776259743
79.95077586415631 0.012435188926235841
79.95794923240935 0.010400802715106705
79.96512260066238 0.007261456941038821
79.9722959689154 0.005170048930783392
79.97946933716844 0.006593550386871206
79.98664270542147 0.009179036262726127
79.99381607367451 0.010813520617900552
80.00098944192753 0.011020695687305468
80.00816281018056 0.010091861785715152
80.0153361784336 0.008904840512091327
80.02250954668662 0.008681128903259866
80.02968291493966 0.009859760045467581
80.03685628319269 0.011529694916325679
80.04402965144573 0.01262093417071842
80.05120301969875 0.012558539714241703
80.05837638795178 0.011282599095652652
80.06554975620482 0.009158609645725485
80.07272312445784 0.006805048695955974
80.07989649271087 0.004802967040387425
80.08706986096391 0.0034024920368216794
80.09424322921694 0.002795597367398001
80.10141659746996 0.0035484631905155703
80.108589965723 0.005153912006333132
80.11576333397603 0.006514624447955442
80.12293670222905 0.006906252457949481
80.13011007048209 0.006072785283839501
80.13728343873512 0.004274422091189995
80.14445680698816 0.0022630163732144364
80.15163017524118 0.0012513392484086567
80.15880354349422 0.0014707396254746358
80.16597691174725 0.0026135734576798733
80.17315028000027 0.005474888092805815
80.1803236482533 0.009285051340684393
80.18749701650634 0.012838230921952474
80.19467038475936 0.015000985559548097
80.2018437530124 0.015025470401453692
80.20901712126543 0.012785751177250844
80.21619048951847 0.00884574298844342
80.22336385777149 0.004451866047084533
80.23053722602452 0.0026897842483389976
80.23771059427756 0.004665141365258195
80.24488396253058 0.00594504681748474
80.25205733078361 0.0062593211981520095
80.25923069903665 0.006504374358842261
80.26640406728968 0.006984935983846556
80.2735774355427 0.0068737488749204545
80.28075080379574 0.005333332240650748
80.28792417204878 0.002846464131435875
80.2950975403018 0.004716931364860962
80.30227090855483 0.009696139410984147
80.30944427680787 0.014316604102747925
80.3166176450609 0.01737464195404127
80.32379101331392 0.018305442865303764
80.33096438156696 0.01713803611596849
80.33813774981999 0.014428485498042964
80.34531111807301 0.011122605190929643
80.35248448632605 0.008480304462199786
80.35965785457908 0.00782149028623702
80.36683122283212 0.009154935993346791
80.37400459108514 0.011186207349596527
80.38117795933817 0.012885012016905931
80.38835132759121 0.013573846637621286
80.39552469584423 0.012753868835140628
80.40269806409727 0.0101562688881221
80.4098714323503 0.005859990646280921
80.41704480060334 0.0006037011352661199
80.42421816885636 0.005560075647597425
80.43139153710939 0.01060487183904298
80.43856490536243 0.013735591717956918
80.44573827361545 0.014109192236388656
80.45291164186848 0.011424701088585105
80.46008501012152 0.006060839732759276
80.46725837837454 0.0009459274133594627
80.47443174662757 0.008103386163090984
80.48160511488061 0.013846614466607418
80.48877848313364 0.016985531410596277
80.49595185138666 0.017176808763618504
80.5031252196397 0.015382607318180684
80.51029858789273 0.014156180908459196
80.51747195614576 0.01582815893430235
80.52464532439879 0.01907757321336395
80.53181869265183 0.021178378632982615
80.53899206090486 0.02065930537243768
80.54616542915788 0.017501443733726585
80.55333879741092 0.013074460897137371
80.56051216566395 0.01028984363479265
80.56768553391697 0.01132203831361877
80.57485890217 0.013544480745568863
80.58203227042304 0.014242205094356645
80.58920563867608 0.01271559606074084
80.5963790069291 0.009427407936102163
80.60355237518213 0.005534167577954818
80.61072574343517 0.0032279392741985614
80.61789911168819 0.0043060986171561035
80.62507247994122 0.005564466271832225
80.63224584819426 0.005717321401987011
80.6394192164473 0.00500503338704709
80.64659258470031 0.004185174433853616
80.65376595295335 0.004120552244038912
80.66093932120638 0.0048829281827360025
80.6681126894594 0.005846321811934369
80.67528605771244 0.006538571190058595
80.68245942596548 0.006701455364207105
80.68963279421851 0.006200335247134579
80.69680616247153 0.0050312407416099525
80.70397953072457 0.0033544080403160015
80.7111528989776 0.0015195899923820015
80.71832626723062 0.000737848895230314
80.72549963548366 0.0016981024227845502
80.73267300373669 0.00210082467494924
80.73984637198971 0.001724917498017243
80.74701974024275 0.0008120756150686025
80.75419310849578 0.0010071469529748188
80.76136647674882 0.0023340679200580714
80.76853984500184 0.0036197255866757426
80.77571321325487 0.004889097971945454
80.78288658150791 0.0063235915800097285
80.79005994976093 0.007880959780987734
80.79723331801397 0.009177285989709866
80.804406686267 0.009701602649226019
80.81158005452004 0.0091301549523324
80.81875342277306 0.007641045033852477
80.82592679102609 0.006311460238413631
80.83310015927913 0.006813356820496371
80.84027352753215 0.008736289842127177
80.84744689578518 0.010262838230692252
80.85462026403822 0.010351420952023113
80.86179363229125 0.008867432957253663
80.86896700054427 0.006724130139118586
80.87614036879731 0.0062979381688906275
80.88331373705034 0.008532950303644786
80.89048710530336 0.01113435765553424
80.8976604735564 0.012627271650080358
80.90483384180943 0.01265561921673272
80.91200721006247 0.011543285007428154
80.91918057831549 0.010032568932110028
80.92635394656853 0.00892149184557704
80.93352731482156 0.008541619098693753
80.94070068307458 0.008603007408352872
80.94787405132762 0.008673188131108286
80.95504741958065 0.008425756745704395
80.96222078783369 0.007525430428534748
80.96939415608671 0.0056591482940840316
80.97656752433974 0.002759843679319877
80.98374089259278 0.0012549836153452412
80.9909142608458 0.004984352182942991
80.99808762909883 0.00812360988336126
81.00526099735187 0.009697089872805863
81.01243436560489 0.00912448025885335
81.01960773385792 0.00631597619273375
81.02678110211096 0.002042458255658763
81.033954470364 0.004680843047368523
81.04112783861702 0.010348213580036758
81.04830120687005 0.015056023175756975
81.05547457512309 0.017920229057406596
81.0626479433761 0.018536548564576302
81.06982131162914 0.016965383535783418
81.07699467988218 0.013671970233672448
81.08416804813521 0.009441242296061464
81.09134141638823 0.005486792984763909
81.09851478464127 0.004339869586324349
81.1056881528943 0.006446302913261363
81.11286152114732 0.008667254537231084
81.12003488940036 0.00996144035394258
81.1272082576534 0.010137084778354892
81.13438162590643 0.009217302605840128
81.14155499415945 0.007355545573958093
81.14872836241248 0.004970618636836269
81.15590173066552 0.0034185187926274434
81.16307509891854 0.004732195914483621
81.17024846717158 0.007190914836985939
81.17742183542461 0.009218186111285914
81.18459520367765 0.010402074882461448
81.19176857193067 0.01081873195462247
81.1989419401837 0.010731315266128815
81.20611530843674 0.010240986265810098
81.21328867668976 0.009106193539374313
81.22046204494279 0.006959204880529253
81.22763541319583 0.003952024341380915
81.23480878144886 0.0036460060354664655
81.24198214970188 0.00791183787495824
81.24915551795492 0.012269792344987915
81.25632888620795 0.015133008290444503
81.26350225446097 0.015728385289218688
81.27067562271401 0.013899193532529554
81.27784899096704 0.01014016147546386
81.28502235922006 0.0055261307847908
81.2921957274731 0.0021129099518096338
81.29936909572614 0.0033416457360624825
81.30654246397917 0.00441759580550103
81.31371583223219 0.003826364798987323
81.32088920048523 0.0025695403324536375
81.32806256873826 0.003178626433857574
81.33523593699128 0.004847050524369565
81.34240930524432 0.0056338045891050235
81.34958267349735 0.005124709347327171
81.35675604175039 0.003842341586671376
81.36392941000341 0.00306916731407416
81.37110277825644 0.0032597554369767417
81.37827614650948 0.002976023378733751
81.3854495147625 0.001517132664992872
81.39262288301553 0.002282169368303506
81.39979625126857 0.005699439547424724
81.4069696195216 0.008790228419052063
81.41414298777462 0.010504598493573158
81.42131635602766 0.01032359368139884
81.4284897242807 0.008395099398028339
81.43566309253372 0.0056496826648675565
81.44283646078675 0.004046031075030902
81.45000982903979 0.0047267534765582184
81.45718319729282 0.005406199963441806
81.46435656554584 0.004811380221887042
81.47152993379888 0.003094189875219136
81.47870330205191 0.0012612995659528586
81.48587667030493 0.0018921556035901258
81.49305003855797 0.003571968682803927
81.500223406811 0.005840598529639453
81.50739677506404 0.009115681630136862
81.51457014331706 0.012852046944086332
81.5217435115701 0.015934549394189295
81.52891687982313 0.017280214540602513
81.53609024807615 0.016244388374367723
81.54326361632918 0.012833114496764587
81.55043698458222 0.007706654478772243
81.55761035283524 0.002302503239473141
81.56478372108828 0.004122223673017564
81.57195708934131 0.007898732521548995
81.57913045759435 0.00974595348381706
81.58630382584737 0.00947070692389023
81.5934771941004 0.007371742865051642
81.60065056235344 0.004010034694370466
81.60782393060646 0.00036736958459470434
81.61499729885949 0.00399901160757712
81.62217066711253 0.00737650080236813
81.62934403536556 0.009625746440357009
81.63651740361858 0.010330890057961367
81.64369077187162 0.009321978822131153
81.65086414012465 0.0067692634829669045
81.65803750837767 0.003200762004748962
81.66521087663071 0.000753048768316879
81.67238424488374 0.003906041821480394
81.67955761313678 0.0058857805566853195
81.6867309813898 0.006331475888791044
81.69390434964284 0.005399464472048219
81.70107771789587 0.0036454366684907638
81.70825108614889 0.0019746636107296034
81.71542445440193 0.0016619694217236535
81.72259782265496 0.0022054343510426295
81.729771190908 0.0026840832022177914
81.73694455916102 0.0035372407540472063
81.74411792741405 0.005034995647749306
81.75129129566709 0.0068517935942139455
81.75846466392011 0.008593528395036836
81.76563803217314 0.00995724252320096
81.77281140042618 0.01066716566368104
81.77998476867921 0.010470173508098339
81.78715813693223 0.009284927742273453
81.79433150518527 0.007530818114836168
81.8015048734383 0.006599479078434678
81.80867824169133 0.007857639734749003
81.81585160994436 0.010120974866420173
81.8230249781974 0.01159873075780956
81.83019834645042 0.011346145761751225
81.83737171470345 0.009197013592106425
81.84454508295649 0.005752240598731198
81.85171845120952 0.003209845384429793
81.85889181946254 0.005131495379659967
81.86606518771558 0.007613215326886151
81.87323855596861 0.00843528640517416
81.88041192422163 0.007271276514611749
81.88758529247467 0.004812096339652001
81.8947586607277 0.004149551418129793
81.90193202898074 0.007419754608825067
81.90910539723376 0.011196863914079385
81.9162787654868 0.01397036984238209
81.92345213373983 0.01528465678109461
81.93062550199285 0.015156503307033253
81.93779887024589 0.013886988770672163
81.94497223849892 0.011885450445313979
81.95214560675196 0.009541081264638231
81.95931897500498 0.007265717402633969
81.96649234325801 0.005806546647507332
81.97366571151105 0.006124695724747455
81.98083907976407 0.007758425248183995
81.9880124480171 0.009345952882774152
81.99518581627014 0.009977286213253368
82.00235918452317 0.009220392320997594
82.0095325527762 0.007061678360882108
82.01670592102923 0.003994577434343014
82.02387928928226 0.0025896208477503213
82.03105265753528 0.005644104765161359
82.03822602578832 0.009092185198442022
82.04539939404135 0.011838595579658424
82.05257276229439 0.013713563958897345
82.05974613054741 0.014821370142020718
82.06691949880044 0.015344870655306722
82.07409286705348 0.015405678559517728
82.0812662353065 0.015025953238513535
82.08843960355954 0.014202799392852416
82.09561297181257 0.013011845901029032
82.10278634006559 0.011640690092804508
82.10995970831863 0.010339920699596206
82.11713307657166 0.009342035604945164
82.1243064448247 0.008789225571696003
82.13147981307772 0.008690249111208942
82.13865318133075 0.008917539535744508
82.14582654958379 0.00924294295365829
82.15299991783681 0.009396181145324603
82.16017328608984 0.009127241930552879
82.16734665434288 0.008286161292736346
82.17452002259591 0.007010298385100399
82.18169339084893 0.006156544190822089
82.18886675910197 0.007193003726975029
82.196040127355 0.009970761640393197
82.20321349560803 0.013031221253975957
82.21038686386106 0.015188439340935622
82.2175602321141 0.015647132757765674
82.22473360036713 0.014042298908707156
82.23190696862015 0.010599224889286283
82.23908033687319 0.006601775422920121
82.24625370512622 0.0060852238906716465
82.25342707337924 0.00989680894203651
82.26060044163228 0.013649108210744856
82.26777380988531 0.01566596464387264
82.27494717813835 0.01553538001869522
82.28212054639137 0.013496989454694162
82.2892939146444 0.010253492497370151
82.29646728289744 0.006830135288224684
82.30364065115046 0.004530970222972121
82.3108140194035 0.004168076508241254
82.31798738765653 0.004370011550749036
82.32516075590956 0.003764376858434086
82.33233412416259 0.0020362449264393987
82.33950749241562 0.000660388396665694
82.34668086066866 0.0037811244653372235
82.35385422892168 0.006713297347652747
82.36102759717471 0.008674525530495572
82.36820096542775 0.008980374394537777
82.37537433368077 0.007259759399165279
82.3825477019338 0.0037344978010150076
82.38972107018684 0.0023338682783924218
82.39689443843987 0.007009767955170557
82.4040678066929 0.010922666340780462
82.41124117494593 0.012573607924817175
82.41841454319896 0.011401521137540045
82.42558791145198 0.008112590571944429
82.43276127970502 0.006780685918212774
82.43993464795805 0.011306383710730354
82.44710801621109 0.016806907354190985
82.45428138446411 0.020161463646303647
82.46145475271715 0.020142955633948904
82.46862812097018 0.016630721973189738
82.4758014892232 0.010441288490701013
82.48297485747624 0.0031740756572782858
82.49014822572927 0.00442179198481722
82.4973215939823 0.009581806710025714
82.50449496223533 0.012223226448255665
82.51166833048836 0.012235199211276785
82.5188416987414 0.010253590738955915
82.52601506699442 0.007290682745485246
82.53318843524745 0.004307396144952887
82.54036180350049 0.002086772118114708
82.54753517175352 0.0024197752400132214
82.55470854000654 0.004437603853524491
82.56188190825958 0.006149843528392203
82.56905527651261 0.006632323152383096
82.57622864476564 0.005267492963096347
82.58340201301867 0.0019654792552371157
82.5905753812717 0.003113897276381144
82.59774874952474 0.008505543219682716
82.60492211777776 0.01322360205676851
82.6120954860308 0.016121701770137355
82.61926885428383 0.01650753377034404
82.62644222253685 0.014289337113245437
82.63361559078989 0.009989434979052438
82.64078895904292 0.004601343485965893
82.64796232729594 0.0007929186284388296
82.65513569554898 0.0049193037483218315
82.66230906380201 0.00732784121053275
82.66948243205505 0.007814737864892948
82.67665580030807 0.006710203838267173
82.6838291685611 0.00472554388042673
82.69100253681414 0.0029217817981318024
82.69817590506716 0.002613266681077319
82.7053492733202 0.0032841358448791927
82.71252264157323 0.003684036200048091
82.71969600982627 0.0037103383994804453
82.72686937807929 0.0038038760415203977
82.73404274633232 0.004356721021719317
82.74121611458536 0.00525376276506886
82.74838948283838 0.006116028307829714
82.75556285109141 0.006649693697268116
82.76273621934445 0.006713800336902289
82.76990958759748 0.0062985821608623135
82.7770829558505 0.005501779213329909
82.78425632410354 0.0045124845127870825
82.79142969235657 0.0035793488424341225
82.7986030606096 0.0028920766403785878
82.80577642886263 0.002368463989570748
82.81294979711566 0.0016698873705280298
82.8201231653687 0.0006562612952165014
82.82729653362172 0.0016395072854378185
82.83446990187475 0.003967655339062469
82.84164327012779 0.006614315686869656
82.84881663838081 0.009207660917805614
82.85599000663385 0.011380218044587689
82.86316337488688 0.012789257276533822
82.87033674313992 0.013145132177189349
82.87751011139294 0.012260427422095167
82.88468347964597 0.010130985094288832
82.891856847899 0.007055238853321609
82.89903021615203 0.004068196004661843
82.90620358440506 0.004234978887417898
82.9133769526581 0.006918255782836816
82.92055032091112 0.009062108722398807
82.92772368916415 0.009787343331499518
82.93489705741719 0.009012218058454903
82.94207042567022 0.007148111408485994
82.94924379392324 0.0049924186912171445
82.95641716217628 0.0035479034334036995
82.96359053042931 0.0032007698219270026
82.97076389868234 0.0030975459997598298
82.97793726693537 0.0027714599390002608
82.9851106351884 0.00256306919226816
82.99228400344144 0.002551091315802187
82.99945737169446 0.002089042722123383
83.0066307399475 0.0008621677023102602
83.01380410820053 0.0023785397665478905
83.02097747645355 0.005680070394797108
83.02815084470659 0.009074475484101351
83.03532421295962 0.011781134966152684
83.04249758121266 0.01321704355785959
83.04967094946568 0.013098751819748474
83.05684431771871 0.011447105998101996
83.06401768597175 0.008510043909463355
83.07119105422477 0.004747111315854984
83.0783644224778 0.0022888095001868604
83.08553779073084 0.0056752926947355575
83.09271115898387 0.009693313927128987
83.0998845272369 0.012592387090998894
83.10705789548993 0.013724234655405773
83.11423126374297 0.012995066075743134
83.12140463199599 0.011213855777878508
83.12857800024902 0.010371616172410785
83.13575136850206 0.011941050640582741
83.14292473675509 0.01445456360233438
83.15009810500811 0.015835623718836216
83.15727147326115 0.015085204887885673
83.16444484151418 0.012255012708138556
83.1716182097672 0.00837137520491669
83.17879157802024 0.005774228406241176
83.18596494627327 0.006708799167019725
83.1931383145263 0.008652686337916077
83.20031168277933 0.009541394960439605
83.20748505103236 0.009175812602975376
83.2146584192854 0.00802684402556007
83.22183178753842 0.006669674952281385
83.22900515579146 0.005624763246537878
83.23617852404449 0.005620787997820921
83.24335189229751 0.007061405352689022
83.25052526055055 0.009117486710573478
83.25769862880358 0.010618889780998038
83.26487199705662 0.010741040093959327
83.27204536530964 0.00920303674084325
83.27921873356267 0.006435628162692233
83.28639210181571 0.004129665186835741
83.29356547006873 0.005097104669046827
83.30073883832176 0.007324711658108726
83.3079122065748 0.008523937959881914
83.31508557482783 0.00828909085229655
83.32225894308085 0.0070471211029392794
83.32943231133389 0.005633436330729242
83.33660567958692 0.0046530849439555605
83.34377904783994 0.003785150447789338
83.35095241609298 0.0023419047444055777
83.35812578434602 0.001201408441403363
83.36529915259905 0.0036407931821823137
83.37247252085207 0.006474795298346472
83.3796458891051 0.008507371225271159
83.38681925735814 0.009180754609004482
83.39399262561116 0.008331221323070022
83.4011659938642 0.006198864337963831
83.40833936211723 0.0033506855713337515
83.41551273037027 0.0006002569586987384
83.42268609862329 0.0019342170826187454
83.42985946687632 0.0036641090520313905
83.43703283512936 0.005487771680681086
83.44420620338238 0.00817330338790503
83.45137957163541 0.011617445893194803
83.45855293988845 0.014959464949559223
83.46572630814147 0.017165843799290353
83.4728996763945 0.017415326866118314
83.48007304464754 0.015317326202946716
83.48724641290057 0.011038554995584452
83.4944197811536 0.005567929161544933
83.50159314940663 0.004383795572625211
83.50876651765967 0.009888967520276206
83.51593988591269 0.0150539674914321
83.52311325416572 0.01846210367789222
83.53028662241876 0.019693356042941753
83.53745999067179 0.018697209485611224
83.54463335892481 0.015647143257649283
83.55180672717785 0.010948093836716239
83.55898009543088 0.005634592863567546
83.5661534636839 0.004862074407201838
83.57332683193694 0.010044867308275406
83.58050020018997 0.014939112932379742
83.58767356844301 0.01798966052159495
83.59484693669603 0.01867880287925696
83.60202030494906 0.017081375413918878
83.6091936732021 0.013801923576096237
83.61636704145512 0.009843955210060167
83.62354040970816 0.006412743172369505
83.63071377796119 0.004495629600088849
83.63788714621423 0.003774469788565268
83.64506051446725 0.0030236920869759
83.65223388272028 0.0022059396829163976
83.65940725097332 0.0026913829683576406
83.66658061922634 0.004157403353318829
83.67375398747937 0.005434186949384589
83.68092735573241 0.006150925551367397
83.68810072398544 0.006303318717374495
83.69527409223846 0.005963515860209996
83.7024474604915 0.005126481600849849
83.70962082874453 0.003740769155101139
83.71679419699755 0.0018569698650314488
83.72396756525059 0.00039682695778011376
83.73114093350362 0.0023435910124414367
83.73831430175665 0.0037928782018959036
83.74548767000968 0.004401508639973093
83.75266103826272 0.004174435220078125
83.75983440651575 0.0035340933225657613
83.76700777476877 0.0033429627161796678
83.7741811430218 0.00404224110097286
83.78135451127484 0.0050103421848183005
83.78852787952786 0.005689598912096223
83.7957012477809 0.005903837354244003
83.80287461603393 0.005612375137065304
83.81004798428697 0.004727353389328547
83.81722135253999 0.0031306139439913248
83.82439472079302 0.0010468518639311969
83.83156808904606 0.0025994998121756413
83.83874145729908 0.0057155943402811965
83.84591482555211 0.008446936168753721
83.85308819380515 0.010134141430483627
83.86026156205818 0.010376102722267086
83.8674349303112 0.009186685630723515
83.87460829856424 0.00714411714312595
83.88178166681728 0.005526434121092749
83.8889550350703 0.005562788106198621
83.89612840332333 0.006338110048051363
83.90330177157637 0.006352838743854502
83.9104751398294 0.005193618889873311
83.91764850808242 0.0035445374300109426
83.92482187633546 0.0033694467169733443
83.93199524458849 0.004765376809813654
83.93916861284151 0.0057110742732954505
83.94634198109455 0.005647161741470745
83.95351534934758 0.005505237205732456
83.96068871760062 0.006904512715577943
83.96786208585364 0.009435727532970669
83.97503545410667 0.011514661893444788
83.98220882235971 0.01209851179718969
83.98938219061273 0.01095731362904729
83.99655555886577 0.009013376269757964
84.0037289271188 0.008704087868328459
84.01090229537184 0.011263541969099043
84.01807566362486 0.014567145977329433
84.02524903187789 0.016722655703789054
84.03242240013093 0.016919694668657424
84.03959576838395 0.015091343558779363
84.04676913663698 0.011688993924329592
84.05394250489002 0.0074470731172037695
84.06111587314304 0.003134079010706689
84.06828924139607 0.0007758803479754588
84.07546260964911 0.0037053907831865332
84.08263597790214 0.005818750282251536
84.08980934615516 0.007171558174228751
84.0969827144082 0.007885303657386471
84.10415608266123 0.007991152888518758
84.11132945091425 0.007408008673798821
84.11850281916729 0.006017613344693326
84.12567618742032 0.0038313493359061544
84.13284955567336 0.0018038526812738922
84.14002292392638 0.003862518946245857
84.14719629217942 0.007215303926174898
84.15436966043245 0.009999991210838399
84.16154302868547 0.011556426016167088
84.1687163969385 0.011607578957271674
84.17588976519154 0.010329510230831968
84.18306313344458 0.008365039185740332
84.1902365016976 0.006636142549893299
84.19740986995063 0.005672847714222519
84.20458323820367 0.004960282499191847
84.21175660645669 0.0038218508482302156
84.21892997470972 0.002778735309200289
84.22610334296276 0.00357270340076164
84.2332767112158 0.005138674928955989
84.24045007946881 0.005693582799337736
84.24762344772185 0.0045096268400345646
84.25479681597488 0.0016502044849243367
84.2619701842279 0.0027498387277482285
84.26914355248094 0.0070225643871108705
84.27631692073398 0.010409137309674589
84.28349028898701 0.011990954604192569
84.29066365724003 0.01142671711834534
84.29783702549307 0.009129437645261064
84.3050103937461 0.00646669365361556
84.31218376199912 0.005738576745266256
84.31935713025216 0.006969866125264107
84.32653049850519 0.007731168682841362
84.33370386675821 0.007025250061672423
84.34087723501125 0.005233556822897635
84.34805060326428 0.0038946795583921206
84.35522397151732 0.004421936198983155
84.36239733977034 0.005251232570668814
84.36957070802337 0.004965584579709219
84.37674407627641 0.0034989032425875254
84.38391744452943 0.0019291605786493807
84.39109081278247 0.0023936489666991413
84.3982641810355 0.0031821290399761575
84.40543754928854 0.0026855327388642745
84.41261091754156 0.00147203564819606
84.41978428579459 0.003380169074454536
84.42695765404763 0.006390168892303974
84.43413102230065 0.00851335757825708
84.44130439055368 0.008926669951124441
84.44847775880672 0.0074679677377907415
84.45565112705975 0.004800892825717975
84.46282449531277 0.003114862720014026
84.46999786356581 0.004415715810455232
84.47717123181884 0.005447720420114041
84.48434460007186 0.0045793620160293185
84.4915179683249 0.002229005585151449
84.49869133657793 0.0038161530616470335
84.50586470483097 0.008072186584392977
84.51303807308399 0.011409443046097926
84.52021144133703 0.012684472241111954
84.52738480959006 0.011505809186872716
84.53455817784308 0.00825825558905373
84.54173154609612 0.004255017075366858
84.54890491434915 0.003460033273712849
84.55607828260219 0.006106363494409788
84.56325165085521 0.007726244413662077
84.57042501910824 0.007717240594468639
84.57759838736128 0.006747836857498873
84.5847717556143 0.006041034890602664
84.59194512386733 0.006164092961020647
84.59911849212037 0.006363779301072193
84.60629186037339 0.00604156160689042
84.61346522862642 0.0056606698695938415
84.62063859687946 0.006184271187809276
84.6278119651325 0.007411203916678175
84.63498533338552 0.008239622567829652
84.64215870163855 0.007973551389691585
84.64933206989159 0.006575729985782877
84.6565054381446 0.0045118411392437285
84.66367880639764 0.0024558603330986813
84.67085217465068 0.0008953564824268648
84.67802554290371 0.0009303901018529457
84.68519891115673 0.002788617848465901
84.69237227940977 0.005234696824421883
84.6995456476628 0.007675898553773828
84.70671901591582 0.009427280029802624
84.71389238416886 0.010007997688742654
84.7210657524219 0.00933210397386773
84.72823912067493 0.007751112328857629
84.73541248892795 0.00596914842494919
84.74258585718098 0.004789547617467551
84.74975922543402 0.004512017430051299
84.75693259368704 0.004687726938111641
84.76410596194007 0.004886232847597484
84.77127933019311 0.00488211826028127
84.77845269844615 0.004390397163654295
84.78562606669917 0.003165393555622045
84.7927994349522 0.0017114357363173845
84.79997280320524 0.0030330202630124703
84.80714617145826 0.0057286225164486495
84.81431953971129 0.007876327282106136
84.82149290796433 0.008741832799615289
84.82866627621736 0.00810603125020898
84.83583964447038 0.006425983065633668
84.84301301272342 0.0051477083564368245
84.85018638097645 0.005880152695985576
84.85735974922947 0.00757546341291164
84.86453311748251 0.008734694329653254
84.87170648573554 0.009099733687857525
84.87887985398856 0.00929967151238008
84.8860532222416 0.010096131484102766
84.89322659049463 0.011390933862280902
84.90039995874767 0.01236731513240276
84.90757332700069 0.012362340119960307
84.91474669525373 0.011289773192318504
84.92192006350676 0.009690179043850167
84.92909343175978 0.008532420304609958
84.93626680001282 0.008450013762269497
84.94344016826585 0.008962737980168051
84.95061353651889 0.009185938580176797
84.95778690477191 0.008670133826546968
84.96496027302494 0.00742872297656632
84.97213364127798 0.0057280329315746396
84.979307009531 0.0038899996098052288
84.98648037778403 0.0021414695701740564
84.99365374603707 0.0008398734208559798
85.0008271142901 0.0021782476804454933
85.00800048254312 0.004832945693575713
85.01517385079616 0.008171031652525937
85.0223472190492 0.011791402140501839
85.02952058730222 0.015025697755830675
85.03669395555525 0.017101056428381424
85.04386732380829 0.017394561039185075
85.05104069206132 0.0157052614286212
85.05821406031434 0.012554313201516001
85.06538742856738 0.009668045991935631
85.07256079682041 0.009721326980458755
85.07973416507343 0.012194533993238424
85.08690753332647 0.014108492460749886
85.0940809015795 0.013830843823440516
85.10125426983254 0.01106314861211819
85.10842763808556 0.006710377726352952
85.1156010063386 0.004673203902028262
85.12277437459163 0.00832944487425291
85.12994774284465 0.0119199858727883
85.13712111109768 0.013105279565050842
85.14429447935072 0.011333850370113668
85.15146784760374 0.006931538693780174
85.15864121585678 0.001131582299256278
85.16581458410981 0.005769507910420278
85.17298795236285 0.011220517543526248
85.18016132061587 0.014597042324990662
85.1873346888689 0.015310710453567604
85.19450805712194 0.013427746607803477
85.20168142537496 0.009596012075047154
85.20885479362799 0.004845729055212944
85.21602816188103 0.0003778646475277554
85.22320153013406 0.0029794427535740735
85.23037489838708 0.004408988809380742
85.23754826664012 0.0038580171079054698
85.24472163489315 0.0018805249301073678
85.25189500314617 0.0025892969540645115
85.25906837139921 0.006105260719323518
85.26624173965224 0.009374460743127215
85.27341510790528 0.0116553000635207
85.2805884761583 0.012563513504576273
85.28776184441134 0.011964551126851687
85.29493521266437 0.009975155816284645
85.30210858091739 0.007049809112076564
85.30928194917043 0.004427792621376946
85.31645531742346 0.004743039521482116
85.3236286856765 0.007032607137702
85.33080205392952 0.008653806096942223
85.33797542218255 0.008702614052729854
85.34514879043559 0.0070663704989901
85.35232215868861 0.004220295056136654
85.35949552694164 0.0019701739319762423
85.36666889519468 0.003859789524753493
85.37384226344771 0.005913126459218797
85.38101563170073 0.00648107828576056
85.38818899995377 0.005368033154585956
85.3953623682068 0.0029127180331790245
85.40253573645982 0.00024224334465149954
85.40970910471286 0.0031344435029098
85.4168824729659 0.0051637305796644675
85.42405584121892 0.005896644500653092
85.43122920947195 0.005498234825756339
85.43840257772499 0.005058586130590071
85.44557594597802 0.006244170107327559
85.45274931423104 0.008819369489090966
85.45992268248408 0.011361528363979303
85.46709605073711 0.012841943003687073
85.47426941899013 0.012691601064419399
85.48144278724317 0.010869745695437617
85.4886161554962 0.008252048597172164
85.49578952374924 0.007565126411437819
85.50296289200226 0.010606277494828165
85.5101362602553 0.014647545764609884
85.51730962850833 0.017426108046846526
85.52448299676135 0.01790522566227623
85.53165636501438 0.01585558442088157
85.53882973326742 0.011724216122074704
85.54600310152045 0.006455908171060579
85.55317646977348 0.0011995350548733817
85.56034983802651 0.003053529867462201
85.56752320627955 0.005803012605749416
85.57469657453257 0.007232288710652808
85.5818699427856 0.008063774953403718
85.58904331103864 0.008854013715834224
85.59621667929167 0.009327077534006311
85.60339004754469 0.008743596621210629
85.61056341579773 0.006672536037750494
85.61773678405076 0.003609024521313159
85.62491015230378 0.0037275562152694736
85.63208352055682 0.007885410183399794
85.63925688880985 0.011931113912311801
85.64643025706289 0.014823105345042092
85.65360362531591 0.016232089014617365
85.66077699356894 0.016133777589133553
85.66795036182198 0.014623015333376451
85.675123730075 0.011847100288501588
85.68229709832804 0.008124872875095059
85.68947046658107 0.004402547393448246
85.69664383483409 0.003927017705702617
85.70381720308713 0.006471624402032254
85.71099057134016 0.008082278048229885
85.7181639395932 0.007668447139603575
85.72533730784622 0.005324009891968971
85.73251067609925 0.0030372014926558577
85.73968404435229 0.005585154349574111
85.74685741260531 0.009280096558874611
85.75403078085834 0.011474007566288389
85.76120414911138 0.011365359025885239
85.76837751736441 0.008937601145016945
85.77555088561743 0.00486566581013525
85.78272425387047 0.0015960397587450599
85.7898976221235 0.005020610201386579
85.79707099037653 0.008061347263150307
85.80424435862956 0.009375644542043485
85.8114177268826 0.008982778826806816
85.81859109513563 0.007391807395684764
85.82576446338865 0.005380483092780237
85.83293783164169 0.003888185266106707
85.84011119989472 0.003957157709902923
85.84728456814774 0.0055373286361872
85.85445793640078 0.007686588741031639
85.86163130465381 0.00965884336208633
85.86880467290685 0.010825696898030732
85.87597804115987 0.010738190505010788
85.8831514094129 0.009279095528919246
85.89032477766594 0.006715900345738158
85.89749814591896 0.0036490157450774466
85.904671514172 0.0014310690108238322
85.91184488242503 0.002740123428354725
85.91901825067806 0.004188699196745897
85.92619161893109 0.004710327476700446
85.93336498718412 0.004339909075982096
85.94053835543716 0.003289926883130037
85.94771172369018 0.0020327046546723695
85.95488509194321 0.00225918130331721
85.96205846019625 0.004207536551625365
85.96923182844927 0.006298348352622454
85.9764051967023 0.007830985432637718
85.98357856495534 0.008410181861758393
85.99075193320837 0.007903653094716852
85.9979253014614 0.006479185663187065
86.00509866971443 0.004558933504885561
86.01227203796746 0.0026833831949939738
86.01944540622048 0.0013317716001156714
86.02661877447352 0.0007632738147212824
86.03379214272655 0.0009589735827201327
86.04096551097959 0.0016289823631325225
86.04813887923261 0.0023149672365550085
86.05531224748565 0.0025903420595657744
86.06248561573868 0.002215757530821337
86.0696589839917 0.0012413548620049282
86.07683235224474 0.0005964587576083101
86.08400572049777 0.0018042859520479861
86.0911790887508 0.002942405711909925
86.09835245700383 0.003720686722377827
86.10552582525686 0.004158177458827694
86.1126991935099 0.004236648137012557
86.11987256176292 0.003826956037732599
86.12704593001595 0.0031626630557384764
86.13421929826899 0.003855275872481992
86.14139266652202 0.006556632015495654
86.14856603477504 0.009737339798278673
86.15573940302808 0.01208583427578131
86.16291277128111 0.012648746496159536
86.17008613953413 0.010945441813928269
86.17725950778717 0.007133087412658756
86.1844328760402 0.002126374751753382
86.19160624429324 0.0035139251013516035
86.19877961254626 0.007467251144595126
86.2059529807993 0.009202415546847708
86.21312634905233 0.008297497565100455
86.22029971730535 0.005330950358756854
86.22747308555839 0.003296890979956169
86.23464645381142 0.00618764685245018
86.24181982206444 0.009097754916886414
86.24899319031748 0.00987867047455848
86.25616655857051 0.008385256937150535
86.26333992682355 0.006276953169969749
86.27051329507657 0.007425578903150928
86.2776866633296 0.01124814674463953
86.28486003158264 0.014487879288199907
86.29203339983566 0.015783310563429666
86.2992067680887 0.01497103707883838
86.30638013634173 0.012694414978850068
86.31355350459476 0.010061579811783282
86.32072687284779 0.008106800956412476
86.32790024110082 0.0071165057524909285
86.33507360935386 0.006719336491696828
86.34224697760688 0.006794578110280508
86.34942034585991 0.007397902584461107
86.35659371411295 0.008090802513672252
86.36376708236598 0.008187466366697668
86.370940450619 0.00732925769447709
86.37811381887204 0.005714558495234393
86.38528718712507 0.004138425160894244
86.3924605553781 0.0036705190061790726
86.39963392363113 0.004066847933585749
86.40680729188416 0.004164813041982265
86.4139806601372 0.0035542718000012583
86.42115402839022 0.0024525285947876877
86.42832739664325 0.0014019824413913347
86.43550076489629 0.0010684106196061686
86.44267413314931 0.0012112058776110502
86.44984750140235 0.0012471755123481011
86.45702086965538 0.0012811058586849867
86.46419423790842 0.001435998506442916
86.47136760616144 0.0015475481407803
86.47854097441447 0.0014846396487704062
86.4857143426675 0.0013114596235169345
86.49288771092053 0.0013437794871642105
86.50006107917356 0.0021521496499114705
86.5072344474266 0.0038825551452706846
86.51440781567962 0.0062993349747295126
86.52158118393265 0.009012304607308293
86.52875455218569 0.011531568828756611
86.53592792043872 0.013410980839590454
86.54310128869174 0.014403928717715238
86.55027465694478 0.014553132383942506
86.55744802519781 0.014150896732656756
86.56462139345084 0.013536533233107731
86.57179476170387 0.012838838309589333
86.5789681299569 0.011919136399616177
86.58614149820994 0.01057967926119844
86.59331486646296 0.008790645800021842
86.600488234716 0.006767857793115423
86.60766160296903 0.004968492705819447
86.61483497122205 0.004060087409219313
86.62200833947509 0.004341714258337728
86.62918170772812 0.005137696821547159
86.63635507598116 0.005735134548716868
86.64352844423418 0.005807100390778684
86.65070181248721 0.005309306131566642
86.65787518074025 0.004431663837786504
86.66504854899327 0.003537890751565582
86.6722219172463 0.003042062856203604
86.67939528549934 0.0033088491391991175
86.68656865375237 0.004533215780267867
86.6937420220054 0.006510913829902294
86.70091539025843 0.00868932502557597
86.70808875851147 0.01037351841099752
86.71526212676449 0.010936420906182832
86.72243549501752 0.010017532323603666
86.72960886327056 0.007651034137382922
86.73678223152359 0.004284424741696241
86.74395559977661 0.0009956573331864975
86.75112896802965 0.0029598459155274898
86.75830233628268 0.005127423130117863
86.7654757045357 0.00601019966822686
86.77264907278874 0.005769659383201622
86.77982244104177 0.005190568885608075
86.7869958092948 0.005541778932587808
86.79416917754783 0.0072180822287247854
86.80134254580086 0.00938220209167071
86.8085159140539 0.011245751852884319
86.81568928230692 0.012331214439905105
86.82286265055996 0.01239743591074239
86.83003601881299 0.011434277221948756
86.83720938706601 0.009666033306031732
86.84438275531905 0.007488476331567187
86.85155612357208 0.005307905386698084
86.85872949182512 0.003434061147647279
86.86590286007814 0.002650148620451038
86.87307622833117 0.004096092413294915
86.8802495965842 0.006550441052020505
86.88742296483723 0.008825183091844822
86.89459633309026 0.010195065229043452
86.9017697013433 0.010229887545199004
86.90894306959633 0.008893949520043992
86.91611643784935 0.006577078827297753
86.92328980610239 0.004026599968334086
86.93046317435542 0.0023483930069172964
86.93763654260844 0.00232053730701114
86.94480991086148 0.0025911841320978937
86.95198327911451 0.002475075820617918
86.95915664736755 0.0023496924653337876
86.96633001562057 0.002503563943156788
86.9735033838736 0.002629490048088868
86.98067675212664 0.002474783611878647
86.98785012037966 0.0022747850420830676
86.9950234886327 0.002521461756269388
87.00219685688573 0.0031962639167831142
87.00937022513877 0.003914446489172129
87.01654359339179 0.004428628567049302
87.02371696164482 0.004567452601168892
87.03089032989786 0.004249320938797964
87.03806369815088 0.003995663895510091
87.04523706640391 0.005259215512525942
87.05241043465695 0.008102821467571833
87.05958380290997 0.011132913415789748
87.066757171163 0.013064915817518083
87.07393053941604 0.012993024664030893
87.08110390766907 0.010591577607433908
87.0882772759221 0.006304185317359197
87.09545064417513 0.002040969380432464
87.10262401242817 0.004569268144100114
87.10979738068119 0.007341560285796872
87.11697074893422 0.007745602152356576
87.12414411718726 0.006703695163236394
87.13131748544029 0.008018803293323417
87.13849085369331 0.012576406924884811
87.14566422194635 0.016982235207283234
87.15283759019938 0.01887424788990488
87.1600109584524 0.017158185829228387
87.16718432670544 0.011916253200106235
87.17435769495847 0.004598139638214825
87.18153106321151 0.005545865788865718
87.18870443146453 0.012594285640244963
87.19587779971756 0.01723319174693501
87.2030511679706 0.018454047639785667
87.21022453622362 0.01638912821094636
87.21739790447666 0.011978617287036905
87.22457127272969 0.006653763213937769
87.23174464098273 0.0026613766791208334
87.23891800923575 0.004361488331959717
87.24609137748878 0.007003429346236903
87.25326474574182 0.008565778687208545
87.26043811399484 0.008905616400469331
87.26761148224787 0.00790078798214046
87.27478485050091 0.005554628733225002
87.28195821875394 0.002702522576232776
87.28913158700696 0.003806217090056319
87.29630495526 0.007317232097745122
87.30347832351303 0.00996008538008152
87.31065169176605 0.010948176996543699
87.31782506001909 0.01019631849294001
87.32499842827212 0.008181619022201565
87.33217179652515 0.005850459199869082
87.33934516477818 0.004554961933684883
87.34651853303122 0.005113218376617045
87.35369190128425 0.00660266321507525
87.36086526953727 0.00817131393422174
87.3680386377903 0.009408773726631745
87.37521200604334 0.009948582192540622
87.38238537429636 0.009508081275405655
87.3895587425494 0.00805651878496832
87.39673211080243 0.0058978984445672315
87.40390547905547 0.0036901083332045955
87.41107884730849 0.002678548987621357
87.41825221556152 0.0035743624623239493
87.42542558381456 0.004999442711588952
87.43259895206758 0.0063137611653347175
87.43977232032061 0.007395548767409869
87.44694568857365 0.008190614817495386
87.45411905682668 0.008705802912929895
87.4612924250797 0.00900840456440547
87.46846579333274 0.009109073417238283
87.47563916158578 0.00887880372902667
87.4828125298388 0.008165661001296672
87.48998589809183 0.007016405284516994
87.49715926634487 0.005772296082008344
87.5043326345979 0.004820125214958576
87.51150600285092 0.0040333875801523015
87.51867937110396 0.002836160427483979
87.52585273935699 0.0016101477117049063
87.53302610761001 0.003623271674180812
87.54019947586305 0.006972392779562606
87.54737284411608 0.009971065055159918
87.55454621236912 0.011815731344080867
87.56171958062214 0.012109386980117374
87.56889294887517 0.010932855496292316
87.57606631712821 0.008810091045913848
87.58323968538123 0.006540098179052027
87.59041305363426 0.004869659963095751
87.5975864218873 0.003956656203235987
87.60475979014032 0.0032930012762338403
87.61193315839336 0.0025290731578661465
87.61910652664639 0.0018892587218541578
87.62627989489943 0.0019923540706605156
87.63345326315245 0.0029216162716815225
87.64062663140548 0.004237785648016644
87.64779999965852 0.005580103585532997
87.65497336791154 0.0065955626802845875
87.66214673616457 0.007035758104543265
87.66932010441761 0.006916843244764725
87.67649347267064 0.0065137523112853354
87.68366684092366 0.006054492034444081
87.6908402091767 0.005379027316148843
87.69801357742973 0.004171458552583314
87.70518694568275 0.0029222683906889924
87.71236031393579 0.003971957812962081
87.71953368218882 0.006694602932055337
87.72670705044186 0.009021101236933317
87.73388041869488 0.009955402328506302
87.74105378694792 0.009135409766238707
87.74822715520095 0.006809975368778899
87.75540052345397 0.00379013683649107
87.762573891707 0.0014527578680001776
87.76974725996004 0.0013804132656349527
87.77692062821308 0.0008753614492524511
87.7840939964661 0.0017514970174976718
87.79126736471913 0.00536766909843175
87.79844073297217 0.009302387707039195
87.80561410122519 0.012350106815872447
87.81278746947822 0.01356707281213294
87.81996083773126 0.012507136839746216
87.8271342059843 0.009331913959644939
87.83430757423731 0.004755663272891539
87.84148094249035 0.00041178368967022976
87.84865431074338 0.004492549755341751
87.8558276789964 0.007278328002122732
87.86300104724944 0.008219331337812467
87.87017441550248 0.007421916284834082
87.8773477837555 0.005456192939142451
87.88452115200853 0.0035167448468623845
87.89169452026157 0.003688924465754812
87.8988678885146 0.005442114490860807
87.90604125676762 0.007038916315153873
87.91321462502066 0.008154109480023198
87.92038799327369 0.00902431608329459
87.92756136152671 0.009850759340708951
87.93473472977975 0.010386359619383405
87.94190809803278 0.010025150213002074
87.94908146628582 0.008237304715005448
87.95625483453884 0.004907250527541672
87.96342820279187 0.000549034732412377
87.97060157104491 0.0043584326271793915
87.97777493929793 0.008356267350795081
87.98494830755097 0.010669369099153784
87.992121675804 0.010783356854776162
87.99929504405704 0.008792608837029528
88.00646841231006 0.005389347922892181
88.01364178056309 0.001647246438782192
88.02081514881613 0.0013636429999741462
88.02798851706915 0.002853595957218605
88.03516188532218 0.0028829393733015452
88.04233525357522 0.0030397388739418067
88.04950862182825 0.004964905013354026
88.05668199008127 0.007233019675211695
88.06385535833431 0.008464172484635907
88.07102872658734 0.008068692786369952
88.07820209484036 0.0061609266615155825
88.0853754630934 0.003680983041224288
88.09254883134643 0.0031609154040142364
88.09972219959947 0.004894420106115076
88.10689556785249 0.006122998491274449
88.11406893610553 0.006109807107807457
88.12124230435856 0.005017751164861549
88.12841567261158 0.0034242641898572686
88.13558904086462 0.002234532211835921
88.14276240911765 0.002311783058719133
88.14993577737069 0.002931537587728853
88.1571091456237 0.0032876691687977752
88.16428251387674 0.0032388449289791313
88.17145588212978 0.0029284712490316544
88.1786292503828 0.0026719095023467563
88.18580261863583 0.0026219802393276795
88.19297598688887 0.002405877112449331
88.20014935514189 0.0016287264006224027
88.20732272339492 0.0017250358204381516
88.21449609164796 0.004259763272735777
88.221669459901 0.007294440994828656
88.22884282815401 0.00971274746508909
88.23601619640705 0.01065854035861379
88.24318956466009 0.00964377025447136
88.2503629329131 0.006735169802472783
88.25753630116614 0.0026391023004763334
88.26470966941918 0.0023587150273634678
88.27188303767221 0.006046800905933367
88.27905640592523 0.00849977226906518
88.28622977417827 0.00957752923766443
88.2934031424313 0.009822561503564408
88.30057651068432 0.009820373656089322
88.30774987893736 0.009480753351134586
88.31492324719039 0.00816812001752569
88.32209661544343 0.0055859967788688385
88.32926998369645 0.0031484422245935152
88.33644335194948 0.005117170505490381
88.34361672020252 0.008303857094506609
88.35079008845554 0.009953465808157197
88.35796345670857 0.009685732925453978
88.36513682496161 0.008869435310646255
88.37231019321464 0.010110031706211909
88.37948356146767 0.01324124993869229
88.3866569297207 0.015626130783861252
88.39383029797374 0.01538180829711577
88.40100366622676 0.011868727347872528
88.40817703447979 0.005690600028287228
88.41535040273283 0.003638048651066453
88.42252377098586 0.01094143839266675
88.42969713923888 0.016922589042586644
88.43687050749192 0.019975246492401712
88.44404387574495 0.019611363686510383
88.45121724399797 0.01611879530053817
88.45839061225101 0.010365834275455834
88.46556398050404 0.0035306171201194936
88.47273734875706 0.003224848630487626
88.4799107170101 0.008760080422136276
88.48708408526313 0.012284320597688629
88.49425745351617 0.013289785544748122
88.50143082176919 0.011817725435377993
88.50860419002223 0.008904873151543638
88.51577755827526 0.00768969584646586
88.52295092652828 0.010601022100958653
88.53012429478132 0.014310593578411806
88.53729766303435 0.01601072501801375
88.54447103128739 0.014582626347452155
88.55164439954041 0.0100323483864131
88.55881776779344 0.003284559767203442
88.56599113604648 0.004137405083611708
88.5731645042995 0.010432072983232362
88.58033787255253 0.014169412308571935
88.58751124080557 0.014615976932465679
88.5946846090586 0.012053132327105254
88.60185797731162 0.008137440041960776
88.60903134556466 0.006875319293041193
88.6162047138177 0.009625733046953543
88.62337808207072 0.011947453071463946
88.63055145032375 0.01176920978463921
88.63772481857679 0.008918555110352234
88.64489818682982 0.0043363959584791925
88.65207155508284 0.0022461077675548138
88.65924492333588 0.005920083642728638
88.66641829158891 0.00796367039064391
88.67359165984193 0.007450169809043981
88.68076502809497 0.004971509207795025
88.687938396348 0.003750690026078118
88.69511176460104 0.0066126910908861
88.70228513285406 0.009209686884149724
88.7094585011071 0.009552431710971842
88.71663186936013 0.007465051204221513
88.72380523761315 0.005081037627481799
88.73097860586618 0.0075354805707646515
88.73815197411922 0.012150041002305262
88.74532534237224 0.015185796094991948
88.75249871062528 0.015253305719000201
88.75967207887831 0.012183798077726316
88.76684544713135 0.006921886477622888
88.77401881538437 0.003065215389123121
88.7811921836374 0.0068199676275111296
88.78836555189044 0.010092876276623104
88.79553892014346 0.010527631306526567
88.80271228839649 0.008161087553142585
88.80988565664953 0.004477185861810213
88.81705902490256 0.004582832013034547
88.82423239315558 0.00820766150916557
88.83140576140862 0.01059812055968359
88.83857912966165 0.010702793041567057
88.84575249791467 0.008663182867868194
88.85292586616771 0.005245557134352487
88.86009923442074 0.0014430461892301122
88.86727260267378 0.0019351561822845771
88.8744459709268 0.004537709079305554
88.88161933917984 0.006441320297015908
88.88879270743287 0.007763455760182664
88.89596607568589 0.008320347812497138
88.90313944393893 0.007749302107984748
88.91031281219196 0.00599666933694418
88.917486180445 0.004200473724796685
88.92465954869802 0.005339883650851756
88.93183291695105 0.008374045425866524
88.93900628520409 0.010707018411532028
88.94617965345711 0.01123536572176088
88.95335302171014 0.00963911111741602
88.96052638996318 0.0061906675970467544
88.96769975821621 0.0016146247062301035
88.97487312646923 0.0033151748256019437
88.98204649472227 0.007551870078361482
88.9892198629753 0.010492835284158978
88.99639323122832 0.011718778987988137
89.00356659948136 0.011130209488368258
89.0107399677344 0.008964841845998947
89.01791333598742 0.006004973451426409
89.02508670424045 0.0047663414961364794
89.03226007249349 0.007467010856767702
89.03943344074652 0.011069708179579632
89.04660680899954 0.013692639350004438
89.05378017725258 0.01460444869038599
89.06095354550561 0.013583285491110965
89.06812691375863 0.010820018904721415
89.07530028201167 0.0068796683260002045
89.0824736502647 0.003022363643173842
89.08964701851774 0.0038798855904391455
89.09682038677076 0.007265930831691108
89.1039937550238 0.009819551904893946
89.11116712327683 0.011075419316787358
89.11834049152985 0.011033934347084037
89.12551385978288 0.009914612422826888
89.13268722803592 0.008043524338974843
89.13986059628895 0.005756662683385287
89.14703396454198 0.003381389449667207
89.15420733279501 0.0016680256670760854
89.16138070104805 0.0025502315216934554
89.16855406930107 0.004257925402973915
89.1757274375541 0.005543673542636805
89.18290080580714 0.0062722533729073545
89.19007417406017 0.006753756056869647
89.19724754231319 0.007546339349434412
89.20442091056623 0.008874493895759825
89.21159427881926 0.010309931745996032
89.21876764707228 0.011174347881095592
89.22594101532532 0.010977156204816771
89.23311438357835 0.009582369224864856
89.24028775183139 0.007185457430656531
89.24746112008441 0.004205764963270877
89.25463448833744 0.001477730810290011
89.26180785659048 0.00272412317548606
89.2689812248435 0.005249877047242021
89.27615459309654 0.0072103614927886165
89.28332796134957 0.0083030500964921
89.29050132960259 0.008445940865388843
89.29767469785563 0.00790983818569904
89.30484806610866 0.007414415281593253
89.3120214343617 0.00764667065047196
89.31919480261472 0.008305032176253054
89.32636817086775 0.008407049551356965
89.33354153912079 0.0072722965202413805
89.34071490737381 0.004863112858800729
89.34788827562684 0.0018377355172806951
89.35506164387988 0.0019765121194660136
89.36223501213291 0.004130430632293937
89.36940838038593 0.005202457443312682
89.37658174863897 0.0056698366047586175
89.383755116892 0.006910140337133319
89.39092848514503 0.00924201303313543
89.39810185339806 0.011518554174445575
89.4052752216511 0.012699640522108188
89.41244858990413 0.012564049797880008
89.41962195815715 0.011904306213749835
89.42679532641019 0.012072600025507542
89.43396869466322 0.01336174792134304
89.44114206291624 0.014511314768495265
89.44831543116928 0.014229968930077013
89.45548879942231 0.012056085991222135
89.46266216767535 0.008389610280083868
89.46983553592837 0.004414902210699501
89.4770089041814 0.002938514773416186
89.48418227243444 0.004548697845837517
89.49135564068746 0.00541874986330236
89.4985290089405 0.004900197944530487
89.50570237719353 0.0034282252597048683
89.51287574544656 0.0017828284816473964
89.52004911369959 0.0016812125547143544
89.52722248195262 0.0034456246712119367
89.53439585020566 0.005646544379174926
89.54156921845868 0.00780561745566392
89.54874258671171 0.00947352878392966
89.55591595496475 0.010444107996340995
89.56308932321777 0.011069377487855738
89.5702626914708 0.012084380934046275
89.57743605972384 0.013710957269745375
89.58460942797687 0.015201525594814623
89.5917827962299 0.015507153348549251
89.59895616448293 0.013975898143218977
89.60612953273596 0.010629821729190615
89.61330290098898 0.006257058270464315
89.62047626924202 0.003337270676762436
89.62764963749505 0.00544176748226481
89.63482300574809 0.00801544677318217
89.64199637400111 0.009119449939032645
89.64916974225414 0.008680859432148946
89.65634311050718 0.007054588181725857
89.6635164787602 0.004633932272872621
89.67068984701324 0.0016880870507031845
89.67786321526627 0.001696999414573181
89.6850365835193 0.00506093804641406
89.69220995177233 0.008014542782329836
89.69938332002536 0.009967685493390523
89.7065566882784 0.010489753274504906
89.71373005653142 0.009512359895892596
89.72090342478445 0.007421668569298137
89.72807679303749 0.005064476917556873
89.73525016129052 0.003731089687474354
89.74242352954354 0.003975958731970611
89.74959689779658 0.004537221986853568
89.75677026604961 0.004787022039464645
89.76394363430263 0.005035817341272427
89.77111700255567 0.005668303998182041
89.7782903708087 0.0065948678154542275
89.78546373906174 0.007483781665990967
89.79263710731476 0.008091573678478563
89.7998104755678 0.008263487560197859
89.80698384382083 0.007858363920108689
89.81415721207385 0.006770212222542339
89.82133058032689 0.005024891245539354
89.82850394857992 0.0029537332507683428
89.83567731683294 0.002281914994688096
89.84285068508598 0.0045463268789140065
89.85002405333901 0.007574625193553111
89.85719742159205 0.01060570041381568
89.86437078984507 0.013175047024575998
89.8715441580981 0.01472901665183174
89.87871752635114 0.014749879212290231
89.88589089460416 0.012984214846935398
89.8930642628572 0.00961015408746332
89.90023763111023 0.0052591244315539284
89.90741099936326 0.0009025379852064164
89.91458436761629 0.0025510366829868923
89.92175773586932 0.004199777669002246
89.92893110412236 0.003823403247852175
89.93610447237538 0.0019550223077477893
89.94327784062841 0.0025815646665888186
89.95045120888145 0.005711398421997253
89.95762457713448 0.008121835451413758
89.9647979453875 0.00895430191209298
89.97197131364054 0.007987509344992642
89.97914468189357 0.0055253629583083014
89.9863180501466 0.0022670192453327492
89.99349141839963 0.0012079173808698049
90.00066478665266 0.003744701650887381
90.0078381549057 0.005346102946381034
90.01501152315872 0.006157523465849415
90.02218489141175 0.006878546709055051
90.02935825966479 0.008169154299314925
90.03653162791781 0.009922783568741768
90.04370499617085 0.011450662030473617
90.05087836442388 0.012049944177111572
90.05805173267692 0.011273098296672729
90.06522510092994 0.009025556126024232
90.07239846918297 0.005597732643610792
90.079571837436 0.0017168606312952435
90.08674520568903 0.002466686695125179
90.09391857394206 0.005158876271546208
90.1010919421951 0.00629206758362767
90.10826531044812 0.005648819466477125
90.11543867870115 0.003591404158073505
90.12261204695419 0.001698780086291891
90.12978541520722 0.003468385619445004
90.13695878346024 0.00556434477665464
90.14413215171328 0.00646075917386023
90.15130551996631 0.00600308365782561
90.15847888821934 0.004607571009870029
90.16565225647237 0.0032048517225524275
90.1728256247254 0.00291703335498469
90.17999899297844 0.0033607360683579456
90.18717236123146 0.003504192463254046
90.1943457294845 0.003351398719459102
90.20151909773753 0.0036512440742381956
90.20869246599055 0.0047812236086268115
90.21586583424359 0.006262211918947198
90.22303920249662 0.007632378851865554
90.23021257074966 0.008679334632119838
90.23738593900268 0.009290461354387873
90.24455930725571 0.009342415551335791
90.25173267550875 0.008699588147863143
90.25890604376177 0.007309151924978227
90.2660794120148 0.005443068572758908
90.27325278026784 0.004470620913077749
90.28042614852087 0.006353166477483792
90.2875995167739 0.009753278517407385
90.29477288502693 0.01292711748733551
90.30194625327997 0.014853818787067652
90.30911962153299 0.014920109534657423
90.31629298978602 0.013050791678009162
90.32346635803906 0.010075352299398163
90.33063972629209 0.008328570888648067
90.33781309454511 0.00986869335040004
90.34498646279815 0.012506196361823102
90.35215983105118 0.013769150305448884
90.3593331993042 0.01280923296028493
90.36650656755724 0.009992335455905943
90.37367993581027 0.006902352630796775
90.3808533040633 0.006208574549654113
90.38802667231633 0.007604932212572975
90.39520004056936 0.008287217907211283
90.4023734088224 0.007457848569233251
90.40954677707542 0.006168755096681723
90.41672014532845 0.0064249455918226
90.42389351358149 0.007899007945833487
90.43106688183451 0.008531111743138088
90.43824025008755 0.007314748360278194
90.44541361834058 0.004469824264486467
90.45258698659362 0.0024024459177350685
90.45976035484664 0.004943842698917495
90.46693372309967 0.007361335361388263
90.4741070913527 0.00796666545940094
90.48128045960573 0.006906546173592882
90.48845382785876 0.005869168379792979
90.4956271961118 0.007179870905298478
90.50280056436483 0.009754551365477893
90.50997393261785 0.011505538619441723
90.51714730087089 0.01155472672323849
90.52432066912392 0.009944010787751359
90.53149403737694 0.007404320394101065
90.53866740562998 0.005161993904453129
90.54584077388301 0.004301991186624365
90.55301414213605 0.004223392259045637
90.56018751038907 0.0037296022365572085
90.5673608786421 0.0030309695328543957
90.57453424689514 0.0037847554461905224
90.58170761514816 0.005909310139952322
90.5888809834012 0.007974387223097712
90.59605435165423 0.009150755240891123
90.60322771990727 0.009012508274312233
90.61040108816029 0.007459952338202547
90.61757445641332 0.004859499653665261
90.62474782466636 0.00313627069051323
90.63192119291938 0.0054264455856507295
90.63909456117241 0.008617487576536369
90.64626792942545 0.010763184257444991
90.65344129767847 0.011208997824580564
90.6606146659315 0.009885017572982576
90.66778803418454 0.007423863779822245
90.67496140243757 0.005725513606800398
90.6821347706906 0.007068130813509222
90.68930813894363 0.009699161936803024
90.69648150719667 0.011356997646886954
90.70365487544969 0.01107771334265673
90.71082824370272 0.008669653687158899
90.71800161195576 0.004871222480641957
90.72517498020879 0.004415308026731609
90.73234834846181 0.009415643805676973
90.73952171671485 0.014406388378369873
90.74669508496788 0.017699470431678476
90.7538684532209 0.018608642548017102
90.76104182147394 0.01711914898330752
90.76821518972697 0.013931784028857174
90.77538855798001 0.010551965624636988
90.78256192623303 0.009152989121078542
90.78973529448606 0.010304948289760234
90.7969086627391 0.01194933898119758
90.80408203099212 0.012538476760200727
90.81125539924516 0.011571878491567074
90.81842876749819 0.009033162063437468
90.82560213575123 0.005125589797178298
90.83277550400425 0.0005557077486830558
90.83994887225728 0.005068530135292037
90.84712224051032 0.009725303738877833
90.85429560876334 0.012841417978502275
90.86146897701637 0.01360486329290281
90.86864234526941 0.011673570205715534
90.87581571352244 0.007366132705016727
90.88298908177546 0.0016777571762623279
90.8901624500285 0.0041845256189204025
90.89733581828153 0.008624963637190236
90.90450918653455 0.010716597836292564
90.91168255478759 0.0101056666229872
90.91885592304062 0.007316705088418899
90.92602929129364 0.0042492562557935555
90.93320265954668 0.005117010364326974
90.94037602779972 0.00805660325961093
90.94754939605275 0.009896346176281448
90.95472276430577 0.010084314544202824
90.9618961325588 0.008897919134326172
90.96906950081184 0.006839531339405617
90.97624286906486 0.004249228957073344
90.9834162373179 0.0015154550223062245
90.99058960557093 0.003038095855432048
90.99776297382397 0.006509102717386484
91.00493634207699 0.009251220157625323
91.01210971033002 0.010328098711473508
91.01928307858306 0.009246317488327317
91.02645644683608 0.006306433026323522
91.03362981508911 0.003953365108142577
91.04080318334215 0.006744865522034299
91.04797655159518 0.010666009322231064
91.0551499198482 0.012979303012937031
91.06232328810124 0.01301431094243699
91.06949665635427 0.011087243553972377
91.0766700246073 0.008410138666731178
91.08384339286033 0.006902474299066474
91.09101676111337 0.0072881925449111255
91.0981901293664 0.007848149034661418
91.10536349761942 0.007327086168855302
91.11253686587246 0.005670268442809692
91.11971023412549 0.003438579548005812
91.12688360237851 0.001314114481562458
91.13405697063155 0.0003476362736221236
91.14123033888458 0.001691977184431942
91.14840370713762 0.00306317686233496
91.15557707539064 0.004350700249582021
91.16275044364367 0.005124134023961216
91.16992381189671 0.005135388766458866
91.17709718014973 0.004835445108173176
91.18427054840276 0.00544465640019325
91.1914439166558 0.007235320653382528
91.19861728490882 0.009062705462363752
91.20579065316186 0.00993530804808219
91.21296402141489 0.009478903960763436
91.22013738966793 0.007996752871486832
91.22731075792095 0.0065300447423015115
91.23448412617398 0.006401461043578183
91.24165749442702 0.00740985083752303
91.24883086268004 0.008187816377322625
91.25600423093307 0.007947931356039536
91.26317759918611 0.006618656749161509
91.27035096743914 0.00476731541084371
91.27752433569216 0.00402417924513625
91.2846977039452 0.0056310961987979125
91.29187107219823 0.00791063867444856
91.29904444045125 0.009513954560279795
91.30621780870429 0.009802656879206298
91.31339117695732 0.00851685926559521
91.32056454521036 0.005775528802294221
91.32773791346338 0.0023838120644830716
91.33491128171642 0.003416941011685736
91.34208464996945 0.007206556436172547
91.34925801822247 0.010248413896232404
91.3564313864755 0.011979248302798225
91.36360475472854 0.012339462836381345
91.37077812298158 0.01160929203910194
91.3779514912346 0.010260391656068703
91.38512485948763 0.008796252504548003
91.39229822774067 0.007660152987578546
91.39947159599369 0.007156325198140017
91.40664496424672 0.007226949223942363
91.41381833249976 0.007361674302204934
91.4209917007528 0.006928969647348384
91.42816506900581 0.005531929548338096
91.43533843725885 0.003191265489278072
91.44251180551188 0.0012024115789979282
91.4496851737649 0.0035366183070256975
91.45685854201794 0.005977291936200701
91.46403191027098 0.007264941346102744
91.471205278524 0.0070978037893811635
91.47837864677703 0.0056065544900904705
91.48555201503007 0.0033114283177552387
91.4927253832831 0.001318511323199135
91.49989875153612 0.0020036262914487598
91.50707211978916 0.002909514891849176
91.51424548804219 0.0027332728869654188
91.52141885629521 0.001576459042553874
91.52859222454825 0.001031031397188887
91.53576559280128 0.0029035251371892835
91.54293896105432 0.0047590839537531085
91.55011232930734 0.006075843577918514
91.55728569756037 0.0067159471439520845
91.56445906581341 0.00672513628541831
91.57163243406643 0.006306004137444781
91.57880580231947 0.005906657234034504
91.5859791705725 0.006271409141340444
91.59315253882554 0.007823755062998414
91.60032590707856 0.010098813386611843
91.60749927533159 0.012296409975892464
91.61467264358463 0.013718446028553153
91.62184601183765 0.013871765207655408
91.62901938009068 0.01251666756334352
91.63619274834372 0.009709385676739592
91.64336611659675 0.005889572897865485
91.65053948484977 0.002889092002088964
91.65771285310281 0.005460114493668608
91.66488622135584 0.00949780542526253
91.67205958960886 0.012773428267076664
91.6792329578619 0.014804165299121482
91.68640632611493 0.015475168054908386
91.69357969436797 0.014915535105933223
91.70075306262099 0.013422062071634917
91.70792643087402 0.011357667412186852
91.71509979912706 0.009069582003773398
91.72227316738008 0.0069324856356125075
91.72944653563312 0.0056321386623213645
91.73661990388615 0.006114288216832377
91.74379327213917 0.008113898074668202
91.7509666403922 0.010492272174560937
91.75814000864524 0.012394518342467613
91.76531337689828 0.013238715087002492
91.7724867451513 0.01265702108843076
91.77966011340433 0.010545363459874101
91.78683348165737 0.0071432138057582984
91.79400684991039 0.0033782405697198453
91.80118021816342 0.0037865519158035805
91.80835358641646 0.0075897464382353895
91.8155269546695 0.010719112663765093
91.82270032292251 0.012310825407142659
91.82987369117555 0.012094062530599753
91.83704705942858 0.010179729026819283
91.8442204276816 0.006995392883327868
91.85139379593464 0.0031855098665211825
91.85856716418768 0.0007924105805403608
91.86574053244071 0.0037587365710687213
91.87291390069373 0.005785004714889991
91.88008726894677 0.006665236532464931
91.8872606371998 0.006622511736661252
91.89443400545282 0.006131883130762661
91.90160737370586 0.005710384409766591
91.90878074195889 0.0055576181085340345
91.91595411021193 0.005424230189795431
91.92312747846495 0.004952288988340725
91.93030084671798 0.003969852974174639
91.93747421497102 0.002522163688839626
91.94464758322404 0.0009418282955062255
91.95182095147707 0.0016041432333143923
91.95899431973011 0.003435549983486613
91.96616768798314 0.005056266156261544
91.97334105623617 0.006161607725130452
91.9805144244892 0.0065340695075014445
91.98768779274224 0.006097662087594775
91.99486116099526 0.005032816129039612
92.00203452924829 0.0039036592255941097
92.00920789750133 0.0035187229576034438
92.01638126575435 0.0037926040120930373
92.02355463400738 0.003719640556046016
92.03072800226042 0.0027277482427269096
92.03790137051345 0.0012510952443596922
92.04507473876647 0.0025186047835368277
92.05224810701951 0.004786848544514699
92.05942147527254 0.00619062043806528
92.06659484352556 0.006057610615951579
92.0737682117786 0.004176808984905937
92.08094158003163 0.0009188787830793103
92.08811494828467 0.003373883516842056
92.09528831653769 0.007283458789525026
92.10246168479073 0.01009897616768947
92.10963505304376 0.011217255842771735
92.11680842129678 0.010561995846852756
92.12398178954982 0.008661509419117638
92.13115515780285 0.006607112148830981
92.13832852605589 0.005567698271056123
92.14550189430891 0.005354556686662666
92.15267526256194 0.004647767826432634
92.15984863081498 0.0027671527151557538
92.167021999068 0.0001391179905202924
92.17419536732103 0.0034190345692281508
92.18136873557407 0.006368454764717995
92.1885421038271 0.008410182415770412
92.19571547208012 0.00932937773538319
92.20288884033316 0.009297232167728035
92.2100622085862 0.008744533776687689
92.21723557683922 0.008123757801425692
92.22440894509225 0.007687170110932116
92.23158231334529 0.0074670843597958066
92.23875568159832 0.007418013158888391
92.24592904985134 0.007456970395455723
92.25310241810438 0.00741860218833621
92.26027578635741 0.007127956566510339
92.26744915461043 0.006545547862745859
92.27462252286347 0.005807004904891998
92.2817958911165 0.005099019650787198
92.28896925936952 0.004498130384395935
92.29614262762256 0.00403008298387123
92.3033159958756 0.003909432911298832
92.31048936412863 0.004368069312356773
92.31766273238165 0.005159700817408863
92.32483610063468 0.00587007773727523
92.33200946888772 0.006498361744002904
92.33918283714074 0.007517799226821905
92.34635620539377 0.009225852445705228
92.35352957364681 0.011176106097610819
92.36070294189985 0.012543887426888679
92.36787631015287 0.012678150078699832
92.3750496784059 0.011410921681151688
92.38222304665894 0.009264648085459192
92.38939641491196 0.007652462852055859
92.39656978316499 0.00809263677601066
92.40374315141803 0.009876521374385739
92.41091651967106 0.011427327652312524
92.41808988792408 0.012137522396709797
92.42526325617712 0.012185323066248714
92.43243662443015 0.01204410955119199
92.43960999268317 0.011936329364358084
92.44678336093621 0.01156827601060589
92.45395672918924 0.010418071642337566
92.46113009744228 0.008164562239249017
92.4683034656953 0.004893243332455933
92.47547683394833 0.0015270015672922603
92.48265020220137 0.0036687883901589994
92.48982357045439 0.006925002580918387
92.49699693870743 0.00892594474218088
92.50417030696046 0.009166972262914906
92.5113436752135 0.007575665303117232
92.51851704346652 0.004560616502314437
92.52569041171955 0.0018349708275442057
92.53286377997259 0.004237423578532012
92.54003714822561 0.007105485149682417
92.54721051647864 0.008604808677595159
92.55438388473168 0.008700704327087073
92.56155725298471 0.00836408871414097
92.56873062123773 0.009178018453694809
92.57590398949077 0.011410454278989452
92.5830773577438 0.013768008342166188
92.59025072599682 0.015103594100151529
92.59742409424986 0.014957000433033994
92.6045974625029 0.013487701272688758
92.61177083075592 0.01129101379797217
92.61894419900895 0.009137469021655272
92.62611756726199 0.007678842696597265
92.63329093551502 0.007189305139452893
92.64046430376804 0.007475834485401574
92.64763767202108 0.00802573192134691
92.65481104027411 0.008223811455199903
92.66198440852713 0.00759228713751568
92.66915777678017 0.006119866747386059
92.6763311450332 0.004849734893457293
92.68350451328624 0.005804445043264491
92.69067788153926 0.00833016606955885
92.6978512497923 0.010509561093527088
92.70502461804533 0.01141373032984288
92.71219798629835 0.010873868874331956
92.71937135455138 0.009361590112001984
92.72654472280442 0.007857787187923897
92.73371809105745 0.007264382115471448
92.74089145931048 0.007367806433568379
92.74806482756351 0.007245908789248446
92.75523819581655 0.006508860457932836
92.76241156406957 0.005575453267539361
92.7695849323226 0.005243162214336505
92.77675830057564 0.005576258541963938
92.78393166882867 0.005788518472583681
92.79110503708169 0.0054161431409520296
92.79827840533473 0.004779131278266356
92.80545177358776 0.004720045637746737
92.81262514184078 0.005355680210533606
92.81979851009382 0.005748617588817235
92.82697187834685 0.005161561482182673
92.83414524659989 0.003635340269316257
92.84131861485291 0.0028142527092078246
92.84849198310594 0.004673228321848798
92.85566535135898 0.006922827252219701
92.862838719612 0.008050231527904496
92.87001208786504 0.0075353368497889745
92.87718545611807 0.005464930200153302
92.88435882437109 0.002506921980916033
92.89153219262413 0.0015389451103825739
92.89870556087716 0.0035884624369890905
92.9058789291302 0.004340205808244432
92.91305229738322 0.003321426884471317
92.92022566563625 0.0017908707594207448
92.92739903388929 0.004389299673731588
92.93457240214231 0.008172501870341142
92.94174577039534 0.011153472152220727
92.94891913864838 0.0125306031447383
92.95609250690141 0.01203490489288628
92.96326587515443 0.009927953843293614
92.97043924340747 0.006949998277265161
92.9776126116605 0.004372295762620074
92.98478597991353 0.003997221304598449
92.99195934816656 0.005281423983377496
92.9991327164196 0.006452091160389372
93.00630608467263 0.0071116434837338646
93.01347945292565 0.007379031749573399
93.02065282117869 0.0074289799423318415
93.02782618943172 0.0073671955934422355
93.03499955768474 0.0071881670473883524
93.04217292593778 0.00672820293285337
93.04934629419081 0.00570423282717055
93.05651966244385 0.003902179119245128
93.06369303069687 0.0014946615406673455
93.0708663989499 0.0020352383282958657
93.07803976720294 0.00464818460781976
93.08521313545596 0.006335448568801932
93.092386503709 0.006421969240976689
93.09955987196203 0.004697936698356109
93.10673324021506 0.001480657474069881
93.11390660846808 0.002531257134576278
93.12107997672112 0.006201067223941225
93.12825334497415 0.008567954869342751
93.13542671322718 0.008950261416716442
93.14260008148021 0.007246187293802525
93.14977344973325 0.004074994540967443
93.15694681798627 0.0021198703552631763
93.1641201862393 0.004771805625504029
93.17129355449234 0.006969136433235925
93.17846692274537 0.0075005308392374435
93.18564029099839 0.006661213988452074
93.19281365925143 0.005760906883283277
93.19998702750446 0.006135268657326717
93.20716039575748 0.00699121768265362
93.21433376401052 0.006882693718279825
93.22150713226355 0.0056637980790388304
93.22868050051659 0.00537414582881749
93.23585386876961 0.008018535993874072
93.24302723702264 0.011469886472792994
93.25020060527568 0.013717160374219372
93.2573739735287 0.013845860087189346
93.26454734178174 0.01180052426111579
93.27172071003477 0.008348382376256331
93.2788940782878 0.005179940541536631
93.28606744654083 0.004661285356176894
93.29324081479386 0.0055863541416663045
93.3004141830469 0.005368936459454268
93.30758755129992 0.0035254138046841277
93.31476091955295 0.0007212109526893405
93.32193428780599 0.0025685733392183064
93.32910765605902 0.004847754490160367
93.33628102431204 0.005794835479621704
93.34345439256508 0.005396410409869711
93.35062776081811 0.0042717442513763755
93.35780112907113 0.003449094298719987
93.36497449732417 0.0033035844573184587
93.3721478655772 0.003079590812887456
93.37932123383024 0.0027717238151414793
93.38649460208326 0.00373548176662197
93.3936679703363 0.005715811921861926
93.40084133858933 0.007304169060199813
93.40801470684235 0.007620112751069919
93.41518807509539 0.006409774775284877
93.42236144334842 0.004214908863863267
93.42953481160144 0.0031837806196600683
93.43670817985448 0.004883970499145497
93.44388154810751 0.0065180588943995746
93.45105491636055 0.006746458032991248
93.45822828461357 0.00542462564619863
93.4654016528666 0.0030195332780475967
93.47257502111964 0.0004025284980965544
93.47974838937266 0.0017665075214047885
93.4869217576257 0.002597823956264252
93.49409512587873 0.001973953525591502
93.50126849413176 0.00030832027646792245
93.50844186238479 0.002437460029844598
93.51561523063782 0.004894690379915442
93.52278859889086 0.006732364050443897
93.52996196714388 0.007684646236386814
93.53713533539691 0.007884410921994758
93.54430870364995 0.007758297880329989
93.55148207190298 0.00772029973608879
93.558655440156 0.007826027125232142
93.56582880840904 0.007781132768111788
93.57300217666207 0.007276513620095739
93.5801755449151 0.006306646856158683
93.58734891316813 0.005492508731629225
93.59452228142116 0.006028235760668341
93.6016956496742 0.00792341871626055
93.60886901792722 0.009841372651464673
93.61604238618025 0.010604387198370861
93.62321575443329 0.009518259828427533
93.63038912268631 0.006499358292773335
93.63756249093935 0.002907000534523692
93.64473585919238 0.005395570122421578
93.65190922744542 0.010204165007015598
93.65908259569844 0.01362674407234274
93.66625596395147 0.01466435390914977
93.6734293322045 0.013133458533770707
93.68060270045753 0.009656097134232353
93.68777606871056 0.005876110289878826
93.6949494369636 0.0051833040756885385
93.70212280521662 0.007442412498605182
93.70929617346965 0.009182534810711863
93.71646954172269 0.009711740037492247
93.72364290997572 0.00968680451636136
93.73081627822874 0.009925478080273708
93.73798964648178 0.010387929998053028
93.74516301473481 0.010341457147840955
93.75233638298783 0.009361226230891915
93.75950975124087 0.007981745895754514
93.7666831194939 0.007794774483417674
93.77385648774694 0.009579765551693237
93.78102985599996 0.011966859768692757
93.788203224253 0.01359447466442433
93.79537659250603 0.013875530685511077
93.80254996075905 0.012804580966476787
93.80972332901209 0.010783573429906894
93.81689669726512 0.008509462218467226
93.82407006551816 0.006871467920738692
93.83124343377118 0.006477781360170463
93.83841680202421 0.006870044846584767
93.84559017027725 0.007092241212731237
93.85276353853027 0.006568497553694104
93.8599369067833 0.005142133102369309
93.86711027503634 0.0029746229976941973
93.87428364328937 0.001306080982773027
93.8814570115424 0.0035386700885643115
93.88863037979543 0.006378582844068713
93.89580374804846 0.008824261303052212
93.90297711630149 0.010642164119890229
93.91015048455452 0.011817660071279804
93.91732385280756 0.012442968457796433
93.92449722106059 0.012543031287835328
93.93167058931361 0.011948690043358181
93.93884395756665 0.010360485604575188
93.94601732581968 0.007640889638232305
93.9531906940727 0.004480944265056424
93.96036406232574 0.004498108306100785
93.96753743057877 0.00799031737699704
93.9747107988318 0.010979843944059615
93.98188416708483 0.012069970797036983
93.98905753533786 0.010962346943740651
93.9962309035909 0.008354469958666814
94.00340427184392 0.006342950140342382
94.01057764009695 0.0071526574029770786
94.01775100834999 0.008888863777186725
94.02492437660301 0.00942144530098283
94.03209774485605 0.008769249629143243
94.03927111310908 0.008466244431876775
94.04644448136212 0.009487001955194948
94.05361784961514 0.010379037761230968
94.06079121786817 0.009363733630557161
94.0679645861212 0.006137955147666208
94.07513795437423 0.0047252825872381625
94.08231132262726 0.009817664842778575
94.0894846908803 0.015031946892988935
94.09665805913333 0.017285242906604104
94.10383142738635 0.015326052390840308
94.11100479563939 0.009283464167308481
94.11817816389242 0.0022681325730942712
94.12535153214544 0.00978616476468944
94.13252490039848 0.017194112278502448
94.13969826865151 0.020547487038278273
94.14687163690455 0.0187287052524358
94.15404500515757 0.012142746928027014
94.1612183734106 0.004025483636528651
94.16839174166364 0.01028233207366177
94.17556510991666 0.01912924437426261
94.1827384781697 0.02434783523629904
94.18991184642273 0.024739092662185793
94.19708521467577 0.0205548258738778
94.20425858292879 0.013206793947227905
94.21143195118182 0.0048273340047877466
94.21860531943486 0.003072057090232199
94.22577868768788 0.007817896033034387
94.23295205594091 0.009446227246726604
94.24012542419395 0.008172541232212584
94.24729879244697 0.0052463942144642395
94.2544721607 0.003236590445036134
94.26164552895304 0.00444243439461101
94.26881889720607 0.005663094499692777
94.2759922654591 0.005401450360005787
94.28316563371213 0.00383302668173332
94.29033900196517 0.0018743443972148116
94.29751237021819 0.0017165895152789603
94.30468573847122 0.002831708659042689
94.31185910672426 0.0034709835220806274
94.31903247497729 0.0041101423174953605
94.32620584323031 0.005525377170757807
94.33337921148335 0.007415708196429014
94.34055257973638 0.00886228388279865
94.3477259479894 0.009075622414108265
94.35489931624244 0.007628672462545625
94.36207268449547 0.0045787815420357935
94.36924605274851 0.0012753413395164756
94.37641942100153 0.004684379300229614
94.38359278925456 0.00854018000870643
94.3907661575076 0.010918138311477258
94.39793952576062 0.011327713122605611
94.40511289401366 0.009958103331070264
94.41228626226669 0.007894463074861276
94.41945963051973 0.007179212435055638
94.42663299877275 0.008564311100814232
94.43380636702578 0.01016947466033871
94.44097973527882 0.01055577331390272
94.44815310353184 0.009375131610908301
94.45532647178487 0.0069381885129265655
94.4624998400379 0.003880036425905191
94.46967320829094 0.0010794098985322908
94.47684657654396 0.002081229126241433
94.484019944797 0.0038573037569591333
94.49119331305003 0.00491099480135047
94.49836668130305 0.0054001968000491965
94.50554004955609 0.005879761122279528
94.51271341780912 0.0070399708145934365
94.51988678606214 0.008860200924224225
94.52706015431518 0.010525745462889223
94.53423352256821 0.011147356767577223
94.54140689082125 0.010331834760669718
94.54858025907427 0.00874044587089577
94.5557536273273 0.00855642158567841
94.56292699558034 0.010953474856391235
94.57010036383336 0.013737690720465634
94.5772737320864 0.014673708509259524
94.58444710033943 0.012664645938874751
94.59162046859247 0.007697410219305539
94.59879383684549 0.0017535803144155318
94.60596720509852 0.007682719180481971
94.61314057335156 0.014223403981866832
94.62031394160458 0.0181367933791015
94.62748730985761 0.018501653169942487
94.63466067811065 0.015318161254415475
94.64183404636368 0.009464452814323478
94.6490074146167 0.0026434960568955694
94.65618078286974 0.004754550220902331
94.66335415112277 0.009623709082005829
94.6705275193758 0.012061917499696238
94.67770088762883 0.011972164451614736
94.68487425588187 0.009974559819732078
94.6920476241349 0.007093750814047727
94.69922099238792 0.004402347586478571
94.70639436064096 0.00263579259163592
94.71356772889399 0.0017939559921203566
94.72074109714701 0.0014689399463249449
94.72791446540005 0.0015856637762256191
94.73508783365308 0.0016760824472168928
94.74226120190612 0.0012312914170833336
94.74943457015914 0.0011472051140221826
94.75660793841217 0.0027956439954960784
94.76378130666521 0.004578254994832117
94.77095467491823 0.005510269025337395
94.77812804317126 0.004966792547003133
94.7853014114243 0.0028542031683557426
94.79247477967732 0.0021866500051049556
94.79964814793036 0.006280985698827289
94.80682151618339 0.010491672538854762
94.81399488443643 0.013366906200174052
94.82116825268945 0.014005371139834934
94.82834162094248 0.012005762196726503
94.83551498919552 0.007585698384755967
94.84268835744854 0.0022659100659046033
94.84986172570157 0.006348054664263019
94.85703509395461 0.012629967177714443
94.86420846220764 0.017374906635814546
94.87138183046066 0.019758442703005676
94.8785551987137 0.019553705217006796
94.88572856696673 0.01708549330326591
94.89290193521975 0.01312138165396052
94.90007530347279 0.00866873687141452
94.90724867172582 0.004735006036304663
94.91442203997886 0.002167462510142382
94.92159540823188 0.0013949402461234627
94.92876877648492 0.0013786260960445321
94.93594214473795 0.0017159545534633763
94.94311551299097 0.002377996246346033
94.950288881244 0.002654683414397926
94.95746224949704 0.0020513718536870947
94.96463561775008 0.0007103287719965452
94.9718089860031 0.002015109370826171
94.97898235425613 0.004283835090547614
94.98615572250917 0.006018715415440099
94.99332909076219 0.006794454710899698
95.00050245901522 0.006712112959293479
95.00767582726826 0.0065292774392422025
95.0148491955213 0.007117633108750734
95.02202256377431 0.008209357250801508
95.02919593202735 0.008705329081060866
95.03636930028038 0.007771010879845
95.0435426685334 0.00516615149349717
95.05071603678644 0.0012145785288827482
95.05788940503948 0.003361471752695528
95.0650627732925 0.007680476746951386
95.07223614154553 0.010987868513524828
95.07940950979857 0.012855923707557266
95.0865828780516 0.013260775525163866
95.09375624630462 0.012499462803498803
95.10092961455766 0.01101208583417258
95.10810298281069 0.00928620400333828
95.11527635106371 0.008008299581578107
95.12244971931675 0.008056784753491208
95.12962308756978 0.009414544698989712
95.13679645582282 0.010854677716901592
95.14396982407584 0.011137332767457485
95.15114319232887 0.00957687968387985
95.15831656058191 0.00627029481372116
95.16548992883493 0.0035560641975608803
95.17266329708796 0.006968738531263947
95.179836665341 0.011783176600925987
95.18701003359404 0.015159402476770301
95.19418340184706 0.01618421438297733
95.20135677010009 0.014677533480594121
95.20853013835313 0.011075755202400938
95.21570350660615 0.00627680733464003
95.22287687485918 0.0017040993603003511
95.23005024311222 0.003512776384032634
95.23722361136525 0.006431979348842855
95.24439697961827 0.008048993128544167
95.25157034787131 0.008650899842638927
95.25874371612434 0.00887789673326525
95.26591708437736 0.009298584036265595
95.2730904526304 0.009988199644433503
95.28026382088343 0.010544584371949916
95.28743718913647 0.01045889104414349
95.29461055738949 0.0093934876536004
95.30178392564252 0.007320515645792574
95.30895729389556 0.004669214530690283
95.31613066214858 0.002977865741882665
95.32330403040162 0.004230637328166368
95.33047739865465 0.006017373099142255
95.33765076690767 0.0067647522529129915
95.3448241351607 0.006172468418534289
95.35199750341374 0.004465741426278964
95.35917087166678 0.002201943669177845
95.3663442399198 0.0007485899264059628
95.37351760817283 0.002183426504800092
95.38069097642587 0.0033098553867229445
95.38786434467889 0.003899200860519785
95.39503771293192 0.004088009564213233
95.40221108118496 0.003899645688172614
95.409384449438 0.0035302378835600093
95.41655781769101 0.004145700048015049
95.42373118594405 0.006621743989007036
95.43090455419708 0.010000372162882291
95.4380779224501 0.013099144473505579
95.44525129070314 0.014957256479816038
95.45242465895618 0.014934717764742811
95.45959802720921 0.0128473097876122
95.46677139546223 0.009042677035479783
95.47394476371527 0.00459977595461153
95.4811181319683 0.003762261407434286
95.48829150022132 0.007438450727874392
95.49546486847436 0.010524757999272712
95.50263823672739 0.012011342605961248
95.50981160498043 0.01183592016636399
95.51698497323345 0.010342609080723857
95.52415834148648 0.00809610296758588
95.53133170973952 0.005708437820117106
95.53850507799254 0.0036922136191596096
95.54567844624557 0.002386527155968189
95.55285181449861 0.0019388224158605701
95.56002518275164 0.002112861191573558
95.56719855100467 0.0023673052927396534
95.5743719192577 0.002235003541832953
95.58154528751074 0.00142843125412513
95.58871865576376 0.0008055518384822508
95.59589202401679 0.0029521229318546505
95.60306539226983 0.005646633801958426
95.61023876052285 0.008128637708030522
95.61741212877588 0.009834674727343529
95.62458549702892 0.010385499459666221
95.63175886528195 0.009715922202590061
95.63893223353497 0.008147029940030725
95.64610560178801 0.006387800769836424
95.65327897004104 0.00534753433043594
95.66045233829406 0.0053032799406175415
95.6676257065471 0.00550436359055133
95.67479907480013 0.005408062657388322
95.68197244305317 0.0053103350947441225
95.68914581130619 0.005971434624955663
95.69631917955923 0.007515194155251505
95.70349254781226 0.009282143451972098
95.71066591606528 0.0106104167155302
95.71783928431832 0.011102179717963885
95.72501265257135 0.010628186295528716
95.73218602082439 0.009312529801935638
95.7393593890774 0.007490620000087545
95.74653275733044 0.005622970579553273
95.75370612558348 0.004178859902513073
95.7608794938365 0.0035289624241965386
95.76805286208953 0.003843223901331674
95.77522623034257 0.0049020018889756245
95.7823995985956 0.006111484951792453
95.78957296684862 0.006738009723733715
95.79674633510166 0.0061379282175264855
95.8039197033547 0.004027459010593383
95.81109307160771 0.0016270381305914326
95.81826643986075 0.004900444956341879
95.82543980811379 0.009220520988939346
95.83261317636682 0.012415557064376052
95.83978654461984 0.013571849114163289
95.84695991287288 0.012408750807738827
95.85413328112591 0.009551682340484638
95.86130664937893 0.007084770205370213
95.86848001763197 0.007870308087849236
95.875653385885 0.010272239953202974
95.88282675413802 0.011371363480896221
95.89000012239106 0.010133984152160417
95.8971734906441 0.006877751097216095
95.90434685889713 0.004134181850253173
95.91152022715015 0.0069435727604451125
95.91869359540318 0.011314261937915982
95.92586696365622 0.014447030271871324
95.93304033190924 0.015706161956716928
95.94021370016227 0.015179426153052598
95.94738706841531 0.013363241064790348
95.95456043666834 0.010901646190502219
95.96173380492137 0.008397457826658936
95.9689071731744 0.006398440307263072
95.97608054142744 0.005403967210689585
95.98325390968046 0.005394225819823552
95.99042727793349 0.005623948712981986
95.99760064618653 0.005446713490327487
96.00477401443956 0.004704375259068036
96.01194738269258 0.0036050508857236167
96.01912075094562 0.0024618837053248213
96.02629411919865 0.0013843500919053775
96.03346748745167 0.00023589908067573595
96.04064085570471 0.001065756838028949
96.04781422395774 0.002174604423196551
96.05498759221078 0.002603010630463375
96.0621609604638 0.0021119723344427323
96.06933432871683 0.0024827233314094147
96.07650769696987 0.005674964306692803
96.08368106522289 0.00987053227088616
96.09085443347593 0.01373877178619783
96.09802780172896 0.016240252368614
96.105201169982 0.016705855631858783
96.11237453823502 0.015025915818487787
96.11954790648805 0.011706589395938636
96.12672127474109 0.007749212560315815
96.13389464299411 0.004397364937982923
96.14106801124714 0.0027658665431733974
96.14824137950018 0.0028580498714298797
96.1554147477532 0.004211910744869989
96.16258811600623 0.006600679106013369
96.16976148425927 0.008989953732160216
96.1769348525123 0.01018928593961625
96.18410822076532 0.009377160844404726
96.19128158901836 0.00637835631437771
96.1984549572714 0.002398496888722023
96.20562832552442 0.0054350806168799145
96.21280169377745 0.010933192442560928
96.21997506203049 0.015284729534694057
96.22714843028352 0.01761268445871828
96.23432179853654 0.01765929089429442
96.24149516678958 0.015694630513107877
96.24866853504261 0.012375691644968474
96.25584190329563 0.008593267725153706
96.26301527154867 0.005519565908469253
96.2701886398017 0.00473989732611081
96.27736200805474 0.00595885056573243
96.28453537630776 0.007251595218157307
96.2917087445608 0.007868418805610157
96.29888211281383 0.007762764298228619
96.30605548106685 0.007189941080363682
96.31322884931988 0.006553172115653062
96.32040221757292 0.006222595329549484
96.32757558582595 0.0063116108090183155
96.33474895407898 0.0066295961722440365
96.34192232233201 0.006855981263281571
96.34909569058505 0.006679683483858351
96.35626905883807 0.005865523209571611
96.3634424270911 0.004334934763423062
96.37061579534414 0.0023571556843082066
96.37778916359717 0.002102292820187772
96.38496253185019 0.004775357819118588
96.39213590010323 0.0080590327100464
96.39930926835626 0.011509258959563612
96.40648263660928 0.014827646885062854
96.41365600486232 0.017472772882086218
96.42082937311535 0.018685347903291512
96.42800274136837 0.017721103733824753
96.43517610962141 0.014166804964901617
96.44234947787444 0.008199113895121483
96.44952284612748 0.0008054286747794902
96.4566962143805 0.007147518956000431
96.46386958263354 0.013537373099152705
96.47104295088657 0.017189229146065663
96.47821631913959 0.017282787210439972
96.48538968739263 0.013796438275250055
96.49256305564566 0.007537610023988746
96.4997364238987 0.0006425332328508116
96.50690979215172 0.007352686885115001
96.51408316040475 0.012638428923706766
96.52125652865779 0.015057862977982674
96.52842989691081 0.014544938036639771
96.53560326516384 0.012141219870380728
96.54277663341688 0.010255391451922575
96.54995000166991 0.011281905086226533
96.55712336992293 0.013934959725686728
96.56429673817597 0.015747975602696942
96.571470106429 0.015658796481185948
96.57864347468202 0.013780045178513133
96.58581684293506 0.011133025339613302
96.5929902111881 0.009432341638354031
96.60016357944113 0.009746597925663875
96.60733694769415 0.010932334364620832
96.61451031594719 0.011487386781339147
96.62168368420022 0.010945415308680364
96.62885705245324 0.009778492041288578
96.63603042070628 0.009063479112728612
96.64320378895931 0.009534282484542701
96.65037715721235 0.010704506634837711
96.65755052546537 0.011747221327997057
96.6647238937184 0.012362956070003948
96.67189726197144 0.012668559839784363
96.67907063022446 0.012743404254590092
96.6862439984775 0.012331475739611276
96.69341736673053 0.011002958666344756
96.70059073498356 0.008630215522291602
96.70776410323658 0.006049347147216765
96.71493747148962 0.005859192222068263
96.72211083974265 0.008406037347119612
96.72928420799568 0.01074527177406445
96.73645757624871 0.011298367115032768
96.74363094450175 0.009572525389891251
96.75080431275477 0.0058701061525445845
96.7579776810078 0.00245881184289121
96.76515104926084 0.006164270318399692
96.77232441751387 0.01077149493250369
96.77949778576689 0.013750906044381618
96.78667115401993 0.014408671984225472
96.79384452227296 0.012647353011358487
96.80101789052598 0.008915629841390015
96.80819125877902 0.004425438045856262
96.81536462703205 0.004132186162826408
96.82253799528509 0.00833264896558131
96.82971136353811 0.011800606163723817
96.83688473179114 0.013440989275045109
96.84405810004418 0.012991606633361357
96.8512314682972 0.010643301342616299
96.85840483655024 0.006941478324553607
96.86557820480327 0.0026444770881296465
96.8727515730563 0.001468897363008409
96.87992494130933 0.004710027667029406
96.88709830956236 0.006663372805680947
96.8942716778154 0.007159743323079487
96.90144504606842 0.006273104819922916
96.90861841432145 0.004351657348822909
96.91579178257449 0.002880812244393484
96.92296515082752 0.00504931163237167
96.93013851908054 0.00879158188838845
96.93731188733358 0.012220539518272741
96.94448525558661 0.014428455122931233
96.95165862383963 0.014872761501281435
96.95883199209267 0.01357895690578316
96.9660053603457 0.01159709820990276
96.97317872859874 0.011335914108978377
96.98035209685176 0.0141316878841391
96.9875254651048 0.018020021750577056
96.99469883335783 0.020806193460487503
97.00187220161085 0.021331612975310287
97.00904556986389 0.01931574065852877
97.01621893811692 0.015189544551121207
97.02339230636994 0.009930115690150516
97.03056567462298 0.005045159594915191
97.03773904287601 0.0035718704520380736
97.04491241112905 0.005280300144833161
97.05208577938207 0.006139143938403642
97.0592591476351 0.005676657988945421
97.06643251588814 0.004788074641369873
97.07360588414116 0.0049308058409375305
97.0807792523942 0.006225873479442409
97.08795262064723 0.0074771426361147615
97.09512598890026 0.007948441511321834
97.10229935715329 0.007497797833537288
97.10947272540632 0.00643727207136888
97.11664609365936 0.0055459638652805695
97.12381946191238 0.00580170633416765
97.13099283016541 0.007203952196503766
97.13816619841845 0.008890859155903326
97.14533956667148 0.010199472381374199
97.1525129349245 0.01078498822224185
97.15968630317754 0.010518128403812811
97.16685967143057 0.009453550630522046
97.1740330396836 0.007881714812704074
97.18120640793663 0.006543991879684478
97.18837977618966 0.006675787437321907
97.1955531444427 0.00848514115864372
97.20272651269572 0.010706955771677762
97.20989988094875 0.012152944455419132
97.21707324920179 0.012047181462474889
97.22424661745481 0.010048660944001786
97.23141998570784 0.006522091890987072
97.23859335396088 0.0043362369929239005
97.24576672221392 0.00809842996440678
97.25294009046694 0.013093768498755355
97.26011345871997 0.01658022371047188
97.267286826973 0.01745615746801279
97.27446019522603 0.015400202897555696
97.28163356347906 0.011024291759369404
97.2888069317321 0.006838730534689483
97.29598029998512 0.008447529761554651
97.30315366823815 0.013178699421773563
97.31032703649119 0.016377008882246826
97.31750040474422 0.01664804990890235
97.32467377299724 0.01400098484412957
97.33184714125028 0.009769083115931764
97.33902050950331 0.007587304505094275
97.34619387775633 0.010240548239940556
97.35336724600937 0.013614513010567627
97.3605406142624 0.015008562428431836
97.36771398251544 0.014077646675774705
97.37488735076846 0.01211332386271754
97.3820607190215 0.011759337236362436
97.38923408727453 0.014106700606770373
97.39640745552755 0.016973253153366865
97.40358082378059 0.018243869706024613
97.41075419203362 0.017036449124542448
97.41792756028666 0.013446635035724257
97.42510092853968 0.008250381952349034
97.43227429679271 0.0026356322913144064
97.43944766504575 0.0027266916389022044
97.44662103329877 0.0061997760716293385
97.4537944015518 0.007745189465512133
97.46096776980484 0.0072983642406670565
97.46814113805787 0.005222078195258828
97.4753145063109 0.002105888118578016
97.48248787456393 0.001482717795102902
97.48966124281696 0.0049453923688892445
97.49683461106999 0.00803144648327995
97.50400797932302 0.010585740047415432
97.51118134757606 0.012538252371534433
97.51835471582909 0.013797536149446694
97.52552808408211 0.014220664876626547
97.53270145233515 0.013675213696071435
97.53987482058818 0.012171000324921799
97.5470481888412 0.010043877520043947
97.55422155709424 0.008176623521188763
97.56139492534727 0.007777301637248026
97.5685682936003 0.008765751219906847
97.57574166185333 0.0096512718711681
97.58291503010636 0.009285279345721332
97.5900883983594 0.0072539510967198646
97.59726176661242 0.0037302066095498765
97.60443513486545 0.0006792764019706579
97.61160850311849 0.0051136792280727155
97.61878187137151 0.008725120059743883
97.62595523962455 0.010905459437282676
97.63312860787758 0.011485832291848018
97.64030197613062 0.010836607420822209
97.64747534438364 0.00982429652313853
97.65464871263667 0.009385423617900823
97.6618220808897 0.009659394577897119
97.66899544914273 0.009914098226653234
97.67616881739576 0.00946785798680179
97.6833421856488 0.008171580709966434
97.69051555390183 0.006395214902998883
97.69768892215485 0.004913211536318861
97.70486229040789 0.004514838260178461
97.71203565866092 0.005011010227735559
97.71920902691394 0.005607269564167536
97.72638239516698 0.005937741983023079
97.73355576342001 0.006000968781180694
97.74072913167305 0.005930795018584481
97.74790249992607 0.005930014054821699
97.7550758681791 0.006240586798529368
97.76224923643214 0.006972901374960927
97.76942260468516 0.007944425446375872
97.7765959729382 0.008794899683849553
97.78376934119123 0.009211183871078747
97.79094270944427 0.009061914437817124
97.79811607769729 0.008431371923874007
97.80528944595032 0.007569732997304546
97.81246281420336 0.006762541657909895
97.81963618245638 0.006147205323792295
97.82680955070941 0.005609118372412461
97.83398291896245 0.004884486341974895
97.84115628721547 0.0037460494699947345
97.8483296554685 0.0021069231571753423
97.85550302372154 0.00011720111766930065
97.86267639197457 0.0022221833743839787
97.8698497602276 0.004335648396257698
97.87702312848063 0.005940329636172752
97.88419649673367 0.006755831412132886
97.89136986498669 0.006720470524858517
97.89854323323972 0.006116958313110386
97.90571660149276 0.005587213879078514
97.91288996974579 0.005670601660163342
97.92006333799881 0.006060572117044065
97.92723670625185 0.005957051075954115
97.93441007450488 0.004802139375471729
97.9415834427579 0.0025027109750672084
97.94875681101094 0.0014302007689697253
97.95593017926397 0.005068326956273523
97.96310354751701 0.008873691172950582
97.97027691577003 0.012099874556042816
97.97745028402306 0.014343242283305684
97.9846236522761 0.015425021919324827
97.99179702052912 0.015372940588791784
97.99897038878215 0.014355827327467935
98.00614375703519 0.012599313205419961
98.01331712528822 0.010319909850104312
98.02049049354125 0.007696519638202205
98.02766386179428 0.004880103934903704
98.03483723004732 0.002044825615027968
98.04201059830034 0.0009555867749281293
98.04918396655337 0.003220245558971804
98.0563573348064 0.004994522037306862
98.06353070305944 0.005979900735844595
98.07070407131246 0.006081157164627008
98.0778774395655 0.005372091099016834
98.08505080781853 0.004102741441668873
98.09222417607155 0.002670727842152948
98.09939754432459 0.001656292969457455
98.10657091257762 0.001803054440576526
98.11374428083064 0.0027861341101787338
98.12091764908368 0.004081583746162341
98.12809101733671 0.005453521228214347
98.13526438558975 0.006570122595873602
98.14243775384277 0.007061627030414099
98.1496111220958 0.006676714674447394
98.15678449034884 0.005383708307033376
98.16395785860186 0.003394883604693108
98.1711312268549 0.0012911595617014942
98.17830459510793 0.00191693022342255
98.18547796336097 0.0038519894007456746
98.19265133161399 0.00534021986025001
98.19982469986702 0.006205455459843187
98.20699806812006 0.006447512299828422
98.21417143637308 0.0061677302879737505
98.22134480462611 0.005628433272315718
98.22851817287915 0.005350943033246881
98.23569154113218 0.005890998587629358
98.2428649093852 0.007194743960268385
98.25003827763824 0.008697327055342126
98.25721164589127 0.00985026892921176
98.2643850141443 0.010246388651163807
98.27155838239733 0.00959636011668917
98.27873175065037 0.007746950683762332
98.2859051189034 0.004782315882885978
98.29307848715642 0.0017959843581444688
98.30025185540946 0.004326321598227094
98.30742522366249 0.008144473184632028
98.31459859191551 0.010905355877895559
98.32177196016855 0.0119178946086217
98.32894532842158 0.010965738971205882
98.33611869667462 0.008376995389632307
98.34329206492764 0.005174304489432752
98.35046543318067 0.0038117675769269235
98.35763880143371 0.005527877197934892
98.36481216968673 0.007375719441961066
98.37198553793976 0.008401730516648017
98.3791589061928 0.008853501625673442
98.38633227444582 0.009067643411186984
98.39350564269886 0.008986526632269785
98.40067901095189 0.008471218386575139
98.40785237920493 0.00811564229540958
98.41502574745795 0.009242970994446221
98.42219911571098 0.011840139861714756
98.42937248396402 0.014288591014358329
98.43654585221704 0.015072420880079433
98.44371922047007 0.013395799723091678
98.45089258872311 0.009290093885118887
98.45806595697614 0.0036313869789641336
98.46523932522916 0.003202333914480829
98.4724126934822 0.008309716911315244
98.47958606173523 0.011553668149259027
98.48675942998825 0.012354078764938499
98.49393279824129 0.011009929229106076
98.50110616649432 0.00847668364850203
98.50827953474736 0.006017552345073521
98.51545290300038 0.004502310189080427
98.52262627125342 0.003773782628468841
98.52979963950645 0.004050018091763629
98.53697300775947 0.006153716138711085
98.5441463760125 0.009138102143290637
98.55131974426554 0.011654545936946521
98.55849311251858 0.012810657947132919
98.5656664807716 0.012246328501580955
98.57283984902463 0.010126478397303261
98.58001321727767 0.007008479739268659
98.58718658553069 0.0036846676558473903
98.59435995378372 0.002083701156204729
98.60153332203676 0.0041910107738479824
98.6087066902898 0.006667829227064313
98.61588005854281 0.00857627148869175
98.62305342679585 0.00955081340567393
98.63022679504888 0.009357625720300605
98.6374001633019 0.008037535390580615
98.64457353155494 0.006017160396537418
98.65174689980797 0.004151064422790745
98.658920268061 0.003466139836052407
98.66609363631403 0.003693791117851917
98.67326700456707 0.003656835820270744
98.6804403728201 0.003004007453428396
98.68761374107312 0.0021202567927909046
98.69478710932616 0.002042046754658364
98.70196047757919 0.0032332602654834377
98.70913384583221 0.005027988178038127
98.71630721408525 0.007044155560590939
98.72348058233828 0.008880504995917696
98.73065395059132 0.01002983849603931
98.73782731884434 0.010065155137304665
98.74500068709737 0.008826836396944428
98.75217405535041 0.006502829291688196
98.75934742360343 0.003584522123360698
98.76652079185646 0.000933292909582664
98.7736941601095 0.002058548165209094
98.78086752836253 0.003554143473216629
98.78804089661556 0.0041235987137885136
98.79521426486859 0.0038454825292389846
98.80238763312163 0.0030460353904040406
98.80956100137465 0.0026133707750730195
98.81673436962768 0.0037384911205295495
98.82390773788072 0.005804174628152992
98.83108110613375 0.007858558949554032
98.83825447438677 0.009359087157774755
98.84542784263981 0.010056045671284146
98.85260121089284 0.00999638483725889
98.85977457914586 0.0094307443593837
98.8669479473989 0.008579975395204862
98.87412131565193 0.007442913882647511
98.88129468390497 0.005878548009569409
98.88846805215799 0.003884851879208005
98.89564142041102 0.0018203526418896405
98.90281478866406 0.0009430153441078171
98.90998815691708 0.0015365330862700437
98.91716152517012 0.0016545507396122493
98.92433489342315 0.0025093083313100953
98.93150826167617 0.004835588911512316
98.9386816299292 0.007498389156100433
98.94585499818224 0.009521353889937436
98.95302836643528 0.010311994038972656
98.9602017346883 0.009799973905899697
98.96737510294133 0.008473345490613465
98.97454847119437 0.0071032116870446945
98.98172183944739 0.006024001842764358
98.98889520770042 0.0047175692738264845
98.99606857595346 0.002725893965149608
99.0032419442065 0.0024011967685886376
99.01041531245951 0.005571657261805883
99.01758868071255 0.008644631955190626
99.02476204896558 0.010300133760113414
99.0319354172186 0.009967326193422752
99.03910878547164 0.007729402172667596
99.04628215372468 0.004299402177802782
99.05345552197771 0.0008242559392746543
99.06062889023073 0.0016821215621956765
99.06780225848377 0.002253217572350524
99.0749756267368 0.001150770060853188
99.08214899498982 0.0030743783873871857
99.08932236324286 0.006935628042448209
99.09649573149589 0.010356782841748137
99.10366909974893 0.012211219780254868
99.11084246800195 0.011898745855356092
99.11801583625498 0.00946383498305246
99.12518920450802 0.005557397727932363
99.13236257276104 0.0013293719147279904
99.13953594101407 0.002689535527972306
99.14670930926711 0.004863547571331131
99.15388267752014 0.0052003173595640845
99.16105604577317 0.004130311780748046
99.1682294140262 0.0038237684657828515
99.17540278227924 0.006212371459097215
99.18257615053226 0.009180152159088491
99.18974951878529 0.011068456320757281
99.19692288703833 0.011041510897821372
99.20409625529135 0.008807016951955913
99.21126962354438 0.004623988287384005
99.21844299179742 0.0014238755221453658
99.22561636005045 0.006810758902836158
99.23278972830347 0.0115651561815402
99.23996309655651 0.014470796634190868
99.24713646480954 0.015179126134469367
99.25430983306256 0.014230149453632567
99.2614832013156 0.013096017392168815
99.26865656956863 0.013262087180325018
99.27582993782167 0.014403078991358214
99.28300330607469 0.014865875764824744
99.29017667432772 0.013502586661511287
99.29735004258076 0.010194507319690328
99.30452341083378 0.005710209798710756
99.31169677908682 0.002165520991669047
99.31887014733985 0.004008678598921458
99.32604351559289 0.00586144841214403
99.3332168838459 0.005868138645021879
99.34039025209894 0.004243002066017561
99.34756362035198 0.0017454866392230524
99.354736988605 0.0019448658194709527
99.36191035685803 0.004923717201974604
99.36908372511107 0.008038985498804562
99.3762570933641 0.011076877481730587
99.38343046161712 0.013594356073576466
99.39060382987016 0.014938845678801337
99.3977771981232 0.014584077163498405
99.40495056637621 0.012446118149160811
99.41212393462925 0.009085792028379306
99.41929730288228 0.00601987153364535
99.42647067113532 0.005880583321478831
99.43364403938834 0.008065649321358408
99.44081740764138 0.010005541380211922
99.44799077589441 0.01091864976951606
99.45516414414743 0.01077463491411581
99.46233751240047 0.009643869487547176
99.4695108806535 0.007638149743789427
99.47668424890652 0.00544114915920636
99.48385761715956 0.005342151210870963
99.49103098541259 0.007964058919178426
99.49820435366563 0.010705347776960708
99.50537772191865 0.01200533137287376
99.51255109017168 0.011264145334269412
99.51972445842472 0.008585348874290783
99.52689782667774 0.004661416146327061
99.53407119493077 0.0008049070927346067
99.54124456318381 0.0030835376096276634
99.54841793143684 0.005101605185352047
99.55559129968987 0.005870602781424003
99.5627646679429 0.006288209387824411
99.56993803619594 0.007284095455835474
99.57711140444896 0.008531155294146458
99.58428477270199 0.008989395292755923
99.59145814095503 0.007980357423979626
99.59863150920806 0.00550329685143168
99.60580487746108 0.002513972414811659
99.61297824571412 0.003277249227863521
99.62015161396715 0.006197702364057438
99.62732498222017 0.008113672020749205
99.63449835047321 0.008513004008307862
99.64167171872624 0.007484631410785423
99.64884508697928 0.005457345007265314
99.6560184552323 0.003047568750426174
99.66319182348533 0.0013337509697667657
99.67036519173837 0.002302377433082401
99.67753855999139 0.0037450709518175923
99.68471192824443 0.004788445363736944
99.69188529649746 0.005404109297020525
99.6990586647505 0.00567952135971772
99.70623203300352 0.005810547230888076
99.71340540125655 0.006075509633485525
99.72057876950959 0.006618040598783661
99.72775213776261 0.0072251047338762284
99.73492550601564 0.00742284007866202
99.74209887426868 0.006730416245590899
99.7492722425217 0.004846794473940891
99.75644561077473 0.001887587601044162
99.76361897902777 0.0028873360836650826
99.7707923472808 0.0073991272354579675
99.77796571553382 0.01174245623311454
99.78513908378686 0.015107571451263615
99.7923124520399 0.016958592100026253
99.79948582029292 0.01712359341196954
99.80665918854595 0.015866370776852847
99.81383255679899 0.013833265560757762
99.82100592505202 0.011792972321727876
99.82817929330504 0.010155806732000823
99.83535266155808 0.008653302293567224
99.84252602981111 0.006693616484438076
99.84969939806413 0.00400716954752353
99.85687276631717 0.0018070360842427412
99.8640461345702 0.004376319017034541
99.87121950282324 0.00783961664099133
99.87839287107626 0.010541569824324564
99.8855662393293 0.01195229491723222
99.89273960758233 0.011867128209044812
99.89991297583535 0.01044946988044407
99.90708634408838 0.008335767087129988
99.91425971234142 0.006720004998790482
99.92143308059445 0.006635026946241419
99.92860644884748 0.0073055881904165116
99.93577981710051 0.007291383677179859
99.94295318535355 0.00597508860117663
99.95012655360657 0.0035174527722893027
99.9572999218596 0.0008099137139796455
99.96447329011264 0.0024668164867984116
99.97164665836567 0.004423855722113888
99.97882002661869 0.0056806587451194695
99.98599339487173 0.006965481307844452
99.99316676312476 0.008853613964202986
100.00034013137778 0.010832150331785369
