0.003586684126515469 0.017724921915788627
0.010760052379546407 0.017470234910129306
0.017933420632577343 0.016800833441961864
0.025106788885608283 0.01534081956105979
0.03228015713863922 0.012334093863761626
0.03945352539167016 0.007207191540166629
0.0466268936447011 0.007439138032597497
0.05380026189773204 0.013730621626640143
0.06097363015076297 0.01792970499663493
0.06814699840379392 0.018466850829928962
0.07532036665682484 0.015577919092009262
0.08249373490985579 0.010257006706546145
0.08966710316288673 0.004667443324917937
0.09684047141591766 0.0004914303687694576
0.1040138396689486 0.0016486937217405676
0.11118720792197953 0.0023834335873171306
0.11836057617501047 0.00498771347571056
0.12553394442804142 0.008939939080154072
0.13270731268107236 0.012449923025141044
0.13988068093410327 0.014504046313029002
0.14705404918713422 0.014623741582734006
0.15422741744016516 0.013426862852046636
0.1614007856931961 0.011978113515326013
0.16857415394622705 0.010616621645079764
0.175747522199258 0.009504720656215422
0.1829208904522889 0.008196354610047396
0.19009425870531985 0.00566351564946772
0.1972676269583508 0.0021092249727231475
0.20444099521138173 0.0014457971782886152
0.21161436346441267 0.004107662928293009
0.2187877317174436 0.005379263823471638
0.22596109997047453 0.004892695656423974
0.23313446822350548 0.0033605317171852066
0.24030783647653642 0.0038685894679661463
0.24748120472956736 0.006780910093297013
0.2546545729825983 0.009793193813036432
0.26182794123562925 0.011957764435753129
0.2690013094886602 0.012835988368407646
0.2761746777416911 0.012443655167061732
0.283348045994722 0.011025144473953401
0.29052141424775296 0.008778557419859792
0.2976947825007839 0.006053335360716723
0.30486815075381485 0.004369545099596862
0.3120415190068458 0.0061859906372087724
0.31921488725987673 0.010193718557858835
0.3263882555129077 0.014822220632923695
0.3335616237659386 0.01899694909419561
0.34073499201896956 0.02189281348788068
0.3479083602720005 0.02330217513791448
0.3550817285250314 0.023087239193398584
0.36225509677806234 0.020891019076574806
0.3694284650310933 0.01667376118555371
0.3766018332841242 0.011026237086516821
0.38377520153715516 0.004921579900885677
0.3909485697901861 0.0016582564283175961
0.39812193804321705 0.005607489608691179
0.405295306296248 0.00816168821183687
0.41246867454927894 0.008829842150135941
0.4196420428023099 0.007820182883174466
0.42681541105534077 0.005724341817004858
0.4339887793083717 0.00341647985545903
0.44116214756140265 0.0016786817185338338
0.4483355158144336 0.0010154828117334895
0.45550888406746454 0.0014308096928697812
0.4626822523204955 0.0025702097795886757
0.4698556205735264 0.004056850414258445
0.47702898882655737 0.00542275574485523
0.4842023570795883 0.006327093238091144
0.49137572533261925 0.006673973512017091
0.4985490935856502 0.006632799495789738
0.5057224618386811 0.006437257242217143
0.512895830091712 0.006143971239278179
0.520069198344743 0.005751132488232218
0.5272425665977739 0.0054299405847513926
0.5344159348508049 0.005492907841814902
0.5415893031038357 0.006057548762591427
0.5487626713568666 0.0068514490301355615
0.5559360396098976 0.007459813172324747
0.5631094078629285 0.0075574567903697746
0.5702827761159595 0.007002994222321212
0.5774561443689904 0.005816715242553414
0.5846295126220213 0.00412531056702944
0.5918028808750523 0.0022460087620172608
0.5989762491280832 0.0007597567663257292
0.6061496173811142 0.0006008694103154825
0.6133229856341451 0.00030097011301295003
0.620496353887176 0.0011804070289568648
0.627669722140207 0.0035502510740877897
0.6348430903932379 0.006156168204924162
0.6420164586462689 0.008101810242804916
0.6491898268992998 0.00846278594380941
0.6563631951523308 0.00661494333865159
0.6635365634053617 0.003204169772963601
0.6707099316583927 0.0052270940114182065
0.6778832999114236 0.011379121945346475
0.6850566681644545 0.016948843133379497
0.6922300364174855 0.020160990216056593
0.6994034046705163 0.019989893195888585
0.7065767729235473 0.016432329397960837
0.7137501411765782 0.010316270974868006
0.7209235094296091 0.003086421436062781
0.7280968776826401 0.0039700295172134465
0.735270245935671 0.008545743337577582
0.742443614188702 0.010058520328276496
0.7496169824417329 0.008382983316102358
0.7567903506947639 0.004527192620030031
0.7639637189477948 0.004022091473737358
0.7711370872008257 0.008892701761884152
0.7783104554538567 0.013110040553417478
0.7854838237068876 0.015305317663178069
0.7926571919599186 0.01512232517383336
0.7998305602129495 0.012891588705062084
0.8070039284659805 0.009354556095798992
0.8141772967190114 0.005340274860055462
0.8213506649720423 0.0019559658700808416
0.8285240332250733 0.0017613224145749012
0.8356974014781042 0.0022562080512004696
0.8428707697311352 0.0013124903949923241
0.850044137984166 0.003445973774208424
0.857217506237197 0.008287765942560262
0.8643908744902279 0.013409971331324622
0.8715642427432588 0.017402758665486396
0.8787376109962898 0.019062293102724264
0.8859109792493207 0.017585928525138166
0.8930843475023517 0.012950840082542598
0.9002577157553826 0.006058180551859507
0.9074310840084135 0.0015931117922508126
0.9146044522614445 0.008190682453557502
0.9217778205144754 0.012262234730120218
0.9289511887675064 0.012958005251420534
0.9361245570205373 0.010422910660054668
0.9432979252735683 0.005676321800481335
0.9504712935265992 0.000813671486887455
0.9576446617796301 0.004474991638595294
0.9648180300326611 0.006647463786754538
0.971991398285692 0.005839155799944435
0.979164766538723 0.0027293569848584973
0.9863381347917539 0.004702132189239728
0.9935115030447849 0.010815169733224038
1.0006848712978158 0.016509890407888358
1.0078582395508469 0.020472605740713704
1.0150316078038777 0.021995503098385966
1.0222049760569087 0.021013048501684138
1.0293783443099396 0.018031716525093194
1.0365517125629706 0.01387924306008592
1.0437250808160015 0.009545661976121285
1.0508984490690325 0.006318309546621739
1.0580718173220633 0.005734356184043474
1.0652451855750944 0.007202898590313953
1.0724185538281252 0.008844677867934666
1.079591922081156 0.009852777223035245
1.0867652903341871 0.010021180791258657
1.093938658587218 0.009371419759660791
1.101112026840249 0.007943144172137592
1.1082853950932798 0.005786311390454627
1.1154587633463109 0.003106996950047621
1.1226321315993417 0.0005322566322738724
1.1298054998523728 0.002668881024948889
1.1369788681054036 0.004909861897701129
1.1441522363584347 0.006255169400390931
1.1513256046114655 0.006388461535291952
1.1584989728644965 0.00521693906243117
1.1656723411175274 0.0029416679157011913
1.1728457093705584 0.00023172636267258274
1.1800190776235893 0.0025953717297047423
1.1871924458766203 0.004141183832071476
1.1943658141296511 0.003796462178642762
1.2015391823826822 0.0013149795701279487
1.208712550635713 0.0034085873278074724
1.215885918888744 0.008884741703618939
1.223059287141775 0.014058361491247147
1.2302326553948058 0.017395887422050345
1.2374060236478368 0.017796484203337615
1.2445793919008676 0.015188340632050537
1.2517527601538987 0.011037529975920808
1.2589261284069295 0.009569448952389275
1.2660994966599606 0.013157200128532352
1.2732728649129914 0.016964043179697765
1.2804462331660225 0.01778975630175992
1.2876196014190533 0.014774073096730633
1.2947929696720843 0.008385272761124139
1.3019663379251152 0.0009750307453261852
1.3091397061781462 0.008832220516076635
1.316313074431177 0.01607292529764536
1.3234864426842081 0.02094969008036419
1.330659810937239 0.023241641323811218
1.33783317919027 0.023452184799827202
1.3450065474433008 0.022388873462626312
1.352179915696332 0.02058844631547151
1.3593532839493627 0.018320168998210363
1.3665266522023938 0.016033073215847453
1.3737000204554246 0.01423908332471433
1.3808733887084557 0.012765097013636297
1.3880467569614865 0.010697402668636079
1.3952201252145173 0.007389860434919416
1.4023934934675484 0.004662805581528222
1.4095668617205792 0.008469318846708119
1.4167402299736103 0.014687778810808322
1.423913598226641 0.01970384758469616
1.4310869664796722 0.02218496452046322
1.438260334732703 0.021714441611627302
1.445433702985734 0.01874066308907424
1.4526070712387649 0.014466434489765761
1.459780439491796 0.010208062797997026
1.4669538077448268 0.00662879586154304
1.4741271759978578 0.0035813337155251087
1.4813005442508886 0.0008968581157922624
1.4884739125039197 0.002254792803165798
1.4956472807569505 0.0038873837242148126
1.5028206490099816 0.003848608747446847
1.5099940172630124 0.0025714358277431353
1.5171673855160435 0.004589518241343405
1.5243407537690743 0.009412629632645171
1.5315141220221054 0.014159576559634327
1.5386874902751362 0.01750004110391699
1.545860858528167 0.01867229224913129
1.553034226781198 0.017516173029729173
1.560207595034229 0.0145177112432004
1.56738096328726 0.010468727278533966
1.5745543315402908 0.006203222801793439
1.5817276997933218 0.0035598319657033574
1.5889010680463527 0.005119649712351134
1.5960744362993837 0.00733146737451318
1.6032478045524146 0.00785737009172119
1.6104211728054456 0.0058782152353794755
1.6175945410584764 0.001434632982471818
1.6247679093115075 0.005073218440044714
1.6319412775645383 0.01187587833717991
1.6391146458175694 0.017491719739937215
1.6462880140706002 0.020417449023491425
1.6534613823236313 0.01985853172677565
1.660634750576662 0.01596829866571272
1.6678081188296932 0.009975315419633167
1.674981487082724 0.005149161801933642
1.682154855335755 0.007114167883357415
1.6893282235887859 0.0104546485731737
1.6965015918418167 0.011651915183326133
1.7036749600948478 0.01065309308375773
1.7108483283478786 0.008556591405099005
1.7180216966009096 0.006957695586839116
1.7251950648539405 0.006541278975678539
1.7323684331069715 0.006369973896851017
1.7395418013600024 0.0055993510252992955
1.7467151696130334 0.0042641709818168495
1.7538885378660642 0.002949443028082413
1.7610619061190953 0.002399261806856268
1.7682352743721261 0.0029218329969484405
1.7754086426251572 0.004064730172415612
1.782582010878188 0.005234099229054864
1.789755379131219 0.0058595533223220015
1.79692874738425 0.00555744759518079
1.804102115637281 0.004306230021735314
1.8112754838903118 0.0024045061159958976
1.8184488521433428 0.00039298960336718456
1.8256222203963737 0.0022828259056133014
1.8327955886494047 0.005144586544508093
1.8399689569024356 0.008648823865846082
1.8471423251554664 0.012318690347369246
1.8543156934084974 0.015155183145291575
1.8614890616615283 0.016096338611221218
1.8686624299145593 0.014400376367609
1.8758357981675902 0.009937172011602408
1.8830091664206212 0.0033410839290166513
1.890182534673652 0.004552171804457459
1.897355902926683 0.012067021003441416
1.904529271179714 0.018278955018105978
1.911702639432745 0.02236036709539862
1.9188760076857758 0.02400218698937905
1.9260493759388069 0.023243844684929887
1.9332227441918377 0.020322244154465263
1.9403961124448688 0.01575544080673257
1.9475694806978996 0.01035330747794293
1.9547428489509306 0.005136573218006789
1.9619162172039615 0.0016113305750985187
1.9690895854569925 0.001746107560477549
1.9762629537100234 0.0011175955003164513
1.9834363219630544 0.0022058348403753442
1.9906096902160852 0.006378885123363187
1.997783058469116 0.010486555017843426
2.004956426722147 0.01293590960582256
2.012129794975178 0.012619415764088104
2.0193031632282086 0.009320208345956626
2.0264765314812396 0.004657839926205271
2.0336498997342707 0.006610817992332425
2.0408232679873017 0.012751472731363279
2.0479966362403323 0.01749560419201501
2.0551700044933634 0.01945805862764939
2.0623433727463945 0.01837356575085962
2.0695167409994255 0.014807057731353448
2.076690109252456 0.009650136031324778
2.083863477505487 0.0036514576527571316
2.0910368457585182 0.002683325149384681
2.0982102140115493 0.008869712870506738
2.10538358226458 0.01432532378016664
2.112556950517611 0.018131331174780472
2.119730318770642 0.01948040543117788
2.126903687023673 0.018269611167189278
2.1340770552767037 0.01550538068955096
2.1412504235297347 0.013503485750239543
2.1484237917827658 0.014192191518412153
2.1555971600357964 0.015982711475639927
2.1627705282888274 0.016189377474982232
2.1699438965418585 0.01388079153410804
2.1771172647948895 0.01054691063902035
2.18429063304792 0.01031196240284662
2.191464001300951 0.013873881830036525
2.1986373695539823 0.017068766558488685
2.2058107378070133 0.01752263275845236
2.212984106060044 0.014790613885208031
2.220157474313075 0.009829501193577273
2.227330842566106 0.005337408425205662
2.234504210819137 0.006324581648802256
2.2416775790721677 0.009229222047510978
2.2488509473251987 0.01027200341269849
2.25602431557823 0.009255315777276398
2.263197683831261 0.007339478645982058
2.2703710520842915 0.006622796130711412
2.2775444203373225 0.007924672496078004
2.2847177885903536 0.009695138954845422
2.2918911568433846 0.01082262469072886
2.2990645250964152 0.010893087768791925
2.3062378933494463 0.009869745625026157
2.3134112616024773 0.00845258112049172
2.320584629855508 0.008847739310289298
2.327757998108539 0.012408615296584002
2.33493136636157 0.01711847654160408
2.342104734614601 0.02070138898332331
2.3492781028676317 0.021618901518273732
2.3564514711206628 0.01914536247018074
2.363624839373694 0.013507390880874048
2.370798207626725 0.005916370180597037
2.3779715758797555 0.0038272005809327544
2.3851449441327865 0.010642609341136625
2.3923183123858176 0.015382722822931898
2.3994916806388487 0.0169104039207075
2.4066650488918793 0.015282901044829487
2.4138384171449103 0.011386169532960119
2.4210117853979414 0.0066539762006414685
2.4281851536509724 0.002626030775985009
2.435358521904003 0.0007648945572799287
2.442531890157034 0.000299068823060607
2.449705258410065 0.0018020395835227497
2.4568786266630958 0.005151615156707298
2.464051994916127 0.008741277172967599
2.471225363169158 0.011531511504495915
2.478398731422189 0.01278977055651483
2.4855720996752195 0.012239419819381056
2.4927454679282506 0.010081230761354346
2.4999188361812816 0.006849513733271214
2.5070922044343127 0.003221302937517178
2.5142655726873433 0.001247633606571698
2.5214389409403744 0.0038936559020717226
2.5286123091934054 0.006187722048036563
2.5357856774464365 0.007587591506911664
2.542959045699467 0.00796047125144211
2.550132413952498 0.007373073634508252
2.557305782205529 0.006323749008723995
2.5644791504585602 0.00585168481924174
2.571652518711591 0.006662249144246397
2.578825886964622 0.00801741321626711
2.585999255217653 0.00884836931591782
2.593172623470684 0.008665940422788659
2.6003459917237146 0.007856659158394393
2.6075193599767457 0.00802228000460095
2.6146927282297767 0.010534020819243779
2.6218660964828073 0.01431331270132446
2.6290394647358384 0.01758606546604706
2.6362128329888694 0.01908125042529373
2.6433862012419005 0.018143609260821522
2.650559569494931 0.014747148349880073
2.657732937747962 0.009516376295607533
2.664906306000993 0.004015204825282639
2.6720796742540243 0.0042176761158578754
2.679253042507055 0.007962116769418241
2.686426410760086 0.009983477096417611
2.693599779013117 0.009887824211807734
2.700773147266148 0.008378372017990477
2.7079465155191786 0.0067633658679914855
2.7151198837722097 0.005926171767553159
2.7222932520252408 0.005233624497237743
2.729466620278272 0.0035910067358542967
2.7366399885313024 0.000818510106487897
2.7438133567843335 0.0027927396958740427
2.7509867250373645 0.005814012660480697
2.7581600932903956 0.007502660993297672
2.765333461543426 0.007519789006025883
2.7725068297964572 0.006790396978920302
2.7796801980494883 0.00782090672740855
2.786853566302519 0.01121656389831741
2.79402693455555 0.014960962018598246
2.801200302808581 0.01755460588893842
2.808373671061612 0.018353716207352593
2.8155470393146427 0.017422275247928987
2.8227204075676737 0.015377115223675943
2.829893775820705 0.01308253670102773
2.837067144073736 0.011281166779012636
2.8442405123267664 0.01032464094130663
2.8514138805797975 0.010095002345162878
2.8585872488328286 0.010105688599296203
2.8657606170858596 0.009727008865741153
2.87293398533889 0.008461332720112631
2.8801073535919213 0.006162609445546965
2.8872807218449523 0.0031187339280056205
2.8944540900979834 0.0006238394616631017
2.901627458351014 0.0029303752250636785
2.908800826604045 0.004491394059603992
2.915974194857076 0.004757341168186246
2.9231475631101067 0.003925835597524187
2.9303209313631378 0.0025143867372914774
2.937494299616169 0.0011326758957133378
2.9446676678692 0.000685886529813443
2.9518410361222305 0.0017967100422758746
2.9590144043752615 0.003408866349954798
2.9661877726282926 0.005110994553840591
2.9733611408813236 0.006400588775812676
2.9805345091343542 0.0069679142609069145
2.9877078773873853 0.007039068134899287
2.9948812456404164 0.0074363211240788
3.0020546138934474 0.008680662318881179
3.009227982146478 0.01012485982732057
3.016401350399509 0.01073879266097933
3.02357471865254 0.009890646390638004
3.030748086905571 0.007472599375732541
3.037921455158602 0.0038363470691630676
3.045094823411633 0.0010888124784795027
3.052268191664664 0.004997827501807981
3.059441559917695 0.008704198687330503
3.0666149281707256 0.011549683303476242
3.0737882964237566 0.013379381830488438
3.0809616646767877 0.01421512831685548
3.0881350329298183 0.014245751109997446
3.0953084011828493 0.01373983635610937
3.1024817694358804 0.012838641663246206
3.1096551376889114 0.011395835590146262
3.116828505941942 0.009085492291789515
3.124001874194973 0.005733574384709078
3.131175242448004 0.0022637906662787504
3.138348610701035 0.0048062793556880486
3.145521978954066 0.00923793277971052
3.152695347207097 0.012493801676343095
3.159868715460128 0.013716504566012184
3.167042083713159 0.01266529809310625
3.1742154519661896 0.009733860554317226
3.1813888202192206 0.005815805440630989
3.1885621884722517 0.0019845651664715685
3.1957355567252828 0.0009699300842428969
3.2029089249783134 0.002531581179862703
3.2100822932313444 0.003260306874361727
3.2172556614843755 0.004154635018340374
3.224429029737406 0.005424817803397246
3.231602397990437 0.006358076997083154
3.238775766243468 0.006407299627523729
3.2459491344964992 0.005565127237157357
3.25312250274953 0.004329513396695308
3.260295871002561 0.0035341108739250482
3.267469239255592 0.004025018533269356
3.274642607508623 0.006063400502442204
3.2818159757616536 0.009305886624479112
3.2889893440146847 0.01302189038691136
3.2961627122677157 0.016218013494681528
3.303336080520747 0.017930682183546823
3.3105094487737774 0.0176738725358523
3.3176828170268085 0.015978502568247753
3.3248561852798395 0.014649263100791848
3.3320295535328706 0.015642583571583383
3.339202921785901 0.01861653057845296
3.346376290038932 0.02156534748492343
3.3535496582919633 0.022968275328251325
3.3607230265449943 0.022354348114984966
3.367896394798025 0.020051031828031647
3.375069763051056 0.01671537295235381
3.382243131304087 0.013000483576639592
3.3894164995571177 0.009349676238656063
3.3965898678101487 0.00593855981962544
3.4037632360631798 0.0029508613482091446
3.410936604316211 0.0014870202125915998
3.4181099725692414 0.0025241216826947664
3.4252833408222725 0.0032200124053721113
3.4324567090753035 0.0029152187960289435
3.4396300773283346 0.0018956819553693051
3.446803445581365 0.0015873483045570987
3.4539768138343963 0.0027983035269164005
3.4611501820874273 0.003769429606210415
3.4683235503404584 0.003760126196605188
3.475496918593489 0.0026590518772159925
3.48267028684652 0.0015697030753843873
3.489843655099551 0.0034217486740889917
3.497017023352582 0.005798928323378532
3.5041903916056127 0.007096860729357441
3.511363759858644 0.006567138345299561
3.518537128111675 0.003934517280036776
3.5257104963647055 0.0010417162203835049
3.5328838646177365 0.00638295519027815
3.5400572328707676 0.011901564192101104
3.5472306011237986 0.0160650296610939
3.5544039693768292 0.01796900530271471
3.5615773376298603 0.017438015929772094
3.5687507058828913 0.015128125542585528
3.5759240741359224 0.0126315159068867
3.583097442388953 0.01211618374324974
3.590270810641984 0.01376060969230854
3.597444178895015 0.015424588355058572
3.604617547148046 0.01564494552359633
3.6117909154010768 0.014249277032685281
3.618964283654108 0.011803948437925926
3.626137651907139 0.009105692854808962
3.63331102016017 0.0068613884204680314
3.6404843884132005 0.0055216970030898815
3.6476577566662316 0.00508452244496562
3.6548311249192627 0.004971912274496954
3.6620044931722937 0.004425694463571109
3.6691778614253243 0.0029434914918388924
3.6763512296783554 0.0005776715652406549
3.6835245979313864 0.0028417983512915483
3.690697966184417 0.005987386333952595
3.697871334437448 0.008462469971522895
3.705044702690479 0.010064746308589362
3.71221807094351 0.011276005126544583
3.719391439196541 0.012968274706841072
3.726564807449572 0.01547058175310449
3.733738175702603 0.018088972079674484
3.740911543955634 0.019744981940489008
3.7480849122086646 0.019667379132812968
3.7552582804616956 0.017661014254215006
3.7624316487147267 0.01409685586906163
3.7696050169677577 0.009708608007569487
3.7767783852207883 0.0052941725592694
3.7839517534738194 0.0014859268520246718
3.7911251217268505 0.001476979366682805
3.7982984899798815 0.0033487417327281443
3.805471858232912 0.004250118054705517
3.812645226485943 0.004341620775822638
3.8198185947389742 0.004239109056076308
3.8269919629920053 0.0051110025890868825
3.834165331245036 0.007244165195898665
3.841338699498067 0.009820292473897105
3.848512067751098 0.012188866794214501
3.8556854360041286 0.01414793096101806
3.8628588042571597 0.015812687649703238
3.8700321725101907 0.017319171252346405
3.8772055407632218 0.018476051269616465
3.8843789090162524 0.01872609022927755
3.8915522772692834 0.017531204810087582
3.8987256455223145 0.014784414978565284
3.9058990137753455 0.010987115899730828
3.913072382028376 0.007352641953222046
3.920245750281407 0.005657990067074697
3.9274191185344383 0.005715135544477497
3.9345924867874693 0.0050469295906894465
3.9417658550405 0.0026757451268109088
3.948939223293531 0.0027849309951485193
3.956112591546562 0.007579733553679386
3.963285959799593 0.012053429950284772
3.9704593280526237 0.01472274878942537
3.9776326963056547 0.014780166321721628
3.984806064558686 0.012102552996580114
3.9919794328117164 0.007353638466665314
3.9991528010647475 0.002617417683595633
4.006326169317779 0.004806489973879484
4.01349953757081 0.007836653908774133
4.020672905823841 0.008254715156335597
4.027846274076872 0.005844832627516717
4.035019642329902 0.0018288554115135037
4.042193010582934 0.004823285545697674
4.049366378835964 0.009497955135946427
4.056539747088996 0.012219923588532319
4.0637131153420265 0.012330872165374778
4.070886483595057 0.010455924928206382
4.078059851848089 0.009051474831730456
4.085233220101119 0.010938796183943108
4.09240658835415 0.014511229959881512
4.099579956607181 0.016945779205560743
4.106753324860212 0.016961104758861464
4.113926693113243 0.014606475175791483
4.121100061366274 0.010983007222269152
4.128273429619305 0.007954856058129858
4.135446797872336 0.006931941177060253
4.142620166125367 0.0065630214616730735
4.149793534378397 0.004894697996187525
4.156966902631429 0.002849686690096281
4.1641402708844595 0.006514659033135949
4.17131363913749 0.0123970060725718
4.178487007390522 0.017544365324362335
4.185660375643552 0.020524914034816787
4.192833743896584 0.020480002195581343
4.200007112149614 0.017188788666294596
4.207180480402645 0.011109687064697922
4.214353848655676 0.003528894423866157
4.221527216908707 0.005827741214783704
4.228700585161738 0.013225469149115621
4.235873953414769 0.01877887191424604
4.2430473216678 0.021907621931692833
4.250220689920831 0.02288799442359677
4.257394058173862 0.022655862575388555
4.2645674264268925 0.02236024963968091
4.271740794679924 0.02262059371615618
4.278914162932955 0.023141793505150096
4.286087531185985 0.023164568265285505
4.293260899439017 0.022077925207567736
4.300434267692047 0.019673598768778965
4.307607635945078 0.016145786109986085
4.314781004198109 0.011954190406037313
4.32195437245114 0.007658302436920562
4.3291277407041715 0.004450962815726216
4.336301108957202 0.006028728487849585
4.343474477210233 0.010990445756491411
4.350647845463264 0.016478737095998605
4.357821213716295 0.021139539483875182
4.364994581969325 0.023710283447466365
4.372167950222357 0.023149603070048166
4.3793413184753875 0.01902877203805896
4.386514686728419 0.011880200217300706
4.39368805498145 0.004358106548482433
4.40086142323448 0.008258684486946175
4.408034791487512 0.014891764413628711
4.415208159740542 0.018339217854180724
4.422381527993573 0.018015665460795593
4.4295548962466045 0.015165155856426547
4.436728264499635 0.013233970831748305
4.443901632752666 0.01506583773800881
4.451075001005697 0.018115433103838962
4.458248369258728 0.019414051825719047
4.465421737511759 0.018636307351272766
4.47259510576479 0.01768878253320315
4.4797684740178205 0.0188067386901001
4.486941842270852 0.021140745284952047
4.494115210523883 0.021867733574740415
4.501288578776913 0.01933313460916888
4.508461947029945 0.014223664558880758
4.515635315282975 0.011115908429339186
4.522808683536007 0.014897920741583852
4.5299820517890375 0.02015161984069608
4.537155420042068 0.022239032671282223
4.5443287882951 0.019826698956534553
4.55150215654813 0.013429895268976094
4.558675524801161 0.005121931300228949
4.565848893054192 0.005443429830246473
4.573022261307223 0.01180578558743255
4.580195629560254 0.015072813087960409
4.587368997813285 0.014830776597645107
4.594542366066316 0.012259587443369593
4.601715734319347 0.009740416206048557
4.608889102572378 0.009449137168731756
4.616062470825408 0.010545390622166806
4.62323583907844 0.011624069796793394
4.63040920733147 0.013261643006339096
4.637582575584501 0.01622934925436076
4.6447559438375325 0.019723382354523814
4.651929312090563 0.02211559061820172
4.659102680343595 0.022133159727363863
4.666276048596625 0.01939922646197634
4.673449416849656 0.01448529169907533
4.680622785102687 0.008696325997463665
4.687796153355718 0.004347637133138529
4.694969521608749 0.0049399335878547845
4.70214288986178 0.006798216606953712
4.709316258114811 0.007161213356199873
4.716489626367842 0.006080237724902643
4.723662994620873 0.004245780995338615
4.730836362873903 0.0024268501828069136
4.738009731126935 0.0010708699603029985
4.7451830993799655 0.00025562572479735364
4.752356467632996 0.0013167853098217635
4.759529835886028 0.002720999949721259
4.766703204139058 0.003974868169147926
4.773876572392089 0.004717380154424624
4.78104994064512 0.004800884050969189
4.788223308898151 0.004368484537540813
4.7953966771511825 0.003795969191540201
4.802570045404213 0.0034025024449111617
4.809743413657244 0.0030584470858015245
4.816916781910275 0.002347961857321759
4.824090150163306 0.001224854239959388
4.831263518416336 0.001988809949551472
4.838436886669368 0.004616944627222638
4.8456102549223985 0.007605460110969489
4.85278362317543 0.01041123870041024
4.859956991428461 0.012543487697664911
4.867130359681491 0.013613969207076847
4.874303727934523 0.01346205609299361
4.881477096187553 0.01224832617799821
4.888650464440584 0.01062087952300062
4.895823832693615 0.009938770130102356
4.902997200946646 0.011497714400257982
4.910170569199677 0.01487659238222231
4.917343937452708 0.01880154793172414
4.924517305705739 0.02221654202194615
4.93169067395877 0.0242266919236531
4.938864042211801 0.024090426319875225
4.9460374104648315 0.021453824291457417
4.953210778717863 0.016570986433198764
4.960384146970894 0.010765669132999398
4.967557515223924 0.008665968635878407
4.974730883476956 0.013268227820633796
4.981904251729986 0.018517638537165336
4.989077619983018 0.02143696862388826
4.996250988236048 0.021497985774956367
5.003424356489079 0.019215796776409246
5.0105977247421105 0.015730523616516497
5.017771092995141 0.012372856849155777
5.024944461248172 0.009716610735763194
5.032117829501203 0.007122119449788286
5.039291197754234 0.003913586544438466
5.046464566007265 0.0012527398075620603
5.053637934260296 0.0034484774382848183
5.060811302513327 0.00476079686583223
5.067984670766358 0.0038927997239672414
5.075158039019389 0.0037577153366564783
5.082331407272419 0.008677963202703509
5.089504775525451 0.014769108723982783
5.096678143778481 0.019410691211700627
5.103851512031512 0.02102213444709295
5.1110248802845435 0.01897438804325418
5.118198248537574 0.013724587697442808
5.125371616790606 0.006960664347822738
5.132544985043636 0.0041092445728820575
5.139718353296667 0.008007425297643074
5.146891721549698 0.010145500798943838
5.154065089802729 0.009133236241448291
5.1612384580557595 0.005632820308471221
5.168411826308791 0.0018317156874544341
5.175585194561822 0.004030061775538478
5.182758562814853 0.006586951471345692
5.189931931067884 0.007924030671856526
5.197105299320914 0.0096489689968878
5.204278667573946 0.012919302878184902
5.2114520358269765 0.016608802723198698
5.218625404080007 0.018979808576769445
5.225798772333039 0.018966726343272667
5.232972140586069 0.016436274252271673
5.2401455088391 0.012102551715172343
5.247318877092131 0.007201753871414785
5.254492245345162 0.0030476168857056342
5.261665613598193 0.0008663019582444166
5.268838981851224 0.000809861585082703
5.276012350104255 0.00011169642993853403
5.283185718357286 0.0013017803292849751
5.290359086610317 0.0023025590369845092
5.297532454863347 0.0024010081683868757
5.304705823116379 0.0017653507334889971
5.3118791913694094 0.0021703169359738378
5.319052559622441 0.003898284147958565
5.3262259278754716 0.005464213888413509
5.333399296128502 0.006542393412774989
5.340572664381534 0.007597416854500611
5.347746032634564 0.009128190302838365
5.354919400887595 0.010845371695202588
5.362092769140626 0.011888896024863704
5.369266137393657 0.011523613273599584
5.376439505646688 0.009560865854005824
5.383612873899719 0.006434113456608731
5.39078624215275 0.0029975283344328193
5.397959610405781 0.0004937504044002728
5.405132978658812 0.0015937880809563836
5.412306346911842 0.0017913316483201978
5.419479715164874 0.001250458941081736
5.4266530834179045 0.00154333139841222
5.433826451670935 0.002137877976260512
5.440999819923967 0.0017309592330775427
5.448173188176997 0.0005134783601046373
5.455346556430029 0.0030061374154739065
5.462519924683059 0.006108887522497797
5.46969329293609 0.008567289560402206
5.4768666611891215 0.009539897553339604
5.484040029442152 0.008598414909149758
5.491213397695183 0.005942885988817199
5.498386765948214 0.0031826618585007412
5.505560134201245 0.005422423701073184
5.512733502454276 0.010004010418951104
5.519906870707307 0.014194807039524677
5.5270802389603375 0.017169199139593652
5.534253607213369 0.018380975259088893
5.5414269754664 0.017483961155189378
5.54860034371943 0.014624045404102672
5.555773711972462 0.011187986951889804
5.562947080225492 0.010906779560511823
5.570120448478523 0.015243309764761175
5.577293816731554 0.020409852490744656
5.584467184984585 0.023589162096015224
5.5916405532376166 0.02347425347899091
5.598813921490647 0.019827030152205966
5.605987289743678 0.013426170535397772
5.613160657996709 0.006194353014662464
5.62033402624974 0.004537460008579508
5.6275073945027705 0.008852560543212887
5.634680762755802 0.011125570160693645
5.641854131008833 0.010735455160275038
5.649027499261864 0.009455556772936578
5.656200867514895 0.010568169660978708
5.663374235767925 0.01395060902260172
5.670547604020957 0.016497549033621398
5.677720972273987 0.016262292639005055
5.684894340527018 0.012859233263348601
5.6920677087800495 0.007688719990822469
5.69924107703308 0.007077030385412064
5.706414445286111 0.012914936417165778
5.713587813539142 0.018055386343553137
5.720761181792173 0.020029018867108835
5.727934550045204 0.018293964781998816
5.735107918298235 0.0135028085657916
5.742281286551266 0.007327143413602844
5.749454654804297 0.003682964803591365
5.756628023057328 0.006155901863411396
5.763801391310358 0.0076014069278792055
5.77097475956339 0.006322895804401216
5.77814812781642 0.004420068009214847
5.785321496069452 0.007348900649551559
5.7924948643224825 0.012490353984193386
5.799668232575513 0.01662639700828477
5.806841600828545 0.01869480999434004
5.814014969081575 0.01873422715032804
5.821188337334606 0.01757827589382662
5.828361705587637 0.01622127535252584
5.835535073840668 0.015043395140327674
5.8427084420936986 0.01360625127783293
5.84988181034673 0.011295790498436119
5.857055178599761 0.008106384575157164
5.864228546852792 0.005126022064836242
5.871401915105823 0.00470706078044614
5.878575283358853 0.00638933002523454
5.885748651611885 0.007679376739823603
5.8929220198649155 0.00790827402825811
5.900095388117946 0.007274069022451138
5.907268756370978 0.006197913558913804
5.914442124624008 0.005001589117252472
5.92161549287704 0.00394450229392596
5.92878886113007 0.003526512333007955
5.935962229383101 0.004056819242962019
5.943135597636132 0.004909972299077247
5.950308965889163 0.005495575547831215
5.957482334142194 0.005932948747382421
5.964655702395225 0.006889355901876738
5.971829070648256 0.008638823472663544
5.979002438901286 0.01059962900646464
5.986175807154318 0.012077127765265778
5.9933491754073485 0.012878886497461958
6.00052254366038 0.01347240320419933
6.007695911913411 0.014662556377003635
6.014869280166441 0.01673094770217779
6.022042648419473 0.01905125654042341
6.029216016672503 0.02076474922956383
6.036389384925534 0.02144117065862623
6.043562753178565 0.021206037576911866
6.050736121431596 0.020536001455005788
6.0579094896846275 0.019899784463780767
6.065082857937658 0.019426095003721434
6.072256226190689 0.01888846410508532
6.07942959444372 0.018009862347243104
6.086602962696751 0.01671091904549764
6.093776330949781 0.015107530842332888
6.100949699202813 0.013425184644319594
6.1081230674558435 0.012008458238371008
6.115296435708875 0.01132564733097495
6.122469803961906 0.01168983825215783
6.129643172214936 0.012825889079595861
6.136816540467968 0.013980448393771995
6.143989908720998 0.014443211558187702
6.151163276974029 0.01386584108239521
6.1583366452270605 0.012315984249863925
6.165510013480091 0.010189011722992367
6.172683381733122 0.008050193323619772
6.179856749986153 0.00651096135369384
6.187030118239184 0.006241806492425177
6.194203486492215 0.007642757069228673
6.201376854745246 0.010276648891039864
6.2085502229982765 0.013294064891610332
6.215723591251308 0.015853433479716503
6.222896959504339 0.01724728724388196
6.230070327757369 0.01704379532280634
6.237243696010401 0.015253138014210884
6.244417064263431 0.012443042551808768
6.251590432516463 0.009744775719356344
6.2587638007694935 0.008448987903809907
6.265937169022524 0.008556928920380357
6.273110537275556 0.00860665656900877
6.280283905528586 0.007533664325544628
6.287457273781617 0.005392309078149116
6.294630642034648 0.004342144464708553
6.301804010287679 0.007194659363032239
6.3089773785407095 0.011357085416309223
6.316150746793741 0.014946790450381813
6.323324115046772 0.01720364769494654
6.330497483299803 0.017799657958103766
6.337670851552834 0.016705398403044334
6.344844219805864 0.014150890668516287
6.352017588058896 0.010555553840301922
6.359190956311926 0.006424111253108303
6.366364324564957 0.0024351666958898014
6.3735376928179885 0.0026152222937503556
6.380711061071019 0.005759260516080043
6.387884429324051 0.00817770498602047
6.395057797577081 0.00945583303651134
6.402231165830112 0.009434296305653176
6.409404534083143 0.008207563532048542
6.416577902336174 0.006503818861958591
6.423751270589205 0.006400613101326476
6.430924638842236 0.00914666207056971
6.438098007095267 0.012934000929162998
6.445271375348297 0.016186035706318647
6.452444743601329 0.018070665655372475
6.459618111854359 0.018236313074986417
6.466791480107391 0.016744863162267767
6.4739648483604215 0.014021626216797456
6.481138216613452 0.010698680010719847
6.488311584866484 0.007310814380710069
6.495484953119514 0.0040393274076340685
6.502658321372545 0.0007929222878302724
6.509831689625576 0.0024257529237888633
6.517005057878607 0.005257550681944041
6.5241784261316385 0.007058857183100184
6.531351794384669 0.007205854434450097
6.5385251626377 0.005421567242750096
6.545698530890731 0.002134384096234715
6.552871899143762 0.00316436089703076
6.560045267396792 0.007417790685849689
6.567218635649824 0.010505539482009012
6.5743920039028545 0.01159227640346385
6.581565372155886 0.010803979901600275
6.588738740408917 0.009655083982320184
6.595912108661947 0.010538049473101378
6.603085476914979 0.013203480724974829
6.610258845168009 0.015137600765606144
6.61743221342104 0.014585645551060632
6.624605581674071 0.011054208197087231
6.631778949927102 0.005631011099676996
6.638952318180133 0.005917248422957962
6.646125686433164 0.01281602292240464
6.653299054686195 0.018949070405875585
6.660472422939226 0.02260638739621594
6.667645791192257 0.023334425716603394
6.6748191594452875 0.021562747578351388
6.681992527698319 0.01835594407085296
6.68916589595135 0.014920424816604596
6.69633926420438 0.01197879196473023
6.703512632457412 0.009396073292280422
6.710686000710442 0.006564343360708139
6.717859368963474 0.0031519472960023446
6.725032737216504 0.0006426609819653899
6.732206105469535 0.0042727662999814215
6.7393794737225665 0.007221348261790229
6.746552841975597 0.009139597629162612
6.753726210228628 0.009952859071890334
6.760899578481659 0.009821349199184011
6.76807294673469 0.008996513525687536
6.7752463149877205 0.007691533908640584
6.782419683240752 0.0060970405102944505
6.789593051493783 0.004473065864586195
6.796766419746814 0.003189416973168919
6.803939787999845 0.0026357811179749256
6.811113156252875 0.002846533379025772
6.818286524505907 0.0034764834023778323
6.825459892758937 0.004225192611456497
6.832633261011968 0.004831629381466578
6.8398066292649995 0.0050565935791449836
6.84697999751803 0.004782346569464381
6.854153365771062 0.004217296764619145
6.861326734024092 0.004019475816146321
6.868500102277123 0.004514013374700431
6.875673470530154 0.004933319594100777
6.882846838783185 0.004357864552725037
6.8900202070362155 0.0024320290390541055
6.897193575289247 0.00253183305976409
6.904366943542278 0.0072736798716929296
6.911540311795308 0.01272154920410142
6.91871368004834 0.017540219667810813
6.92588704830137 0.020601564459856697
6.933060416554402 0.021065184500132242
6.9402337848074325 0.01859421594286988
6.947407153060463 0.013448065982395055
6.954580521313495 0.0064794425744925084
6.961753889566525 0.0023604920582656736
6.968927257819556 0.008926756769331188
6.976100626072587 0.014116811491350894
6.983273994325618 0.016629195424367298
6.990447362578649 0.016189418444716958
6.99762073083168 0.013058226235921372
7.004794099084711 0.007903707595400185
7.011967467337742 0.0016841047857198163
7.019140835590773 0.004820902244225004
7.026314203843803 0.010559204499849584
7.033487572096835 0.015036394931782056
7.0406609403498654 0.017838826541654897
7.047834308602896 0.018685118192293626
7.055007676855928 0.01743612098871825
7.062181045108958 0.014226932520658877
7.06935441336199 0.009554887936827005
7.07652778161502 0.004224113270937427
7.083701149868051 0.0013976453246849238
7.090874518121082 0.005270815790160525
7.098047886374113 0.007660809503780594
7.105221254627144 0.008109350188228002
7.112394622880175 0.006853192677747067
7.119567991133206 0.004616421480362198
7.126741359386237 0.002668580390755478
7.133914727639268 0.0025760565664939812
7.141088095892298 0.0030473631705279385
7.14826146414533 0.0026617567659303664
7.1554348323983605 0.002329951524056156
7.162608200651391 0.004270178504074555
7.169781568904423 0.007265393056602326
7.176954937157453 0.009992887009840988
7.184128305410485 0.011760715875031535
7.191301673663515 0.01225898023460561
7.198475041916546 0.011575705899068933
7.2056484101695775 0.010161430119329533
7.212821778422608 0.008697646901135319
7.219995146675639 0.007849029116890999
7.22716851492867 0.007902000543760232
7.234341883181701 0.008667200294205979
7.241515251434731 0.00979406761000762
7.248688619687763 0.01094059663138905
7.2558619879407935 0.011799685603870761
7.263035356193825 0.012234833047269196
7.270208724446856 0.012460899304667355
7.277382092699886 0.013007018303438879
7.284555460952918 0.014193990282849681
7.291728829205948 0.015588346687456168
7.298902197458979 0.016260600766074784
7.3060755657120104 0.015428600506903574
7.313248933965041 0.012838371734195027
7.3204223022180726 0.008865228098467494
7.327595670471103 0.004524512253305094
7.334769038724134 0.0024638238109645416
7.341942406977165 0.004134765616075906
7.349115775230196 0.00498516559179419
7.3562891434832265 0.004516189546454487
7.363462511736258 0.004402404967427242
7.370635879989289 0.006134410954527871
7.377809248242319 0.008174267664075299
7.384982616495351 0.008925528455811777
7.392155984748381 0.007747867423199733
7.399329353001413 0.004817467496758442
7.406502721254443 0.0011181442150563093
7.413676089507474 0.002913753891808048
7.4208494577605055 0.005153688724917904
7.428022826013536 0.005250679080351301
7.435196194266567 0.0032419750572530203
7.442369562519598 0.0029150884763624813
7.449542930772629 0.007473617466116558
7.45671629902566 0.012189985070298583
7.463889667278691 0.015532393161562331
7.471063035531722 0.0169174096841257
7.478236403784753 0.01655653772507274
7.485409772037784 0.01530284495644578
7.492583140290814 0.014107087231246497
7.499756508543846 0.013213667039368122
7.506929876796876 0.012102082829935001
7.514103245049907 0.010592365619194431
7.5212766133029385 0.009903779580156825
7.528449981555969 0.011670994674176519
7.535623349809001 0.015023235897950087
7.542796718062031 0.01789421245047081
7.549970086315062 0.018932999695525837
7.557143454568093 0.01763810590196735
7.564316822821124 0.014210636298491636
7.5714901910741546 0.009379164858022688
7.578663559327186 0.004244186455902584
7.585836927580217 0.00208689855472532
7.593010295833248 0.005034812955038726
7.600183664086279 0.006969191252829422
7.607357032339309 0.0072808522772873155
7.614530400592341 0.006126413452304793
7.6217037688453715 0.003909335602452364
7.628877137098402 0.0012197205496549122
7.636050505351434 0.0017522637833951847
7.643223873604464 0.003990019557714278
7.650397241857496 0.0055571738665797215
7.657570610110526 0.00653222013754571
7.664743978363557 0.007276449249538884
7.671917346616588 0.008114637086316248
7.679090714869619 0.009177901005383834
7.68626408312265 0.010668259779673991
7.693437451375681 0.012988828868076712
7.700610819628712 0.016236253803700466
7.707784187881742 0.019737404522148182
7.714957556134774 0.022245164456796095
7.7221309243878045 0.022449835281673183
7.729304292640836 0.01948379418652407
7.736477660893867 0.013257153797694527
7.743651029146897 0.004525243667966199
7.750824397399929 0.0052750450546920425
7.757997765652959 0.014349649699611715
7.76517113390599 0.020987463946027494
7.772344502159021 0.024005307317400977
7.779517870412052 0.0230519806022913
7.7866912386650835 0.018712509177863143
7.793864606918114 0.012425059679162522
7.801037975171145 0.00643073583654241
7.808211343424176 0.004647985754784247
7.815384711677207 0.0064173665351437
7.822558079930237 0.006841816915120309
7.829731448183269 0.005230010478400836
7.8369048164362995 0.0022389564464573423
7.84407818468933 0.0013286952845068057
7.851251552942362 0.004723221446269211
7.858424921195392 0.007973871509917551
7.865598289448424 0.011261303875994085
7.872771657701454 0.01450022498795821
7.879945025954485 0.017096154182006468
7.8871183942075165 0.018256309724375256
7.894291762460547 0.01745572685262621
7.901465130713578 0.014840853540789428
7.908638498966609 0.011638948917165572
7.91581186721964 0.010434313078637278
7.922985235472671 0.012576462854794105
7.930158603725702 0.015772894667058196
7.9373319719787325 0.017949253536080376
7.944505340231764 0.018391557211282217
7.951678708484795 0.017240148807765206
7.958852076737825 0.015114586996352703
7.966025444990857 0.012735094069652068
7.973198813243887 0.010507123109388583
7.980372181496918 0.008380712166020028
7.9875455497499495 0.006159212033104868
7.99471891800298 0.0038523666535995845
8.00189228625601 0.001761363158107152
8.009065654509042 0.00035488845677101753
8.016239022762074 4.209397522361672e-05
8.023412391015103 0.0007810122337344811
8.030585759268135 0.002504297255200412
8.037759127521166 0.0045801178647075875
8.044932495774196 0.006297013891237448
8.052105864027228 0.0070173580381654
8.059279232280259 0.006408871168333558
8.066452600533289 0.004632349553102661
8.07362596878632 0.0028156515519997417
8.080799337039352 0.003664060479570503
8.087972705292383 0.005832636107932793
8.095146073545413 0.007271798925093557
8.102319441798445 0.0074965392183514775
8.109492810051476 0.006656739155756685
8.116666178304506 0.005272389522633559
8.123839546557537 0.003948764210084605
8.131012914810569 0.0030151315674505617
8.138186283063598 0.0024104026740223755
8.14535965131663 0.0020266320535600943
8.152533019569661 0.0016532350350872461
8.159706387822691 0.0006702877503951257
8.166879756075723 0.0015320431509168984
8.174053124328754 0.005070514805023005
8.181226492581784 0.00944251217263361
8.188399860834815 0.013632209999851846
8.195573229087847 0.01639453469204646
8.202746597340877 0.01659953351269849
8.209919965593908 0.013587860122139353
8.21709333384694 0.0074783749246857285
8.224266702099971 0.0007681115165705186
8.231440070353 0.009404913017929175
8.238613438606032 0.016714831521972368
8.245786806859064 0.02121438493465059
8.252960175112094 0.022176900698535958
8.260133543365125 0.019779390442393636
8.267306911618157 0.015051717554891849
8.274480279871186 0.00959872750229527
8.281653648124218 0.005163154381934514
8.28882701637725 0.0030419364269540354
8.296000384630279 0.0028333002855817743
8.30317375288331 0.0037487796522850656
8.310347121136342 0.0053919701896810125
8.317520489389372 0.006406338028905237
8.324693857642403 0.005642381039455924
8.331867225895435 0.003091422697898361
8.339040594148464 0.003757784285923875
8.346213962401496 0.00855914803880379
8.353387330654527 0.012515093295854193
8.360560698907559 0.013851426216932052
8.367734067160589 0.011856831114092836
8.37490743541362 0.007590716968420068
8.382080803666652 0.007454575581078592
8.389254171919681 0.013920756374120623
8.396427540172713 0.020148808329681255
8.403600908425744 0.023379368938228715
8.410774276678774 0.02270541178670609
8.417947644931806 0.018568625910521008
8.425121013184837 0.012875713410685267
8.432294381437867 0.009739857620455055
8.439467749690898 0.012147287816180612
8.44664111794393 0.015746019447581652
8.45381448619696 0.01755119298442806
8.460987854449991 0.017111799783116888
8.468161222703023 0.014831349988864258
8.475334590956052 0.011258697463985104
8.482507959209084 0.006868493048450353
8.489681327462115 0.002497563639442055
8.496854695715147 0.004237440340128109
8.504028063968176 0.008595783319536773
8.511201432221208 0.01166732125267367
8.51837480047424 0.012577672814796237
8.52554816872727 0.011031164550172595
8.5327215369803 0.00732285563075626
8.539894905233332 0.0022912218404990497
8.547068273486362 0.0029441146767845913
8.554241641739393 0.007230246872503268
8.561415009992425 0.009795734336046686
8.568588378245455 0.010344603665850648
8.575761746498486 0.00909527690373751
8.582935114751518 0.00662832096465764
8.590108483004547 0.003651357360207658
8.597281851257579 0.0008089703272219453
8.60445521951061 0.0016081972769190118
8.61162858776364 0.0033064905860275473
8.618801956016672 0.004456687773000646
8.625975324269703 0.005330217544225584
8.633148692522735 0.006311049068426204
8.640322060775764 0.0077261200546193155
8.647495429028796 0.009639625015859151
8.654668797281827 0.011805391205876611
8.661842165534857 0.0137474025212198
8.669015533787888 0.014861207060466286
8.67618890204092 0.014548931730251033
8.68336227029395 0.012402485647452942
8.690535638546981 0.008462855005110428
8.697709006800013 0.004401617122458617
8.704882375053042 0.007304027864354413
8.712055743306074 0.013770397024988761
8.719229111559105 0.019474664822333326
8.726402479812135 0.02299990856374367
8.733575848065167 0.023671706399156004
8.740749216318198 0.02149944276750354
8.747922584571228 0.01712933904466788
8.75509595282426 0.011658324327837916
8.76226932107729 0.006437090550042085
8.769442689330322 0.003399278058239389
8.776616057583352 0.004166455243774694
8.783789425836384 0.005597849122364374
8.790962794089415 0.006458024729233189
8.798136162342445 0.006806627028601627
8.805309530595476 0.006601922306922467
8.812482898848508 0.005679533177196684
8.819656267101537 0.004056794464682722
8.826829635354569 0.0021002121694014436
8.8340030036076 0.00107245684922171
8.84117637186063 0.0024619875414140973
8.848349740113662 0.004328607752680876
8.855523108366693 0.006635910782772656
8.862696476619723 0.009323275932887823
8.869869844872754 0.011888514865801116
8.877043213125786 0.013671045522454633
8.884216581378816 0.014137049657094024
8.891389949631847 0.013056448957459848
8.898563317884879 0.010548660964992749
8.90573668613791 0.0070031563395119255
8.91291005439094 0.0029660243027375805
8.920083422643971 0.0010057612111574864
8.927256790897003 0.004224181111909589
8.934430159150033 0.006258531409015979
8.941603527403064 0.006753424154475068
8.948776895656096 0.005664527061419372
8.955950263909125 0.0033879846845463525
8.963123632162157 0.0018008668693852952
8.970297000415188 0.003991138593350848
8.977470368668218 0.0063410161881118
8.98464373692125 0.0077392942671387285
8.991817105174281 0.008234281305505567
8.99899047342731 0.008251032115712263
9.006163841680342 0.008023791211130438
9.013337209933374 0.007185079782602332
9.020510578186405 0.0051682314188723445
9.027683946439435 0.002289097134822354
9.034857314692466 0.003918236834834824
9.042030682945498 0.008198533229167665
9.049204051198528 0.011484813098782699
9.05637741945156 0.012697852229191071
9.06355078770459 0.011667038937630282
9.07072415595762 0.009501782503755298
9.077897524210652 0.008752823400115323
9.085070892463683 0.010386150473393396
9.092244260716713 0.01179022175599665
9.099417628969745 0.010833735192946595
9.106590997222776 0.006938223452742064
9.113764365475806 0.0008071938793223263
9.120937733728837 0.006600004455046908
9.128111101981869 0.013160243587536407
9.135284470234899 0.01766850809753849
9.14245783848793 0.019475328269117007
9.149631206740962 0.01875436401528553
9.156804574993993 0.016257227314979025
9.163977943247023 0.012906276421857132
9.171151311500054 0.009370229241875602
9.178324679753086 0.006226702520528953
9.185498048006115 0.0058431096150180625
9.192671416259147 0.009468398369949449
9.199844784512178 0.013787895272394839
9.207018152765208 0.016715787769936506
9.21419152101824 0.01729059310308718
9.221364889271271 0.01536418933792843
9.228538257524301 0.011520502391770654
9.235711625777332 0.006882490198205089
9.242884994030364 0.0027682991791757538
9.250058362283394 0.0006687945792711456
9.257231730536425 0.0009868335009645336
9.264405098789457 0.001022494422603328
9.271578467042486 0.0027739092886653644
9.278751835295518 0.004989167062044209
9.28592520354855 0.006780895537956293
9.29309857180158 0.00788908150872044
9.30027194005461 0.008363842609560655
9.307445308307642 0.008165475611576293
9.314618676560674 0.006998612475191811
9.321792044813703 0.004824693214970178
9.328965413066735 0.003767860721884611
9.336138781319766 0.006890753061438078
9.343312149572796 0.010839853903404712
9.350485517825827 0.013323368003356675
9.357658886078859 0.013285921758549781
9.364832254331889 0.010660541538077896
9.37200562258492 0.006751192261394226
9.379178990837952 0.00544898916269094
9.386352359090981 0.007923918915811453
9.393525727344013 0.0092729871702473
9.400699095597044 0.007554517022499943
9.407872463850074 0.0028600534010710856
9.415045832103106 0.004094172643541692
9.422219200356137 0.010868586462862524
9.429392568609169 0.015967956938263368
9.436565936862198 0.01799027427935928
9.44373930511523 0.016499435129620463
9.450912673368261 0.012106016237866939
9.458086041621291 0.006360085653964414
9.465259409874323 0.0028974146787892666
9.472432778127354 0.0055912391827655965
9.479606146380384 0.0077608696499290196
9.486779514633415 0.008692214394690156
9.493952882886447 0.009619429474403094
9.501126251139477 0.01099782086707614
9.508299619392508 0.011803680197215255
9.51547298764554 0.010903761919607098
9.52264635589857 0.007973027445858576
9.5298197241516 0.00357395766019358
9.536993092404632 0.0011938116858629332
9.544166460657662 0.004929637837736962
9.551339828910693 0.0068356960489610085
9.558513197163725 0.006755479734395579
9.565686565416756 0.005563137657893179
9.572859933669786 0.005036734888842964
9.580033301922818 0.005662309967382815
9.58720667017585 0.005744833466663074
9.594380038428879 0.0041865081312604255
9.60155340668191 0.0011902504399141874
9.608726774934942 0.0033681589826589893
9.615900143187972 0.007223821025507388
9.623073511441003 0.00984712232059797
9.630246879694035 0.010619678195918764
9.637420247947064 0.0096076097357466
9.644593616200096 0.007567761985172942
9.651766984453127 0.005917189609973693
9.658940352706157 0.006084507108335373
9.666113720959189 0.007658485101490123
9.67328708921222 0.009501473323356859
9.68046045746525 0.011005094243911585
9.687633825718281 0.011642511809314764
9.694807193971313 0.010862783730824254
9.701980562224344 0.008404951169676139
9.709153930477374 0.004930246664194484
9.716327298730405 0.004659561915628319
9.723500666983437 0.009005583007807828
9.730674035236467 0.013220266262202478
9.737847403489498 0.015706064237211246
9.74502077174253 0.015980621128318807
9.75219413999556 0.014268893280830332
9.759367508248591 0.011345121192488766
9.766540876501622 0.008255336606013318
9.773714244754652 0.005925841316670184
9.780887613007684 0.00459952791652582
9.788060981260715 0.003686453634640479
9.795234349513745 0.0026898670633672666
9.802407717766776 0.001706271849368353
9.809581086019808 0.0010919376970927154
9.816754454272838 0.0009457350585080424
9.823927822525869 0.0012639076123031263
9.8311011907789 0.002042841942085144
9.838274559031932 0.002855696883686284
9.845447927284962 0.003257273375780496
9.852621295537993 0.0030056636508179247
9.859794663791025 0.002140109425257242
9.866968032044054 0.000969967161412655
9.874141400297086 0.0003283400899347939
9.881314768550117 0.0007845352698089096
9.888488136803147 0.0006251444835497171
9.895661505056179 0.00021581208961661487
9.90283487330921 0.0013991918669301454
9.91000824156224 0.002563496042292839
9.917181609815271 0.0034352099417950376
9.924354978068303 0.0042103551160484615
9.931528346321333 0.005636694017931668
9.938701714574364 0.008197095056101018
9.945875082827396 0.011555170342508128
9.953048451080425 0.015049539663625757
9.960221819333457 0.018067859906761644
9.967395187586488 0.020155293202202038
9.97456855583952 0.0210390275927396
9.98174192409255 0.020643010981752613
9.988915292345581 0.01908872453299076
9.996088660598613 0.016639937377821715
10.003262028851642 0.013610343093836717
10.010435397104674 0.01029970784938821
10.017608765357705 0.006979427635702408
10.024782133610735 0.003936444346189916
10.031955501863767 0.00194370718471734
10.039128870116798 0.002863844028225211
10.046302238369828 0.004712016676152537
10.05347560662286 0.006194005131212528
10.06064897487589 0.006989667127613304
10.06782234312892 0.006907775917461044
10.074995711381952 0.005911171656109658
10.082169079634983 0.004324441248600478
10.089342447888015 0.003339112402128928
10.096515816141045 0.004262515970096596
10.103689184394076 0.005613760632362534
10.110862552647108 0.005846966688597033
10.118035920900137 0.004322895609194248
10.125209289153169 0.001022696421227809
10.1323826574062 0.003523091061289269
10.13955602565923 0.008332736128751109
10.146729393912262 0.012209442638439805
10.153902762165293 0.014128018365434864
10.161076130418323 0.01364965320587306
10.168249498671354 0.011239112608200546
10.175422866924386 0.008579628890007674
10.182596235177416 0.008191766745371509
10.189769603430447 0.009663342217048163
10.196942971683479 0.01024247976046683
10.204116339936508 0.008796806474922474
10.21128970818954 0.006528006327875125
10.218463076442571 0.00745001590123063
10.225636444695603 0.011334948889026239
10.232809812948632 0.014472610399542436
10.239983181201664 0.015270915034392579
10.247156549454695 0.013894617052778531
10.254329917707725 0.012383474375600667
10.261503285960757 0.013519174536459694
10.268676654213788 0.016654288732950558
10.275850022466818 0.018909030189131423
10.28302339071985 0.01856374213006855
10.29019675897288 0.015398555967044246
10.29737012722591 0.0104177917089136
10.304543495478942 0.005877226654872314
10.311716863731974 0.005444148252157523
10.318890231985003 0.007136243890833008
10.326063600238035 0.007281381875486811
10.333236968491066 0.00553629360636261
10.340410336744096 0.00308155905016228
10.347583704997128 0.0029424551567369533
10.354757073250159 0.0046282811285114625
10.36193044150319 0.005366019290966826
10.36910380975622 0.004706567440684047
10.376277178009252 0.00296573978999668
10.383450546262283 0.0015343267298811118
10.390623914515313 0.0039194217527875495
10.397797282768344 0.007656429285229446
10.404970651021376 0.011682012796768719
10.412144019274406 0.015282513436431984
10.419317387527437 0.017618216537577655
10.426490755780469 0.018017923117841048
10.433664124033498 0.01626263149816899
10.44083749228653 0.012704369246042785
10.448010860539561 0.008217258995363026
10.455184228792591 0.004157886095187232
10.462357597045623 0.0029125996128253804
10.469530965298654 0.004132725034278685
10.476704333551684 0.005145671258795204
10.483877701804715 0.0063654119003695945
10.491051070057747 0.008491210679811715
10.498224438310778 0.01116601029285671
10.505397806563808 0.013602699080603436
10.51257117481684 0.015160597476347883
10.519744543069871 0.015432573307879015
10.5269179113229 0.014252056760273534
10.534091279575932 0.011746337922740657
10.541264647828964 0.008405715619115378
10.548438016081993 0.005068229456934903
10.555611384335025 0.0026206322264052135
10.562784752588056 0.0011384239851282116
10.569958120841086 0.0023925009449951968
10.577131489094118 0.006732783261996494
10.58430485734715 0.012388130701616715
10.591478225600179 0.017981455224727293
10.59865159385321 0.022010919461789975
10.605824962106242 0.023279778718208275
10.612998330359272 0.02129730194304453
10.620171698612303 0.0165152469357206
10.627345066865335 0.010353615899688962
10.634518435118366 0.005433612807960321
10.641691803371396 0.005225123338650271
10.648865171624427 0.006129355919763583
10.656038539877459 0.004729967228920106
10.663211908130489 0.0016355555410298562
10.67038527638352 0.004616326435898872
10.677558644636552 0.00926661850431038
10.684732012889581 0.012564137921963071
10.691905381142613 0.014009500894568162
10.699078749395644 0.014156357764764966
10.706252117648674 0.014222252623200775
10.713425485901706 0.014922580728066279
10.720598854154737 0.015677725743023996
10.727772222407767 0.015441613352101775
10.734945590660798 0.01363927803903983
10.74211895891383 0.010339027671814664
10.74929232716686 0.0061178573096716884
10.756465695419891 0.0022354150793601046
10.763639063672922 0.003673129942200157
10.770812431925954 0.0068914609693134085
10.777985800178984 0.009003612285218213
10.785159168432015 0.009499928118916173
10.792332536685047 0.008645937850570228
10.799505904938076 0.008352221686709472
10.806679273191108 0.011107887487670973
10.81385264144414 0.01579747932035313
10.821026009697169 0.019920289161301643
10.8281993779502 0.02169767879462588
10.835372746203232 0.020231116798951457
10.842546114456262 0.015671935759628258
10.849719482709293 0.009259361745714283
10.856892850962325 0.004007096549001488
10.864066219215355 0.005936675533086602
10.871239587468386 0.008526299217553567
10.878412955721418 0.008236784634259819
10.885586323974447 0.005314850212932676
10.892759692227479 0.0030856944323525586
10.89993306048051 0.006766267891632745
10.907106428733542 0.010485861094875946
10.914279796986571 0.011973172572678357
10.921453165239603 0.010794044322100802
10.928626533492634 0.007417151608753502
10.935799901745664 0.002956552845980138
10.942973269998696 0.0016916407802812917
10.950146638251727 0.00465121827493116
10.957320006504757 0.005857956067508326
10.964493374757788 0.00527458669099987
10.97166674301082 0.003522371419028136
10.97884011126385 0.0017682004435401065
10.986013479516881 0.0017390945451367212
10.993186847769913 0.00214461772556097
11.000360216022942 0.0015610869254014813
11.007533584275974 0.0002244251384421949
11.014706952529005 0.0023757660460656804
11.021880320782037 0.004955624578639369
11.029053689035067 0.007434942013532576
11.036227057288098 0.009434827857626686
11.04340042554113 0.010550317140121671
11.05057379379416 0.01038396050645284
11.05774716204719 0.00869155333154877
11.064920530300222 0.00564290928963885
11.072093898553252 0.0030678569837722896
11.079267266806283 0.0058203907988506505
11.086440635059315 0.009994088517421796
11.093614003312345 0.013007415707619365
11.100787371565376 0.014024578232361369
11.107960739818408 0.012807155764028234
11.115134108071437 0.00966197918412499
11.122307476324469 0.005500614869423587
11.1294808445775 0.0031921877359919757
11.13665421283053 0.005930862337575402
11.143827581083562 0.008783435541731673
11.151000949336593 0.010096692836475117
11.158174317589625 0.009643371399708292
11.165347685842654 0.007655223704899522
11.172521054095686 0.004759701228277862
11.179694422348717 0.0030406441114217623
11.186867790601747 0.0055361212963566005
11.194041158854779 0.009089854147295238
11.20121452710781 0.012138246137961614
11.20838789536084 0.014195353835949425
11.215561263613871 0.015038750960149666
11.222734631866903 0.0146565202229056
11.229908000119933 0.013275717090131948
11.237081368372964 0.01133596407411389
11.244254736625996 0.009342281633424883
11.251428104879025 0.007622931776148759
11.258601473132057 0.006211495032957955
11.265774841385088 0.005232268276558263
11.272948209638118 0.005529411130287872
11.28012157789115 0.007620140960576444
11.287294946144181 0.010636927814548003
11.294468314397212 0.013621321191167142
11.301641682650242 0.015954662159584986
11.308815050903274 0.017308711327625424
11.315988419156305 0.01760930680071424
11.323161787409335 0.016995889826059082
11.330335155662366 0.015771426345572097
11.337508523915398 0.014337180299658426
11.344681892168428 0.013085996333131334
11.351855260421459 0.01223349551731113
11.35902862867449 0.011673994766833121
11.36620199692752 0.01104638829828061
11.373375365180552 0.009988726797054408
11.380548733433583 0.008353470538330252
11.387722101686613 0.006280599122646941
11.394895469939645 0.004211356922686976
11.402068838192676 0.00299101510252112
11.409242206445706 0.0031986902623125446
11.416415574698737 0.0037400420754354104
11.423588942951769 0.0036187245239779385
11.4307623112048 0.0024481516345020164
11.43793567945783 0.000223337696332391
11.445109047710861 0.0033772968245826124
11.452282415963893 0.007698921986072266
11.459455784216923 0.01246763075833415
11.466629152469954 0.017098763504320484
11.473802520722986 0.020929369188964504
11.480975888976015 0.023375467856381046
11.488149257229047 0.024062837269372795
11.495322625482078 0.022894914489832795
11.502495993735108 0.020103315002948888
11.50966936198814 0.01627336593339747
11.516842730241171 0.012333945397605798
11.5240160984942 0.009529946832933055
11.531189466747232 0.008820983636297432
11.538362835000264 0.009507122676467326
11.545536203253294 0.010150189381837024
11.552709571506325 0.010086404476404031
11.559882939759357 0.009346827456193228
11.567056308012388 0.008345504887580594
11.574229676265418 0.007697748400211865
11.58140304451845 0.00787779621409703
11.58857641277148 0.00871678168336893
11.59574978102451 0.009522860702277713
11.602923149277542 0.009594397408387372
11.610096517530573 0.008487960080072597
11.617269885783603 0.006203648476799433
11.624443254036635 0.003874149139233514
11.631616622289666 0.005140915521550046
11.638789990542696 0.008807069887817055
11.645963358795727 0.011975771364699943
11.653136727048759 0.013528550303355508
11.660310095301789 0.01305365418254685
11.66748346355482 0.010922755934738616
11.674656831807852 0.008797758278463776
11.681830200060881 0.009454795003624967
11.689003568313913 0.012618417184539885
11.696176936566944 0.015597998031024442
11.703350304819976 0.016831804980568632
11.710523673073006 0.016026489298443435
11.717697041326037 0.014201246606679062
11.724870409579069 0.013635233147120455
11.732043777832098 0.0156876454758275
11.73921714608513 0.018640626236649895
11.746390514338161 0.02013571148754054
11.753563882591191 0.018824580116663936
11.760737250844223 0.014408404149359226
11.767910619097254 0.007506539797405681
11.775083987350284 0.0008719751987628855
11.782257355603315 0.008362646055835391
11.789430723856347 0.014224777772223907
11.796604092109376 0.017304648127036304
11.803777460362408 0.017343332915348394
11.81095082861544 0.01477644140036546
11.81812419686847 0.010521222653047274
11.8252975651215 0.005687772306359738
11.832470933374532 0.001993070464421146
11.839644301627564 0.0039385019364820565
11.846817669880593 0.006594954393632069
11.853991038133625 0.008053173205710225
11.861164406386656 0.008278354574116652
11.868337774639686 0.008244999139240308
11.875511142892718 0.010046731959326111
11.882684511145749 0.014165580529604292
11.889857879398779 0.018800238101831453
11.89703124765181 0.022086582453096543
11.904204615904842 0.02279680230332741
11.911377984157872 0.020498374828700032
11.918551352410903 0.015625387706471164
11.925724720663935 0.009393313101982293
11.932898088916964 0.003829679299870308
11.940071457169996 0.003820392417919885
11.947244825423027 0.006354875047909461
11.954418193676057 0.007850198392974267
11.961591561929088 0.009026918013688181
11.96876493018212 0.010283782151538712
11.975938298435151 0.01077824803630021
11.983111666688181 0.009399908457477821
11.990285034941213 0.005736163447671013
11.997458403194244 0.0013125637402762768
12.004631771447274 0.006186568066193236
12.011805139700305 0.011146582813551497
12.018978507953337 0.013720598500894533
12.026151876206367 0.013158162221261205
12.033325244459398 0.009698727652824587
12.04049861271243 0.005088252746772664
12.04767198096546 0.005602442196306246
12.05484534921849 0.010176163099974458
12.062018717471522 0.013243504838583619
12.069192085724552 0.013559093213928576
12.076365453977584 0.011162467312080567
12.083538822230615 0.006957627649907122
12.090712190483647 0.004147725086172431
12.097885558736676 0.00799433651238765
12.105058926989708 0.013206525524175117
12.11223229524274 0.01722185641431183
12.119405663495769 0.019242039839888304
12.1265790317488 0.01894670247945886
12.133752400001832 0.016445348504921242
12.140925768254862 0.012464288593350116
12.148099136507893 0.008823075699910954
12.155272504760925 0.008570997771301101
12.162445873013954 0.011353121752934299
12.169619241266986 0.01410275975530098
12.176792609520017 0.015497408364871026
12.183965977773047 0.01530020239283487
12.191139346026079 0.013699096935227306
12.19831271427911 0.011037933920060562
12.20548608253214 0.007882613386984946
12.212659450785171 0.005669984646754295
12.219832819038203 0.006378095057006269
12.227006187291234 0.008368156628998648
12.234179555544264 0.009214900565751841
12.241352923797296 0.007924279181449103
12.248526292050327 0.0044018200012118725
12.255699660303357 0.0007935142643234852
12.262873028556388 0.006524203686699921
12.27004639680942 0.011695880022184585
12.27721976506245 0.015366388028506511
12.284393133315481 0.017087875844260476
12.291566501568512 0.016960744710315813
12.298739869821542 0.015540092887001422
12.305913238074574 0.013577805002445048
12.313086606327605 0.011695782841103394
12.320259974580635 0.010184528636317648
12.327433342833666 0.009031845613275852
12.334606711086698 0.008068170258493877
12.341780079339728 0.00714490934413905
12.34895344759276 0.00644776929188411
12.35612681584579 0.006699306998817052
12.363300184098822 0.008232464832655233
12.370473552351852 0.010204317742429391
12.377646920604883 0.01156181646406735
12.384820288857915 0.011674094641119296
12.391993657110945 0.010419164864247734
12.399167025363976 0.00815102829997322
12.406340393617008 0.005564038771174744
12.413513761870037 0.0034146384976164977
12.420687130123069 0.002199525142796026
12.4278604983761 0.0020371506469273343
12.43503386662913 0.0026065569339600967
12.442207234882162 0.0031385752801188875
12.449380603135193 0.002856889047095956
12.456553971388223 0.001369538596797308
12.463727339641254 0.0017548556081946971
12.470900707894286 0.005078381264909006
12.478074076147315 0.00807343838336756
12.485247444400347 0.009651615466459353
12.492420812653378 0.009157388035026614
12.49959418090641 0.006729303948426009
12.50676754915944 0.004262521200206933
12.513940917412471 0.005950599874734717
12.521114285665503 0.009208057309189981
12.528287653918532 0.010981349429003008
12.535461022171564 0.010646858983820458
12.542634390424595 0.009078727087183517
12.549807758677625 0.008507950402477968
12.556981126930657 0.009859818152784108
12.564154495183688 0.010951638207002847
12.571327863436718 0.009818259353412078
12.57850123168975 0.005869790395666445
12.58567459994278 0.0005170384976597564
12.59284796819581 0.0075596190382653345
12.600021336448842 0.014043192698616166
12.607194704701874 0.01841177620079613
12.614368072954903 0.019845000934540655
12.621541441207935 0.018316430691869785
12.628714809460966 0.014539452318107606
12.635888177713998 0.009717750429456173
12.643061545967027 0.005256943137566358
12.650234914220059 0.0027854974467728653
12.65740828247309 0.002928795296526366
12.66458165072612 0.003198955155606572
12.671755018979152 0.00280229161345926
12.678928387232183 0.0019148202776229823
12.686101755485213 0.0005821861742706335
12.693275123738244 0.0013744069685130984
12.700448491991276 0.0038753477277348835
12.707621860244306 0.00665704401875191
12.714795228497337 0.009259876783368676
12.721968596750369 0.011255447663005342
12.729141965003398 0.012422578712225614
12.73631533325643 0.01284896750180359
12.743488701509461 0.01288131335474513
12.750662069762491 0.012944884304641214
12.757835438015523 0.013337979640576304
12.765008806268554 0.014161016010638183
12.772182174521586 0.015451619895669257
12.779355542774615 0.017271721204071017
12.786528911027647 0.01952037483055546
12.793702279280678 0.021708447767261586
12.800875647533708 0.02302729963613187
12.80804901578674 0.022681247302937416
12.815222384039771 0.020286634710571683
12.8223957522928 0.016240908645672462
12.829569120545832 0.012137025151868198
12.836742488798864 0.010774683242862756
12.843915857051893 0.012495149892483261
12.851089225304925 0.01400211922898367
12.858262593557956 0.013139256338722502
12.865435961810986 0.009609033764915412
12.872609330064018 0.0051668928254615725
12.87978269831705 0.006622606146413873
12.886956066570079 0.01191189843183653
12.89412943482311 0.015754747754189894
12.901302803076142 0.016841210476434443
12.908476171329173 0.01506171955447535
12.915649539582203 0.01106571125484213
12.922822907835235 0.00592737039374562
12.929996276088266 0.0007565073685504444
12.937169644341296 0.0038703411892429605
12.944343012594327 0.007561887434039668
12.951516380847359 0.010391035299205735
12.958689749100389 0.012267567866156272
12.96586311735342 0.012911176082691534
12.973036485606452 0.01217000734694183
12.980209853859481 0.01057605864785502
12.987383222112513 0.009830880732222033
12.994556590365544 0.011516851028669946
13.001729958618574 0.014510902970810265
13.008903326871605 0.016828897309638713
13.016076695124637 0.017351565198430664
13.023250063377667 0.015803777904188458
13.030423431630698 0.012566344711775142
13.03759679988373 0.00845339803172196
13.044770168136761 0.004382445085246018
13.05194353638979 0.0010432128300085794
13.059116904642822 0.0013075087631891345
13.066290272895854 0.002842304834710488
13.073463641148884 0.004015378633464322
13.080637009401915 0.005138115884686265
13.087810377654947 0.006206687115896382
13.094983745907976 0.0071145154334703725
13.102157114161008 0.007831560184790977
13.10933048241404 0.008344726239612516
13.116503850667069 0.008533767815056218
13.1236772189201 0.008208872058166564
13.130850587173132 0.007268267199964188
13.138023955426162 0.005819220614287098
13.145197323679193 0.004253397502260265
13.152370691932225 0.0032484303178010694
13.159544060185256 0.003129980696593921
13.166717428438286 0.003151101609090183
13.173890796691317 0.0027690147158731877
13.181064164944349 0.002869792437477996
13.188237533197379 0.004873504929669394
13.19541090145041 0.007982317102669029
13.202584269703442 0.011177440449710857
13.209757637956471 0.013762760876318489
13.216931006209503 0.015262600529727072
13.224104374462534 0.015465960308067014
13.231277742715564 0.014456945753547138
13.238451110968596 0.012550001792173625
13.245624479221627 0.010133758511570362
13.252797847474657 0.0075138784904086155
13.259971215727688 0.004854115454699121
13.26714458398072 0.002282690139838252
13.27431795223375 0.0013435720798804793
13.281491320486781 0.003543742923500874
13.288664688739813 0.005772836471992754
13.295838056992844 0.007485130986555386
13.303011425245874 0.008451420265091748
13.310184793498905 0.008597798594974499
13.317358161751937 0.008069674353817136
13.324531530004966 0.007299065488837328
13.331704898257998 0.006961479732994562
13.33887826651103 0.007475515886938917
13.34605163476406 0.0084438069257022
13.35322500301709 0.009115999408725883
13.360398371270122 0.009001431143516083
13.367571739523152 0.007999654281488095
13.374745107776183 0.006334395618819891
13.381918476029215 0.004433436601110722
13.389091844282245 0.0027831818019558806
13.396265212535276 0.001842090025607974
13.403438580788308 0.0019086581727882058
13.410611949041337 0.0026005381898171784
13.417785317294369 0.0033388608479389026
13.4249586855474 0.0036908316320856988
13.432132053800432 0.003381739445420854
13.439305422053462 0.002416966874360023
13.446478790306493 0.0011462871966389588
13.453652158559525 0.0003151464694441062
13.460825526812554 0.00045627215566528565
13.467998895065586 0.0017351198583692889
13.475172263318617 0.004788853036577895
13.482345631571647 0.009121190106653238
13.489518999824679 0.013911675097434954
13.49669236807771 0.01813645887001174
13.50386573633074 0.020859396586736783
13.511039104583771 0.021558928723840753
13.518212472836803 0.020389701745259958
13.525385841089832 0.018244458526296074
13.532559209342864 0.016397294960479803
13.539732577595895 0.015511708629486896
13.546905945848925 0.01489652509390697
13.554079314101957 0.013360466345647238
13.561252682354988 0.010410128900549086
13.56842605060802 0.006693391071860399
13.57559941886105 0.0046660090350400816
13.58277278711408 0.006333907221087683
13.589946155367112 0.008239608551384288
13.597119523620142 0.008517266647061966
13.604292891873174 0.007078972033278936
13.611466260126205 0.004626681465363471
13.618639628379235 0.002225949253269458
13.625812996632266 0.0008770836038449674
13.632986364885298 0.0010403536537956348
13.640159733138328 0.0031540931917021803
13.647333101391359 0.006529599902428198
13.65450646964439 0.010093411492926564
13.66167983789742 0.012672432042288025
13.668853206150452 0.013329059547821261
13.676026574403483 0.011683185711365722
13.683199942656513 0.008138328879078352
13.690373310909544 0.0042420240582397096
13.697546679162576 0.00411717785973928
13.704720047415607 0.00643389175259815
13.711893415668637 0.007167055065543255
13.719066783921669 0.005871920372890135
13.7262401521747 0.004136655644166035
13.73341352042773 0.005238170173143728
13.740586888680761 0.007438796089287693
13.747760256933793 0.007911392359607961
13.754933625186823 0.006148761328056503
13.762106993439854 0.0055638655577906595
13.769280361692886 0.010734022649749002
13.776453729945915 0.017421703178558068
13.783627098198947 0.022517965616258
13.790800466451978 0.024339700550593698
13.797973834705008 0.022303514830727924
13.80514720295804 0.01723464804228997
13.812320571211071 0.01210815217351109
13.8194939394641 0.012333413038507424
13.826667307717132 0.017019341090186223
13.833840675970164 0.02098848146636588
13.841014044223195 0.022229934299445853
13.848187412476225 0.020609064719680627
13.855360780729256 0.016927844250439326
13.862534148982288 0.01233421135007647
13.869707517235318 0.007806453392520699
13.87688088548835 0.0039212865494860655
13.88405425374138 0.0010126772688775524
13.89122762199441 0.0007547023591388739
13.898400990247442 0.000777306536660398
13.905574358500473 0.0016912340253603096
13.912747726753503 0.00564973294757197
13.919921095006535 0.010785178921493159
13.927094463259566 0.015710692141185444
13.934267831512596 0.0188847537873986
13.941441199765627 0.019063718061320612
13.948614568018659 0.015823645371996535
13.955787936271689 0.010157091689932299
13.96296130452472 0.00687701902435245
13.970134672777752 0.011610236799952992
13.977308041030783 0.017064527714050214
13.984481409283813 0.019509377026258955
13.991654777536844 0.01813216157903104
13.998828145789876 0.013507907323743077
14.006001514042905 0.007142565598257297
14.013174882295937 0.0009181475042055015
14.020348250548968 0.003821483220291861
14.027521618801998 0.006497486154082033
14.03469498705503 0.008331626559341842
14.041868355308061 0.0110658760731926
14.049041723561091 0.014554932504228763
14.056215091814122 0.017167997917820033
14.063388460067154 0.017594784641151873
14.070561828320184 0.015533419156308154
14.077735196573215 0.011743657700638739
14.084908564826247 0.007800083935286162
14.092081933079276 0.0054099527793735665
14.099255301332308 0.004845397733893653
14.10642866958534 0.00599310597557125
14.11360203783837 0.009849071673720768
14.1207754060914 0.01529466993238511
14.127948774344432 0.0202512256917202
14.135122142597464 0.022981854582228366
14.142295510850493 0.022564088886805337
14.149468879103525 0.01927349138494912
14.156642247356556 0.015053802314690296
14.163815615609586 0.013720910817256403
14.170988983862618 0.016748658251855952
14.178162352115649 0.02075247173111302
14.185335720368679 0.023252757016475143
14.19250908862171 0.02367907387501245
14.199682456874742 0.02245978410691721
14.206855825127771 0.020347473545892152
14.214029193380803 0.017965177925709713
14.221202561633834 0.015696173752370483
14.228375929886866 0.013829392284527042
14.235549298139896 0.012553131582580356
14.242722666392927 0.011661426424312312
14.249896034645959 0.010542469880393406
14.257069402898988 0.008676352632664735
14.26424277115202 0.0060391287169655646
14.271416139405051 0.0030997839349966865
14.278589507658081 0.0007640518234677996
14.285762875911113 0.00187770315166685
14.292936244164144 0.003491976722913632
14.300109612417174 0.0052588236519644175
14.307282980670205 0.0071582281541646385
14.314456348923237 0.008642297543739031
14.321629717176267 0.009299146774495889
14.328803085429298 0.009543237404149614
14.33597645368233 0.010756224406808812
14.34314982193536 0.013727383716675104
14.35032319018839 0.01746778317673161
14.357496558441422 0.02050387986049347
14.364669926694454 0.02184515993849706
14.371843294947483 0.021209684605558637
14.379016663200515 0.01902807005396725
14.386190031453546 0.01625348499940395
14.393363399706576 0.01390696700199543
14.400536767959608 0.01243269157714564
14.40771013621264 0.011443193558196351
14.414883504465669 0.0102905851428462
14.4220568727187 0.008681918967953112
14.429230240971732 0.006823331975232356
14.436403609224762 0.0053317218316926455
14.443576977477793 0.004769652540828992
14.450750345730825 0.0047634539605983135
14.457923713983854 0.004746457155996536
14.465097082236886 0.005677929489958456
14.472270450489917 0.008922792631286239
14.479443818742947 0.013701691685726302
14.486617186995979 0.01848531817094723
14.49379055524901 0.02191659681542587
14.500963923502042 0.023073930577074655
14.508137291755071 0.021711833208564225
14.515310660008103 0.018393422016101908
14.522484028261134 0.014417333767739217
14.529657396514164 0.011345408152655336
14.536830764767195 0.00993208415445127
14.544004133020227 0.00974349739219903
14.551177501273257 0.010717899192332906
14.558350869526288 0.013196417871136115
14.56552423777932 0.01633183839778828
14.57269760603235 0.01847618246178323
14.579870974285381 0.0183247743159878
14.587044342538412 0.015460653070322818
14.594217710791442 0.010483164025479498
14.601391079044474 0.00493012895570148
14.608564447297505 0.0026166051461183897
14.615737815550535 0.00456240592493824
14.622911183803566 0.0046054614531892985
14.630084552056598 0.0022532134485236262
14.63725792030963 0.0015108914378456598
14.644431288562659 0.00495423065707069
14.65160465681569 0.0065721937960635055
14.658778025068722 0.005333285623611384
14.665951393321752 0.0011469310341892145
14.673124761574783 0.005160877519602999
14.680298129827815 0.0120043575389992
14.687471498080845 0.017694448584556988
14.694644866333876 0.020862661179276255
14.701818234586908 0.020880650602773686
14.708991602839937 0.01805138533150911
14.716164971092969 0.013482092770123568
14.723338339346 0.008614010650281638
14.73051170759903 0.004570153269411447
14.737685075852061 0.0018461779320898852
14.744858444105093 0.0026491730109320056
14.752031812358123 0.005606278001452711
14.759205180611154 0.008330658676716977
14.766378548864186 0.009750641317506829
14.773551917117217 0.009377392049096827
14.780725285370247 0.008007755536422762
14.787898653623278 0.00841631042795163
14.79507202187631 0.01187349206848535
14.80224539012934 0.015925913915195586
14.809418758382371 0.018570150746261612
14.816592126635403 0.01899849231735066
14.823765494888432 0.017330164627280983
14.830938863141464 0.014367778735846515
14.838112231394495 0.011381386697726939
14.845285599647525 0.00987024771760878
14.852458967900557 0.010563440036811556
14.859632336153588 0.012657504475238083
14.866805704406618 0.015035609688374823
14.87397907265965 0.01678099458749532
14.88115244091268 0.017112993281735267
14.88832580916571 0.01559414763579519
14.895499177418742 0.012307229046891063
14.902672545671773 0.007849339574615042
14.909845913924805 0.0032626903188729688
14.917019282177835 0.0018017774874472068
14.924192650430866 0.0038918584995393385
14.931366018683898 0.004478911872227254
14.938539386936927 0.0034781874795489906
14.945712755189959 0.00199168756193606
14.95288612344299 0.0028450013073536497
14.96005949169602 0.004763531391756586
14.967232859949052 0.00593100922970831
14.974406228202083 0.006003384042122565
14.981579596455113 0.005299433749944905
14.988752964708144 0.004872419767316747
14.995926332961176 0.00597340736242817
15.003099701214206 0.008349215162617952
15.010273069467237 0.01111603782324991
15.017446437720269 0.013763771316990855
15.024619805973298 0.01600647258831939
15.03179317422633 0.017598336980709745
15.038966542479361 0.01825843510693686
15.046139910732393 0.017694661627779374
15.053313278985422 0.015696406130253044
15.060486647238454 0.012246890472323605
15.067660015491485 0.007637131877134226
15.074833383744515 0.0028830673922355145
15.082006751997547 0.0041025215766302475
15.089180120250578 0.008200275466659161
15.096353488503608 0.01090684385874202
15.10352685675664 0.011624936337202288
15.110700225009671 0.010363942246640667
15.1178735932627 0.007627359615937843
15.125046961515732 0.00436920045294582
15.132220329768764 0.002361655810094003
15.139393698021793 0.0031511943425164496
15.146567066274825 0.00388033701399672
15.153740434527856 0.003459720222886561
15.160913802780886 0.00211532173829838
15.168087171033918 0.00043682645089248743
15.175260539286949 0.0010582122642440919
15.18243390753998 0.0020405554547402514
15.18960727579301 0.0027765517566340913
15.196780644046042 0.0037179642936398206
15.203954012299073 0.004845258498582921
15.211127380552103 0.005735228167895189
15.218300748805135 0.00616418418809371
15.225474117058166 0.006492838924467936
15.232647485311196 0.007454141140123792
15.239820853564227 0.009134119183252723
15.246994221817259 0.010808712370655484
15.254167590070288 0.011870767419479723
15.26134095832332 0.01240585401399447
15.268514326576351 0.013198308255070443
15.275687694829381 0.014938733562554667
15.282861063082413 0.01721664331410389
15.290034431335444 0.01883634407342767
15.297207799588476 0.018770869536147736
15.304381167841505 0.016640548089659916
15.311554536094537 0.012800011978922849
15.318727904347568 0.008300815391057882
15.325901272600598 0.005021413836419536
15.33307464085363 0.004884473892897626
15.340248009106661 0.005745929108492574
15.34742137735969 0.005552297830913015
15.354594745612722 0.004300790600052095
15.361768113865754 0.0027501245284870545
15.368941482118784 0.0019146249355387723
15.376114850371815 0.0025310643080675467
15.383288218624847 0.004345114021142408
15.390461586877876 0.0068902437477311946
15.397634955130908 0.009415913990599824
15.40480832338394 0.011039457411438991
15.411981691636969 0.011118447763783144
15.41915505989 0.009516483727854535
15.426328428143032 0.006708746080565971
15.433501796396063 0.003757111533385021
15.440675164649093 0.0022899191012036328
15.447848532902125 0.0025470914478020294
15.455021901155156 0.0032055415331024555
15.462195269408186 0.005240730720576425
15.469368637661217 0.008414992898671958
15.476542005914249 0.011256969763533936
15.483715374167279 0.01241713161848068
15.49088874242031 0.011065368560370995
15.498062110673342 0.0071263062375881946
15.505235478926371 0.0016385218353109406
15.512408847179403 0.005731796111767651
15.519582215432434 0.011724382101042465
15.526755583685464 0.01596354210640893
15.533928951938496 0.017750037495889538
15.541102320191527 0.01707720687166927
15.548275688444557 0.014501639006908313
15.555449056697588 0.010863362562503608
15.56262242495062 0.0070547617484519026
15.569795793203651 0.004376372110251779
15.576969161456681 0.005075803028087477
15.584142529709712 0.007772018396391707
15.591315897962744 0.010221886258071402
15.598489266215774 0.01158184709108286
15.605662634468805 0.011552475061223534
15.612836002721837 0.010319243751311815
15.620009370974866 0.008505397652944903
15.627182739227898 0.006884314763973826
15.63435610748093 0.006092415472523434
15.64152947573396 0.006615628970006461
15.64870284398699 0.008493393939011001
15.655876212240022 0.01102015486721417
15.663049580493052 0.013136444970030508
15.670222948746083 0.013820809576814412
15.677396316999115 0.012397579085295225
15.684569685252145 0.008787853813117932
15.691743053505176 0.003570831050736116
15.698916421758208 0.002245593940765088
15.706089790011239 0.007427488869397401
15.713263158264269 0.01106368601914847
15.7204365265173 0.01266581837087792
15.727609894770332 0.012341588703052837
15.734783263023361 0.010706412946971609
15.741956631276393 0.008613459024888968
15.749129999529424 0.006808933210973609
15.756303367782454 0.005695798657890898
15.763476736035486 0.005309274115582517
15.770650104288517 0.005331139272400237
15.777823472541547 0.005160888059895596
15.784996840794578 0.0042418412768593875
15.79217020904761 0.002405195494347795
15.79934357730064 0.0007588431315621679
15.806516945553671 0.0028522656868159137
15.813690313806703 0.004442864106965743
15.820863682059732 0.004493586783900376
15.828037050312764 0.002784184033138614
15.835210418565795 0.0010517111771355576
15.842383786818827 0.004471937744167079
15.849557155071857 0.007711023723065675
15.856730523324888 0.009505676572189078
15.86390389157792 0.00949059311020881
15.87107725983095 0.008316176271961158
15.87825062808398 0.007824414270878238
15.885423996337012 0.00922923602433671
15.892597364590042 0.01103557466875654
15.899770732843074 0.011506892143904239
15.906944101096105 0.01003761232604331
15.914117469349135 0.007026221751264816
15.921290837602166 0.0036107425681714427
15.928464205855198 0.0018077535034310731
15.935637574108227 0.002166414626193248
15.942810942361259 0.0015588885668589795
15.94998431061429 0.0015016099915269043
15.95715767886732 0.004175300046435577
15.964331047120352 0.00649356016443436
15.971504415373383 0.007188521059050715
15.978677783626415 0.005892681399827344
15.985851151879444 0.0043149586793621445
15.993024520132476 0.007067117317186816
16.000197888385507 0.012031521352620088
16.007371256638535 0.01616729061464802
16.014544624891567 0.01817908784290392
16.0217179931446 0.017717125539009275
16.02889136139763 0.015221807042062331
16.03606472965066 0.011667056062398349
16.04323809790369 0.008133889854596846
16.05041146615672 0.005343473713056869
16.057584834409752 0.0038224711182401816
16.064758202662784 0.004635541145381293
16.071931570915815 0.007055994206954698
16.079104939168847 0.009354483106451986
16.086278307421875 0.010457376616877297
16.093451675674906 0.009912463475412837
16.100625043927938 0.007942512440183132
16.10779841218097 0.005400580510951529
16.114971780434 0.003490007165268178
16.122145148687032 0.0025721508447150558
16.12931851694006 0.0013704660387313813
16.13649188519309 0.0019009893280974909
16.143665253446123 0.005518045641746586
16.150838621699155 0.009362814283876282
16.158011989952186 0.012252528191769363
16.165185358205218 0.013372550104068714
16.17235872645825 0.012486742517543862
16.179532094711277 0.010051514820972935
16.18670546296431 0.007292934818997224
16.19387883121734 0.006158310986009459
16.20105219947037 0.007094234984431323
16.208225567723403 0.008120637046579046
16.215398935976435 0.008063321132012717
16.222572304229463 0.0068522190761327855
16.229745672482494 0.005143343928887944
16.236919040735525 0.0044907519685674704
16.244092408988557 0.0059409804103573455
16.25126577724159 0.008079334628606067
16.25843914549462 0.009700165351447354
16.265612513747648 0.010394108617754558
16.27278588200068 0.010371188352538606
16.27995925025371 0.010372547745342459
16.287132618506742 0.011039792945424336
16.294305986759774 0.012023286542772904
16.301479355012805 0.012269619559244544
16.308652723265837 0.010944157701849868
16.315826091518865 0.007881822806049075
16.322999459771896 0.0036948993741198703
16.330172828024928 0.0019779976436181514
16.33734619627796 0.005257819334298545
16.34451956453099 0.007203591040389949
16.351692932784022 0.007125835195894529
16.35886630103705 0.005498989143102862
16.366039669290082 0.00416263607170929
16.373213037543113 0.005297059553083562
16.380386405796145 0.007115999941875396
16.387559774049176 0.007830866617935296
16.394733142302208 0.00722045577881237
16.401906510555236 0.006164289957265378
16.409079878808267 0.006116186881499484
16.4162532470613 0.00722286496295666
16.42342661531433 0.008315598001132218
16.43059998356736 0.00881162403631967
16.437773351820393 0.008895573851523654
16.444946720073425 0.008870149646990238
16.452120088326453 0.008526932027259371
16.459293456579484 0.007267588690315574
16.466466824832516 0.004705101068077235
16.473640193085547 0.0014452162330428524
16.48081356133858 0.004227674755011127
16.48798692959161 0.008707001128909658
16.495160297844638 0.012460409913833742
16.50233366609767 0.014918059990823814
16.5095070343507 0.01591766338911243
16.516680402603733 0.015662461431842734
16.523853770856764 0.014665166963280907
16.531027139109796 0.013723685720019724
16.538200507362824 0.01373258157812511
16.545373875615855 0.014977455821126312
16.552547243868887 0.01670804201149934
16.559720612121918 0.01777280201607661
16.56689398037495 0.017308477363581452
16.57406734862798 0.015037307235571935
16.581240716881013 0.011415057019183392
16.58841408513404 0.007798279716685608
16.595587453387072 0.006343636772778823
16.602760821640103 0.00697162963378644
16.609934189893135 0.0069159493728133655
16.617107558146166 0.0048340875963479215
16.624280926399198 0.0008040571798971838
16.631454294652226 0.004349046290613852
16.638627662905257 0.009472929518474666
16.64580103115829 0.013486707229276033
16.65297439941132 0.015655524659073893
16.660147767664352 0.015776309503578254
16.667321135917383 0.014206663939303109
16.67449450417041 0.011688632569957051
16.681667872423443 0.008980540353472746
16.688841240676474 0.006435609847295104
16.696014608929506 0.003888403008439873
16.703187977182537 0.0013204986505824011
16.71036134543557 0.0027568431281626503
16.7175347136886 0.005811057766009944
16.72470808194163 0.008121939465438866
16.73188145019466 0.008958728614671226
16.73905481844769 0.007911397605443952
16.746228186700723 0.0049864948386286615
16.753401554953754 0.0006850299473931456
16.760574923206786 0.0043933607749203395
16.767748291459814 0.009062856541485084
16.774921659712845 0.012530105147672709
16.782095027965877 0.014224477503510496
16.789268396218908 0.01409571168711019
16.79644176447194 0.012772221761024329
16.80361513272497 0.011562332610522096
16.810788500978 0.011678686335722785
16.81796186923103 0.01282077800489558
16.825135237484062 0.01368071585702495
16.832308605737094 0.013352120876524
16.839481973990125 0.011636894739512233
16.846655342243157 0.008884310140724268
16.853828710496188 0.0057737129059743835
16.861002078749216 0.0031149079861019398
16.868175447002248 0.0018185468030687036
16.87534881525528 0.0019016631481057892
16.88252218350831 0.001960217214867923
16.889695551761342 0.0017240818037287395
16.896868920014374 0.0016733673082776166
16.9040422882674 0.002306523566981964
16.911215656520433 0.003435035388624166
16.918389024773465 0.00465687947416789
16.925562393026496 0.00563266597747733
16.932735761279528 0.0062001740469083385
16.93990912953256 0.006654860429315179
16.947082497785587 0.007844464109463219
16.95425586603862 0.010338835963852872
16.96142923429165 0.013708890332359315
16.96860260254468 0.017093183638372752
16.975775970797713 0.019728382410799553
16.982949339050744 0.021123232533411612
16.990122707303776 0.021132947700384475
16.997296075556804 0.01995035755655098
17.004469443809835 0.017971570704328726
17.011642812062867 0.015600037299847358
17.0188161803159 0.013117294833276828
17.02598954856893 0.010659769588697738
17.03316291682196 0.008257255611798594
17.04033628507499 0.005898336444193725
17.04750965332802 0.003585219038113935
17.054683021581052 0.0013466302565933901
17.061856389834084 0.0008199125607755094
17.069029758087115 0.0028217842631523644
17.076203126340147 0.004694790003367587
17.083376494593175 0.006442439401339235
17.090549862846206 0.008066266312289266
17.097723231099238 0.009501793244989672
17.10489659935227 0.010579974250882265
17.1120699676053 0.011055557675231371
17.119243335858332 0.010724266518136884
17.126416704111364 0.009606360544499395
17.13359007236439 0.008135860251549182
17.140763440617423 0.007214880597752885
17.147936808870455 0.007523805581336376
17.155110177123486 0.008441217006942586
17.162283545376518 0.008820599180950829
17.16945691362955 0.008030660763291272
17.176630281882577 0.0062400429994741045
17.18380365013561 0.005034184358798796
17.19097701838864 0.006859827208448685
17.19815038664167 0.010452578697734327
17.205323754894703 0.01402618137381559
17.212497123147735 0.016979130476008034
17.219670491400763 0.019328230409456484
17.226843859653794 0.02129421557228938
17.234017227906826 0.022850504062921915
17.241190596159857 0.023552805001450485
17.24836396441289 0.022779538448779564
17.25553733266592 0.020111064539493004
17.26271070091895 0.015648786394657783
17.26988406917198 0.010264523792323073
17.27705743742501 0.00618713988728829
17.284230805678042 0.006663107848807317
17.291404173931074 0.008763996160520619
17.298577542184105 0.009200629062535073
17.305750910437137 0.00743833380575358
17.312924278690165 0.00404702827486784
17.320097646943196 0.0001037369097599056
17.327271015196228 0.0033345765104552125
17.33444438344926 0.0056730924072503726
17.34161775170229 0.007339115969018305
17.348791119955322 0.00947914797191091
17.35596448820835 0.01244613762227083
17.363137856461382 0.015245422716149726
17.370311224714413 0.016608805398260915
17.377484592967445 0.015812704597466854
17.384657961220476 0.012992048799623361
17.391831329473508 0.009182090350126529
17.39900469772654 0.00606081923120985
17.406178065979567 0.004542324079979868
17.4133514342326 0.002875858835414746
17.42052480248563 0.0007477438571527222
17.427698170738662 0.006349149385567521
17.434871538991693 0.012794417712331405
17.442044907244725 0.018464693633038494
17.449218275497753 0.021928938685312056
17.456391643750784 0.0225467859532615
17.463565012003816 0.020921733746927226
17.470738380256847 0.019010859574097427
17.47791174850988 0.018971233007509823
17.48508511676291 0.02054101591332593
17.492258485015938 0.021397031583226256
17.49943185326897 0.0198499078663018
17.506605221522 0.015701919059483458
17.513778589775033 0.009930483916159798
17.520951958028064 0.0042498676130059525
17.528125326281096 0.002163365888053969
17.535298694534127 0.0034319524123805
17.542472062787155 0.00268176062106291
17.549645431040187 0.001316961509307507
17.556818799293218 0.004432511428939122
17.56399216754625 0.007543082926186561
17.57116553579928 0.00898747163642919
17.578338904052313 0.00829703084456359
17.58551227230534 0.006062406693477884
17.592685640558372 0.004551844737101701
17.599859008811404 0.0061062752830947685
17.607032377064435 0.008184449142907002
17.614205745317467 0.008814450318883468
17.621379113570498 0.0076582035431806035
17.628552481823526 0.005215042066348383
17.635725850076557 0.0024551061072393097
17.64289921832959 0.001169848300208429
17.65007258658262 0.0020732803272983233
17.657245954835652 0.0024144468337599597
17.664419323088683 0.0021019226259421913
17.671592691341715 0.0013556842461509612
17.678766059594743 0.0005832854050069696
17.685939427847774 0.0026038713054512353
17.693112796100806 0.005635072378389759
17.700286164353837 0.008657846757557248
17.70745953260687 0.01059040438683283
17.7146329008599 0.010428840099395036
17.72180626911293 0.007636226876457124
17.72897963736596 0.0025315952991390414
17.73615300561899 0.004696473582821117
17.743326373872023 0.011473052727579093
17.750499742125054 0.016730045328571187
17.757673110378086 0.019110162689891352
17.764846478631114 0.018002505154945503
17.772019846884145 0.013714101367735276
17.779193215137177 0.007545080644799147
17.78636658339021 0.003584952931025353
17.79353995164324 0.007574731899188904
17.80071331989627 0.011153623044167567
17.807886688149303 0.012121729835827266
17.81506005640233 0.010562125812224122
17.822233424655362 0.007408303519345478
17.829406792908394 0.004215059212444246
17.836580161161425 0.003236739323761053
17.843753529414457 0.004051785937584669
17.850926897667488 0.004199409639668927
17.858100265920516 0.0033468107414119045
17.865273634173548 0.0020364457835877737
17.87244700242658 0.0009148002640154264
17.87962037067961 0.00020684963718708077
17.886793738932642 0.0011123016430217788
17.893967107185674 0.0028296444665350633
17.901140475438705 0.004776085301218799
17.908313843691733 0.006361267077804716
17.915487211944765 0.007067176346773446
17.922660580197796 0.006621494298306386
17.929833948450828 0.005112571083256096
17.93700731670386 0.0032269930606567752
17.94418068495689 0.003172812461226141
17.95135405320992 0.00535111647479619
17.95852742146295 0.007538462398960022
17.96570078971598 0.008819811246586503
17.972874157969013 0.008820007166062288
17.980047526222044 0.007529497332852451
17.987220894475076 0.005526057655445861
17.994394262728104 0.004661232451703732
18.001567630981135 0.006502319490355014
18.008740999234167 0.009148950678850971
18.0159143674872 0.011081150015241634
18.02308773574023 0.011781287741333631
18.03026110399326 0.011261972782149087
18.037434472246293 0.009837926630562372
18.04460784049932 0.00787578824859706
18.051781208752352 0.005595783012846909
18.058954577005384 0.003364975683703703
18.066127945258415 0.0035160713545391003
18.073301313511447 0.006667328240751345
18.08047468176448 0.01021004749062491
18.087648050017506 0.012972341623118108
18.094821418270538 0.014317585346716665
18.10199478652357 0.014053135903996122
18.1091681547766 0.0124719977332747
18.116341523029632 0.010288817980422346
18.123514891282664 0.008406830477200049
18.13068825953569 0.007384952272956167
18.137861627788723 0.007109554930451181
18.145034996041755 0.007477985652505685
18.152208364294786 0.008621177283592378
18.159381732547818 0.010078836766471925
18.16655510080085 0.010809693037527796
18.17372846905388 0.009849855501490952
18.18090183730691 0.006723606831327533
18.18807520555994 0.001937278753572154
18.19524857381297 0.0055436408892451175
18.202421942066003 0.012339529493157498
18.209595310319035 0.0181485066987982
18.216768678572066 0.021743096068468554
18.223942046825094 0.02238852273532416
18.231115415078126 0.019955530650132867
18.238288783331157 0.014902573938153179
18.24546215158419 0.008196466037753421
18.25263551983722 0.0025862579300868255
18.25980888809025 0.007514017661397011
18.26698225634328 0.01344846965902021
18.27415562459631 0.018075385921566364
18.281328992849343 0.021267108438046734
18.288502361102374 0.023103390160309177
18.295675729355406 0.02361924323085855
18.302849097608437 0.02274752386558467
18.31002246586147 0.020419719182134092
18.317195834114496 0.016730861135511053
18.324369202367528 0.012054211440267198
18.33154257062056 0.007033724085807522
18.33871593887359 0.002441057011866213
18.345889307126622 0.0011061813861391865
18.353062675379654 0.0032590412191192213
18.360236043632682 0.004351593000296852
18.367409411885713 0.005174506331164614
18.374582780138745 0.00632172293277488
18.381756148391776 0.007508515234790469
18.388929516644808 0.008087187104246135
18.39610288489784 0.007685368895364701
18.403276253150867 0.006380259012821254
18.4104496214039 0.004634447842517304
18.41762298965693 0.0030728867487441005
18.424796357909962 0.0020208650614939355
18.431969726162993 0.0011699042290425525
18.439143094416025 0.0010981536095287688
18.446316462669056 0.0026177155849032956
18.453489830922084 0.004157539716516726
18.460663199175116 0.0049200275855930415
18.467836567428147 0.004484473578934346
18.47500993568118 0.002945969894640268
18.48218330393421 0.0019154600393839897
18.48935667218724 0.0038280552554810247
18.49653004044027 0.005927203527987832
18.5037034086933 0.0069936205917687545
18.510876776946333 0.007068645326214304
18.518050145199364 0.007313347951127093
18.525223513452396 0.009096842592780518
18.532396881705427 0.011926286967798702
18.539570249958455 0.014319652684322717
18.546743618211487 0.01519390488282334
18.553916986464518 0.014125993930619028
18.56109035471755 0.011348239837410106
18.56826372297058 0.007615188664445543
18.575437091223613 0.003935323184410553
18.582610459476644 0.0012136828567795843
18.589783827729672 0.0002704196704314435
18.596957195982704 0.0015813962323750206
18.604130564235735 0.0037781585283280642
18.611303932488767 0.006361073178318275
18.618477300741798 0.008337560235065844
18.62565066899483 0.008843618607141472
18.632824037247858 0.007487436328660438
18.63999740550089 0.004777829490294124
18.64717077375392 0.004033592028945606
18.654344142006952 0.007631010038553961
18.661517510259984 0.011459148786682465
18.668690878513015 0.013774986009065496
18.675864246766043 0.013992299661102376
18.683037615019074 0.012187384790413982
18.690210983272106 0.008967600787718456
18.697384351525137 0.005246510275356964
18.70455771977817 0.0019224808623057106
18.7117310880312 0.0011535665321780577
18.718904456284232 0.003563605803591224
18.72607782453726 0.006725656997355448
18.73325119279029 0.010626853509273169
18.740424561043323 0.01457512672644365
18.747597929296354 0.017616232852868625
18.754771297549386 0.018943166259153876
18.761944665802417 0.01814316915327474
18.769118034055445 0.015306735172320177
18.776291402308477 0.011039877363399613
18.78346477056151 0.006515007603540916
18.79063813881454 0.004166953987201274
18.79781150706757 0.005572237921314805
18.804984875320603 0.0071279496424575175
18.81215824357363 0.007366614021732656
18.819331611826662 0.006423568387194182
18.826504980079694 0.005032439262678634
18.833678348332725 0.004226096267244485
18.840851716585757 0.0044395438666198096
18.84802508483879 0.004910033889008297
18.85519845309182 0.004912926064024873
18.862371821344848 0.004126448268211325
18.86954518959788 0.002361893487060053
18.87671855785091 0.0008921571362021998
18.883891926103942 0.004819608489921972
18.891065294356974 0.009680193188121938
18.898238662610005 0.014558365461441436
18.905412030863033 0.018435574422363772
18.912585399116065 0.020312727747824715
18.919758767369096 0.019510532703520652
18.926932135622128 0.015958863250912537
18.93410550387516 0.010467913529645084
18.94127887212819 0.00570000727053147
18.94845224038122 0.007361296525819341
18.95562560863425 0.011232806052234805
18.96279897688728 0.012901945791255332
18.969972345140313 0.011537191404240518
18.977145713393345 0.0076067687646459835
18.984319081646376 0.0031262202942670286
18.991492449899408 0.005161601486161851
18.998665818152435 0.009031873247969358
19.005839186405467 0.010697164242586219
19.0130125546585 0.009615325076114544
19.02018592291153 0.006167502748789164
19.02735929116456 0.0013204011053512409
19.034532659417593 0.003879661624631235
19.04170602767062 0.008372328444839462
19.048879395923652 0.01180806628513269
19.056052764176684 0.014306450529073323
19.063226132429715 0.016124021704849
19.070399500682747 0.017219150363307168
19.07757286893578 0.01721352613574692
19.084746237188806 0.015711380459869074
19.091919605441838 0.01266350376125154
19.09909297369487 0.00854178936434488
19.1062663419479 0.004243434463741178
19.113439710200932 0.000794745158550756
19.120613078453964 0.0010242806004905544
19.127786446706995 0.0010516613354726175
19.134959814960023 0.0016593686850766111
19.142133183213055 0.00433771575756934
19.149306551466086 0.007083642991987703
19.156479919719118 0.008884557998392955
19.16365328797215 0.009343461118849213
19.17082665622518 0.008945619773433678
19.17800002447821 0.009042090364743875
19.18517339273124 0.010482105297946253
19.19234676098427 0.012362593058009175
19.199520129237303 0.01339287914172564
19.206693497490335 0.013058339150431851
19.213866865743366 0.011892980356280333
19.221040233996394 0.011387814036540607
19.228213602249426 0.012661095450061539
19.235386970502457 0.014863053174439327
19.24256033875549 0.01642891429023291
19.24973370700852 0.016431947073121327
19.25690707526155 0.014717086327443299
19.264080443514583 0.011721744779738962
19.27125381176761 0.008229975826172105
19.278427180020643 0.0051231229045366556
19.285600548273674 0.003173972789146917
19.292773916526706 0.002518322654623184
19.299947284779737 0.0022909010092236003
19.30712065303277 0.0021230641246874826
19.314294021285797 0.002549199474673805
19.321467389538828 0.003977034792563419
19.32864075779186 0.006344433977751708
19.33581412604489 0.009490844141975006
19.342987494297923 0.013047530337665467
19.350160862550954 0.016394564169966673
19.357334230803982 0.01879427370201772
19.364507599057013 0.019588817126280876
19.371680967310045 0.018384500110183912
19.378854335563076 0.015181523877318848
19.386027703816108 0.010418965158545988
19.39320107206914 0.004915871337544007
19.40037444032217 0.0006623379960380922
19.4075478085752 0.004401964125963252
19.41472117682823 0.006371119640772612
19.421894545081262 0.005995547622647853
19.429067913334293 0.003494807060370958
19.436241281587325 0.001734453766768178
19.443414649840356 0.006061728525756509
19.450588018093384 0.010429063310106682
19.457761386346416 0.01349814223564114
19.464934754599447 0.014686706188528144
19.47210812285248 0.013910199308978678
19.47928149110551 0.011562910302113155
19.486454859358542 0.008394846761371352
19.49362822761157 0.005276483669562849
19.5008015958646 0.0029148785347609877
19.507974964117633 0.0016558122146191096
19.515148332370664 0.001523659660343675
19.522321700623696 0.0020085798095492245
19.529495068876727 0.0022071102351059507
19.53666843712976 0.0013991291283495515
19.543841805382787 0.0015611816485891403
19.551015173635818 0.005469603888051358
19.55818854188885 0.01047013755495944
19.56536191014188 0.015378723620689693
19.572535278394913 0.018918047807125714
19.579708646647944 0.01995105101421689
19.586882014900972 0.01776952432315744
19.594055383154004 0.012335493436805026
19.601228751407035 0.00439620352805404
19.608402119660067 0.004650684665469697
19.615575487913098 0.013084888777803994
19.62274885616613 0.019315288428472147
19.629922224419158 0.02220824404429166
19.63709559267219 0.021343809457730213
19.64426896092522 0.017116915571198578
19.651442329178252 0.010635377128083701
19.658615697431284 0.0034654456558436573
19.665789065684315 0.003322203053993442
19.672962433937347 0.007969300720246906
19.680135802190375 0.010554888517186408
19.687309170443406 0.011496814448035348
19.694482538696438 0.011753745556097994
19.70165590694947 0.012010835015232025
19.7088292752025 0.01204721739295641
19.716002643455532 0.01115315701755798
19.72317601170856 0.008995348260158053
19.73034937996159 0.006077064569666249
19.737522748214623 0.004074901487355495
19.744696116467654 0.004631102076691857
19.751869484720686 0.005557229283329622
19.759042852973717 0.005125985124315703
19.766216221226745 0.003239538786123247
19.773389589479777 0.0006065970255896997
19.78056295773281 0.0017127410298116645
19.78773632598584 0.0027331485602112523
19.79490969423887 0.0023547270169377386
19.802083062491903 0.00381688843102342
19.809256430744934 0.008375093614074108
19.816429798997962 0.013604708439156175
19.823603167250994 0.017797901066864776
19.830776535504025 0.019659096594651718
19.837949903757057 0.018556664403058268
19.84512327201009 0.01485793233640212
19.85229664026312 0.010537787415306721
19.859470008516148 0.010038801403460489
19.86664337676918 0.013965812354349637
19.87381674502221 0.017751402680461267
19.880990113275242 0.01912831735385633
19.888163481528274 0.017644010287143862
19.895336849781305 0.013852981657379141
19.902510218034333 0.008903837524213132
19.909683586287365 0.004136487626930106
19.916856954540396 0.0008782323534104551
19.924030322793428 0.0017907293398749025
19.93120369104646 0.002923853455853549
19.93837705929949 0.004105854082445981
19.945550427552522 0.005135932712257185
19.95272379580555 0.005208543977325808
19.95989716405858 0.004549343974138444
19.967070532311613 0.006324262394519261
19.974243900564645 0.011466056023311919
19.981417268817676 0.017368607254016045
19.988590637070708 0.021935326792098864
19.995764005323736 0.02363613084888494
20.002937373576767 0.021678217333254927
20.0101107418298 0.016173539628769898
20.01728411008283 0.008133619463898775
20.02445747833586 0.0012289655626107209
20.031630846588893 0.008930932616407585
20.038804214841925 0.014535569679573826
20.045977583094952 0.017157152397895968
20.053150951347984 0.01731667442435821
20.060324319601015 0.016633794943314895
20.067497687854047 0.01673866401869236
20.07467105610708 0.017435350730235936
20.08184442436011 0.017132974805704478
20.089017792613138 0.014726141072420122
20.09619116086617 0.01023432243445022
20.1033645291192 0.004594027232084901
20.110537897372232 0.0008323980586011398
20.117711265625264 0.004600303759884723
20.124884633878295 0.006159986639885658
20.132058002131323 0.006130477741473095
20.139231370384355 0.006751723410398929
20.146404738637386 0.009126379682352222
20.153578106890418 0.011415434836688974
20.16075147514345 0.011865855461114976
20.16792484339648 0.009817174301012237
20.175098211649512 0.005729860137190183
20.18227157990254 0.002215844983981782
20.189444948155572 0.00521857841753783
20.196618316408603 0.007748442999356182
20.203791684661635 0.0075454100087425984
20.210965052914666 0.004735935536977516
20.218138421167698 0.003962026729630283
20.225311789420726 0.00957509829118517
20.232485157673757 0.015417637874948499
20.23965852592679 0.019291904969440037
20.24683189417982 0.020216649851552585
20.25400526243285 0.018014331626907326
20.261178630685883 0.013206492010691488
20.26835199893891 0.006847933187352483
20.275525367191943 0.002438628146713644
20.282698735444974 0.007895898909773229
20.289872103698006 0.013497788580713257
20.297045471951037 0.01767517295643708
20.30421884020407 0.02008419065153336
20.3113922084571 0.020571533212198543
20.318565576710128 0.019173503961780247
20.32573894496316 0.016223133439793595
20.33291231321619 0.012413158844419315
20.340085681469223 0.008729725151099056
20.347259049722254 0.006141977342338024
20.354432417975286 0.0047733983014666284
20.361605786228314 0.0037947303858808126
20.368779154481345 0.003722399346976596
20.375952522734377 0.0061225154689341825
20.383125890987408 0.009744146219611281
20.39029925924044 0.013117849957198792
20.39747262749347 0.015355274164919632
20.4046459957465 0.016003036389791378
20.41181936399953 0.015035649222588019
20.418992732252562 0.012833065412757468
20.426166100505593 0.01014080617219313
20.433339468758625 0.008127607496709136
20.440512837011656 0.008224443695252699
20.447686205264688 0.01054897269230023
20.454859573517716 0.01389144713920549
20.462032941770747 0.017275052319307826
20.46920631002378 0.020069165037048926
20.47637967827681 0.02188825710375328
20.483553046529842 0.022632554533097655
20.490726414782873 0.022488171648752144
20.4978997830359 0.02178171420564144
20.505073151288933 0.020739833908196
20.512246519541964 0.019361266587748647
20.519419887794996 0.01755146313785392
20.526593256048027 0.015393896441500224
20.53376662430106 0.013291261636015869
20.540939992554087 0.011737157090861832
20.54811336080712 0.0107311353636409
20.55528672906015 0.00960835668949969
20.56246009731318 0.007675651355287419
20.569633465566213 0.004773793308816566
20.576806833819244 0.0018411298171433087
20.583980202072276 0.0035598895158402387
20.591153570325304 0.006514995708390132
20.598326938578335 0.008420720584443799
20.605500306831367 0.008973803632277679
20.612673675084398 0.008321197901270061
20.61984704333743 0.006860629911316834
20.62702041159046 0.0050181432288247466
20.63419377984349 0.003062609756223304
20.64136714809652 0.0013044821063667698
20.648540516349552 0.0019290413512080297
20.655713884602584 0.003915662881082138
20.662887252855615 0.005601809857898028
20.670060621108647 0.006548803175297379
20.677233989361675 0.006606424169471823
20.684407357614706 0.005917790704947737
20.691580725867738 0.004819924536273457
20.69875409412077 0.003537283955519468
20.7059274623738 0.0018908212064180539
20.713100830626832 0.0009734653791407897
20.720274198879864 0.00444576338539517
20.72744756713289 0.008891264053022964
20.734620935385923 0.01346229406255945
20.741794303638954 0.017187967620881536
20.748967671891986 0.019149779791494636
20.756141040145017 0.018791336487848302
20.76331440839805 0.016202621814514966
20.770487776651077 0.01244491613679562
20.77766114490411 0.009980617626583312
20.78483451315714 0.010858844673337415
20.79200788141017 0.012743303531900962
20.799181249663203 0.01270170072934245
20.806354617916234 0.009593211043308668
20.813527986169262 0.003716133442447397
20.820701354422294 0.004831093106056133
20.827874722675325 0.012824223800369077
20.835048090928357 0.019329861968211227
20.84222145918139 0.022765306033663522
20.84939482743442 0.022372437314147682
20.85656819568745 0.018349544280700097
20.86374156394048 0.011887748392714422
20.87091493219351 0.005665956412256338
20.878088300446542 0.00650012973276907
20.885261668699574 0.010621189846442902
20.892435036952605 0.012620503016852138
20.899608405205637 0.011970911553697105
20.906781773458665 0.009367394198771818
20.913955141711696 0.006055572444178973
20.921128509964728 0.0034521611160802544
20.92830187821776 0.0024720419219526855
20.93547524647079 0.0021369860721089204
20.942648614723822 0.0018291685744231479
20.94982198297685 0.0024912194360026756
20.95699535122988 0.003545125147517344
20.964168719482913 0.003968770869483526
20.971342087735945 0.0034720426174847797
20.978515455988976 0.0024024720669470483
20.985688824242008 0.0018149293424155261
20.99286219249504 0.0025064941460392577
21.000035560748067 0.003831819653465717
21.0072089290011 0.005902299256263456
21.01438229725413 0.008803327414869513
21.02155566550716 0.011921283516778153
21.028729033760193 0.01431893596773725
21.035902402013225 0.01517207959543282
21.043075770266253 0.014052566221646365
21.050249138519284 0.01106711306106417
21.057422506772316 0.006843304263885332
21.064595875025347 0.0025928023602590144
21.07176924327838 0.003035159085318283
21.07894261153141 0.005944817469173208
21.086115979784438 0.007861686639735169
21.09328934803747 0.008917731799210559
21.1004627162905 0.009793021153480342
21.107636084543532 0.011136566289940766
21.114809452796564 0.013062752579148204
21.121982821049595 0.015185865357358963
21.129156189302627 0.0169694462376374
21.136329557555655 0.017937802476671996
21.143502925808686 0.017775285940204406
21.150676294061718 0.01641271784518755
21.15784966231475 0.014085835621770617
21.16502303056778 0.01129191446964135
21.172196398820812 0.008601949352920787
21.17936976707384 0.0063807461254989555
21.186543135326872 0.004601029473039647
21.193716503579903 0.003008375426659469
21.200889871832935 0.0015165754908047224
21.208063240085966 0.0004544410783325009
21.215236608338998 0.0006384792204758808
21.222409976592026 0.0010148482249114114
21.229583344845057 0.0019267643659618128
21.23675671309809 0.003311277098836172
21.24393008135112 0.004498061371018316
21.25110344960415 0.004872354720611262
21.258276817857183 0.004105519445403533
21.265450186110215 0.002295279359314044
21.272623554363243 0.0003374228041614052
21.279796922616274 0.002202725969169664
21.286970290869306 0.0032325948348789933
21.294143659122337 0.002826922676548426
21.30131702737537 0.0024220245715364627
21.3084903956284 0.00538696885444417
21.315663763881428 0.009781278479163344
21.32283713213446 0.013905532673725372
21.33001050038749 0.016744800745530627
21.337183868640523 0.01772666002897006
21.344357236893554 0.01677208984796974
21.351530605146586 0.014222896423552858
21.358703973399614 0.010642570665313541
21.365877341652645 0.006658423987859118
21.373050709905677 0.0035066476576548255
21.380224078158708 0.00461569746708338
21.38739744641174 0.0077499994144570065
21.39457081466477 0.010009018221259615
21.401744182917803 0.01048284887514256
21.40891755117083 0.00906541180988483
21.416090919423862 0.007100591507466208
21.423264287676894 0.008045607247723355
21.430437655929925 0.011902394048418283
21.437611024182956 0.01536410105496042
21.444784392435988 0.01649680538658646
21.451957760689016 0.014582078135538799
21.459131128942047 0.009902049639633781
21.46630449719508 0.0036246311937444685
21.47347786544811 0.0030771627518075004
21.480651233701142 0.007712834576360065
21.487824601954173 0.009486720957285434
21.4949979702072 0.007839457626266354
21.502171338460233 0.003222095007623072
21.509344706713264 0.0033509955274869225
21.516518074966296 0.009814246363837528
21.523691443219327 0.014682380299866203
21.53086481147236 0.01666977062276028
21.53803817972539 0.015274507028114264
21.54521154797842 0.010853720962991129
21.55238491623145 0.0045212393407597475
21.55955828448448 0.0026396588728044732
21.566731652737513 0.008465313640692215
21.573905020990544 0.01240848012559674
21.581078389243576 0.013937653295840166
21.588251757496604 0.013306774011562997
21.595425125749635 0.011388548067157356
21.602598494002667 0.00937899307937763
21.6097718622557 0.008208837589648106
21.61694523050873 0.007814692976127448
21.62411859876176 0.0074555066415121045
21.63129196701479 0.006711655853611269
21.63846533526782 0.005710933299152611
21.645638703520852 0.00484073896271492
21.652812071773884 0.004372022195407077
21.659985440026915 0.004281098647119457
21.667158808279947 0.004483150867006614
21.674332176532978 0.004949871490456214
21.681505544786006 0.0054894740144772565
21.688678913039038 0.005712231902494857
21.69585228129207 0.005246060659766842
21.7030256495451 0.003927256307520606
21.710199017798132 0.0019349722185806606
21.717372386051164 0.001505594840755206
21.72454575430419 0.004091978731193088
21.731719122557223 0.006815395887878833
21.738892490810255 0.0093029347775729
21.746065859063286 0.011423206787941407
21.753239227316318 0.012962513643415122
21.76041259556935 0.013506666914114207
21.767585963822377 0.012549672214107735
21.77475933207541 0.00976396438424344
21.78193270032844 0.005261496051536758
21.78910606858147 0.0013719483136332602
21.796279436834503 0.006663138846060845
21.803452805087534 0.011429867086639739
21.810626173340566 0.013954231784407738
21.817799541593594 0.013469814591921134
21.824972909846625 0.00992073718772424
21.832146278099657 0.004071208396887767
21.83931964635269 0.003304899844588912
21.84649301460572 0.009667884170420544
21.85366638285875 0.014178164604545972
21.86083975111178 0.015785070543643545
21.86801311936481 0.014258724237602867
21.875186487617842 0.010233997375472188
21.882359855870874 0.005669104329291063
21.889533224123905 0.006172921918164042
21.896706592376937 0.010832703519474225
21.903879960629965 0.015008451331588417
21.911053328882996 0.01782677011810049
21.918226697136028 0.019325808270585342
21.92540006538906 0.019680578119463003
21.93257343364209 0.018919390460909794
21.939746801895122 0.01696517083653078
21.946920170148154 0.013862975179890607
21.95409353840118 0.009979793508292997
21.961266906654213 0.006119120081239222
21.968440274907245 0.0037919549347979857
21.975613643160276 0.004114273492992872
21.982787011413308 0.0048367936708557996
21.98996037966634 0.0046863669138102705
21.997133747919367 0.004196320190645758
22.0043071161724 0.004886039875436104
22.01148048442543 0.00699871874686028
22.01865385267846 0.009402806217561493
22.025827220931493 0.011318355421080542
22.033000589184525 0.012452620082699059
22.040173957437556 0.012925018368057336
22.047347325690584 0.013127295740978054
22.054520693943616 0.013377051619164778
22.061694062196647 0.01356064003866622
22.06886743044968 0.013183590030863916
22.07604079870271 0.011783426019313842
22.08321416695574 0.009294524861395688
22.09038753520877 0.006216681708497344
22.0975609034618 0.0038035851753020255
22.104734271714833 0.00367471860658854
22.111907639967864 0.004382482023434577
22.119081008220896 0.004114327044994716
22.126254376473927 0.0027268135510200233
22.133427744726955 0.001640206709820491
22.140601112979986 0.003530314071292707
22.147774481233018 0.00619894880174666
22.15494784948605 0.008914422919185922
22.16212121773908 0.011657860708999475
22.169294585992112 0.014151439070266659
22.176467954245144 0.015684376684516457
22.183641322498172 0.0154781677416851
22.190814690751203 0.01313720010385607
22.197988059004235 0.008910790006090907
22.205161427257266 0.004018768690977439
22.212334795510298 0.003841957665169278
22.21950816376333 0.007400221615108933
22.226681532016357 0.009190303020794934
22.23385490026939 0.0085481667256923
22.24102826852242 0.0063393314472389465
22.248201636775452 0.0057113020450015334
22.255375005028483 0.008638456860532906
22.262548373281515 0.011961881526769313
22.269721741534543 0.013796843439202393
22.276895109787574 0.013699274057754302
22.284068478040606 0.012017012217685245
22.291241846293637 0.009483601858781714
22.29841521454667 0.00675666495568431
22.3055885827997 0.004065896431810665
22.31276195105273 0.0013133449886535155
22.31993531930576 0.0018397681050114087
22.32710868755879 0.004705510625720751
22.334282055811823 0.006976046408115682
22.341455424064854 0.008143835472409636
22.348628792317886 0.008016133932486071
22.355802160570917 0.006767848214763498
22.362975528823945 0.004839671711122088
22.370148897076977 0.0027613221415395037
22.377322265330008 0.0013817638805500151
22.38449563358304 0.002387497311510861
22.39166900183607 0.004185740380865895
22.398842370089103 0.005835820349746276
22.40601573834213 0.007058208077249689
22.413189106595162 0.007833155548531234
22.420362474848194 0.008444999715932584
22.427535843101225 0.009237132367734425
22.434709211354257 0.010191921040708636
22.441882579607288 0.010978743232029764
22.44905594786032 0.011446042794642813
22.456229316113347 0.011843345276364148
22.46340268436638 0.012470022476523908
22.47057605261941 0.013158280903505374
22.477749420872442 0.013298764799197234
22.484922789125473 0.012402485043707953
22.492096157378505 0.010709642938930326
22.499269525631533 0.00950558385372789
22.506442893884564 0.01011607156572018
22.513616262137596 0.011774407832784207
22.520789630390627 0.01274334142752657
22.52796299864366 0.012067504600493013
22.53513636689669 0.009704643192215126
22.54230973514972 0.006258881322042641
22.54948310340275 0.0026552861489889117
22.55665647165578 0.0011025885168997817
22.563829839908813 0.002991739504307345
22.571003208161844 0.0042075712129145265
22.578176576414876 0.004624860669731661
22.585349944667907 0.004132153481186036
22.592523312920935 0.0024223446362094192
22.599696681173967 0.000649463456874943
22.606870049427 0.004756417626088611
22.61404341768003 0.009092532460221125
22.62121678593306 0.012614278742835303
22.628390154186093 0.0144089636872988
22.63556352243912 0.014084809768470706
22.642736890692152 0.012079695435809688
22.649910258945184 0.009756887208070464
22.657083627198215 0.008693718232530465
22.664256995451247 0.008617110686107793
22.671430363704278 0.0077628844688105705
22.678603731957306 0.005507211391784435
22.685777100210338 0.0045612380088437335
22.69295046846337 0.008245130005522386
22.7001238367164 0.012618046084775661
22.707297204969432 0.015260603239068695
22.714470573222464 0.015261478883769247
22.721643941475495 0.012672873625132771
22.728817309728523 0.008342045167119049
22.735990677981555 0.003606762051499499
22.743164046234586 0.0014908899432015926
22.750337414487618 0.00428086078856381
22.75751078274065 0.007261540473804327
22.76468415099368 0.011006158544119102
22.77185751924671 0.015263009552453011
22.77903088749974 0.01884464962548464
22.78620425575277 0.020480767636332
22.793377624005803 0.019417772038682286
22.800550992258835 0.015733251156670545
22.807724360511866 0.010484794260853034
22.814897728764894 0.0064019377084129905
22.822071097017925 0.007770547923664382
22.829244465270957 0.011362520961843597
22.83641783352399 0.0138503900854724
22.84359120177702 0.014746249858634137
22.85076457003005 0.014336423157457605
22.857937938283083 0.01297551067050284
22.86511130653611 0.010845995892356818
22.872284674789142 0.008182823028194258
22.879458043042174 0.0060277631638522644
22.886631411295205 0.006528628301265687
22.893804779548237 0.009075531865608381
22.90097814780127 0.01137048530028889
22.908151516054296 0.01245237173942138
22.915324884307328 0.012450367576923915
22.92249825256036 0.01232166686695022
22.92967162081339 0.013101737141170456
22.936844989066422 0.014721938617374003
22.944018357319454 0.016195806532908474
22.95119172557248 0.01674139500628399
22.958365093825513 0.0162873945288932
22.965538462078545 0.015407108544971423
22.972711830331576 0.014821874791593009
22.979885198584608 0.014633155942906387
22.98705856683764 0.014171452351074837
22.99423193509067 0.012732080046044172
23.0014053033437 0.010228678211342306
23.00857867159673 0.0074887863851399675
23.01575203984976 0.006409539188636903
23.022925408102793 0.0078178943421173
23.030098776355825 0.009885123973202025
23.037272144608856 0.011568345757171472
23.044445512861884 0.013011437143924226
23.051618881114916 0.014597191294275719
23.058792249367947 0.016189060067060813
23.06596561762098 0.017110153205915735
23.07313898587401 0.01665724399646793
23.08031235412704 0.014526942318471089
23.08748572238007 0.010978622722307582
23.0946590906331 0.006762746200603464
23.101832458886133 0.00286867295892491
23.109005827139164 0.0006538220972078376
23.116179195392196 0.001649680789746264
23.123352563645227 0.0025194971717085427
23.13052593189826 0.004029954787520954
23.137699300151287 0.005801505533802444
23.144872668404318 0.006676670786061698
23.15204603665735 0.005805326836746571
23.15921940491038 0.0032763583462977978
23.166392773163412 0.003884960895542214
23.173566141416444 0.009162905754660455
23.180739509669472 0.01452897711112441
23.187912877922503 0.018427907978551292
23.195086246175535 0.020005587738872586
23.202259614428566 0.01907189201674839
23.209432982681598 0.016132620308702047
23.21660635093463 0.012204946646404289
23.223779719187657 0.00843565393133311
23.23095308744069 0.005623796151662165
23.23812645569372 0.00386388658097531
23.245299823946752 0.0029584960523536276
23.252473192199783 0.003019564669339529
23.259646560452815 0.0033898855576677085
23.266819928705846 0.0029917136768511624
23.273993296958874 0.001921455294323287
23.281166665211906 0.003767011137506792
23.288340033464937 0.007834235410123083
23.29551340171797 0.01201464005503568
23.302686769971 0.01530058049612743
23.309860138224032 0.01717909724218432
23.31703350647706 0.017669519744413546
23.32420687473009 0.017189800046067967
23.331380242983123 0.01618557611159539
23.338553611236154 0.014730252181621491
23.345726979489186 0.01252893546532518
23.352900347742217 0.009365408961990018
23.360073715995245 0.005487637327617515
23.367247084248277 0.0017385061193696777
23.374420452501308 0.0019809494341297557
23.38159382075434 0.003489888462569798
23.38876718900737 0.003434349183597092
23.395940557260403 0.002718665559602775
23.403113925513434 0.004008045086546126
23.410287293766462 0.006820435523022769
23.417460662019494 0.009433504304618005
23.424634030272525 0.011145021129569168
23.431807398525557 0.01174820219976989
23.438980766778588 0.011240769621839408
23.44615413503162 0.00965660384445024
23.453327503284648 0.0072679976977496445
23.46050087153768 0.005637597159867613
23.46767423979071 0.007641904034243241
23.474847608043742 0.011736268565891167
23.482020976296774 0.015349131506142888
23.489194344549805 0.017186236970515606
23.496367712802833 0.016750675740419874
23.503541081055864 0.014256445038493989
23.510714449308896 0.010505722585687528
23.517887817561927 0.00666476853961659
23.52506118581496 0.004126784582451716
23.53223455406799 0.004164360910476869
23.539407922321022 0.006024216157402458
23.54658129057405 0.008651671036518836
23.55375465882708 0.011428937531810098
23.560928027080113 0.013611191274314968
23.568101395333144 0.014612047263769154
23.575274763586176 0.014273305160883059
23.582448131839207 0.012770495410688119
23.589621500092235 0.01030774779634072
23.596794868345267 0.006945305017686649
23.6039682365983 0.0027241519770607463
23.61114160485133 0.002285433127854996
23.61831497310436 0.00708887688602039
23.625488341357393 0.010870612625368786
23.63266170961042 0.01259211653209194
23.639835077863452 0.011731104770264669
23.647008446116484 0.008794529477762048
23.654181814369515 0.006455719339579311
23.661355182622547 0.008591039076736126
23.66852855087558 0.012189982556642982
23.67570191912861 0.013918889514624827
23.682875287381638 0.012734736862711865
23.69004865563467 0.009005099473450476
23.6972220238877 0.004802276162305142
23.704395392140732 0.005613955590408129
23.711568760393764 0.009088928987954305
23.718742128646795 0.010918403960950004
23.725915496899823 0.010672021290494086
23.733088865152855 0.009572247678850176
23.740262233405886 0.009676472355825562
23.747435601658918 0.011432661862313153
23.75460896991195 0.01330401135680743
23.76178233816498 0.014218370618432119
23.76895570641801 0.01411557584173935
23.77612907467104 0.013352378796572561
23.78330244292407 0.011998247129377904
23.790475811177103 0.009682209107792503
23.797649179430135 0.006077875283781391
23.804822547683166 0.0014125162154446794
23.811995915936198 0.00372595633031045
23.819169284189226 0.007980523757485663
23.826342652442257 0.010411382907631621
23.83351602069529 0.010388984748469882
23.84068938894832 0.00794026717558008
23.84786275720135 0.0037268476131809363
23.855036125454383 0.0011800396657325766
23.86220949370741 0.005632437937615633
23.869382861960442 0.008729992770488063
23.876556230213474 0.010021888126727932
23.883729598466505 0.009524172024391792
23.890902966719537 0.007603551383359366
23.89807633497257 0.004865835069319545
23.905249703225596 0.0025545053842565587
23.912423071478628 0.0036508632189689552
23.91959643973166 0.006146695181420131
23.92676980798469 0.007900869818434408
23.933943176237722 0.008269244592000746
23.941116544490754 0.007036584576008492
23.948289912743785 0.004398200537565886
23.955463280996813 0.0014854179761615994
23.962636649249845 0.003737250865203147
23.969810017502876 0.007099135800177049
23.976983385755908 0.009660792897388392
23.98415675400894 0.0111948107999116
23.99133012226197 0.011762144728460043
23.998503490515 0.011484596348651802
24.00567685876803 0.010390439881729769
24.01285022702106 0.008455320206896186
24.020023595274093 0.005799526486804192
24.027196963527125 0.002939950155439011
24.034370331780156 0.0019568118931484746
24.041543700033184 0.003616866971812704
24.048717068286216 0.004724854880528021
24.055890436539247 0.0046798578926180775
24.06306380479228 0.0036399495777701047
24.07023717304531 0.0020445601784972443
24.07741054129834 0.00037401175444857706
24.084583909551373 0.0013164496880146035
24.0917572778044 0.0029665869117216953
24.098930646057433 0.004782453006089918
24.106104014310464 0.006585698611550839
24.113277382563496 0.007934406328180375
24.120450750816527 0.008375879894432153
24.12762411906956 0.007666602442828233
24.134797487322587 0.005872110138235186
24.141970855575618 0.003345828380795857
24.14914422382865 0.0006406893818194546
24.15631759208168 0.0018161820513635694
24.163490960334713 0.003467998648842906
24.170664328587744 0.004195495980916527
24.177837696840776 0.004038462862906082
24.185011065093803 0.003209073144663388
24.192184433346835 0.0020220324349345506
24.199357801599866 0.0008449779323396066
24.206531169852898 0.0002295232743115834
24.21370453810593 0.000348084026846683
24.22087790635896 0.00028781803908467903
24.22805127461199 0.00157360495711159
24.23522464286502 0.0035159947304651234
24.242398011118052 0.0057721555247387335
24.249571379371083 0.00796805068690721
24.256744747624115 0.009776519597854298
24.263918115877146 0.011006179678704334
24.271091484130174 0.0116301779197863
24.278264852383206 0.011738610937894599
24.285438220636237 0.01145512235107678
24.29261158888927 0.010881115397549256
24.2997849571423 0.01008356992161495
24.306958325395332 0.009081983806213972
24.314131693648363 0.00780840615858625
24.32130506190139 0.006109709562678299
24.328478430154423 0.003926509100061385
24.335651798407454 0.0023188380720090876
24.342825166660486 0.004451776771447513
24.349998534913517 0.007961512022768024
24.35717190316655 0.01114051062776892
24.364345271419577 0.013294868451321648
24.37151863967261 0.01407873944623399
24.37869200792564 0.013521294097590045
24.38586537617867 0.012015251696230477
24.393038744431703 0.010172469478167353
24.400212112684734 0.008537628788894299
24.407385480937762 0.007296367880180576
24.414558849190794 0.006312941081130241
24.421732217443825 0.005516692123386093
24.428905585696857 0.005078961819976438
24.436078953949888 0.00508269552384217
24.44325232220292 0.005234331877201189
24.45042569045595 0.005150312169935486
24.45759905870898 0.0046647811633788476
24.46477242696201 0.0038345885989378593
24.471945795215042 0.0028156482590554477
24.479119163468074 0.001859872259266684
24.486292531721105 0.0017217501318686466
24.493465899974137 0.0027576169212580933
24.500639268227165 0.004084052368674725
24.507812636480196 0.005197487017657491
24.514986004733228 0.0059017428879424285
24.52215937298626 0.006211361019476424
24.52933274123929 0.006290506217286236
24.536506109492322 0.006328948865497341
24.54367947774535 0.006439938059612392
24.55085284599838 0.006651977204173993
24.558026214251413 0.0069014548841993765
24.565199582504444 0.006953587689820501
24.572372950757476 0.006397491069609731
24.579546319010507 0.004821192795410143
24.58671968726354 0.0020582693633852183
24.593893055516567 0.0017377357495566759
24.6010664237696 0.005857945567663833
24.60823979202263 0.009532536420737005
24.61541316027566 0.011903263893743674
24.622586528528693 0.012390297969162512
24.629759896781724 0.010894052922932869
24.636933265034752 0.007854516089445098
24.644106633287784 0.004168997570192988
24.651280001540815 0.0013795613448740697
24.658453369793847 0.0021386916698324697
24.66562673804688 0.0025080918288117033
24.67280010629991 0.0013426541314771074
24.679973474552938 0.0008308867044561735
24.68714684280597 0.003081151353166023
24.694320211059 0.004558108709347606
24.701493579312032 0.005085136112035425
24.708666947565064 0.006059149703596597
24.715840315818095 0.009305198123370963
24.723013684071127 0.01410150982144151
24.730187052324155 0.018732633647171176
24.737360420577186 0.02175822980615244
24.744533788830218 0.022221299139866802
24.75170715708325 0.019788369597397885
24.75888052533628 0.01492367055019136
24.766053893589312 0.009465360841339037
24.77322726184234 0.008690200994439349
24.78040063009537 0.013853028869286696
24.787573998348403 0.019291058763060007
24.794747366601435 0.02261660208001997
24.801920734854466 0.023007158117080474
24.809094103107498 0.020396799070947085
24.816267471360526 0.015303477619164188
24.823440839613557 0.008677039869809725
24.83061420786659 0.0018955229739165294
24.83778757611962 0.004825349044718612
24.84496094437265 0.009342183106362138
24.852134312625683 0.011731650001696224
24.859307680878715 0.012017794944383622
24.866481049131743 0.010736852790243851
24.873654417384774 0.008748514689143956
24.880827785637806 0.006976048167722075
24.888001153890837 0.005980531688604309
24.89517452214387 0.005589099600316499
24.9023478903969 0.005293852961798569
24.909521258649928 0.004861529536514054
24.91669462690296 0.004448421038884044
24.92386799515599 0.004584542568045554
24.931041363409022 0.0057324205787070105
24.938214731662054 0.007583892877365915
24.945388099915085 0.009430233500968102
24.952561468168113 0.010649005873267468
24.959734836421145 0.01085743008138793
24.966908204674176 0.009980954318586558
24.974081572927208 0.00823931255380168
24.98125494118024 0.006014357300331763
24.98842830943327 0.003637440055115932
24.995601677686302 0.001322250967715159
25.00277504593933 0.0017041771062169635
25.009948414192362 0.004237576806221749
25.017121782445393 0.006629060367065031
25.024295150698425 0.008378526426429056
25.031468518951456 0.009096634219367876
25.038641887204488 0.008644858386171935
25.045815255457516 0.007245673572194156
25.052988623710547 0.00548186079647382
25.06016199196358 0.00419002472688274
25.06733536021661 0.003993287552947832
25.07450872846964 0.004617406864865367
25.081682096722673 0.005597976211827184
25.0888554649757 0.006727222146505565
25.096028833228733 0.007715413380160524
25.103202201481764 0.008215282030100612
25.110375569734796 0.008116124406102584
25.117548937987827 0.007766397680499792
25.12472230624086 0.0078119809374945625
25.13189567449389 0.008445183219241125
25.139069042746918 0.009086752477178986
25.14624241099995 0.00911014396055675
25.15341577925298 0.008422708074803636
25.160589147506013 0.007518006005273954
25.167762515759044 0.007005973691978156
25.174935884012076 0.00674139486415676
25.182109252265104 0.005836259203230817
25.189282620518135 0.0036446274180359528
25.196455988771167 0.0019749002660003024
25.203629357024198 0.006189048774905444
25.21080272527723 0.011546219812705203
25.21797609353026 0.016493329833668472
25.22514946178329 0.020262639706949595
25.23232283003632 0.022408885450955766
25.239496198289352 0.022761535181266588
25.246669566542383 0.021310305113383846
25.253842934795415 0.01810656435869944
25.261016303048446 0.013264545637462008
25.268189671301478 0.007063293160053508
25.275363039554506 0.0003883626269109415
25.282536407807537 0.006884898269084512
25.28970977606057 0.012659780720020134
25.2968831443136 0.016331929315192013
25.304056512566632 0.017310816308298085
25.311229880819663 0.015588313944970452
25.31840324907269 0.01182778016026713
25.325576617325723 0.007393505481404372
25.332749985578754 0.004668800950489325
25.339923353831786 0.005253969941356623
25.347096722084817 0.005980280811076449
25.35427009033785 0.005097820176541164
25.361443458590877 0.0027423052360804564
25.36861682684391 0.00031773366691746776
25.37579019509694 0.003149857201994819
25.38296356334997 0.005422737224228692
25.390136931603003 0.0075958669508831645
25.397310299856034 0.010606076238972615
25.404483668109066 0.014620822061632434
25.411657036362094 0.01879407557913729
25.418830404615125 0.021978186741238494
25.426003772868157 0.023297740418792217
25.433177141121188 0.022430915747472014
25.44035050937422 0.019643401655061794
25.44752387762725 0.015639671846656603
25.45469724588028 0.011334542142154994
25.46187061413331 0.007634809489206264
25.469043982386342 0.005342124371918443
25.476217350639374 0.004964200948756125
25.483390718892405 0.00592375617882233
25.490564087145437 0.00711444208734834
25.497737455398465 0.007749160191630785
25.504910823651496 0.007320738163865703
25.512084191904528 0.005632642013907752
25.51925756015756 0.0028736722816042103
25.52643092841059 0.0006634788642997773
25.533604296663622 0.0036678264420781804
25.540777664916654 0.005884788687438991
25.54795103316968 0.006695980305766708
25.555124401422713 0.006147483777458666
25.562297769675745 0.0053153492464487325
25.569471137928776 0.0061560107874977805
25.576644506181808 0.008374230211748091
25.58381787443484 0.009997461861907718
25.590991242687867 0.009717625713007166
25.5981646109409 0.007036888786961402
25.60533797919393 0.0026218476351446544
25.61251134744696 0.005115316847966894
25.619684715699993 0.011395761321061813
25.626858083953024 0.01648707438146676
25.634031452206052 0.019153998923020766
25.641204820459084 0.019015162464959347
25.648378188712115 0.016826712529728532
25.655551556965147 0.014798778082688174
25.66272492521818 0.015524456281641612
25.66989829347121 0.018475283196369964
25.67707166172424 0.020956161558808917
25.68424502997727 0.021219782281089124
25.6914183982303 0.018828513834639012
25.698591766483332 0.014300263124727297
25.705765134736364 0.008832191399927651
25.712938502989395 0.004555077897485255
25.720111871242427 0.00486454316004505
25.727285239495455 0.006631225498161908
25.734458607748486 0.006701000012621627
25.741631976001518 0.004686058335969551
25.74880534425455 0.0014314887453758449
25.75597871250758 0.0045664643506168915
25.763152080760612 0.009691319329333342
25.77032544901364 0.014170713050853012
25.77749881726667 0.017162618157642823
25.784672185519703 0.01821358693082088
25.791845553772735 0.017367057954917622
25.799018922025766 0.015170913751075927
25.806192290278798 0.012451825441748747
25.81336565853183 0.009915680233350346
25.820539026784857 0.008059059763800436
25.82771239503789 0.007788840946731055
25.83488576329092 0.009892773763174845
25.84205913154395 0.013303701887545778
25.849232499796983 0.01629051108531511
25.856405868050015 0.01749913722521012
25.863579236303043 0.016184093349709393
25.870752604556074 0.01237744488594122
25.877925972809106 0.006972214555327426
25.885099341062137 0.0028714002900743483
25.89227270931517 0.005921171976259468
25.8994460775682 0.008977734713332812
25.906619445821228 0.009795685043780668
25.91379281407426 0.008611701946301752
25.92096618232729 0.006670178817586111
25.928139550580322 0.005816634509808366
25.935312918833354 0.006391738859859052
25.942486287086385 0.0067917776734415505
25.949659655339417 0.006210560265309327
25.956833023592445 0.004981966665457544
25.964006391845476 0.003938876141966449
25.971179760098508 0.0033791982504931904
25.97835312835154 0.002646683147360132
25.98552649660457 0.0016702058143057454
25.992699864857602 0.0025623818501990946
25.99987323311063 0.004574593174625382
26.007046601363662 0.005948318374432749
26.014219969616693 0.006007822879345319
26.021393337869725 0.004690365210002297
26.028566706122756 0.0025051796200552235
26.035740074375788 0.0008577569790224539
26.042913442628816 0.0017937909621064678
26.050086810881847 0.0019630166560814636
26.05726017913488 0.0007873049738692527
26.06443354738791 0.001320976770207429
26.071606915640942 0.0033018839946412195
26.078780283893973 0.004173606069047119
26.085953652147005 0.0032464064212035276
26.093127020400033 0.002024981188675724
26.100300388653064 0.006076864858859337
26.107473756906096 0.011671676477055616
26.114647125159127 0.016641660900984616
26.12182049341216 0.019632190912316584
26.12899386166519 0.019849599543375358
26.136167229918218 0.017265918628653048
26.14334059817125 0.012719597274655976
26.15051396642428 0.008119932974440596
26.157687334677313 0.006903956643917809
26.164860702930344 0.009263364932297442
26.172034071183376 0.011645744742094875
26.179207439436404 0.012946794211699744
26.186380807689435 0.013195869638957901
26.193554175942467 0.012335187111725503
26.200727544195498 0.009947204661475275
26.20790091244853 0.005689194702149587
26.21507428070156 0.0016677692675922428
26.222247648954593 0.008022275542102688
26.22942101720762 0.014906387904288328
26.236594385460652 0.020238835524304104
26.243767753713684 0.023040107496800948
26.250941121966715 0.02319099183166659
26.258114490219747 0.021598397039010807
26.265287858472778 0.019884189679399058
26.272461226725806 0.01917927745576041
26.279634594978837 0.01889189038295124
26.28680796323187 0.017505038932086058
26.2939813314849 0.014185385217997216
26.301154699737932 0.009419224086616357
26.308328067990963 0.00550056475238601
26.315501436243995 0.006231519388970875
26.322674804497023 0.008426053325575363
26.329848172750054 0.008738626618133382
26.337021541003086 0.006839048679785496
26.344194909256117 0.0036386876327221232
26.35136827750915 0.0013693221134023982
26.35854164576218 0.002443620645678981
26.36571501401521 0.0022485633782851114
26.37288838226824 0.0001393955899305313
26.38006175052127 0.0038117556210677055
26.387235118774303 0.007641364103332745
26.394408487027334 0.01008582286782375
26.401581855280366 0.010019063082847987
26.408755223533394 0.007051107561266597
26.415928591786425 0.0017136155128952004
26.423101960039457 0.0048067107741888125
26.43027532829249 0.01064813751400165
26.43744869654552 0.014243665550907685
26.44462206479855 0.014526913873041229
26.451795433051583 0.011350475630238652
26.45896880130461 0.005837686053881335
26.466142169557642 0.00483778813871551
26.473315537810674 0.01125305079257216
26.480488906063705 0.016800114078311574
26.487662274316737 0.019790596657875335
26.494835642569768 0.019938672067459483
26.502009010822796 0.01775856687835083
26.509182379075828 0.014237884295873703
26.51635574732886 0.010453552994295389
26.52352911558189 0.00721264765191029
26.530702483834922 0.004909900810779453
26.537875852087954 0.003836302868244067
26.54504922034098 0.004062068549561858
26.552222588594013 0.004604062902839587
26.559395956847045 0.004371306567149208
26.566569325100076 0.002848310349738715
26.573742693353108 0.0008431056331156038
26.58091606160614 0.0040053434098290645
26.58808942985917 0.007781896112743426
26.5952627981122 0.010764815668407188
26.60243616636523 0.012189051202300585
26.60960953461826 0.011662340863709406
26.616782902871293 0.009260638057282984
26.623956271124325 0.005544563814610695
26.631129639377356 0.0018864910367879224
26.638303007630384 0.00345647143024899
26.645476375883415 0.006052404290992073
26.652649744136447 0.0071839694168119046
26.65982311238948 0.006851790884352169
26.66699648064251 0.005807322714517892
26.67416984889554 0.005347737921160543
26.68134321714857 0.005921753386088219
26.6885165854016 0.00635669846646167
26.695689953654632 0.005551908924235981
26.702863321907664 0.0031461004458142932
26.710036690160695 0.001587387397542717
26.717210058413727 0.0063118274824457525
26.72438342666676 0.01168475392306526
26.731556794919786 0.01665402376431127
26.738730163172818 0.020578142113725228
26.74590353142585 0.02311883735735383
26.75307689967888 0.024300397321271695
26.760250267931912 0.024449799071364495
26.767423636184944 0.02396015706242708
26.77459700443797 0.022964605181483164
26.781770372691003 0.02120246636651648
26.788943740944035 0.018247606538054337
26.796117109197066 0.013904543380068702
26.803290477450098 0.008508337593105538
26.81046384570313 0.0033693575953156886
26.817637213956157 0.00409911515390675
26.82481058220919 0.007367715826884174
26.83198395046222 0.008831592990821554
26.83915731871525 0.008209927254372987
26.846330686968283 0.006036715553437686
26.853504055221315 0.0032981303494771753
26.860677423474346 0.001177444306276629
26.867850791727374 0.0007267171899341712
26.875024159980406 0.00029934411659757263
26.882197528233437 0.001463675441276825
26.88937089648647 0.0032546517318576794
26.8965442647395 0.0044043824060750695
26.90371763299253 0.004327375974396338
26.91089100124556 0.003571108389430456
26.91806436949859 0.0045833668466254834
26.925237737751623 0.007290703958399221
26.932411106004654 0.009289101211318583
26.939584474257686 0.009044297021364887
26.946757842510717 0.00590432452970093
26.953931210763745 0.001211250716136111
26.961104579016776 0.007690331793845976
26.968277947269808 0.015062249575597104
26.97545131552284 0.020615466265922023
26.98262468377587 0.022946911407092374
26.989798052028902 0.0214760990514345
26.996971420281934 0.016613321114186824
27.004144788534962 0.009681081177270621
27.011318156787993 0.0030266688609925153
27.018491525041025 0.004695556992607876
27.025664893294056 0.007831142765779843
27.032838261547088 0.007998608128259543
27.04001162980012 0.005386168286781077
27.047184998053147 0.0015984677273926844
27.05435836630618 0.0046899719125718
27.06153173455921 0.008963323853804968
27.068705102812242 0.011760597640736909
27.075878471065273 0.012698403303763635
27.083051839318305 0.01196136754214608
27.090225207571333 0.010088152439216218
27.097398575824364 0.007725394133159844
27.104571944077396 0.005429494466716703
27.111745312330427 0.00363863054476325
27.11891868058346 0.0029018405032825
27.12609204883649 0.0036013966894537304
27.13326541708952 0.005182573022081289
27.14043878534255 0.0071338959711602454
27.14761215359558 0.009204409478477765
27.154785521848613 0.01123408109414047
27.161958890101644 0.0131347278197146
27.169132258354676 0.01483408551171732
27.176305626607707 0.01613212972957742
27.183478994860735 0.016595482809820306
27.190652363113767 0.015635001609701174
27.197825731366798 0.012758744692184376
27.20499909961983 0.007863732334395242
27.21217246787286 0.0014850521514064218
27.219345836125893 0.005741398640859946
27.22651920437892 0.012115959077022316
27.233692572631952 0.016556192268819072
27.240865940884984 0.018169486994372583
27.248039309138015 0.01673756904604522
27.255212677391047 0.012813623029129527
27.262386045644078 0.007594146388075788
27.26955941389711 0.0028137851104747987
27.276732782150138 0.0024998547951758992
27.28390615040317 0.0037790932950550766
27.2910795186562 0.0030953688149189854
27.298252886909232 0.0012998802923044992
27.305426255162264 0.0027876774111021195
27.312599623415295 0.0048890461205041745
27.319772991668323 0.0053799322586966705
27.326946359921354 0.003920675801184429
27.334119728174386 0.0026391809983743954
27.341293096427417 0.0060953479889118665
27.34846646468045 0.010416523618990236
27.35563983293348 0.013389896666654051
27.36281320118651 0.014034583102551136
27.36998656943954 0.012157101175736963
27.37715993769257 0.008526139581553792
27.384333305945603 0.005739751091528646
27.391506674198634 0.007615660201288866
27.398680042451666 0.01111081635900093
27.405853410704697 0.013274472170431225
27.413026778957725 0.013394047224261676
27.420200147210757 0.011662334374502762
27.42737351546379 0.008749897817899331
27.43454688371682 0.005482480674141587
27.44172025196985 0.0025395703021532795
27.448893620222883 0.0002853314944093967
27.45606698847591 0.0015378528047542191
27.463240356728942 0.0029303877206831885
27.470413724981974 0.003967360198479675
27.477587093235005 0.00439066286555051
27.484760461488037 0.003942793347542747
27.49193382974107 0.002748034421616777
27.499107197994096 0.0025866574708952347
27.506280566247128 0.005130848613596205
27.51345393450016 0.008391995174775348
27.52062730275319 0.011208973814215427
27.527800671006222 0.01283584078581998
27.534974039259254 0.012752792264601239
27.542147407512285 0.010748296152279551
27.549320775765313 0.006999407973282781
27.556494144018345 0.0020931044137700626
27.563667512271376 0.0031540759198393224
27.570840880524408 0.007670335291140733
27.57801424877744 0.01066298081499552
27.58518761703047 0.011645569014333893
27.5923609852835 0.010657018969478172
27.59953435353653 0.008286438802334838
27.60670772178956 0.005527615738465599
27.613881090042593 0.003434979719694641
27.621054458295625 0.0022950867770517394
27.628227826548656 0.0017828811039520022
27.635401194801684 0.0037725341410029508
27.642574563054715 0.007577373199160826
27.649747931307747 0.01170515057856215
27.65692129956078 0.015016866997484835
27.66409466781381 0.016582925022985803
27.67126803606684 0.0158673074146445
27.678441404319873 0.012889720227077989
27.6856147725729 0.00836748362367744
27.692788140825932 0.0046900787929749785
27.699961509078964 0.006850452799420182
27.707134877331995 0.010956783770520954
27.714308245585027 0.013666314110537486
27.72148161383806 0.01423533615354972
27.728654982091086 0.012807159004940049
27.735828350344118 0.010318996222522378
27.74300171859715 0.008581590529796707
27.75017508685018 0.009201741444349551
27.757348455103212 0.011309795210906406
27.764521823356244 0.01342894391409663
27.771695191609272 0.015127395752975507
27.778868559862303 0.016501823379742625
27.786041928115335 0.01753770542140999
27.793215296368366 0.017939113435369275
27.800388664621398 0.017481293262763237
27.80756203287443 0.016479462981575117
27.81473540112746 0.015845815415140452
27.82190876938049 0.016258586120887715
27.82908213763352 0.01716809165547434
27.83625550588655 0.017299382180072924
27.843428874139583 0.015752913105666545
27.850602242392615 0.012433272537219148
27.857775610645646 0.007988977470645581
27.864948978898674 0.0035287407386160362
27.872122347151706 0.0003188136982660083
27.879295715404737 0.0011832681308904284
27.88646908365777 0.0004200463741331535
27.8936424519108 0.0022585968268001703
27.90081582016383 0.0055912314960367285
27.90798918841686 0.008571760864722876
27.91516255666989 0.0102559966163941
27.922335924922923 0.010211229517118068
27.929509293175954 0.008652451694237168
27.936682661428986 0.006351833364069971
27.943856029682017 0.004272904396976793
27.95102939793505 0.002837186271328982
27.958202766188077 0.0015831176997860726
27.965376134441108 0.0016967126661640776
27.97254950269414 0.00393971184688327
27.97972287094717 0.005949017358073805
27.986896239200203 0.006542125056604014
27.994069607453234 0.005035565730783519
28.001242975706262 0.001705462517328897
28.008416343959293 0.00470847004561273
28.015589712212325 0.010879110287314517
28.022763080465356 0.01671240453831493
28.029936448718388 0.021143445040289467
28.03710981697142 0.02358382090412872
28.044283185224447 0.02401187896683238
28.05145655347748 0.022927100540644556
28.05862992173051 0.021128498452692664
28.065803289983542 0.019403814949417265
28.072976658236573 0.018259426976306642
28.080150026489605 0.01778504473092159
28.087323394742636 0.017679061382647583
28.094496762995664 0.01740424871411761
28.101670131248696 0.01641796553740726
28.108843499501727 0.014399313037559714
28.11601686775476 0.011383503210485464
28.12319023600779 0.007752446040141684
28.130363604260822 0.0041006205160159705
28.13753697251385 0.0010826862108630902
28.14471034076688 0.0013273434393454217
28.151883709019913 0.002526667606802722
28.159057077272944 0.0031076184904242484
28.166230445525976 0.003306071204877689
28.173403813779007 0.003062227259221123
28.180577182032035 0.0021125794475176595
28.187750550285067 0.00037850678174816547
28.194923918538098 0.002101431711586456
28.20209728679113 0.004654998180495148
28.20927065504416 0.006758749913869976
28.216444023297193 0.007905192655155917
28.223617391550224 0.007877572477094641
28.230790759803252 0.00685485301889032
28.237964128056284 0.005451606447511513
28.245137496309315 0.004697055312104274
28.252310864562347 0.005249814828358709
28.259484232815378 0.006445259798535346
28.26665760106841 0.007430307215132407
28.273830969321438 0.007690580847578537
28.28100433757447 0.0069022872757074655
28.2881777058275 0.005169453880731901
28.295351074080532 0.004493161099937542
28.302524442333564 0.00782478724308315
28.309697810586595 0.012905838291835179
28.316871178839623 0.01763203517741676
28.324044547092655 0.020722966361672514
28.331217915345686 0.0213942445136689
28.338391283598718 0.019484880408609764
28.34556465185175 0.015504916602527225
28.35273802010478 0.01052768348939171
28.359911388357812 0.0060234644733517554
28.36708475661084 0.0037218996981060585
28.37425812486387 0.0036432777876137974
28.381431493116903 0.0036274579721903995
28.388604861369934 0.0036722411985288233
28.395778229622966 0.004299119667061123
28.402951597875997 0.004533647263883427
28.410124966129025 0.0033504053572245415
28.417298334382057 0.0022608497627956484
28.42447170263509 0.006166458032280727
28.43164507088812 0.011306013571944943
28.43881843914115 0.015411531638425588
28.445991807394183 0.017028383350605514
28.453165175647214 0.01531534241043435
28.460338543900242 0.010286245976566319
28.467511912153274 0.0028957782093667096
28.474685280406305 0.005538974427516806
28.481858648659337 0.012848335661068765
28.48903201691237 0.017663211518584094
28.4962053851654 0.019096468292704255
28.503378753418428 0.017226404999919852
28.51055212167146 0.013234431321743163
28.51772548992449 0.009677440644341936
28.524898858177522 0.009688725742028505
28.532072226430554 0.011982995006998811
28.539245594683585 0.013409981049863202
28.546418962936613 0.012885202677619032
28.553592331189645 0.0106138570732712
28.560765699442676 0.007387480255870012
28.567939067695708 0.004154295515293421
28.57511243594874 0.0017589327162388906
28.58228580420177 0.0009616346756973484
28.589459172454802 0.0009707499910039486
28.59663254070783 0.0006016106657425241
28.60380590896086 0.0005065177990965077
28.610979277213893 0.001242187627058462
28.618152645466925 0.0020699394859374377
28.625326013719956 0.0029618330760240188
28.632499381972988 0.004040007509596006
28.639672750226016 0.005456597535371591
28.646846118479047 0.007323911883489946
28.65401948673208 0.009615399338708489
28.66119285498511 0.012134097388632706
28.66836622323814 0.01459830842826213
28.675539591491173 0.016757623494049707
28.6827129597442 0.01844858674651132
28.689886327997232 0.019572915579450404
28.697059696250264 0.020026330713694543
28.704233064503295 0.019656704139518942
28.711406432756327 0.018339734162789872
28.71857980100936 0.016126349161301772
28.72575316926239 0.013325022281299266
28.732926537515418 0.010484455940963212
28.74009990576845 0.008329822631871814
28.74727327402148 0.007529886439827376
28.754446642274512 0.008086242538156714
28.761620010527544 0.009277739845324586
28.768793378780575 0.010306996038919939
28.775966747033603 0.010481511680146648
28.783140115286635 0.00923927828276932
28.790313483539666 0.006303911836875593
28.797486851792698 0.002053420501806126
28.80466022004573 0.004310279223969262
28.81183358829876 0.01001632419952385
28.81900695655179 0.014937812777517143
28.82618032480482 0.01808415470088872
28.833353693057852 0.01889783312278009
28.840527061310883 0.0173522237728151
28.847700429563915 0.013994819845302988
28.854873797816946 0.010023669904006275
28.862047166069978 0.007695391563395754
28.869220534323006 0.009050928538882433
28.876393902576037 0.012251233246340369
28.88356727082907 0.015349026602367827
28.8907406390821 0.017715249553463104
28.89791400733513 0.019119944706121734
28.905087375588163 0.019371548938532733
28.91226074384119 0.018305078184760237
28.919434112094223 0.01589322334608271
28.926607480347254 0.0123417512161941
28.933780848600286 0.00815089258921239
28.940954216853317 0.004332973365029753
28.94812758510635 0.003539216118036045
28.955300953359377 0.005556498080094294
28.962474321612408 0.0070392764207145905
28.96964768986544 0.0072207495597734015
28.97682105811847 0.006174344213107721
28.983994426371503 0.004362598423461768
28.991167794624534 0.002615097968861916
28.998341162877566 0.0020973432031695686
29.005514531130594 0.0023566715483673614
29.012687899383625 0.0020271318252494557
29.019861267636657 0.0016834435801945625
29.027034635889688 0.003589807030299824
29.03420800414272 0.006519388695147852
29.04138137239575 0.009218228729469409
29.04855474064878 0.010885106350653474
29.05572810890181 0.010980162013002797
29.062901477154842 0.009327754325508012
29.070074845407873 0.0062441103943874
29.077248213660905 0.0031327098358958205
29.084421581913936 0.004540451342155856
29.091594950166964 0.008040358763106804
29.098768318419996 0.010603563466012714
29.105941686673027 0.011551536247127467
29.11311505492606 0.010816653928163085
29.12028842317909 0.008752648527129744
29.127461791432122 0.006021157169357789
29.134635159685153 0.0034699107515303654
29.14180852793818 0.002021909953815852
29.148981896191213 0.001718966396267479
29.156155264444244 0.0011995669437165546
29.163328632697276 0.0006304614847288095
29.170502000950307 0.0025266876721994924
29.17767536920334 0.005198157978080596
29.184848737456367 0.008298913891025451
29.1920221057094 0.01162547519210167
29.19919547396243 0.014799861090371846
29.20636884221546 0.01725028077447452
29.213542210468493 0.018364436988749424
29.220715578721524 0.017727498355048193
29.227888946974552 0.01534963082390395
29.235062315227584 0.011782405112498515
29.242235683480615 0.008098017497111245
29.249409051733647 0.005800818117055937
29.256582419986678 0.0059114996980162305
29.26375578823971 0.007663921240466396
29.27092915649274 0.010474788473443512
29.27810252474577 0.013962223718004558
29.2852758929988 0.017130087408699046
29.292449261251832 0.018729020093211188
29.299622629504864 0.017830146378887614
29.306795997757895 0.01422057966503439
29.313969366010927 0.008636633364954828
29.321142734263955 0.0037253163438775907
29.328316102516986 0.00617250179161859
29.335489470770018 0.009647410114749434
29.34266283902305 0.010521434238087981
29.34983620727608 0.00868690578392589
29.357009575529112 0.005612273410819127
29.36418294378214 0.0051532737950708615
29.37135631203517 0.007536326569715095
29.378529680288203 0.008660080100418516
29.385703048541234 0.007130432709485591
29.392876416794266 0.003613785973310122
29.400049785047297 0.005100949634353836
29.40722315330033 0.01118510530623914
29.414396521553357 0.016669516303112565
29.42156988980639 0.02023624834034807
29.42874325805942 0.021555255882692716
29.43591662631245 0.02110855700724869
29.443089994565483 0.019948862361158583
29.450263362818514 0.019148916213907265
29.457436731071542 0.019091333524979697
29.464610099324574 0.01932698854853107
29.471783467577605 0.019226141443109544
29.478956835830637 0.018603019781119598
29.48613020408367 0.01791964222707344
29.4933035723367 0.018031644600736932
29.500476940589728 0.01932976716539133
29.50765030884276 0.021092702885809774
29.51482367709579 0.022016067470136333
29.521997045348822 0.02104878571975444
29.529170413601854 0.017803459305237496
29.536343781854885 0.01265600821010539
29.543517150107917 0.006758777256627109
29.550690518360945 0.0033518106432508478
29.557863886613976 0.00602734184626211
29.565037254867008 0.008304426354913033
29.57221062312004 0.00851238103655215
29.57938399137307 0.006948394156335956
29.586557359626102 0.004527934362544356
29.59373072787913 0.0025521234922611506
29.60090409613216 0.0022844619328939815
29.608077464385193 0.002644683013517236
29.615250832638225 0.0025863829235307566
29.622424200891256 0.00235658202581819
29.629597569144288 0.00243515885927453
29.636770937397316 0.003060931388977022
29.643944305650347 0.004392129172674937
29.65111767390338 0.006410218476298983
29.65829104215641 0.008807118323741798
29.66546441040944 0.011199507686514723
29.672637778662473 0.013278890851849034
29.679811146915505 0.014770516105667725
29.686984515168533 0.015303575668806283
29.694157883421564 0.014390432294436307
29.701331251674596 0.011622017932277377
29.708504619927627 0.006996771273954016
29.71567798818066 0.002037742000913854
29.72285135643369 0.006478219799798927
29.730024724686718 0.012341998841300288
29.73719809293975 0.016666235787473803
29.74437146119278 0.01900142885868835
29.751544829445812 0.019784478431298283
29.758718197698844 0.019956592230714457
29.765891565951875 0.01999906950641283
29.773064934204903 0.019347182324881085
29.780238302457935 0.017007036029464614
29.787411670710966 0.012521396594935178
29.794585038963998 0.006772075008115687
29.80175840721703 0.005412963046758426
29.80893177547006 0.010577541446372584
29.816105143723092 0.01477761074728339
29.82327851197612 0.01613650415385042
29.830451880229152 0.014553142652720326
29.837625248482183 0.01086088542067308
29.844798616735215 0.006434987798054395
29.851971984988246 0.0027413851668748063
29.859145353241278 0.0008836845166699271
29.866318721494306 0.001275880924133472
29.873492089747337 0.0035130402269836626
29.88066545800037 0.006708509122680714
29.8878388262534 0.009825755016509128
29.89501219450643 0.012153883975237848
29.902185562759463 0.013668263094369486
29.90935893101249 0.014968166133839314
29.916532299265523 0.016563896438912203
29.923705667518554 0.018159764067856982
29.930879035771586 0.01888775632755611
29.938052404024617 0.018053197989117878
29.94522577227765 0.015617434082357143
29.95239914053068 0.012381544397181882
29.959572508783708 0.01004522503126244
29.96674587703674 0.01019022066890681
29.97391924528977 0.011879370700160475
29.981092613542803 0.013159152031126099
29.988265981795834 0.013052301461906212
29.995439350048866 0.01144483182352533
30.002612718301894 0.008962382302781445
30.009786086554925 0.007330648111143203
30.016959454807957 0.008537002909735067
30.024132823060988 0.011388768547930814
30.03130619131402 0.0138273036229181
30.03847955956705 0.014906562602518157
30.04565292782008 0.014431454288448971
30.05282629607311 0.012677296219351286
30.059999664326142 0.010142418892362457
30.067173032579174 0.007285461288082641
30.074346400832205 0.004352693543936042
30.081519769085237 0.0017205933473191867
30.088693137338268 0.002890876595686472
30.095866505591296 0.0059937335002001125
30.103039873844327 0.008825385757320078
30.11021324209736 0.010898242897537979
30.11738661035039 0.01194143355987117
30.124559978603422 0.011854392708598605
30.131733346856453 0.010638677213163984
30.13890671510948 0.00830997114550643
30.146080083362513 0.0049495633396738885
30.153253451615544 0.0009890968232110274
30.160426819868576 0.0037403847184739186
30.167600188121607 0.007726941652327543
30.17477355637464 0.010619683492515353
30.181946924627667 0.011935563698787094
30.1891202928807 0.01161030394676597
30.19629366113373 0.01000791120088847
30.20346702938676 0.007810756160014916
30.210640397639793 0.005821676109481766
30.217813765892824 0.00474000577233338
30.224987134145856 0.004948320245004938
30.232160502398884 0.006293730864562498
30.239333870651915 0.008198691271466328
30.246507238904947 0.00995556599814366
30.25368060715798 0.010944664512183044
30.26085397541101 0.010819944132675589
30.26802734366404 0.009599943178473883
30.27520071191707 0.007623501757007246
30.2823740801701 0.005393793965073148
30.289547448423132 0.0033693263141467995
30.296720816676164 0.0017946008609391266
30.303894184929195 0.0006892058557119752
30.311067553182227 2.0762521656372137e-05
30.318240921435255 0.0001410864087195304
30.325414289688286 0.00032652322933177184
30.332587657941318 0.0014311691578406584
30.33976102619435 0.0029631372456010155
30.34693439444738 0.004513745947008177
30.354107762700412 0.005606435618468852
30.361281130953444 0.005865306753955939
30.36845449920647 0.00515282038415728
30.375627867459503 0.003626336271122065
30.382801235712535 0.0016921600426145972
30.389974603965566 0.0003658917373599809
30.397147972218598 0.0015996839589747765
30.40432134047163 0.0022353978732293713
30.411494708724657 0.002193265063884156
30.41866807697769 0.0017020665523005477
30.42584144523072 0.0010676872168649569
30.43301481348375 0.0005615328593590963
30.440188181736783 0.0003717606707000185
30.447361549989814 0.0002801490087764434
30.454534918242846 0.00044297863409837874
30.461708286495874 0.0016748829734801855
30.468881654748905 0.0037274355710384443
30.476055023001937 0.0063583525039671435
30.48322839125497 0.009078707705399269
30.490401759508 0.011247735063330681
30.49757512776103 0.012272849889748067
30.50474849601406 0.01181476864220962
30.51192186426709 0.009910481871143028
30.519095232520122 0.0069633732685006056
30.526268600773154 0.0036048740004361764
30.533441969026185 0.000618856282473208
30.540615337279217 0.0022212333500181577
30.547788705532245 0.004070384232482728
30.554962073785276 0.005303642584903881
30.562135442038308 0.005893455941941816
30.56930881029134 0.005773400267747872
30.57648217854437 0.005396309254536368
30.583655546797402 0.006395763413003066
30.590828915050434 0.009580929750850075
30.59800228330346 0.013667731642348975
30.605175651556493 0.017294770213781896
30.612349019809525 0.01956774058368378
30.619522388062556 0.020131881243748734
30.626695756315588 0.019222133705220745
30.63386912456862 0.017513454317259116
30.641042492821647 0.01566980216386273
30.64821586107468 0.013839642479492738
30.65538922932771 0.011647487298620581
30.66256259758074 0.008717152422467709
30.669735965833773 0.005130591170695889
30.676909334086805 0.0017971149111533215
30.684082702339833 0.002765216648175187
30.691256070592864 0.004767068498959419
30.698429438845896 0.005447913952467234
30.705602807098927 0.004848098720843951
30.71277617535196 0.0036222979482504105
30.71994954360499 0.0029886145616132686
30.72712291185802 0.0035326204511712408
30.73429628011105 0.004178266249149924
30.74146964836408 0.004221907891558215
30.748643016617113 0.003656171883663123
30.755816384870144 0.0029507548457152915
30.762989753123176 0.0029396037305131845
30.770163121376207 0.0038103247863345356
30.777336489629235 0.004864440277086461
30.784509857882266 0.0055852875521933965
30.791683226135298 0.005760760029783075
30.79885659438833 0.00542910051735857
30.80602996264136 0.004867839223481069
30.813203330894392 0.0045061162792461125
30.82037669914742 0.004736235682505176
30.827550067400452 0.005841930337772815
30.834723435653483 0.008019912308067121
30.841896803906515 0.011164805259740156
30.849070172159546 0.014765808549644767
30.856243540412578 0.01807912575728874
30.86341690866561 0.020383008959854766
30.870590276918637 0.02120565584829305
30.87776364517167 0.020471364905394807
30.8849370134247 0.018525305310089932
30.892110381677732 0.01600560085864486
30.899283749930763 0.013557022706245262
30.906457118183795 0.011483045366389718
30.913630486436823 0.009629647188908798
30.920803854689854 0.007685284031930954
30.927977222942886 0.005552289001469446
30.935150591195917 0.0034545072710029713
30.94232395944895 0.0020296511618488815
30.94949732770198 0.00239895643033914
30.956670695955008 0.0038651580835761664
30.96384406420804 0.005566114425215795
30.97101743246107 0.007209205427963443
30.978190800714103 0.008512537450603123
30.985364168967134 0.009244302157497393
30.992537537220166 0.009355018789091873
30.999710905473197 0.00904045542406118
31.006884273726225 0.008669138031552528
31.014057641979257 0.008538541506855964
31.021231010232288 0.008615668627630602
31.02840437848532 0.008581481116761441
31.03557774673835 0.008107717343418164
31.042751114991383 0.007043212054315654
31.04992448324441 0.005450743946739375
31.057097851497442 0.0035713144831193123
31.064271219750474 0.0017780383612543197
31.071444588003505 0.0007295576663359724
31.078617956256537 0.0009738640910186533
31.085791324509568 0.0010563438853775896
31.092964692762596 0.0013870375218107192
31.100138061015627 0.0028225778607776685
31.10731142926866 0.004786324049450065
31.11448479752169 0.006698629509725108
31.121658165774722 0.008180455456622684
31.128831534027753 0.009144362047031165
31.136004902280785 0.00993075677231741
31.143178270533813 0.011196167322372566
31.150351638786844 0.013323094429100901
31.157525007039876 0.015990074411109622
31.164698375292907 0.01847975982635025
31.17187174354594 0.020115224144905127
31.17904511179897 0.020459484387321817
31.186218480052 0.0193650198809451
31.19339184830503 0.01694463242621892
31.20056521655806 0.013506383743025891
31.207738584811093 0.009482691547922053
31.214911953064124 0.005359094402781112
31.222085321317156 0.0016229492173597138
31.229258689570184 0.001275686142114308
31.236432057823215 0.0029215602705163456
31.243605426076247 0.003216160197887076
31.25077879432928 0.0029857105086048726
31.25795216258231 0.004567613516252905
31.26512553083534 0.007918698065971197
31.272298899088373 0.01146885377462619
31.2794722673414 0.014123372940321267
31.286645635594432 0.015198925187574857
31.293819003847464 0.014509134863031889
31.300992372100495 0.01245634845522866
31.308165740353527 0.010007856980174121
31.31533910860656 0.008334192960367416
31.322512476859586 0.0077814346219729335
31.329685845112618 0.007470403940574098
31.33685921336565 0.006621208178663656
31.34403258161868 0.00527476303192293
31.351205949871712 0.004002407515312243
31.358379318124744 0.003120771306336419
31.36555268637777 0.0020884459206544797
31.372726054630803 0.00041908843839245404
31.379899422883835 0.002526124653768272
31.387072791136866 0.005547480648507801
31.394246159389898 0.008212250445823405
31.40141952764293 0.009946657332039567
31.40859289589596 0.010541434319388147
31.41576626414899 0.01015769470627599
31.42293963240202 0.00908351962844841
31.43011300065505 0.007348419667661608
31.437286368908083 0.0046048080719919135
31.444459737161115 0.0005591047536035737
31.451633105414146 0.004934830555719969
31.458806473667174 0.010969331216061017
31.465979841920205 0.01658885511571353
31.473153210173237 0.020665313306201513
31.48032657842627 0.02234012273761107
31.4874999466793 0.021286445024622264
31.49467331493233 0.017816870296060557
31.50184668318536 0.012780013266064783
31.50902005143839 0.007273693740016427
31.516193419691422 0.0025630050662509415
31.523366787944454 0.0033648726697703846
31.530540156197485 0.006906247382313772
31.537713524450517 0.010193262652774001
31.54488689270355 0.01300773856854337
31.552060260956576 0.014905784184863826
31.559233629209608 0.015361784000694196
31.56640699746264 0.014150798603819828
31.57358036571567 0.011540450790894292
31.580753733968702 0.00829767608226265
31.587927102221734 0.005774124630036157
31.595100470474762 0.0054220541436124075
31.602273838727793 0.006282424649217163
31.609447206980825 0.006566330827385565
31.616620575233856 0.005738571149550225
31.623793943486888 0.0042170457876498126
31.63096731173992 0.003879453265762068
31.638140679992947 0.006186972142516248
31.64531404824598 0.009314558654770357
31.65248741649901 0.011959768363644522
31.65966078475204 0.01348091982683201
31.666834153005073 0.013629601933144194
31.674007521258105 0.012560131138336022
31.681180889511136 0.010796213841768668
31.688354257764164 0.009030248040824801
31.695527626017196 0.007693687507405688
31.702700994270227 0.006611569073116044
31.70987436252326 0.005326925056157758
31.71704773077629 0.0036943309329932226
31.72422109902932 0.001995634734045396
31.73139446728235 0.0006130884425530166
31.73856783553538 0.0012461775132446965
31.745741203788413 0.0036485676967651526
31.752914572041444 0.007103874562063408
31.760087940294476 0.011018294857310132
31.767261308547507 0.014419862494821637
31.774434676800535 0.01630709463087207
31.781608045053567 0.01599212666830775
31.788781413306598 0.013374900156056715
31.79595478155963 0.009142674694076248
31.80312814981266 0.0053774112426706626
31.810301518065693 0.006247275004584663
31.817474886318724 0.00947043009601033
31.824648254571752 0.011633508631631265
31.831821622824783 0.012121614803398902
31.838994991077815 0.011233775430640837
31.846168359330846 0.009538733691605052
31.853341727583878 0.0074399031509706426
31.86051509583691 0.005021399810159568
31.867688464089937 0.0023451381250676785
31.87486183234297 0.0010680288086436405
31.882035200596 0.0030007708683472906
31.889208568849032 0.004259549090885892
31.896381937102063 0.00524619523737866
31.903555305355095 0.007776185330384195
31.910728673608123 0.012152291539489386
31.917902041861154 0.016861877864657263
31.925075410114186 0.0201729800918485
31.932248778367217 0.020744929265014332
31.93942214662025 0.01799319241619321
31.94659551487328 0.012293523759309892
31.953768883126312 0.005087459229282164
31.96094225137934 0.00402679937638464
31.96811561963237 0.009514437474793882
31.975288987885403 0.012531793613928704
31.982462356138434 0.012576108832759638
31.989635724391466 0.010971644443865695
31.996809092644497 0.010502582282469775
32.00398246089753 0.012312985936676523
32.01115582915056 0.014019476736853996
32.018329197403595 0.01345976457274321
32.02550256565662 0.01002923200022579
32.03267593390965 0.004422878525487787
32.039849302162686 0.00263836856978593
32.047022670415714 0.008217162322433531
32.05419603866875 0.01205867648540266
32.06136940692178 0.01380386586518473
32.06854277517481 0.014430536783533131
32.07571614342784 0.015427486409215312
32.08288951168087 0.01710315857644971
32.0900628799339 0.01819912879251868
32.09723624818693 0.017335334994345836
32.104409616439966 0.014017637495947106
32.111582984692994 0.008991077135211658
32.11875635294602 0.00569486685600009
32.12592972119906 0.009160194002136727
32.133103089452085 0.014226188193995898
32.14027645770512 0.017959808480833842
32.14744982595815 0.0198081152603791
32.15462319421118 0.019827280050718064
32.16179656246421 0.018239675756987542
32.16896993071724 0.015286010456105309
32.176143298970274 0.011274456003157669
32.1833166672233 0.006654817733975647
32.19049003547634 0.0019573127618696317
32.197663403729365 0.002414144191450945
32.2048367719824 0.006362611213957205
32.21201014023543 0.010003006623181656
32.219183508488456 0.01326599536922174
32.22635687674149 0.015655606020308115
32.23353024499452 0.01645501499942831
32.240703613247554 0.015163862981188877
32.24787698150058 0.011855762938309273
32.25505034975361 0.007304272712619095
32.262223718006645 0.0028363386054127042
32.26939708625967 0.00034164129662121425
32.27657045451271 0.0004119455218505966
32.283743822765736 0.002433565953782779
32.29091719101877 0.007751268092092918
32.2980905592718 0.014175788516996283
32.30526392752483 0.019876648847668238
32.31243729577786 0.023138320406388458
32.31961066403089 0.022901477017039727
32.326784032283925 0.019116116907316332
32.33395740053695 0.012778970035425939
32.34113076878999 0.005630975941629621
32.348304137043016 0.0004784261366101453
32.355477505296044 0.0037670421424693106
32.36265087354908 0.003768391467157867
32.36982424180211 0.0009045572266285203
32.37699761005514 0.004120677014725596
32.38417097830817 0.008989088661358467
32.3913443465612 0.01250130453029539
32.39851771481423 0.014005433171866087
32.40569108306726 0.014173450602684302
32.412864451320296 0.01486813912828186
32.420037819573324 0.01732718860188784
32.42721118782636 0.020599140650568573
32.43438455607939 0.02309029425278799
32.441557924332415 0.024030463476863797
32.44873129258545 0.023600885729793884
32.45590466083848 0.02249237602903073
32.46307802909151 0.02133724551367639
32.47025139734454 0.020460908851279602
32.477424765597576 0.020093712103201454
32.484598133850604 0.020483431363871926
32.49177150210363 0.021519085203519597
32.49894487035667 0.02252319675859824
32.506118238609695 0.02273434475921731
32.51329160686273 0.02192753278022902
32.52046497511576 0.020561883734361176
32.527638343368785 0.019269262793050804
32.53481171162182 0.018055079593017814
32.54198507987485 0.016186081427745334
32.54915844812788 0.012975763062600208
32.55633181638091 0.008680097830992871
32.56350518463395 0.005863456975945925
32.570678552886974 0.008300530640359316
32.57785192114 0.012261113393734941
32.58502528939304 0.014979840538548676
32.592198657646065 0.016041145883991078
32.5993720258991 0.015992732330370973
32.60654539415213 0.015674676621998784
32.61371876240516 0.015480459163600451
32.62089213065819 0.015127334120574607
32.62806549891122 0.014178164456861639
32.635238867164254 0.012546267673763802
32.64241223541728 0.010570359402524846
32.64958560367032 0.008882166667202677
32.656758971923345 0.00822391099850467
32.66393234017637 0.00892948997098421
32.67110570842941 0.010454044972749368
32.678279076682436 0.011873125021741376
32.68545244493547 0.012430283483229438
32.6926258131885 0.011722624491727571
32.699799181441534 0.009772810581659134
32.70697254969456 0.007002773344628528
32.71414591794759 0.004077550677131004
32.721319286200625 0.0016765927473820265
32.72849265445365 0.0006831078435430788
32.73566602270669 0.001305889458406031
32.742839390959716 0.0019538630480222547
32.75001275921275 0.002554459743350385
32.75718612746578 0.0028522896003020048
32.76435949571881 0.0026663343882094965
32.77153286397184 0.0023717645623574394
32.77870623222487 0.0028469845931386644
32.785879600477905 0.003927759363027975
32.79305296873093 0.004756270764614561
32.80022633698396 0.0048650195852459385
32.807399705236996 0.004200042432521241
32.814573073490024 0.0030023482129742287
32.82174644174306 0.0016350286603052822
32.82891980999609 0.00042787987451223096
32.83609317824912 0.000915186594079302
32.84326654650215 0.0020293034567068096
32.85043991475518 0.003083816796431482
32.85761328300821 0.0038729239513641506
32.86478665126124 0.004230817510586182
32.871960019514276 0.004250358517669072
32.879133387767304 0.0044931656018949925
32.88630675602034 0.005730976048520479
32.89348012427337 0.008014671831882342
32.900653492526395 0.01071743370721208
32.90782686077943 0.013017312197628516
32.91500022903246 0.01403870103930573
32.92217359728549 0.013028088603836448
32.92934696553852 0.009637280703754822
32.93652033379155 0.004322153032541881
32.943693702044584 0.0036727815101623893
32.95086707029761 0.009725251399508939
32.95804043855065 0.014089723938756502
32.965213806803675 0.015143229675834603
32.97238717505671 0.012366682075944206
32.97956054330974 0.006466991013079065
32.986733911562766 0.0032319821075464357
32.9939072798158 0.009903715056347955
33.00108064806883 0.01501681082388656
33.008254016321864 0.016737975861795
33.01542738457489 0.0154863988629358
33.02260075282793 0.01393415202923855
33.029774121080955 0.015246199663919303
33.03694748933398 0.018038651970077674
33.04412085758702 0.018677907158234086
33.051294225840046 0.015265684788561662
33.05846759409308 0.008048713190130893
33.06564096234611 0.0037667611313072008
33.07281433059914 0.012399673422689939
33.07998769885217 0.019201773340260877
33.0871610671052 0.021546026968323473
33.094334435358235 0.018925581488236306
33.10150780361126 0.012409786858810007
33.1086811718643 0.004792631188741716
33.115854540117326 0.005811513333563073
33.123027908370354 0.01051955892129585
33.13020127662339 0.01189498931436355
33.13737464487642 0.009823379495271126
33.14454801312945 0.005652107819554233
33.15172138138248 0.0013854178558543422
33.158894749635515 0.0011263662718157786
33.16606811788854 0.0009391534343288785
33.17324148614157 0.003056689752217392
33.180414854394606 0.008366544531259956
33.18758822264763 0.014051791277942526
33.19476159090067 0.018449341843497995
33.2019349591537 0.0205772322906212
33.209108327406724 0.020447697136972098
33.21628169565976 0.01896620615570204
33.22345506391279 0.017382110890956187
33.23062843216582 0.016564018097985262
33.23780180041885 0.016790440288131103
33.244975168671886 0.01808641028615261
33.25214853692491 0.02004948914721488
33.25932190517794 0.0215094692798325
33.26649527343098 0.02101939192802462
33.273668641684004 0.01772652405615913
33.28084200993704 0.01212477863085694
33.28801537819007 0.007696300610674448
33.2951887464431 0.010652667256497328
33.30236211469613 0.015861559645876638
33.30953548294916 0.018763264788402147
33.31670885120219 0.01872744508896221
33.32388221945522 0.017042299184835432
33.331055587708256 0.01592875804125087
33.338228955961284 0.01633462220016826
33.34540232421431 0.01675313935865503
33.35257569246735 0.015443582476695786
33.359749060720375 0.012049355713399705
33.36692242897341 0.007582575472357081
33.37409579722644 0.004277521366503646
33.38126916547947 0.004956463590419098
33.3884425337325 0.007684865998014202
33.39561590198553 0.011219061539217258
33.402789270238564 0.015237051207710127
33.40996263849159 0.018450793405420506
33.41713600674463 0.01928224880528907
33.424309374997655 0.0168296113735087
33.43148274325069 0.011559991321849856
33.43865611150372 0.007189224858346141
33.445829479756746 0.011127246504295396
33.45300284800978 0.017589514357148332
33.46017621626281 0.021737815967028225
33.467349584515844 0.02238693374451922
33.47452295276887 0.019831639667710965
33.4816963210219 0.015385496568699279
33.488869689274935 0.010987602664714735
33.49604305752796 0.00843817591239264
33.503216425781 0.007698278228228216
33.510389794034026 0.007157187471913703
33.51756316228706 0.00621432552241228
33.52473653054009 0.005480365128843406
33.53190989879312 0.00560882564347615
33.53908326704615 0.006400764699027939
33.54625663529918 0.0074277630421944055
33.553430003552215 0.00846007903411538
33.56060337180524 0.009195824014583165
33.56777674005828 0.00924955444980475
33.574950108311306 0.00841917227161997
33.582123476564334 0.006861726031614233
33.58929684481737 0.005029527969391965
33.5964702130704 0.0034546177040886434
33.60364358132343 0.0027176941887087917
33.61081694957646 0.003419859000619101
33.61799031782949 0.00506584585380746
33.62516368608252 0.0066333107582236825
33.63233705433555 0.007246364308847855
33.639510422588586 0.006306996662235983
33.646683790841614 0.0036838768140851296
33.65385715909465 0.00021951743181901383
33.66103052734768 0.004576548651459829
33.668203895600705 0.00838147952390915
33.67537726385374 0.01075487734366197
33.68255063210677 0.011216648560681762
33.6897240003598 0.009811274642935195
33.69689736861283 0.007032932711123663
33.704070736865866 0.0036027119547901304
33.711244105118894 0.0002029409765748303
33.71841747337192 0.0027186200377919295
33.72559084162496 0.004970508567441211
33.732764209877985 0.0064743532437672845
33.73993757813102 0.007099032496822582
33.74711094638405 0.006658189738287457
33.754284314637076 0.00508664273562273
33.76145768289011 0.0026979603721347923
33.76863105114314 0.0016311700977302797
33.775804419396174 0.0039035322614180937
33.7829777876492 0.005823205960474681
33.79015115590224 0.006591507074491029
33.797324524155265 0.006176524665996547
33.80449789240829 0.00507924896578013
33.81167126066133 0.004399819297331656
33.818844628914356 0.005112155076325529
33.82601799716739 0.006691038182054698
33.83319136542042 0.008385227012098569
33.840364733673454 0.009973599415051866
33.84753810192648 0.011405756798059953
33.85471147017951 0.012518785527833372
33.861884838432545 0.013003782554717548
33.86905820668557 0.012545027618320598
33.87623157493861 0.010985852302190277
33.883404943191636 0.008434475342602022
33.89057831144466 0.005296381390938093
33.8977516796977 0.0023033101698803175
33.90492504795073 0.0013517081126626124
33.91209841620376 0.002161303726710837
33.91927178445679 0.0017940410450778266
33.926445152709825 0.0003646400340348918
33.93361852096285 0.002466634790340842
33.94079188921588 0.004836086913099813
33.947965257468915 0.0062164753669103606
33.95513862572194 0.006006075949970316
33.96231199397498 0.004211066435291566
33.969485362228006 0.002081423519375933
33.97665873048104 0.0033307223527088508
33.98383209873407 0.00516608200651772
33.9910054669871 0.005068069144254877
33.99817883524013 0.0024742849026587054
34.00535220349316 0.0025040181729636297
34.012525571746195 0.008299785519198813
34.01969893999922 0.01352014314391618
34.02687230825225 0.01644739487464744
34.034045676505286 0.01587999154117032
34.041219044758314 0.011534059017599957
34.04839241301135 0.004641583428903666
34.05556578126438 0.006482444449632625
34.06273914951741 0.01469723455587209
34.06991251777044 0.020703502387045648
34.07708588602347 0.0227999687300469
34.0842592542765 0.020516747647719925
34.09143262252953 0.01454863861200391
34.098605990782566 0.007000074301254557
34.105779359035594 0.006194932968649491
34.11295272728863 0.012689925276605288
34.12012609554166 0.017627023288501218
34.127299463794685 0.019780627979824588
34.13447283204772 0.0195136951992802
34.14164620030075 0.017866123199853718
34.14881956855378 0.015951132181484085
34.15599293680681 0.014285811651916832
34.16316630505984 0.01262290571368868
34.170339673312874 0.010638357414347889
34.1775130415659 0.008687135357960486
34.18468640981894 0.007839226421921334
34.191859778071965 0.008512927555342975
34.199033146325 0.009564881731898383
34.20620651457803 0.009835693098235336
34.213379882831056 0.008906065247179946
34.22055325108409 0.006958782405869327
34.22772661933712 0.004559947496567802
34.234899987590154 0.0024387377636008525
34.24207335584318 0.0012072099087553365
34.24924672409622 0.0007549601685576487
34.256420092349245 0.0014162696083376938
34.26359346060227 0.003275677349394906
34.27076682885531 0.005426644897443769
34.277940197108336 0.007168468548745142
34.28511356536137 0.007977548811878283
34.2922869336144 0.007637175948742286
34.29946030186743 0.006288634553345817
34.30663367012046 0.00434701424678502
34.31380703837349 0.002302706202787692
34.320980406626525 0.0007225885591314483
34.32815377487955 0.0017953805341870417
34.33532714313259 0.003685062313462737
34.342500511385616 0.005561453382448807
34.349673879638644 0.006953694430128521
34.35684724789168 0.007385783574189414
34.36402061614471 0.00670535524506657
34.37119398439774 0.005501151486759896
34.37836735265077 0.0054817534451031295
34.385540720903805 0.007477510474821199
34.39271408915683 0.010037417796832157
34.39988745740986 0.012038772117015288
34.407060825662896 0.01313325743557307
34.414234193915924 0.01342185654027995
34.42140756216896 0.01312020930802057
34.42858093042199 0.012306182594291835
34.435754298675015 0.010921527783771735
34.44292766692805 0.008974963764683158
34.45010103518108 0.006711083729019313
34.45727440343411 0.0045366768198100505
34.46444777168714 0.0026910210136884155
34.471621139940176 0.0012036874782189039
34.478794508193204 0.0019451335859502438
34.48596787644623 0.004216204560890091
34.49314124469927 0.006312321253360241
34.500314612952295 0.00748346751663721
34.50748798120533 0.007480799405277588
34.51466134945836 0.007117193725041877
34.52183471771139 0.008265748771909182
34.52900808596442 0.011240928632908107
34.53618145421745 0.014425563017093572
34.543354822470484 0.01661119858011372
34.55052819072351 0.01764909333754338
34.55770155897655 0.018337908736638937
34.564874927229575 0.01957454925084822
34.5720482954826 0.02109690837693247
34.57922166373564 0.021508444977382152
34.586395031988665 0.019471741406726716
34.5935684002417 0.014585369423962304
34.60074176849473 0.007916448591861365
34.60791513674776 0.005731325095447604
34.61508850500079 0.011849267572283708
34.62226187325382 0.017259409527814903
34.629435241506854 0.01974583435611538
34.63660860975988 0.019280642500283596
34.64378197801292 0.017233603936392526
34.650955346265945 0.0159843130440414
34.65812871451898 0.0169900739493419
34.66530208277201 0.01902062203345202
34.672475451025036 0.020207845589723945
34.67964881927807 0.019783467009073314
34.6868221875311 0.017966701534524468
34.693995555784134 0.015352929116584129
34.70116892403716 0.012305239841328378
34.70834229229019 0.008740507111082855
34.715515660543225 0.0044523661787091795
34.72268902879625 0.0008802681243080191
34.72986239704929 0.005843164656914147
34.737035765302316 0.010540664219929307
34.74420913355535 0.01402751857715508
34.75138250180838 0.015825250921794317
34.75855587006141 0.015824025936115944
34.76572923831444 0.014238985297902285
34.77290260656747 0.011484052969506563
34.780075974820505 0.008077993034684934
34.78724934307353 0.004883942886825338
34.79442271132657 0.004442345323014593
34.801596079579596 0.007439644202271885
34.808769447832624 0.011037262401389457
34.81594281608566 0.014094178317056786
34.82311618433869 0.01608451401940057
34.83028955259172 0.016706350859570906
34.83746292084475 0.015889567161384042
34.84463628909778 0.013825772950922757
34.85180965735081 0.010954372958650656
34.85898302560384 0.007910192244123407
34.866156393856876 0.005460304235832761
34.873329762109904 0.004271629003171756
34.88050313036294 0.004092940583042244
34.88767649861597 0.003908821893653688
34.894849866868995 0.0031889257756168923
34.90202323512203 0.00246750210952204
34.90919660337506 0.003916500470648929
34.91636997162809 0.007170393629954249
34.92354333988112 0.010714115421456541
34.930716708134156 0.013436527842772243
34.937890076387184 0.01435329571896305
34.94506344464021 0.01282652586789686
34.95223681289325 0.009025523971857399
34.959410181146275 0.005761462281208878
34.96658354939931 0.00964155024372833
34.97375691765234 0.01617968999734789
34.980930285905366 0.021216139860107196
34.9881036541584 0.023195358622618817
34.99527702241143 0.021625140423439358
35.002450390664464 0.016949764165065363
35.00962375891749 0.010382990907649057
35.01679712717053 0.0036051054927459265
35.023970495423555 0.002570827047491636
35.03114386367658 0.00599388713397279
35.03831723192962 0.007398269756453904
35.045490600182646 0.007708759025719372
35.05266396843568 0.00849882384784688
35.05983733668871 0.010225001518130888
35.067010704941744 0.012129990248139004
35.07418407319477 0.013833808950500657
35.0813574414478 0.015649903341767062
35.088530809700835 0.01775902341184982
35.09570417795386 0.019531908907238372
35.1028775462069 0.019865551406071175
35.110050914459926 0.01790797668439543
35.117224282712954 0.013474922549457612
35.12439765096599 0.00716652083381111
35.13157101921902 0.002420716675352154
35.13874438747205 0.008268883618322483
35.14591775572508 0.014058597131949584
35.153091123978115 0.01797248918583124
35.16026449223114 0.019739922385078545
35.16743786048417 0.01946849655064775
35.174611228737206 0.01742505595191081
35.181784596990234 0.01399315291366678
35.18895796524327 0.009980136153718282
35.1961313334963 0.007741404208419014
35.20330470174933 0.010145664682436438
35.21047807000236 0.014738449479808837
35.21765143825539 0.0188064957309764
35.22482480650842 0.021192279022192544
35.23199817476145 0.021454181825666278
35.239171543014486 0.01966137953630296
35.246344911267514 0.016294876021485303
35.25351827952054 0.012129066691953487
35.26069164777358 0.008218979465810112
35.267865016026605 0.006021660278997001
35.27503838427964 0.0061656848370900815
35.28221175253267 0.006874847084390364
35.2893851207857 0.006769939297962885
35.29655848903873 0.0057103376457365435
35.30373185729176 0.0044335828433344614
35.31090522554479 0.004321442587467951
35.31807859379782 0.0054163084389921515
35.32525196205086 0.006326228273489564
35.332425330303884 0.006284308017157929
35.33959869855692 0.005215567255680932
35.34677206680995 0.0034818418518186046
35.353945435062975 0.0016658855236097974
35.36111880331601 0.00033818083811280864
35.36829217156904 0.00015973568660366562
35.37546553982207 0.0002704825386622754
35.3826389080751 0.0011166987158819806
35.38981227632813 0.0019550526418340318
35.396985644581164 0.0023553644024605206
35.40415901283419 0.0026929293546418065
35.41133238108723 0.004347586884447064
35.418505749340255 0.007403491434112951
35.42567911759329 0.01085486777016321
35.43285248584632 0.013701526028564821
35.440025854099346 0.015162875171582754
35.44719922235238 0.014853388502477244
35.45437259060541 0.012873402019808385
35.461545958858444 0.009759879974828115
35.46871932711147 0.006318463318484841
35.47589269536451 0.0034128202630315315
35.483066063617535 0.0019464972503266153
35.49023943187056 0.0022900912428236923
35.4974128001236 0.0032352824686450858
35.504586168376626 0.004201368235794607
35.51175953662966 0.004865302586031661
35.51893290488269 0.005066789277571488
35.52610627313572 0.0050823303804683785
35.53327964138875 0.005352101391866037
35.54045300964178 0.005663638121983661
35.547626377894815 0.005185975070768994
35.55479974614784 0.003350553331971174
35.56197311440088 0.0021322122097410905
35.569146482653906 0.006033743262958029
35.576319850906934 0.010572642696097936
35.58349321915997 0.01380993353365083
35.590666587413 0.014718415774627715
35.59783995566603 0.013324274095367758
35.60501332391906 0.011627114754927446
35.612186692172095 0.013248831723113147
35.61936006042512 0.017802248725858293
35.62653342867815 0.0216864773349732
35.633706796931186 0.022497288240941066
35.640880165184214 0.019372933838434196
35.64805353343725 0.012832600096507083
35.65522690169028 0.004864825856669189
35.662400269943305 0.00526657039538944
35.66957363819634 0.010637715424454235
35.67674700644937 0.012327517751387162
35.6839203747024 0.009525802614282496
35.69109374295543 0.002910922453958294
35.698267111208466 0.005823422718786177
35.705440479461494 0.01437927993885599
35.71261384771452 0.020605618289667293
35.71978721596756 0.02304842333764159
35.726960584220585 0.02138602410195366
35.73413395247362 0.01658300194450891
35.74130732072665 0.011028462771641389
35.74848068897968 0.008768019755876379
35.75565405723271 0.010456229490542777
35.76282742548574 0.011482535376509522
35.770000793738774 0.009813763066153678
35.7771741619918 0.005696859669563467
35.78434753024484 0.0021082047383728297
35.791520898497865 0.0063541591031886675
35.7986942667509 0.01033238059069374
35.80586763500393 0.012079591106451609
35.813041003256956 0.011461339439445608
35.82021437150999 0.0093912944718915
35.82738773976302 0.008127482680356147
35.834561108016054 0.009714811218720401
35.84173447626908 0.012667472527980709
35.84890784452211 0.014993443638018935
35.856081212775145 0.015964485860556057
35.86325458102817 0.015762269509218982
35.87042794928121 0.015166122875041325
35.877601317534236 0.015043596563234
35.88477468578727 0.015641993330405446
35.8919480540403 0.01650539813341529
35.89912142229333 0.017175448600760475
35.90629479054636 0.017696173363475266
35.91346815879939 0.018465406863695716
35.920641527052425 0.019613364695684875
35.92781489530545 0.020611049056662476
35.93498826355849 0.020598387344131715
35.942161631811516 0.01894954337172777
35.94933500006454 0.015587671293677084
35.95650836831758 0.011025223739947488
35.96368173657061 0.006240584876333891
35.97085510482364 0.002716862246258065
35.97802847307667 0.0025977972594871507
35.9852018413297 0.0032331680940790117
35.99237520958273 0.0030479367439358723
35.99954857783576 0.003356234814963966
36.006721946088796 0.004788367500580116
36.01389531434182 0.00602292173031337
36.02106868259486 0.006019121518564852
36.028242050847886 0.004402209318183165
36.035415419100914 0.0016078860256278416
36.04258878735395 0.003333278259238238
36.04976215560698 0.00753668422684155
36.05693552386001 0.011248535235195188
36.06410889211304 0.013781431284190992
36.071282260366075 0.01477218900758782
36.0784556286191 0.014152440716231578
36.08562899687213 0.012117490355890341
36.092802365125166 0.009063871443189696
36.099975733378194 0.005550128785179835
36.10714910163123 0.00248426154150836
36.11432246988426 0.002373311864344484
36.121495838137285 0.0038625370183568266
36.12866920639032 0.004409802944279251
36.13584257464335 0.0037875535047269277
36.14301594289638 0.0022889632266109637
36.15018931114941 0.0007256216477778998
36.157362679402446 0.0021265849143530784
36.164536047655474 0.004315759688745858
36.1717094159085 0.0068002424243176224
36.17888278416154 0.009504874384161737
36.186056152414565 0.01191108772555993
36.1932295206676 0.013202498522406096
36.20040288892063 0.012669972543950433
36.20757625717366 0.01023737024534617
36.21474962542669 0.007546627794584336
36.22192299367972 0.009055695818965249
36.229096361932754 0.01415471755295464
36.23626973018578 0.018766520900801987
36.24344309843882 0.02076506343014883
36.250616466691845 0.019302824252747503
36.25778983494487 0.014814631843615573
36.26496320319791 0.009845335242957125
36.272136571450936 0.010317478910131284
36.27930993970397 0.015296648634598377
36.286483307957 0.018951868431103778
36.293656676210034 0.019017702618960023
36.30083004446306 0.015174758023298224
36.30800341271609 0.008625572230827354
36.315176780969125 0.00515118674158757
36.32235014922215 0.011209164680427137
36.32952351747519 0.016930922226267943
36.336696885728216 0.019438521917465427
36.34387025398125 0.01820423680276409
36.35104362223428 0.01376807030056874
36.35821699048731 0.007414316832985788
36.36539035874034 0.0007590517482123204
36.37256372699337 0.0047048809841181575
36.379737095246405 0.007961944800571082
36.38691046349943 0.00867741841543654
36.39408383175246 0.0071961781895953075
36.401257200005496 0.004372714912307311
36.408430568258524 0.0012901799361351
36.41560393651156 0.0012650828666176638
36.42277730476459 0.0025043287216572163
36.42995067301762 0.002514929800238408
36.43712404127065 0.0017369228140913838
36.44429740952368 0.0011066107106880757
36.45147077777671 0.001121449003728958
36.45864414602974 0.0007209782964626158
36.465817514282776 0.0010687220276749559
36.472990882535804 0.003382044658340973
36.48016425078884 0.0060883831776943256
36.48733761904187 0.008489858946090284
36.494510987294895 0.010114978064728088
36.50168435554793 0.010941171413489992
36.50885772380096 0.011491223663229614
36.51603109205399 0.012472547693439827
36.52320446030702 0.014016630930997611
36.53037782856005 0.015582420275086136
36.537551196813084 0.016687171669291165
36.54472456506611 0.017420115348803528
36.55189793331915 0.01825879728520673
36.559071301572175 0.019282128109319206
36.56624466982521 0.01965614646007203
36.57341803807824 0.018101872381041936
36.580591406331266 0.013717925835814125
36.5877647745843 0.006487456493205427
36.59493814283733 0.0028246912112386675
36.602111511090364 0.012200884872275768
36.60928487934339 0.01990883553501411
36.61645824759643 0.024114973490079718
36.623631615849455 0.023776961349398516
36.63080498410248 0.018913894642184674
36.63797835235552 0.010610735186106446
36.645151720608546 0.0010463962778007446
36.65232508886158 0.008678349790379873
36.65949845711461 0.015500636472513023
36.66667182536764 0.018748898640386386
36.67384519362067 0.018345100460774845
36.6810185618737 0.015195875588569491
36.688191930126735 0.01090924910649545
36.69536529837976 0.007385148283104983
36.7025386666328 0.005951355349846113
36.709712034885825 0.006046862037155311
36.71688540313885 0.006772639793012921
36.72405877139189 0.00804842281346673
36.731232139644916 0.009443205433595999
36.73840550789795 0.010285714978588965
36.74557887615098 0.010417557061436437
36.752752244404014 0.010333609545897087
36.75992561265704 0.010466450037950197
36.76709898091007 0.010327111878582164
36.774272349163105 0.008893284499799075
36.78144571741613 0.005587582765746142
36.78861908566917 0.0014083340866085758
36.795792453922196 0.005718517730350177
36.802965822175224 0.010992009821561911
36.81013919042826 0.014546337450224663
36.81731255868129 0.015607117744809162
36.82448592693432 0.014256473081210374
36.83165929518735 0.011471822943010374
36.838832663440385 0.0089554755900306
36.84600603169341 0.00816370080632666
36.85317939994644 0.008471183322448998
36.860352768199476 0.00836407271628355
36.867526136452504 0.007287993642547168
36.87469950470554 0.005303392177115097
36.88187287295857 0.0025777655748175543
36.8890462412116 0.002810990901348513
36.89621960946463 0.007952671924582422
36.90339297771766 0.014018394288336056
36.91056634597069 0.01960270560423565
36.91773971422372 0.023267249855487053
36.924913082476756 0.023869204760955613
36.932086450729784 0.020995106388171297
36.93925981898281 0.015220711283115059
36.94643318723585 0.008449874274049356
36.953606555488875 0.006415083666912471
36.96077992374191 0.010879525742640905
36.96795329199494 0.01456261883565154
36.97512666024797 0.01578543112860579
36.982300028501 0.015053084510640375
36.98947339675403 0.01374709640041656
36.996646765007064 0.013111710644565693
37.00382013326009 0.013167184061586193
37.01099350151313 0.013093036376309857
37.018166869766155 0.012442731881737442
37.02534023801919 0.011379876964690646
37.03251360627222 0.010133426702275126
37.039686974525246 0.008551348795174343
37.04686034277828 0.006367119261319907
37.05403371103131 0.004134145862719884
37.061207079284344 0.004490670113026929
37.06838044753737 0.007200615234347243
37.0755538157904 0.009521733465991252
37.082727184043435 0.010393892343249373
37.08990055229646 0.009622817919752958
37.0970739205495 0.007565050266482532
37.104247288802526 0.004931236095913978
37.11142065705556 0.0027411838868974013
37.11859402530859 0.002727084400633632
37.12576739356162 0.004423576312993107
37.13294076181465 0.006314861754534803
37.14011413006768 0.007877512612641118
37.147287498320715 0.008666655064150404
37.15446086657374 0.00834222058383144
37.16163423482678 0.006848171718603239
37.168807603079806 0.0044492850425933185
37.175980971332834 0.0017027613579794485
37.18315433958587 0.002081563499864447
37.1903277078389 0.005219201820687412
37.19750107609193 0.008697478340460698
37.20467444434496 0.012319003595559723
37.21184781259799 0.015604852614812108
37.21902118085102 0.017863037143878463
37.22619454910405 0.01850685048010501
37.233367917357086 0.01739006021125947
37.240541285610114 0.015155988429391816
37.24771465386315 0.013534959528473625
37.25488802211618 0.014420395564415656
37.262061390369205 0.017272706829710473
37.26923475862224 0.019941372748064012
37.27640812687527 0.02087310904775488
37.2835814951283 0.019407143577162177
37.29075486338133 0.015604676840853078
37.297928231634366 0.010157889898010017
37.305101599887394 0.004774651512543747
37.31227496814042 0.005239009125675836
37.31944833639346 0.009459406342271763
37.326621704646485 0.01241761244056305
37.33379507289952 0.013358508297553274
37.34096844115255 0.01241064681205225
37.348141809405575 0.010157261554720649
37.35531517765861 0.007405402149550981
37.36248854591164 0.004910967850506471
37.36966191416467 0.003124969682607429
37.3768352824177 0.002073834257628992
37.38400865067074 0.0015309064324739237
37.391182018923764 0.0012211121045856957
37.39835538717679 0.0007226255895711952
37.40552875542983 0.00034759881916504977
37.412702123682855 0.001992181871002264
37.41987549193589 0.003876812939181809
37.42704886018892 0.005396723294277945
37.43422222844195 0.005958794850696447
37.44139559669498 0.00532083344761369
37.44856896494801 0.004205061210414989
37.455742333201044 0.004980393765460535
37.46291570145407 0.00777098638056868
37.47008906970711 0.010363029881110377
37.477262437960135 0.011438548031039095
37.48443580621316 0.010576226718747654
37.4916091744662 0.00856755201855201
37.498782542719226 0.008186102650764282
37.50595591097226 0.011238303133886806
37.51312927922529 0.01511866529661776
37.520302647478324 0.017434202794996467
37.52747601573135 0.01703460297058945
37.53464938398438 0.013688984198596373
37.541822752237415 0.007963890811647821
37.54899612049044 0.0017596399314651681
37.55616948874348 0.006627554096952491
37.563342856996506 0.012301674682889929
37.57051622524954 0.015855214582422793
37.57768959350257 0.017049616094222085
37.5848629617556 0.016513367610737323
37.59203633000863 0.01565156365984745
37.59920969826166 0.015964807741324125
37.606383066514695 0.01764181888481076
37.61355643476772 0.01947454851062543
37.62072980302075 0.020223950070506955
37.627903171273786 0.019290682135773653
37.635076539526814 0.01667534246872314
37.64224990777985 0.012768166866560455
37.64942327603288 0.00814753974281979
37.65659664428591 0.0034224740344878505
37.66377001253894 0.0008971788326205618
37.67094338079197 0.00444067300235142
37.678116749045 0.007104219923308409
37.68529011729803 0.008999480697389426
37.692463485551066 0.01042566608092981
37.699636853804094 0.011699135972275699
37.70681022205713 0.012933183361015932
37.71398359031016 0.013966218700883853
37.721156958563185 0.014532815115805162
37.72833032681622 0.014519321180031883
37.73550369506925 0.014099699591601064
37.74267706332228 0.013620108891387641
37.74985043157531 0.013245006795419624
37.75702379982834 0.012705380593620879
37.764197168081374 0.01149597587523677
37.7713705363344 0.009294516932945128
37.77854390458744 0.0062353742042305154
37.785717272840465 0.003078139198894483
37.7928906410935 0.0021476448076730324
37.80006400934653 0.0033330467067185223
37.807237377599556 0.0033249283502586177
37.81441074585259 0.0016502987977121866
37.82158411410562 0.0018111222819734477
37.828757482358654 0.005298539580863325
37.83593085061168 0.008278761652201167
37.84310421886472 0.009792773309421595
37.850277587117745 0.009570811009347722
37.85745095537077 0.008551027602655527
37.86462432362381 0.009167960714006058
37.871797691876836 0.012355476182951712
37.87897106012987 0.016054553483241828
37.8861444283829 0.018403735774210145
37.89331779663593 0.018544001077445433
37.90049116488896 0.0165010030501197
37.90766453314199 0.013060838444583004
37.914837901395025 0.009558232077825374
37.92201126964805 0.007302616761988616
37.92918463790109 0.006235022419652288
37.936358006154116 0.004903106474419438
37.943531374407144 0.002487014871801794
37.95070474266018 0.0015478875707149503
37.95787811091321 0.004933102704932627
37.96505147916624 0.007678223453967445
37.97222484741927 0.008721516088528763
37.979398215672305 0.007536395628461559
37.98657158392533 0.004191054043293663
37.99374495217836 0.002362100515380834
38.000918320431396 0.008009399195869111
38.008091688684424 0.013821720574395487
38.01526505693746 0.018009718135355797
38.02243842519049 0.019412459591382932
38.029611793443515 0.017378490112360957
38.03678516169655 0.011970333215631112
38.04395852994958 0.004280053536625063
38.05113189820261 0.00585366635882646
38.05830526645564 0.014078131669156193
38.065478634708676 0.02012605527317679
38.0726520029617 0.022849656178666706
38.07982537121473 0.022381230130862954
38.08699873946777 0.020332718711827357
38.094172107720794 0.019345961230971983
38.10134547597383 0.02066421410235097
38.10851884422686 0.022480831548340775
38.11569221247989 0.02242398493972552
38.12286558073292 0.01950018567767262
38.13003894898595 0.014362045285954356
38.13721231723898 0.009590862882664756
38.14438568549201 0.00949115391864524
38.151559053745046 0.012555061082978077
38.158732421998074 0.014442705230767018
38.1659057902511 0.013911296555726189
38.17307915850414 0.011370498701339667
38.180252526757165 0.007985588052080184
38.1874258950102 0.005107173648570667
38.19459926326323 0.003611222778531518
38.20177263151626 0.003331057976761725
38.20894599976929 0.004157102547644009
38.21611936802232 0.0060240079698143136
38.223292736275354 0.008125773212895909
38.23046610452838 0.009764779650662848
38.23763947278142 0.010752862689464997
38.244812841034445 0.011279042558139381
38.25198620928748 0.01146054609377696
38.25915957754051 0.01102888173885624
38.266332945793536 0.009613126990422891
38.27350631404657 0.0074893451681863465
38.2806796822996 0.006645507057709002
38.287853050552634 0.009043725044748692
38.29502641880566 0.012608599120795459
38.30219978705869 0.015199352780483582
38.309373155311725 0.015890943582001518
38.31654652356475 0.014626024334121218
38.32371989181779 0.012079711325443838
38.330893260070816 0.009463576863998974
38.33806662832385 0.008003438153459266
38.34523999657688 0.007920227900448157
38.35241336482991 0.008557378222035256
38.35958673308294 0.00968744635387491
38.36676010133597 0.011321369697919787
38.373933469589005 0.01298418431993796
38.38110683784203 0.01386367675030304
38.38828020609507 0.013315416185247196
38.395453574348096 0.011150841264564313
38.402626942601124 0.0077173780953763895
38.40980031085416 0.004031373413698366
38.41697367910719 0.003252915658916926
38.42414704736022 0.00571838623184592
38.43132041561325 0.007626680547057889
38.43849378386628 0.008203920670681954
38.44566715211931 0.007526597373514667
38.45284052037234 0.0060143164109643975
38.460013888625376 0.004257732865579022
38.467187256878404 0.002844245077613878
38.47436062513144 0.002031798267989737
38.48153399338447 0.001438153107348699
38.488707361637495 0.0006052708239937657
38.49588072989053 0.0006226018457513132
38.50305409814356 0.0018083923496059738
38.51022746639659 0.002782822663252435
38.51740083464962 0.0033785703122868
38.524574202902656 0.0037043305854068936
38.531747571155684 0.0041385067887684986
38.53892093940871 0.0050398255112102325
38.54609430766175 0.0063997762353472576
38.553267675914775 0.007970899584104659
38.56044104416781 0.00950435581334846
38.56761441242084 0.01079868134927069
38.574787780673866 0.011693539498274293
38.5819611489269 0.012090382270995789
38.58913451717993 0.011972504123595807
38.596307885432964 0.011365810744817366
38.60348125368599 0.010240975636644493
38.61065462193903 0.008457909595870452
38.617827990192055 0.005884205523993227
38.62500135844508 0.003018290884489138
38.63217472669812 0.004000524218265088
38.639348094951146 0.008148835514803839
38.64652146320418 0.012036300785443415
38.65369483145721 0.014550298385895137
38.660868199710244 0.015130748682367284
38.66804156796327 0.013809439401795052
38.6752149362163 0.011413451433579412
38.682388304469335 0.00972642611072945
38.68956167272236 0.010432630834613595
38.6967350409754 0.012762280585037254
38.703908409228426 0.015133198254713012
38.71108177748145 0.017005845088303044
38.71825514573449 0.018517408437761406
38.72542851398752 0.019755551977186647
38.73260188224055 0.02037977237900651
38.73977525049358 0.019806167929869847
38.746948618746615 0.017622595256245363
38.75412198699964 0.013868494623620137
38.76129535525267 0.009101979385055413
38.768468723505705 0.004458420486371112
38.77564209175873 0.0031114677343813315
38.78281546001177 0.005400700006693796
38.789988828264796 0.0069918770439894315
38.79716219651783 0.007372875033543195
38.80433556477086 0.007021047188952205
38.81150893302389 0.006601294563517888
38.81868230127692 0.006387768744998429
38.82585566952995 0.006032102479399878
38.833029037782985 0.00504042430814391
38.84020240603601 0.003248688695525572
38.84737577428904 0.0012035820252245175
38.854549142542076 0.0024069823113259422
38.861722510795104 0.004613611242118674
38.86889587904814 0.006063616814243952
38.87606924730117 0.006485238836994054
38.8832426155542 0.006054222980766409
38.89041598380723 0.0052855633293237975
38.89758935206026 0.00462601137501305
38.90476272031329 0.003998793034776606
38.91193608856632 0.0034635279855290244
38.919109456819356 0.004686522183360698
38.926282825072384 0.008214007112351823
38.93345619332542 0.0125333024734035
38.94062956157845 0.016281638156182197
38.947802929831475 0.018417459579386213
38.95497629808451 0.018410146942550755
38.96214966633754 0.016465434213283454
38.96932303459057 0.013694898443662142
38.9764964028436 0.012016763032800989
38.98366977109663 0.012619033698954566
38.990843139349664 0.014321788252738697
38.99801650760269 0.015671868861230884
39.00518987585573 0.01657892885352621
39.012363244108755 0.017868123513386208
39.01953661236179 0.01997787553415729
39.02670998061482 0.022283568486843992
39.033883348867846 0.023716413684145867
39.04105671712088 0.0234355054776014
39.04823008537391 0.021114708504687177
39.055403453626944 0.01707597354605693
39.06257682187997 0.01226781594450651
39.06975019013301 0.008205771918491473
39.076923558386035 0.006678103958398803
39.08409692663906 0.00718979229622907
39.0912702948921 0.0073250335940835305
39.098443663145126 0.006177072499941167
39.10561703139816 0.004298158715319146
39.11279039965119 0.0033475206494997
39.11996376790422 0.0038941936868572657
39.12713713615725 0.004189657416112737
39.13431050441028 0.00472023910075183
39.141483872663315 0.008020443273300518
39.14865724091634 0.013480366306676235
39.15583060916938 0.01908209746961002
39.163003977422406 0.023098042905391795
39.170177345675434 0.024311251253186558
39.17735071392847 0.022293156303058375
39.1845240821815 0.017525116183743666
39.19169745043453 0.011249432063616185
39.19887081868756 0.005117806604581003
39.206044186940595 0.0013841309391421854
39.21321755519362 0.002543276841259392
39.22039092344665 0.00290496276886569
39.227564291699686 0.0034222614905975728
39.234737659952714 0.005011199329355213
39.24191102820575 0.005885551311340004
39.24908439645878 0.004624762500171272
39.256257764711805 0.0010801245893836563
39.26343113296484 0.005169131899536516
39.27060450121787 0.01167441978679476
39.2777778694709 0.01734464767356621
39.28495123772393 0.02083329427093255
39.292124605976966 0.02150182294975202
39.299297974229994 0.019576336125241085
39.30647134248302 0.016004043042484453
39.31364471073606 0.012052130432653402
39.320818078989085 0.008690490386465776
39.32799144724212 0.0060866173890883075
39.33516481549515 0.0041516228785374015
39.34233818374818 0.003956786265769634
39.34951155200121 0.005762532492323193
39.35668492025424 0.007972687439192138
39.363858288507274 0.010000772117869174
39.3710316567603 0.011906344899875795
39.37820502501334 0.013600333116250151
39.385378393266365 0.014529823048760169
39.39255176151939 0.01409581776088693
39.39972512977243 0.012381390035070156
39.406898498025456 0.01073375871239028
39.41407186627849 0.011103504240647113
39.42124523453152 0.013076237370610989
39.428418602784554 0.014485312095270226
39.43559197103758 0.014252940369479767
39.44276533929061 0.012962657404865489
39.449938707543645 0.012276279834885924
39.45711207579667 0.012766039598858081
39.46428544404971 0.012803290382344675
39.471458812302735 0.010790727447896862
39.47863218055577 0.006824287220767167
39.4858055488088 0.004957582427954246
39.492978917061826 0.008955855333527038
39.50015228531486 0.01241474043492232
39.50732565356789 0.012615074487867374
39.514499021820924 0.009426349917722163
39.52167239007395 0.006230271834251426
39.52884575832698 0.010075744455268532
39.536019126580015 0.01579991765208037
39.54319249483304 0.01867698086480043
39.55036586308608 0.01724450901653306
39.557539231339106 0.011756980606029775
39.56471259959214 0.003979952108374322
39.57188596784517 0.004967250838129901
39.5790593360982 0.010918670962974929
39.58623270435123 0.013551994360936907
39.59340607260426 0.013135285418355232
39.600579440857295 0.012429367611103173
39.60775280911032 0.014656481055100805
39.61492617736336 0.018524784837246726
39.622099545616386 0.02100690579199381
39.629272913869414 0.02091661565586637
39.63644628212245 0.01928115071419702
39.64361965037548 0.018699821745564765
39.65079301862851 0.020493491345972642
39.65796638688154 0.022802792994461932
39.66513975513457 0.023338397272023352
39.6723131233876 0.02126643994214519
39.67948649164063 0.017107883737014964
39.686659859893666 0.012100984486938205
39.693833228146694 0.00746816138815811
39.70100659639973 0.004097544300888574
39.70817996465276 0.0037743561064813398
39.715353332905785 0.006208492907842335
39.72252670115882 0.008359544549273408
39.72970006941185 0.00861776308513368
39.73687343766488 0.006238878162640865
39.74404680591791 0.0027170022936296484
39.751220174170946 0.007460021791598865
39.758393542423974 0.014645366486555813
39.765566910677 0.020466466923250607
39.77274027893004 0.02344541687013603
39.779913647183065 0.02307686668446999
39.7870870154361 0.019937318657736465
39.79426038368913 0.015616791727034016
39.801433751942156 0.012245473103463444
39.80860712019519 0.010890728833986061
39.81578048844822 0.010148320905394165
39.822953856701254 0.008320566156119848
39.83012722495428 0.005247962319940225
39.83730059320732 0.0032502950081667657
39.844473961460345 0.005847127121967639
39.85164732971337 0.009047227612838127
39.85882069796641 0.010918933792851585
39.865994066219436 0.01091567335842524
39.87316743447247 0.008885302894908095
39.8803408027255 0.004974975230225762
39.887514170978534 0.0005953682539784735
39.89468753923156 0.006293207389922052
39.90186090748459 0.011668007722532138
39.909034275737625 0.015426448728694146
39.91620764399065 0.016792416497832013
39.92338101224369 0.015702247781753303
39.930554380496716 0.013242094449184137
39.93772774874975 0.012048026034033096
39.94490111700278 0.014216058659454188
39.95207448525581 0.01793234366419949
39.95924785350884 0.020632045014295962
39.96642122176187 0.020994469659724128
39.973594590014905 0.018660891101905573
39.98076795826793 0.013969759686612484
39.98794132652096 0.00797232145011034
39.995114694773996 0.0045480433733785285
40.002288063027024 0.008887929182330263
40.00946143128006 0.013708923086919265
40.01663479953309 0.01629772867079274
40.02380816778612 0.015970773235662154
40.03098153603915 0.012861709734170487
40.03815490429218 0.007915023939031545
40.04532827254521 0.003899679516916914
40.05250164079824 0.006429285643259383
40.059675009051276 0.010154513905083214
40.066848377304304 0.012146749638727156
40.07402174555734 0.01228812243457224
40.08119511381037 0.011254956831870552
40.088368482063395 0.009884421112320001
40.09554185031643 0.00849710164870182
40.10271521856946 0.0068055888041931405
40.10988858682249 0.004793565341000826
40.11706195507552 0.004043517241247828
40.12423532332855 0.005979831853340244
40.13140869158158 0.008509601581365996
40.13858205983461 0.010388957547142924
40.14575542808765 0.011606035703898064
40.152928796340674 0.012736912319865458
40.16010216459371 0.01417742414463953
40.16727553284674 0.015622065708974057
40.174448901099765 0.01639233394486105
40.1816222693528 0.015998178755827545
40.18879563760583 0.01434543205150216
40.19596900585886 0.011642998459691899
40.20314237411189 0.008284002909807167
40.21031574236493 0.005257254350962628
40.217489110617954 0.005573793275827703
40.22466247887098 0.009089133490773203
40.23183584712402 0.01255346845867179
40.239009215377045 0.01440639825453986
40.24618258363008 0.013882427548554161
40.25335595188311 0.010892388081898607
40.260529320136136 0.006087254393842734
40.26770268838917 0.0011182042143078209
40.2748760566422 0.004252063208424103
40.282049424895234 0.006998923103979608
40.28922279314826 0.007751145964710236
40.2963961614013 0.008069977478409634
40.303569529654325 0.0105198534426389
40.31074289790735 0.01476794236755271
40.31791626616039 0.018707022475838983
40.325089634413416 0.02104115257874037
40.33226300266645 0.021694952649629593
40.33943637091948 0.021611933675550248
40.346609739172514 0.02186021569642348
40.35378310742554 0.022397447497451355
40.36095647567857 0.022110162541129075
40.368129843931605 0.020153685685467205
40.37530321218463 0.01702646215088332
40.38247658043767 0.014715190626825027
40.389649948690696 0.014742200480226772
40.396823316943724 0.01543897821441234
40.40399668519676 0.014162732022772857
40.41117005344979 0.009945399098973849
40.41834342170282 0.005163664982392243
40.42551678995585 0.009257255750963273
40.432690158208885 0.016449373105275066
40.43986352646191 0.02134505545863271
40.44703689471494 0.02255208152999927
40.454210262967976 0.020375748826930003
40.461383631221004 0.016860750837847566
40.46855699947404 0.015272623067999088
40.47573036772707 0.0165911147611951
40.4829037359801 0.018053300213960236
40.49007710423313 0.017692766521388927
40.49725047248616 0.016068488791680997
40.50442384073919 0.015486883910559975
40.51159720899222 0.01703783144044046
40.518770577245256 0.018688913565843714
40.525943945498284 0.01811214811768397
40.53311731375131 0.01455781568811483
40.54029068200435 0.009138297656872938
40.547464050257375 0.006265848384134785
40.55463741851041 0.009640614591209073
40.56181078676344 0.01303803013296421
40.56898415501647 0.01387119097928562
40.5761575232695 0.012501036879997336
40.58333089152253 0.01106559485883783
40.590504259775564 0.011929387569435705
40.59767762802859 0.014309185126298975
40.60485099628163 0.015984412121225255
40.612024364534655 0.015983001695407843
40.61919773278769 0.014525097961499546
40.62637110104072 0.01241700108934402
40.633544469293746 0.010369257882088694
40.64071783754678 0.008514335389592119
40.64789120579981 0.006620801114241807
40.655064574052844 0.004642402887308821
40.66223794230587 0.002725110275251138
40.6694113105589 0.0009574042989003622
40.676584678811935 0.002614347850366081
40.68375804706496 0.006422375784960213
40.690931415318 0.010796146942521814
40.698104783571026 0.014688185932874168
40.70527815182406 0.017051830936729323
40.71245152007709 0.01730569563887753
40.71962488833012 0.015725965950740387
40.72679825658315 0.01365510080706476
40.73397162483618 0.01299388744512168
40.741144993089215 0.014108548253588388
40.74831836134224 0.01536927654442681
40.75549172959528 0.015512241049403375
40.762665097848306 0.014580433852206911
40.76983846610133 0.013513291089180562
40.77701183435437 0.013054921641951262
40.7841852026074 0.012794439648526314
40.79135857086043 0.01174429238850198
40.79853193911346 0.009428525770761679
40.80570530736649 0.006172991111591508
40.81287867561952 0.0028282023642608716
40.82005204387255 0.0002707127247485777
40.827225412125586 0.0012735989641462747
40.83439878037861 0.002711621804251399
40.84157214863165 0.0049887423260813425
40.84874551688468 0.007601475029620547
40.855918885137704 0.009559715441347509
40.86309225339074 0.01021768750938519
40.87026562164377 0.009694538929655631
40.8774389898968 0.009051517285986651
40.88461235814983 0.009568272875075634
40.891785726402865 0.01097713877607147
40.89895909465589 0.011877255127531537
40.90613246290892 0.011353317131882808
40.913305831161956 0.00935981465718464
40.920479199414984 0.006531614337176495
40.92765256766802 0.0038487006723351208
40.93482593592105 0.0022685996483432207
40.941999304174075 0.002452119923874252
40.94917267242711 0.0044044530724460145
40.95634604068014 0.0075385915889006495
40.96351940893317 0.010956302574933002
40.9706927771862 0.013685790516211594
40.977866145439236 0.014997499868456218
40.985039513692264 0.014624527035282043
40.99221288194529 0.012801550960354496
40.99938625019833 0.010119468795045314
41.006559618451355 0.007276524840492994
41.01373298670439 0.004966533706441322
41.02090635495742 0.004235493377308092
41.02807972321045 0.005588287602399769
41.03525309146348 0.007602651193947591
41.04242645971651 0.008950689708416422
41.049599827969544 0.0087911373842308
41.05677319622257 0.006729380549555819
41.06394656447561 0.00297831446247737
41.071119932728635 0.0025190179858237773
41.07829330098166 0.007482161233526148
41.0854666692347 0.011641015625559834
41.092640037487726 0.01402477350266495
41.09981340574076 0.014261173961574582
41.10698677399379 0.01258344423097216
41.114160142246824 0.009768767655240342
41.12133351049985 0.006937235480832729
41.12850687875288 0.00523626139007521
41.135680247005915 0.005278031716064053
41.14285361525894 0.0069179025085165866
41.15002698351198 0.00980446330257052
41.157200351765006 0.013230841171033575
41.16437372001804 0.016180271590597237
41.17154708827107 0.017717489192307197
41.1787204565241 0.017336629360092635
41.18589382477713 0.015213077161777647
41.19306719303016 0.0123771140199076
41.200240561283195 0.0106380310640956
41.20741392953622 0.011079881886793253
41.21458729778925 0.012369544144987884
41.221760666042286 0.012843332651412968
41.228934034295314 0.012125272112508802
41.23610740254835 0.011203176775010308
41.24328077080138 0.011852190455797789
41.25045413905441 0.014504247742178728
41.25762750730744 0.017717258083642592
41.26480087556047 0.020032991044440562
41.2719742438135 0.020671837941789773
41.27914761206653 0.01953955307539439
41.286320980319566 0.0171948884836733
41.293494348572594 0.014764517339968548
41.30066771682563 0.013457111441070662
41.30784108507866 0.013390069651721482
41.315014453331685 0.013349393244487164
41.32218782158472 0.012174403634461718
41.32936118983775 0.009687590964995345
41.33653455809078 0.007232970890267428
41.34370792634381 0.007824217485985677
41.35088129459684 0.011111786112741918
41.358054662849874 0.014184787832063919
41.3652280311029 0.015635904832540695
41.37240139935594 0.01511800291285495
41.379574767608965 0.012954100792166523
41.386748135862 0.009919291179338733
41.39392150411503 0.0070146071542314115
41.401094872368056 0.005188420946773314
41.40826824062109 0.00481742558533694
41.41544160887412 0.005599908444502052
41.422614977127154 0.007433673826763429
41.42978834538018 0.01024549736835293
41.43696171363322 0.013601511957252888
41.444135081886245 0.01686743497959602
41.45130845013927 0.01937148304684134
41.45848181839231 0.020487376610951475
41.465655186645336 0.019734374266598458
41.47282855489837 0.016912039013876654
41.4800019231514 0.012215087503937476
41.48717529140443 0.006315300139636092
41.49434865965746 0.002374155519076177
41.50152202791049 0.007336114202589898
41.508695396163525 0.01235260047499513
41.51586876441655 0.01603970917560357
41.52304213266959 0.018385157822671548
41.530215500922615 0.019653217985339436
41.53738886917564 0.020014397934885745
41.54456223742868 0.019323246091325803
41.551735605681706 0.01723963563818891
41.55890897393474 0.013620386930958048
41.56608234218777 0.009059213544811508
41.573255710440804 0.006332260877756595
41.58042907869383 0.009158452168044907
41.58760244694686 0.013639885338999642
41.594775815199895 0.016794108616190538
41.60194918345292 0.0176719983198767
41.60912255170596 0.016161182076016193
41.616295919958986 0.012774085884974947
41.623469288212014 0.008541463387233246
41.63064265646505 0.0052376225375679025
41.63781602471808 0.0055842472212910025
41.64498939297111 0.008367936719385053
41.65216276122414 0.011486784706854691
41.659336129477175 0.014568080513005616
41.6665094977302 0.017310714268045712
41.67368286598323 0.019100236467174504
41.680856234236266 0.01928198890255009
41.688029602489294 0.01754845737063408
41.69520297074233 0.014212625911254788
41.70237633899536 0.010396797920331581
41.70954970724839 0.008079561876452859
41.71672307550142 0.008243302683036172
41.72389644375445 0.008756661170179264
41.73106981200748 0.007723309312718182
41.73824318026051 0.004796823261004408
41.745416548513546 0.0006324522981554781
41.752589916766574 0.0037595408030534107
41.7597632850196 0.007038858757003804
41.76693665327264 0.008351808169253587
41.774110021525665 0.007376040291725508
41.7812833897787 0.004614619594627297
41.78845675803173 0.0029710292127183868
41.79563012628476 0.0061658201250767005
41.80280349453779 0.00962561402696657
41.80997686279082 0.01164568456578004
41.817150231043854 0.011944661699067804
41.82432359929688 0.010993290736202765
41.83149696754992 0.009885471594620256
41.838670335802945 0.009815122228599042
41.84584370405598 0.010946195706837759
41.85301707230901 0.012415598110648704
41.860190440562036 0.013415594719046051
41.86736380881507 0.013509983614035338
41.8745371770681 0.012524586199457165
41.881710545321134 0.010504163955544918
41.88888391357416 0.007796400126608712
41.89605728182719 0.005285690267758819
41.903230650080225 0.004510982667131284
41.91040401833325 0.005373650196546202
41.91757738658629 0.005930372738999194
41.924750754839316 0.005335858332278127
41.93192412309235 0.003745764312814053
41.93909749134538 0.0021155841942973
41.94627085959841 0.0021328112993347077
41.95344422785144 0.0027421511234569274
41.96061759610447 0.002805229494617848
41.967790964357505 0.0038846629148991513
41.97496433261053 0.007095819411525425
41.98213770086357 0.011228585805468372
41.989311069116596 0.015107196849737875
41.996484437369624 0.01788785333970799
42.00365780562266 0.01911450148880678
42.01083117387569 0.018758352884231902
42.01800454212872 0.017132913577150112
42.02517791038175 0.014729119230740498
42.03235127863478 0.012078581324839757
42.03952464688781 0.009708991388998636
42.04669801514084 0.008090304128095915
42.053871383393876 0.007288910135725515
42.061044751646904 0.006640400490274601
42.06821811989994 0.005260809506000859
42.07539148815297 0.0029483982685582577
42.082564856405995 0.0032369169717774717
42.08973822465903 0.00760605266123822
42.09691159291206 0.012239805692956407
42.10408496116509 0.015740029489059462
42.11125832941812 0.017225012573936854
42.118431697671156 0.01635567825289282
42.125605065924184 0.013578415534380852
42.13277843417721 0.01055531274280004
42.13995180243025 0.010345378165436694
42.147125170683275 0.013519124786743011
42.15429853893631 0.017276219275148916
42.16147190718934 0.019837512084139274
42.168645275442366 0.020630008104787965
42.1758186436954 0.019698542429150135
42.18299201194843 0.01737116481926198
42.190165380201464 0.01405701576081398
42.19733874845449 0.010212776731678006
42.20451211670753 0.006599172340766169
42.211685484960555 0.004982776901773375
42.21885885321358 0.006252319412668274
42.22603222146662 0.007785505543192271
42.233205589719645 0.007938611512695006
42.24037895797268 0.00632430196758764
42.24755232622571 0.003410110061053003
42.25472569447874 0.0026037665646676273
42.26189906273177 0.0059317857558888725
42.2690724309848 0.008741392547589573
42.276245799237834 0.009903304103052384
42.28341916749086 0.009329981977119166
42.2905925357439 0.007993640609081412
42.297765903996925 0.008077830906306697
42.30493927224995 0.010432134823797467
42.31211264050299 0.013191736870153124
42.319286008756016 0.014732002425117349
42.32645937700905 0.014367825229877543
42.33363274526208 0.01212475032007681
42.340806113515114 0.008544111963192822
42.34797948176814 0.004462502249746089
42.35515285002117 0.0007568019561804397
42.362326218274205 0.0019226765581855864
42.36949958652723 0.003256271964720192
42.37667295478027 0.0033556192733864318
42.383846323033296 0.0026388927821436184
42.39101969128633 0.0016701001972765032
42.39819305953936 0.0009584124219387221
42.40536642779239 0.0007766554152324084
42.41253979604542 0.0010941700072989611
42.41971316429845 0.0016828402831080367
42.426886532551485 0.002226363013830841
42.43405990080451 0.002596998425464192
42.44123326905754 0.003149671939368246
42.448406637310576 0.004403470547841557
42.455580005563604 0.006207301482437992
42.46275337381664 0.007976374255092287
42.46992674206967 0.009240343341671196
42.4771001103227 0.009900265809518926
42.48427347857573 0.010280974789608393
42.49144684682876 0.01081710862258574
42.49862021508179 0.011456212811609972
42.50579358333482 0.01153073428667328
42.512966951587856 0.010269842621730332
42.520140319840884 0.007285101203439579
42.52731368809392 0.002802080935757372
42.53448705634695 0.0028304128495467646
42.541660424599975 0.00797757275486282
42.54883379285301 0.011992019034554878
42.55600716110604 0.014196423501732629
42.56318052935907 0.01469157774542896
42.5703538976121 0.014537986469851587
42.57752726586513 0.015318710559703618
42.584700634118164 0.01753329268434804
42.59187400237119 0.02003632148366203
42.59904737062423 0.02145729427989841
42.606220738877255 0.02111357436475987
42.61339410713029 0.019095939928883383
42.62056747538332 0.01608024757331569
42.627740843636346 0.013022027205625947
42.63491421188938 0.010774171580435104
42.64208758014241 0.009752228798388517
42.649260948395444 0.0099080605720193
42.65643431664847 0.010908276165799601
42.66360768490151 0.012150367257563256
42.670781053154535 0.012878964292220884
42.67795442140756 0.012503508086822875
42.6851277896606 0.010854821377269976
42.692301157913626 0.008301646969111919
42.69947452616666 0.005825002739936774
42.70664789441969 0.004824648578726481
42.71382126267272 0.005210824047899167
42.72099463092575 0.005341682413166671
42.72816799917878 0.004536551479418462
42.735341367431815 0.003261223922929273
42.74251473568484 0.0031172399835823687
42.74968810393788 0.004539463934315844
42.756861472190906 0.006013633625647658
42.764034840443934 0.006853350267887831
42.77120820869697 0.006961317469945278
42.77838157695 0.006445506934003471
42.78555494520303 0.005426911866622462
42.79272831345606 0.0039939645413454355
42.799901681709095 0.0023947625142646204
42.80707504996212 0.0020066361331992
42.81424841821515 0.003737570213388144
42.821421786468186 0.00583145766987496
42.828595154721214 0.007595830647748148
42.83576852297425 0.008700211176585149
42.84294189122728 0.008895909719304198
42.850115259480305 0.008019779479986236
42.85728862773334 0.006053342191941837
42.86446199598637 0.00320383442801412
42.8716353642394 0.0009392138178553173
42.87880873249243 0.0038175615429675166
42.885982100745466 0.006507198197071693
42.89315546899849 0.008266491412821297
42.90032883725152 0.009257464986185975
42.90750220550456 0.010161499049064724
42.914675573757584 0.011557808539031484
42.92184894201062 0.013177908983718144
42.92902231026365 0.014139705701904122
42.93619567851668 0.013650907918281958
42.94336904676971 0.011382629080603437
42.95054241502274 0.007549209263615151
42.95771578327577 0.002864337368440602
42.9648891515288 0.0023464145345993013
42.972062519781836 0.006326702380230025
42.979235888034864 0.009110147959125342
42.98640925628789 0.010387769370144838
42.99358262454093 0.010234734942015291
43.000755992793955 0.008924922483279099
43.00792936104699 0.006801480058441979
43.01510272930002 0.004219890181689657
43.02227609755305 0.0015665576931862006
43.02944946580608 0.0007312940457323262
43.03662283405911 0.002266313304966889
43.043796202312144 0.002830260552635727
43.05096957056517 0.0027016726318726024
43.05814293881821 0.003023425990128594
43.065316307071235 0.004509422368250699
43.07248967532427 0.006293822557616439
43.0796630435773 0.007579269137591579
43.086836411830326 0.008016654551029621
43.09400978008336 0.007569098344509761
43.10118314833639 0.006325261921860841
43.108356516589424 0.004423651019701943
43.11552988484245 0.002990910309190414
43.12270325309548 0.005421499193304646
43.129876621348515 0.010019637105092332
43.13704998960154 0.014701405981401258
43.14422335785458 0.018184065862609223
43.151396726107606 0.019434014212243722
43.15857009436064 0.017887661911668695
43.16574346261367 0.01365804786060561
43.1729168308667 0.007602365659341099
43.18009019911973 0.0021064035059984863
43.18726356737276 0.005691401501336545
43.194436935625795 0.009215362229865109
43.20161030387882 0.00996666851006624
43.20878367213186 0.007920799748737557
43.215957040384886 0.003923591591948251
43.223130408637914 0.001988315170147869
43.23030377689095 0.005899244860345145
43.23747714514398 0.008515708668059268
43.24465051339701 0.008909072372532823
43.25182388165004 0.00727685816911701
43.25899724990307 0.005112420798829072
43.2661706181561 0.005812139432391707
43.27334398640913 0.0090073834884661
43.280517354662166 0.011867760968513648
43.287690722915194 0.013252553956784173
43.29486409116823 0.01283501496628388
43.30203745942126 0.010724126143864057
43.309210827674285 0.007305847291658479
43.31638419592732 0.003180329469901055
43.32355756418035 0.0016965754687588482
43.33073093243338 0.005314386559266931
43.33790430068641 0.008049200994611556
43.345077668939446 0.00934821054272839
43.352251037192474 0.009211273187634027
43.3594244054455 0.008253579989066954
43.36659777369854 0.007871700985107472
43.373771141951565 0.009255389028937844
43.3809445102046 0.011703126250009407
43.38811787845763 0.013844130418005663
43.395291246710656 0.014822332329170912
43.40246461496369 0.014321075817292053
43.40963798321672 0.0124419994473255
43.416811351469754 0.009606677416305371
43.42398471972278 0.00651129703790092
43.43115808797582 0.004279145327732382
43.438331456228845 0.004195748969403565
43.44550482448187 0.005227876108771426
43.45267819273491 0.0057453270829820975
43.459851560987936 0.0051514754878580395
43.46702492924097 0.003295543769056393
43.474198297494 0.0003078296044601711
43.481371665747034 0.0036094746431764063
43.48854503400006 0.007768089450320413
43.49571840225309 0.011509191446191884
43.502891770506125 0.014098110119994388
43.51006513875915 0.014957770985752614
43.51723850701219 0.013854014286531732
43.524411875265216 0.011018493068304122
43.53158524351824 0.007196610570095902
43.53875861177128 0.003934227505866778
43.54593198002431 0.0040346052734182075
43.55310534827734 0.005750958633033996
43.56027871653037 0.006580659081877953
43.567452084783405 0.006589877077192499
43.57462545303643 0.00691464958792429
43.58179882128946 0.008347725333590496
43.588972189542496 0.010218169739838362
43.59614555779552 0.011446139502937847
43.60331892604856 0.011367431871267174
43.61049229430159 0.009801408459053283
43.61766566255462 0.006976373302804456
43.62483903080765 0.0035584489108326967
43.63201239906068 0.00246568699072175
43.63918576731371 0.0053654433431576465
43.64635913556674 0.00793536249114
43.653532503819775 0.009204551644835648
43.6607058720728 0.008965690081978199
43.66787924032583 0.007478271319650197
43.675052608578866 0.0055448889057448155
43.682225976831894 0.004475141145054027
43.68939934508493 0.0046751748975884955
43.69657271333796 0.004708911674633628
43.70374608159099 0.003538385371155316
43.71091944984402 0.0010869045929900404
43.71809281809705 0.0020906918013761304
43.72526618635008 0.0050927488359378175
43.73243955460311 0.006985348595822332
43.739612922856146 0.007126185966756866
43.746786291109174 0.005486535043299357
43.75395965936221 0.003515987944228282
43.76113302761524 0.005330334338750506
43.768306395868265 0.009074462328759357
43.7754797641213 0.011902502902121413
43.78265313237433 0.012730112138617494
43.78982650062736 0.011234058895258667
43.79699986888039 0.007903795644372668
43.80417323713342 0.004997901752057589
43.811346605386454 0.007080027904935014
43.81851997363948 0.01122013825158964
43.82569334189252 0.014126161492169538
43.832866710145545 0.014767524128750369
43.84004007839858 0.012999110320326905
43.84721344665161 0.009375681023948788
43.854386814904636 0.00529229719296404
43.86156018315767 0.004199764582217624
43.8687335514107 0.006454205585289946
43.875906919663734 0.007814853488404482
43.88308028791676 0.0071383430765680125
43.8902536561698 0.004585149392175641
43.897427024422825 0.001607570934037294
43.90460039267585 0.004232886695977774
43.91177376092889 0.007897660392359623
43.918947129181916 0.010598630319074858
43.92612049743495 0.01200506226776785
43.93329386568798 0.012018121311853128
43.94046723394101 0.01054433456070898
43.94764060219404 0.007469463760463283
43.95481397044707 0.0029389906549539386
43.961987338700105 0.0036243460003093707
43.96916070695313 0.009877018889753848
43.97633407520617 0.015548019869253376
43.983507443459196 0.019388963112341343
43.990680811712224 0.020659146521066343
43.99785417996526 0.01941058208275459
44.00502754821829 0.016737226371445094
44.01220091647132 0.014705443532315869
44.01937428472435 0.014927611317821478
44.026547652977385 0.016478045286132476
44.03372102123041 0.017417253241841228
44.04089438948344 0.016837166793021996
44.048067757736476 0.014894656426086306
44.055241125989504 0.012220809250130986
44.06241449424254 0.009284301368469033
44.06958786249557 0.006102502341849854
44.0767612307486 0.0029196371659496985
44.08393459900163 0.0036254362558810894
44.09110796725466 0.007318155842662144
44.09828133550769 0.010267959149998646
44.10545470376072 0.011489380561833197
44.112628072013756 0.010956518163151806
44.119801440266784 0.00979493505758038
44.12697480851981 0.009903666728854824
44.13414817677285 0.011531782712049314
44.141321545025875 0.012817746534043661
44.14849491327891 0.01223779181606656
44.15566828153194 0.009415362990966064
44.16284164978497 0.005206337741257439
44.170015018038 0.0036049087271373876
44.17718838629103 0.006937339185953042
44.184361754544064 0.009390952773057952
44.19153512279709 0.009423774240764122
44.19870849105013 0.007001970790019229
44.205881859303155 0.002904807905328967
44.21305522755619 0.0019551833801572907
44.22022859580922 0.005707007233949914
44.227401964062246 0.007699161611391126
44.23457533231528 0.007389516604812151
44.24174870056831 0.004971374843158035
44.248922068821344 0.0019881051688027643
44.25609543707437 0.0046543949900655895
44.2632688053274 0.008741903185491172
44.270442173580435 0.011793693010485665
44.27761554183346 0.013295731057652577
44.2847889100865 0.013194157756089975
44.291962278339525 0.011727971715521307
44.29913564659256 0.00935320095919201
44.30630901484559 0.00698786172578587
44.313482383098616 0.006680491084026961
44.32065575135165 0.009376331121624407
44.32782911960468 0.013075111511579494
44.335002487857714 0.016141585861820323
44.34217585611074 0.017623801262431387
44.34934922436378 0.017042687384249893
44.356522592616805 0.01443621336486875
44.36369596086983 0.010379263734029046
44.37086932912287 0.005971131564079212
44.378042697375896 0.0032279834571659525
44.38521606562893 0.003790189992055878
44.39238943388196 0.0044071699115424984
44.39956280213499 0.004513281942421819
44.40673617038802 0.0063619392656152985
44.41390953864105 0.010100146583790987
44.421082906894085 0.013861965128534414
44.42825627514711 0.016161845854176213
44.43542964340015 0.016139974927912658
44.442603011653176 0.013675436182126188
44.449776379906204 0.009425196717574235
44.45694974815924 0.004712785161568937
44.46412311641227 0.0018879675059057576
44.4712964846653 0.002451977617372039
44.47846985291833 0.0014823244165421338
44.485643221171365 0.0020992544817681914
44.49281658942439 0.007284676906563055
44.49998995767742 0.012654669220631985
44.507163325930456 0.016445084659483432
44.514336694183484 0.017202924095568853
44.52151006243652 0.014218656677723656
44.52868343068955 0.007758540502829706
44.535856798942575 0.0010438922102862683
44.54303016719561 0.01012735293626027
44.55020353544864 0.01757811290910009
44.55737690370167 0.02162349046425265
44.5645502719547 0.021397846484087445
44.571723640207736 0.017180416521681265
44.578897008460764 0.01054821341445056
44.58607037671379 0.0060249519775740674
44.59324374496683 0.009646523332794423
44.600417113219855 0.013931738386311463
44.60759048147289 0.015283023506438427
44.61476384972592 0.013405981055019677
44.62193721797895 0.009175853179242903
44.62911058623198 0.004111751228735713
44.63628395448501 0.0017544041532177692
44.643457322738044 0.004313693472042982
44.65063069099107 0.005544805816255245
44.65780405924411 0.005555983938654509
44.664977427497135 0.005381720732277781
44.67215079575016 0.005429103029276756
44.6793241640032 0.004948899442975155
44.686497532256226 0.003231769037197287
44.69367090050926 0.001640501155582893
44.70084426876229 0.005125000073841626
44.708017637015324 0.009550921749862683
44.71519100526835 0.01338091141272599
44.72236437352138 0.015896719979254948
44.729537741774415 0.01667882901321284
44.73671111002744 0.015543737004743994
44.74388447828048 0.012534980439690917
44.751057846533506 0.008097431248924104
44.75823121478654 0.004567736615409333
44.76540458303957 0.007828100688983843
44.7725779512926 0.013306073491704302
44.77975131954563 0.017476594611045938
44.78692468779866 0.019291254886611348
44.794098056051695 0.018774325633912476
44.80127142430472 0.017208128664350925
44.80844479255775 0.016916426715036445
44.815618160810786 0.019064400366650445
44.822791529063814 0.022047210369080125
44.82996489731685 0.02374756814322166
44.83713826556988 0.023154467119930973
44.84431163382291 0.020462299532284334
44.85148500207594 0.016833139933088204
44.85865837032897 0.013987412231513117
44.865831738582 0.013159057516570621
44.87300510683503 0.013829350626466796
44.880178475088066 0.014639842758053682
44.887351843341094 0.014740217933807339
44.89452521159413 0.013723317283608236
44.90169857984716 0.011379305067703984
44.908871948100185 0.007899245370090706
44.91604531635322 0.00503899238415995
44.92321868460625 0.007052181380373696
44.93039205285928 0.011391647909024846
44.93756542111231 0.014775650581729659
44.94473878936534 0.01611544683742816
44.951912157618374 0.015257749677178438
44.9590855258714 0.012754791008336826
44.96625889412444 0.009608739544937317
44.973432262377464 0.006811270633834905
44.9806056306305 0.004752877160885883
44.98777899888353 0.0033112113327998034
44.994952367136555 0.0033682908977163686
45.00212573538959 0.005308095375306462
45.00929910364262 0.007387123525750956
45.01647247189565 0.008445886999635808
45.02364584014868 0.00813117713772217
45.03081920840172 0.007023445110403075
45.037992576654744 0.006683206957954722
45.04516594490777 0.007944013944416137
45.05233931316081 0.009479661865976919
45.059512681413835 0.00994283964793007
45.06668604966687 0.008876786831751105
45.0738594179199 0.006594821987941631
45.081032786172926 0.004276702723238674
45.08820615442596 0.0044321903277894
45.09537952267899 0.006853113028129424
45.102552890932024 0.00936604671485087
45.10972625918505 0.0111589013221037
45.11689962743809 0.011795071251820563
45.124072995691115 0.010921382231627719
45.13124636394414 0.008390769690697724
45.13841973219718 0.004452196020931637
45.145593100450206 0.0007313150044843683
45.15276646870324 0.004852872757645962
45.15993983695627 0.00812664805420303
45.167113205209304 0.009527624275611189
45.17428657346233 0.008915768378527396
45.18145994171536 0.0068251107519575
45.188633309968395 0.004482792656208772
45.19580667822142 0.0036275072940987704
45.20298004647446 0.004326890877315737
45.210153414727486 0.005578587936804996
45.217326782980514 0.007996882804249811
45.22450015123355 0.011702884714979619
45.23167351948658 0.015588758550731479
45.23884688773961 0.018304540992376304
45.24602025599264 0.018858660916490234
45.253193624245675 0.01687992012988245
45.2603669924987 0.012704181207825033
45.26754036075173 0.007432808916912434
45.274713729004766 0.004136758609966821
45.281887097257794 0.006765161536787783
45.28906046551083 0.00995202332208048
45.29623383376386 0.011467352768826261
45.30340720201689 0.01113334811816192
45.31058057026992 0.009304145551701965
45.31775393852295 0.006537329365560413
45.32492730677598 0.0034021035094292146
45.33210067502901 0.0004744338162914429
45.339274043282046 0.0022852860510916527
45.346447411535074 0.004220144243333077
45.3536207797881 0.005475745488482143
45.36079414804114 0.006231899476839867
45.367967516294165 0.006826260144035873
45.3751408845472 0.007500659135460026
45.38231425280023 0.008175780384040281
45.38948762105326 0.008555170526448394
45.39666098930629 0.00841449474700608
45.40383435755932 0.007813519604073766
45.411007725812354 0.007165844820938056
45.41818109406538 0.007048222049045911
45.42535446231842 0.007629772017005048
45.432527830571445 0.008446856696034922
45.43970119882448 0.008916512160751644
45.44687456707751 0.008718073744123318
45.454047935330536 0.007894953805528892
45.46122130358357 0.006901954982629478
45.4683946718366 0.006459090448483881
45.475568040089634 0.006799420825919229
45.48274140834266 0.007230747361768686
45.48991477659569 0.006943842638792034
45.497088144848725 0.005660936123457128
45.50426151310175 0.004059102514016202
45.51143488135479 0.004368814459241584
45.518608249607816 0.006725128762023767
45.52578161786085 0.008950744158262023
45.53295498611388 0.009943461813543593
45.54012835436691 0.009318008476517363
45.54730172261994 0.007225447176756184
45.55447509087297 0.004451042838902247
45.561648459126005 0.003456510067219535
45.56882182737903 0.005771916247283649
45.57599519563207 0.008404632840592004
45.583168563885096 0.0102367120809561
45.590341932138124 0.011153875162127317
45.59751530039116 0.01143823314947115
45.60468866864419 0.011500753049641684
45.61186203689722 0.01154307356759829
45.61903540515025 0.011348994332207221
45.62620877340328 0.01047347745690425
45.63338214165631 0.008700472175177111
45.64055550990934 0.006659200371836677
45.647728878162376 0.0065593201343962905
45.6549022464154 0.009314663368152462
45.66207561466844 0.012648834590413953
45.66924898292147 0.014910077724441365
45.676422351174494 0.015449335528208577
45.68359571942753 0.014409782550624741
45.69076908768056 0.012635561164077939
45.69794245593359 0.01133723121404943
45.70511582418662 0.011134718073640987
45.712289192439655 0.011346713852202013
45.71946256069268 0.01094965476327032
45.72663592894571 0.009569452916814148
45.733809297198746 0.007535121819911683
45.740982665451774 0.005516289587467541
45.74815603370481 0.003952480563291523
45.75532940195784 0.002573606409792616
45.762502770210865 0.0008158207433994419
45.7696761384639 0.0015215481590619604
45.77684950671693 0.0040319131464974034
45.78402287496996 0.006270825139588234
45.79119624322299 0.007891331992917949
45.798369611476026 0.008868084686287874
45.805542979729054 0.009476186533023992
45.81271634798208 0.010061195386999669
45.81988971623512 0.010750666918815386
45.827063084488145 0.011390565730207504
45.83423645274118 0.011707716052062849
45.84140982099421 0.011443963580452276
45.84858318924724 0.010395367799796959
45.85575655750027 0.008460962686542414
45.8629299257533 0.0057699574405726504
45.870103294006334 0.0030769951832490972
45.87727666225936 0.003201751483473926
45.8844500305124 0.005506628309308103
45.891623398765425 0.007176719328500827
45.89879676701845 0.0075606614920218605
45.90597013527149 0.0067338181415377224
45.913143503524516 0.005299117059456286
45.92031687177755 0.0042958339030119775
45.92749024003058 0.004435638759435776
45.934663608283614 0.005189734110396384
45.94183697653664 0.006074533679098155
45.94901034478967 0.007212220030424776
45.956183713042705 0.00869365620727089
45.96335708129573 0.010256798924680103
45.97053044954877 0.01151601256241494
45.977703817801796 0.012204961506445304
45.98487718605483 0.01219508555776258
45.99205055430786 0.01139394418941191
45.99922392256089 0.009704431621142047
46.00639729081392 0.007161284286604092
46.01357065906695 0.004342693091602197
46.020744027319985 0.0036408735017972762
46.02791739557301 0.005893534544776501
46.03509076382604 0.007963840133063362
46.042264132079076 0.008611776619260221
46.049437500332104 0.00760922114060209
46.05661086858514 0.005331747612968456
46.06378423683817 0.0028138211308524116
46.0709576050912 0.0026428774556602973
46.07813097334423 0.004450006427537744
46.08530434159726 0.006066489536926327
46.09247770985029 0.007582644610768914
46.09965107810332 0.009356685775824186
46.106824446356356 0.011178692013855757
46.113997814609384 0.012416752660501082
46.12117118286242 0.012531570390171349
46.12834455111545 0.011376957712214995
46.135517919368475 0.009247931904236603
46.14269128762151 0.006748147705287893
46.14986465587454 0.004539145918008515
46.15703802412757 0.003073938057432654
46.1642113923806 0.002576710440743523
46.17138476063363 0.00317054278947095
46.178558128886664 0.004426448408717048
46.18573149713969 0.005633231024465837
46.19290486539273 0.006248712283951731
46.200078233645755 0.006028504035267979
46.20725160189879 0.0050926329793347935
46.21442497015182 0.003933492317714274
46.221598338404846 0.003274925996082665
46.22877170665788 0.0033277986704984613
46.23594507491091 0.003421669547928922
46.243118443163944 0.0030383927385490986
46.25029181141697 0.002138527168951159
46.25746517967001 0.0009813864016531716
46.264638547923035 0.0004851464843357229
46.27181191617606 0.0011999049896246527
46.2789852844291 0.0015555620098966928
46.286158652682126 0.0014408020765848905
46.29333202093516 0.0009899927131571229
46.30050538918819 0.0004511318106658425
46.30767875744122 0.00021550408975705264
46.31485212569425 0.0002845398936004832
46.32202549394728 0.00040926853492372734
46.329198862200315 0.0009131515978601521
46.33637223045334 0.0015079410559107466
46.34354559870638 0.0018551973417756404
46.350718966959406 0.001809506338032719
46.35789233521243 0.0018196092731649243
46.36506570346547 0.00281084145433909
46.3722390717185 0.004445532508985644
46.37941243997153 0.0058893465045804505
46.38658580822456 0.006526486081600938
46.393759176477595 0.0060477296466172736
46.40093254473062 0.00457195482947922
46.40810591298365 0.0027743869934339256
46.415279281236685 0.0020326858364882643
46.42245264948971 0.002285409343544592
46.42962601774275 0.001832973142852327
46.436799385995776 0.002299342895687943
46.443972754248804 0.005764100090866143
46.45114612250184 0.010055309145717915
46.45831949075487 0.013725688763828259
46.4654928590079 0.015632419212999422
46.47266622726093 0.015088504430665355
46.479839595513965 0.012073626052463158
46.48701296376699 0.007278660027712338
46.49418633202002 0.0021835554155099986
46.501359700273056 0.003602594004518601
46.508533068526084 0.006709235493032755
46.51570643677912 0.007948303569596079
46.52287980503215 0.007689171212241861
46.53005317328518 0.007020258762265389
46.53722654153821 0.006782509819564027
46.54439990979124 0.006747263608138318
46.55157327804427 0.006818146026111041
46.5587466462973 0.008280271106674156
46.565920014550336 0.011704772694151808
46.573093382803364 0.015601505100162612
46.58026675105639 0.01821271644115685
46.58744011930943 0.018362515464563377
46.594613487562455 0.015696020095431987
46.60178685581549 0.010777553921432355
46.60896022406852 0.005296784667370026
46.61613359232155 0.004471307982551102
46.62330696057458 0.007877652840987423
46.63048032882761 0.009753332294050551
46.637653697080644 0.009334277726040936
46.64482706533367 0.007169274384566692
46.65200043358671 0.004364417239533321
46.659173801839735 0.002252582958341528
46.66634717009277 0.002312321323884207
46.6735205383458 0.004281265673244952
46.680693906598826 0.007541403128947582
46.68786727485186 0.011514535727555569
46.69504064310489 0.015238439773767778
46.702214011357924 0.017791775829395357
46.70938737961095 0.018604351531406913
46.71656074786398 0.017568425626239864
46.723734116117015 0.014972116415943997
46.73090748437004 0.011317992644294124
46.73808085262308 0.00714007647458855
46.745254220876106 0.0029519023466570106
46.75242758912914 0.001398062703747321
46.75960095738217 0.0043000802407885
46.7667743256352 0.006230834873185695
46.77394769388823 0.006903809666556361
46.78112106214126 0.006763133592402277
46.788294430394295 0.007029372421785036
46.79546779864732 0.008613163777736113
46.80264116690036 0.010771143616511398
46.809814535153386 0.01224394988435607
46.816987903406414 0.012231155709400513
46.82416127165945 0.010510442394528778
46.83133463991248 0.00737553759752854
46.83850800816551 0.0035287527887595226
46.84568137641854 0.0013708727275037298
46.85285474467157 0.004148215230676523
46.8600281129246 0.006280985059575688
46.86720148117763 0.0071857452402650885
46.874374849430666 0.006927645942066512
46.881548217683694 0.005771110114570674
46.88872158593673 0.004091888399767848
46.89589495418976 0.0024227932872973416
46.903068322442785 0.001826917071278819
46.91024169069582 0.0025426535964777177
46.91741505894885 0.0031182877350235355
46.92458842720188 0.003008251916330638
46.93176179545491 0.002206264756038449
46.938935163707946 0.001055193805109824
46.946108531960974 0.001069971961564743
46.953281900214 0.002144196404334178
46.96045526846704 0.002847486422117655
46.967628636720065 0.002950920558548014
46.9748020049731 0.0025201822806788926
46.98197537322613 0.0018758478091315568
46.989148741479156 0.0017215202317340012
46.99632210973219 0.0024548739817519217
47.00349547798522 0.0035377788009562476
47.010668846238254 0.004612143482531824
47.01784221449128 0.005505678338755429
47.02501558274432 0.006047246640264545
47.032188950997345 0.006033795002174075
47.03936231925037 0.005335534408433643
47.04653568750341 0.004320025173115823
47.053709055756435 0.004804936361178625
47.06088242400947 0.007894332227446076
47.0680557922625 0.012071679334574146
47.07522916051553 0.01597615087113242
47.08240252876856 0.01855455015092121
47.08957589702159 0.0190017531074623
47.096749265274624 0.01693336244159013
47.10392263352765 0.012581406091334452
47.11109600178069 0.007096507807015999
47.118269370033715 0.0048784125637070345
47.12544273828674 0.00904774072544286
47.13261610653978 0.01304758244356827
47.139789474792806 0.014838198851675675
47.14696284304584 0.014092976839416021
47.15413621129887 0.011213477815012004
47.161309579551904 0.007087271875664114
47.16848294780493 0.002896764248686611
47.17565631605796 0.001584527037764444
47.182829684310995 0.0033021263434645587
47.19000305256402 0.003629744794250849
47.19717642081706 0.0024849008699772916
47.204349789070086 0.001077403188423563
47.21152315732312 0.0031843369447169447
47.21869652557615 0.005883706708281639
47.22586989382918 0.008018504138208968
47.23304326208221 0.009226537015039843
47.24021663033524 0.009527551339320596
47.247389998588275 0.009416361682422282
47.2545633668413 0.009682191989317641
47.26173673509433 0.010603121793598543
47.268910103347366 0.011454120790497176
47.276083471600394 0.011167406142217671
47.28325683985343 0.009045787551610172
47.29043020810646 0.0052197096741589954
47.29760357635949 0.0036303627482656186
47.30477694461252 0.008899123868589048
47.31195031286555 0.014571196599626815
47.31912368111858 0.018611310347756232
47.32629704937161 0.02014705580013534
47.333470417624646 0.018968960797640586
47.340643785877674 0.01553834890010408
47.34781715413071 0.010940310226378208
47.35499052238374 0.006949458488573471
47.362163890636765 0.005952354887626735
47.3693372588898 0.007245900163654734
47.37651062714283 0.00809157261972018
47.38368399539586 0.007696272338810174
47.39085736364889 0.0062895816774453045
47.39803073190192 0.00442223328300186
47.405204100154954 0.0026597624092867377
47.41237746840798 0.001423582925203215
47.41955083666102 0.0008443454384978
47.426724204914045 0.0005285954126325586
47.43389757316708 5.6300305291780123e-05
47.44107094142011 0.0006498265069237354
47.448244309673136 0.001533564904930157
47.45541767792617 0.002547015392756333
47.4625910461792 0.0036224751983509537
47.469764414432234 0.004634703048794401
47.47693778268526 0.005381748289538146
47.4841111509383 0.0056151080846003724
47.491284519191325 0.005120060775992836
47.49845788744435 0.003821660796655488
47.50563125569739 0.001878748630669706
47.512804623950416 0.0005964284888349368
47.51997799220345 0.002451268333598226
47.52715136045648 0.003639800247737449
47.53432472870951 0.003724885467409109
47.54149809696254 0.002925023192232266
47.54867146521557 0.002800347624522626
47.555844833468605 0.004599437915787536
47.56301820172163 0.006711715052375153
47.57019156997467 0.008072362590438078
47.577364938227696 0.008467523602405496
47.584538306480724 0.008443649130587443
47.59171167473376 0.008947073175942098
47.59888504298679 0.010167569375063546
47.60605841123982 0.011200140572309782
47.61323177949285 0.011067816384785805
47.620405147745885 0.00936420706884378
47.62757851599891 0.006342198709538183
47.63475188425194 0.0028571988636038664
47.641925252504976 0.0017672256377150716
47.649098620758004 0.0036519551823732182
47.65627198901104 0.004488964891625038
47.66344535726407 0.004156290787650613
47.670618725517095 0.0034553080068460786
47.67779209377013 0.003287045583416244
47.68496546202316 0.0033433601736492153
47.69213883027619 0.002920536804765236
47.69931219852922 0.00284927542591736
47.706485566782256 0.00475567719436852
47.71365893503528 0.007482183705644792
47.72083230328831 0.009648065675609874
47.72800567154135 0.01048813711291647
47.735179039794374 0.009767913323253304
47.74235240804741 0.007763724772620235
47.74952577630044 0.0051770580862513646
47.75669914455347 0.00309385343080034
47.7638725128065 0.0027549411191991006
47.77104588105953 0.00339088710336122
47.77821924931256 0.0037176594203803632
47.78539261756559 0.0034844865192258214
47.79256598581863 0.0027589938925677406
47.799739354071654 0.0021244287082555235
47.80691272232468 0.0030541194611090334
47.81408609057772 0.00496480644664072
47.821259458830745 0.006500570516804904
47.82843282708378 0.0068654161796605
47.83560619533681 0.00581910863304632
47.84277956358984 0.004186914177330873
47.84995293184287 0.004554562415463266
47.8571263000959 0.0067770377669298205
47.864299668348934 0.008140047048237906
47.87147303660196 0.007310260051346154
47.878646404855 0.0040249452365022425
47.885819773108025 0.0011839532793452348
47.89299314136106 0.00674384358079372
47.90016650961409 0.011186787092089779
47.907339877867116 0.012997091701333884
47.91451324612015 0.011410690987670708
47.92168661437318 0.006956307834854526
47.928859982626214 0.0049203881939256355
47.93603335087924 0.011008899676779975
47.94320671913227 0.017039253064085057
47.950380087385305 0.020039447353260614
47.95755345563833 0.018975413881022127
47.96472682389137 0.01401235567020884
47.971900192144396 0.006503124276999292
47.97907356039743 0.0038260119503149793
47.98624692865046 0.010801513528644552
47.99342029690349 0.015728686144089753
48.00059366515652 0.017286669877535858
48.00776703340955 0.015583718454608552
48.014940401662585 0.011613024957774627
48.02211376991561 0.006999007391973557
48.02928713816865 0.003993509462472591
48.036460506421676 0.004035318895107202
48.043633874674704 0.004297058021663197
48.05080724292774 0.0036274249924339616
48.05798061118077 0.0036125367420261905
48.0651539794338 0.005412924114370287
48.07232734768683 0.007411768456796334
48.07950071593986 0.008456326573329233
48.08667408419289 0.008325961425591536
48.09384745244592 0.007732798612550604
48.101020820698956 0.008246995453801302
48.108194188951984 0.010510974078874266
48.11536755720502 0.01324645041199013
48.12254092545805 0.014979837171838204
48.129714293711075 0.014792056407652932
48.13688766196411 0.012402547036953154
48.14406103021714 0.008194577956772675
48.15123439847017 0.003276699479474188
48.1584077667232 0.002782426382697795
48.165581134976236 0.005926531990174705
48.172754503229264 0.007139607710188293
48.17992787148229 0.006388885082523943
48.18710123973533 0.005809606433681407
48.194274607988355 0.00831952034627287
48.20144797624139 0.012213988096322867
48.20862134449442 0.015078599575874051
48.215794712747446 0.015760482856614206
48.22296808100048 0.014060787291244922
48.23014144925351 0.01056892521061039
48.237314817506544 0.006389370540396806
48.24448818575957 0.002751171757127812
48.25166155401261 0.0006414202727357821
48.258834922265635 0.0003003816342159944
48.26600829051866 0.0014687728927795707
48.2731816587717 0.0035386157152453366
48.280355027024726 0.00545563373663336
48.28752839527776 0.006474612761553542
48.29470176353079 0.006483804213576036
48.301875131783824 0.006321839132462152
48.30904850003685 0.007247348485355005
48.31622186828988 0.009133751848650977
48.323395236542915 0.01083825771989329
48.33056860479594 0.011599184653467466
48.33774197304898 0.011218736026191972
48.344915341302006 0.009778323741389816
48.35208870955504 0.00729153414163448
48.35926207780807 0.0036244144327438497
48.3664354460611 0.0014554456133656552
48.37360881431413 0.007163723576731446
48.38078218256716 0.012999584931242337
48.387955550820195 0.017827466146990222
48.39512891907322 0.020726599063372497
48.40230228732625 0.021313710004708237
48.409475655579286 0.019931384408898162
48.41664902383231 0.017472329893040976
48.42382239208535 0.014776277499348114
48.43099576033838 0.011962181090721509
48.43816912859141 0.008671538485842546
48.44534249684444 0.006078532743113639
48.45251586509747 0.008635653840502518
48.4596892333505 0.01436003671445206
48.46686260160353 0.019445927643840073
48.474035969856565 0.02211884252584467
48.48120933810959 0.02169770691389571
48.48838270636263 0.018559695308977612
48.495556074615656 0.01413493847920308
48.502729442868684 0.01068946405110501
48.50990281112172 0.009774487400230965
48.51707617937475 0.009846937785415183
48.52424954762778 0.008858521730057559
48.53142291588081 0.006671976558871272
48.53859628413384 0.005152024768025954
48.54576965238687 0.006396982040654308
48.5529430206399 0.008447493028340497
48.560116388892936 0.009427702677426545
48.567289757145964 0.008973194520736987
48.574463125399 0.00747305854881449
48.58163649365203 0.0056273780479126085
48.588809861905055 0.004123775873603204
48.59598323015809 0.0034389357088813947
48.60315659841112 0.0036500856271563017
48.61032996666415 0.004375300623627533
48.61750333491718 0.0051895606498299895
48.624676703170216 0.0059528498567688725
48.631850071423244 0.006843610839964371
48.63902343967627 0.008051738160711482
48.64619680792931 0.009418785448305884
48.653370176182335 0.01054041080074158
48.66054354443537 0.011101996752134023
48.6677169126884 0.011035653427223024
48.674890280941426 0.010416771792153003
48.68206364919446 0.009234465865110182
48.68923701744749 0.007351333181034159
48.696410385700524 0.0048527035570521335
48.70358375395355 0.0031043342761646916
48.71075712220659 0.004648168897058465
48.717930490459615 0.006916538973937913
48.72510385871264 0.007878928046129025
48.73227722696568 0.007135900140134168
48.739450595218706 0.005775960410328082
48.74662396347174 0.006668833665929793
48.75379733172477 0.009716980359411325
48.760970699977804 0.01215856999982892
48.76814406823083 0.012374857995740758
48.77531743648386 0.00983721612953401
48.782490804736895 0.004994720654365153
48.78966417298992 0.0025002519547263537
48.79683754124296 0.00832201124826468
48.804010909495986 0.01325109109928822
48.811184277749014 0.015915106851200497
48.81835764600205 0.01600387051308852
48.82553101425508 0.013913812120094996
48.83270438250811 0.010544500362961774
48.83987775076114 0.007011287959676725
48.847051119014175 0.00442803170809343
48.8542244872672 0.0036733926921564118
48.86139785552023 0.004453679181681147
48.868571223773266 0.005965230693955425
48.875744592026294 0.007827156321716409
48.88291796027933 0.00962078786594207
48.89009132853236 0.010901268657283705
48.89726469678539 0.011430568160515632
48.90443806503842 0.011377042186829537
48.91161143329145 0.011378854594089303
48.91878480154448 0.012115297073089023
48.92595816979751 0.013436032579671022
48.933131538050546 0.014325135283892476
48.940304906303574 0.013699808957737888
48.9474782745566 0.010972417517383416
48.95465164280964 0.00631131688353835
48.961825011062665 0.0022862514290930658
48.9689983793157 0.0070976360438801105
48.97617174756873 0.012381307829998899
48.98334511582176 0.01592734538728635
48.99051848407479 0.01736885458041267
48.99769185232782 0.017094162781421736
49.004865220580854 0.015998797393023043
49.01203858883388 0.014930977110648646
49.01921195708692 0.014098429200941915
49.026385325339945 0.013141369791229499
49.03355869359298 0.011776227003749654
49.04073206184601 0.010156087464075956
49.047905430099036 0.008750158313182647
49.05507879835207 0.008050898949665718
49.0622521666051 0.008321041727588902
49.069425534858134 0.009374600474491904
49.07659890311116 0.010538225439675381
49.08377227136419 0.010937111619340417
49.090945639617225 0.009879534614241087
49.09811900787025 0.0071606155494713395
49.10529237612329 0.0032292456876683753
49.112465744376316 0.0015426630184143713
49.11963911262935 0.0048569905239817706
49.12681248088238 0.006552777764047996
49.13398584913541 0.006009445762090537
49.14115921738844 0.003647287658485276
49.14833258564147 0.0029274079639029942
49.155505953894505 0.0064535660798130615
49.16267932214753 0.009723473604139663
49.16985269040057 0.01135490856400252
49.177026058653595 0.011086576907445808
49.18419942690662 0.009356563946654411
49.19137279515966 0.007243350056666236
49.198546163412686 0.006490212427483341
49.20571953166572 0.008055901605106185
49.21289289991875 0.010699270031200062
49.22006626817178 0.013087481022668318
49.22723963642481 0.014312521501192438
49.23441300467784 0.013733370494078362
49.241586372930875 0.01118611603343751
49.2487597411839 0.007446531282074151
49.25593310943694 0.005540889804957573
49.263106477689966 0.00815672678023656
49.270279845942994 0.011266708790945979
49.27745321419603 0.012534590281755716
49.28462658244906 0.01154525598683796
49.29179995070209 0.008844236327475769
49.29897331895512 0.005552061738876302
49.306146687208155 0.003015263212254395
49.31332005546118 0.002064152339058149
49.32049342371421 0.0015327878875645556
49.327666791967246 0.0005649041666217267
49.334840160220274 0.000517108015924328
49.34201352847331 0.0004491607457617024
49.34918689672634 0.0013642442027485971
49.356360264979365 0.004797212238315243
49.3635336332324 0.009271048044848471
49.37070700148543 0.013563663455889191
49.37788036973846 0.01632470384484967
49.38505373799149 0.016552739991297305
49.392227106244526 0.013994736224152492
49.399400474497554 0.009361685201768473
49.40657384275058 0.004733221092386934
49.41374721100362 0.004902982313849273
49.420920579256645 0.0072594610213915604
49.42809394750968 0.007445500679951016
49.43526731576271 0.004960827314067808
49.44244068401574 0.0012801501151585221
49.44961405226877 0.005133646305217917
49.4567874205218 0.009520449675730134
49.463960788774834 0.012075305254802595
49.47113415702786 0.012281338619281911
49.4783075252809 0.010401742067852743
49.485480893533925 0.007507787826924329
49.49265426178695 0.005829423281075293
49.49982763003999 0.007198145553221811
49.507000998293016 0.009603261051278136
49.51417436654605 0.011342265335929514
49.52134773479908 0.0121029100377862
49.528521103052114 0.012323644374371487
49.53569447130514 0.012797264109035264
49.54286783955817 0.013932264496037901
49.550041207811205 0.015226100115731885
49.55721457606423 0.01576840689662836
49.56438794431727 0.015031066890916003
49.571561312570296 0.013280568173742553
49.57873468082333 0.011541634501138688
49.58590804907636 0.010727640673383197
49.59308141732939 0.01031681147487624
49.60025478558242 0.008926375245319505
49.60742815383545 0.005861992192183699
49.614601522088485 0.001895265944407992
49.62177489034151 0.0039026879527153473
49.62894825859454 0.0072936766697934054
49.636121626847576 0.008387675372436898
49.643294995100604 0.006596670382223589
49.65046836335364 0.002348555968160558
49.65764173160667 0.0034798875358498845
49.6648150998597 0.008800391778388499
49.67198846811273 0.012341033099345255
49.67916183636576 0.013164068705436544
49.68633520461879 0.011295183848008913
49.69350857287182 0.0078117322627247335
49.700681941124856 0.005145618450061779
49.707855309377884 0.005854016924387814
49.71502867763092 0.007510279932186237
49.72220204588395 0.008245407331319185
49.729375414136975 0.008381866801734016
49.73654878239001 0.008642514124205275
49.74372215064304 0.008961478989998078
49.75089551889607 0.008857857257210878
49.7580688871491 0.008620570950894912
49.76524225540213 0.009253843941167145
49.772415623655164 0.010660167683255131
49.77958899190819 0.011333559859526792
49.78676236016123 0.009969005963180115
49.793935728414255 0.0063103488994647
49.80110909666729 0.0027274022385129935
49.80828246492032 0.006889706799460453
49.815455833173345 0.011768543729446102
49.82262920142638 0.014348562764121366
49.82980256967941 0.013905369879532087
49.83697593793244 0.010781837566879676
49.84414930618547 0.006327641210330242
49.85132267443851 0.0034854788877483125
49.858496042691534 0.004831181263422185
49.86566941094456 0.005853179310379132
49.8728427791976 0.005084121267155004
49.880016147450625 0.003621226880620231
49.88718951570366 0.0038355711323916452
49.89436288395669 0.004970646671375489
49.901536252209716 0.004821120694075573
49.90870962046275 0.002826001988756855
49.91588298871578 0.0013121224357339346
49.923056356968814 0.004971027196338091
49.93022972522184 0.008155474441424485
49.93740309347488 0.009634890100416724
49.944576461727905 0.008971470712597563
49.95174982998093 0.00639511339306935
49.95892319823397 0.0027201611783614845
49.966096566486996 0.0017235494811266262
49.97326993474003 0.004794220279474963
49.98044330299306 0.006816203481815765
49.987616671246094 0.007674071646391317
49.99479003949912 0.007942528034160236
50.00196340775215 0.00847379188361326
50.009136776005185 0.009675784946390402
50.01631014425821 0.01119844117352419
50.02348351251125 0.012484202092980784
50.030656880764276 0.013221664507992439
50.037830249017304 0.013398749673282341
50.04500361727034 0.013126630433476961
50.05217698552337 0.012363741837887693
50.0593503537764 0.010797484571044721
50.06652372202943 0.008113335217957552
50.073697090282465 0.004800457871741763
50.08087045853549 0.004884972618980328
50.08804382678852 0.009236821997277064
50.095217195041556 0.013310496259205716
50.102390563294584 0.015273090118873109
50.10956393154762 0.014330546343686997
50.11673729980065 0.01054370605435967
50.12391066805368 0.004802915152219965
50.13108403630671 0.0016175183689019215
50.13825740455974 0.006764134276932746
50.14543077281277 0.009694544238647622
50.1526041410658 0.009831400271926765
50.159777509318836 0.007532583626435906
50.166950877571864 0.0039131388419112925
50.17412424582489 0.0009286190079381988
50.18129761407793 0.0023402994807212446
50.188470982330955 0.0030969456809353023
50.19564435058399 0.0038885619025845115
50.20281771883702 0.006458911842925841
50.20999108709005 0.00964448269805423
50.21716445534308 0.011855567738474735
50.22433782359611 0.012243062018313263
50.231511191849144 0.010852043928587915
50.23868456010217 0.008667492815615569
50.24585792835521 0.007284639018066924
50.253031296608235 0.007261866449354447
50.26020466486127 0.007262705895295641
50.2673780331143 0.006260534284661801
50.274551401367326 0.0043796824347320604
50.28172476962036 0.0025373652004472753
50.28889813787339 0.001845878414637146
50.296071506126424 0.0016865014175749535
50.30324487437945 0.001001714017420694
50.31041824263248 0.0006283790274812314
50.317591610885515 0.0012216390236409714
50.32476497913854 0.0017073501177488773
50.33193834739158 0.003815691290358223
50.339111715644606 0.007722025930742411
50.34628508389764 0.012162532889346286
50.35345845215067 0.015675923970226012
50.3606318204037 0.016975613449054527
50.36780518865673 0.01539620091178149
50.37497855690976 0.011202190737954962
50.382151925162795 0.005714217881296154
50.38932529341582 0.002721582521361413
50.39649866166886 0.004987726325642571
50.403672029921886 0.005352104808517803
50.410845398174914 0.0031696501024695125
50.41801876642795 0.005048722419646021
50.42519213468098 0.011088256068977153
50.43236550293401 0.016175694832575287
50.43953887118704 0.01813693574320597
50.44671223944007 0.0159009223822885
50.4538856076931 0.009631257905404401
50.46105897594613 0.0013916601482981679
50.468232344199166 0.009411543469449094
50.47540571245219 0.017679602449764412
50.48257908070523 0.022774670503799763
50.48975244895826 0.023871536782652542
50.496925817211284 0.02124365486922624
50.50409918546432 0.016074173471520473
50.51127255371735 0.010061093450188586
50.51844592197038 0.00508595290762666
50.52561929022341 0.003273822396622319
50.532792658476446 0.00378622735015042
50.53996602672947 0.0038159817388897965
50.5471393949825 0.003256723936552816
50.55431276323554 0.002529215054031336
50.561486131488564 0.0016014582782537174
50.5686594997416 0.0008785779644072359
50.57583286799463 0.0025442963363783507
50.583006236247655 0.004813748845831817
50.59017960450069 0.006801945505623726
50.59735297275372 0.008088050857302168
50.60452634100675 0.00853217160118328
50.61169970925978 0.008244917667233636
50.618873077512816 0.007460025575795865
50.626046445765844 0.006388109626551154
50.63321981401887 0.0051670281490291785
50.64039318227191 0.003965806095160643
50.647566550524935 0.003215450905495599
50.65473991877797 0.003565222695970288
50.661913287031 0.0049381942446900876
50.66908665528403 0.006820935931061999
50.67626002353706 0.008939403646204125
50.68343339179009 0.01111091659347367
50.690606760043124 0.013074872607805692
50.69778012829615 0.014428828406557553
50.70495349654919 0.01466112859231608
50.712126864802215 0.013285804246118376
50.71930023305524 0.010049246244382252
50.72647360130828 0.0051339721271930405
50.733646969561306 0.0014090582538321505
50.74082033781434 0.007159434839643666
50.74799370606737 0.012095760902112668
50.755167074320404 0.01496079671478887
50.76234044257343 0.015340171601065879
50.76951381082646 0.013667433184254356
50.776687179079495 0.011308462805414426
50.78386054733252 0.01002659223444358
50.79103391558556 0.010027730724703003
50.798207283838586 0.009608474704051953
50.80538065209162 0.007595221794687753
50.81255402034465 0.004517510381342973
50.81972738859768 0.004202576737280999
50.82690075685071 0.0073598709504010245
50.83407412510374 0.009692466197240072
50.841247493356775 0.009942069266944497
50.8484208616098 0.008254907196691544
50.85559422986283 0.005769169891947271
50.862767598115866 0.0041782058425273855
50.869940966368894 0.003637675144778979
50.87711433462193 0.0023508503054922017
50.88428770287496 0.002451073971464135
50.89146107112799 0.0069956377093160875
50.89863443938102 0.012123945221389962
50.90580780763405 0.01609430454134898
50.91298117588708 0.017728127994667976
50.92015454414011 0.016557871926202204
50.927327912393146 0.012950394499004057
50.934501280646174 0.007989946109413873
50.94167464889921 0.003329938797040277
50.94884801715224 0.0025240287706638697
50.956021385405265 0.003978859776655482
50.9631947536583 0.003897405182077398
50.97036812191133 0.0024359367644577554
50.97754149016436 0.0005471900020458669
50.98471485841739 0.0015727070742675487
50.99188822667042 0.0028794233424436003
50.999061594923454 0.004029725991675871
51.00623496317648 0.00550571800278631
51.01340833142952 0.007179438774178938
51.020581699682545 0.008488599885441012
51.02775506793558 0.008995611855160414
51.03492843618861 0.008614716718656122
51.042101804441636 0.007545235276681036
51.04927517269467 0.006143545731306121
51.0564485409477 0.005157582242483725
51.063621909200734 0.006005763998269509
51.07079527745376 0.008755117333689343
51.0779686457068 0.011968405423833924
51.085142013959825 0.014393948433671217
51.09231538221285 0.015169040933121386
51.09948875046589 0.013909927060560408
51.106662118718916 0.010810904908417119
51.11383548697195 0.0066064935947986
51.12100885522498 0.0024389984116350303
51.12818222347801 0.0018512936745111999
51.13535559173104 0.0038119149153888
51.14252895998407 0.004890371838208285
51.149702328237105 0.006002762255559762
51.15687569649013 0.008022207906349527
51.16404906474317 0.010632403410699997
51.171222432996196 0.01311100202873846
51.17839580124922 0.01500880355122171
51.18556916950226 0.01615679388037252
51.19274253775529 0.01649629401696131
51.19991590600832 0.015985078518166572
51.20708927426135 0.014664636835505727
51.214262642514385 0.012800744403296455
51.22143601076741 0.010889106194903658
51.22860937902044 0.009342004428581793
51.235782747273475 0.008048438576858464
51.2429561155265 0.006550352716008637
51.25012948377954 0.005005482254298988
51.257302852032566 0.005173674744919425
51.264476220285594 0.007682808390843416
51.27164958853863 0.010569810313041064
51.27882295679166 0.012512830843031031
51.28599632504469 0.01298354415700453
51.29316969329772 0.012037966054377479
51.300343061550755 0.010175203591642689
51.30751642980378 0.008097860852501432
51.31468979805681 0.006340274322269151
51.321863166309846 0.004945071883264153
51.329036534562874 0.003744557864918224
51.33620990281591 0.0032615433034955356
51.34338327106894 0.00431025558026365
51.35055663932197 0.00600589829286692
51.357730007575 0.007229675678857523
51.36490337582803 0.007360181479649371
51.37207674408106 0.006151929214383109
51.37925011233409 0.0037178563024282798
51.386423480587126 0.0011369240825400198
51.393596848840154 0.003828862660587648
51.40077021709318 0.0072424721516031595
51.40794358534622 0.009871363540383702
51.415116953599245 0.01132563656147324
51.42229032185228 0.011555262444903144
51.42946369010531 0.010831845797469482
51.43663705835834 0.009662592697916608
51.44381042661137 0.00863177696515771
51.4509837948644 0.008192044035498017
51.458157163117434 0.008466977099490345
51.46533053137046 0.00921398628305968
51.4725038996235 0.009966503569009074
51.479677267876525 0.010206753539527297
51.48685063612956 0.00952692593529808
51.49402400438259 0.007773695902646912
51.501197372635616 0.005128180049974457
51.50837074088865 0.0021123565363477576
51.51554410914168 0.0013072434385774736
51.522717477394714 0.0034053011135552935
51.52989084564774 0.00468016828655752
51.53706421390077 0.004989874632786086
51.544237582153805 0.0045642195152580545
51.55141095040683 0.003730246747852568
51.55858431865987 0.0027377877215770314
51.565757686912896 0.0017947145034401593
51.57293105516593 0.001410410484162531
51.58010442341896 0.0017760366021026671
51.58727779167199 0.001931111292774685
51.59445115992502 0.0012380191192103813
51.60162452817805 0.0006283863433452357
51.608797896431085 0.0031269269214418416
51.61597126468411 0.0059797543581027925
51.62314463293715 0.008484078163157063
51.630318001190176 0.010116406337344536
51.637491369443204 0.01072566641901519
51.64466473769624 0.010666073822145973
51.65183810594927 0.010639541439213616
51.6590114742023 0.011079223121421821
51.66618484245533 0.011686603812403603
51.67335821070836 0.011888255875852361
51.68053157896139 0.011486452098418172
51.68770494721442 0.010807724582390509
51.694878315467456 0.010361642979094149
51.702051683720484 0.010248360118925525
51.70922505197352 0.01001560686955949
51.71639842022655 0.009169541985321316
51.723571788479575 0.007593215564025618
51.73074515673261 0.005569648351521737
51.73791852498564 0.0035821552113326012
51.74509189323867 0.0020354018945882425
51.7522652614917 0.0010014375741004952
51.759438629744736 0.0008301100821153765
51.766611997997764 0.00217623883898192
51.77378536625079 0.004189715593434037
51.78095873450383 0.00653201222427531
51.788132102756855 0.008800199920709522
51.79530547100989 0.010413252279318509
51.80247883926292 0.010696594645237053
51.809652207515946 0.009090008422500665
51.81682557576898 0.005411650905650204
51.82399894402201 0.0010194013372854937
51.831172312275044 0.006546253555644172
51.83834568052807 0.01233393483897304
51.84551904878111 0.016269054902051498
51.852692417034135 0.01726509754834525
51.85986578528716 0.014907018877597225
51.8670391535402 0.00960592061581883
51.874212521793226 0.002543571763777433
51.88138589004626 0.004687621863936277
51.88855925829929 0.010357170348147324
51.89573262655232 0.013270905251605063
51.90290599480535 0.01296646731792719
51.91007936305838 0.009873261571594745
51.917252731311414 0.005204944045381777
51.92442609956444 0.0014236484274891047
51.93159946781748 0.003608965074574076
51.938772836070505 0.0047032919301170425
51.94594620432353 0.0036422341663910444
51.95311957257657 0.002852250147406772
51.960292940829596 0.005709433586883924
51.96746630908263 0.008800392135952812
51.97463967733566 0.010105169433556185
51.981813045588694 0.008894120368258976
51.98898641384172 0.005375740084703518
51.99615978209475 0.0020142005077813745
52.003333150347785 0.006082743350046293
52.01050651860081 0.010296055774110502
52.01767988685385 0.012454262034099967
52.024853255106876 0.012125037549724138
52.03202662335991 0.009770774636878688
52.03919999161294 0.006875553269980745
52.04637335986597 0.006021322345291698
52.053546728119 0.007499514275788456
52.06072009637203 0.008715187082624165
52.067893464625065 0.008597235134709225
52.07506683287809 0.007439797926430622
52.08224020113112 0.006222437384901096
52.089413569384156 0.0057211011128476125
52.096586937637184 0.005527577736772212
52.10376030589022 0.004871581824614049
52.11093367414325 0.0038722029339410095
52.11810704239628 0.0036852263184168578
52.12528041064931 0.004547173459588923
52.13245377890234 0.005036964860704138
52.13962714715537 0.004239181521586269
52.1468005154084 0.002074222135404119
52.153973883661436 0.0012839164126950678
52.161147251914464 0.004310380024505177
52.1683206201675 0.006465160935385738
52.17549398842053 0.006922856840012762
52.182667356673555 0.0054689725987027244
52.18984072492659 0.0029395233358821774
52.19701409317962 0.0037514909406934018
52.20418746143265 0.007280264487650774
52.21136082968568 0.009888440656030988
52.21853419793871 0.010508075500773203
52.225707566191744 0.008898485961593587
52.23288093444477 0.005592928098545865
52.24005430269781 0.002916014648894665
52.247227670950835 0.005433787894270709
52.25440103920387 0.008743319747421508
52.2615744074569 0.010809559885536968
52.268747775709926 0.011645507215025762
52.27592114396296 0.01199730209181333
52.28309451221599 0.012608300892626545
52.290267880469024 0.013362011742830856
52.29744124872205 0.013411714080825386
52.30461461697509 0.012018603335836528
52.311787985228115 0.009041061544778064
52.31896135348114 0.0050521499578176305
52.32613472173418 0.0023046745750543367
52.333308089987206 0.004582191842090162
52.34048145824024 0.00670768974205954
52.34765482649327 0.006992741154551248
52.3548281947463 0.005375785741485429
52.36200156299933 0.002654289293885677
52.36917493125236 0.003076521566413963
52.376348299505395 0.006556404884067412
52.38352166775842 0.009491943360072613
52.39069503601146 0.011131963842360973
52.397868404264486 0.011324316902470759
52.405041772517514 0.010295571778497126
52.41221514077055 0.008503064768177682
52.41938850902358 0.00642145202675954
52.42656187727661 0.0042960071135501885
52.43373524552964 0.0020196104380294324
52.440908613782675 0.0006810225090046121
52.4480819820357 0.003902935880168985
52.45525535028873 0.00740501847561435
52.462428718541766 0.010674414702529982
52.469602086794794 0.013106442199230373
52.47677545504783 0.014212993663805667
52.48394882330086 0.013822341512261693
52.49112219155389 0.012250825721236994
52.49829555980692 0.010421126492531387
52.50546892805995 0.009649827249980645
52.51264229631298 0.01040990003293306
52.51981566456601 0.01168654860350818
52.526989032819046 0.012419491012770586
52.534162401072074 0.012272436060065155
52.5413357693251 0.01147884942169936
52.54850913757814 0.010465827308401586
52.555682505831165 0.009449638032452056
52.5628558740842 0.008296811677464077
52.57002924233723 0.006799297083739745
52.57720261059026 0.005011142350547696
52.58437597884329 0.003326256729374903
52.59154934709632 0.0023383189263352735
52.59872271534935 0.002596343251101358
52.60589608360238 0.004254629261708366
52.61306945185542 0.007021936562236153
52.620242820108444 0.010216183325540184
52.62741618836148 0.012881254557123797
52.63458955661451 0.014058184162871286
52.641762924867535 0.013102536863834282
52.64893629312057 0.009941923751534451
52.6561096613736 0.005206871224501649
52.66328302962663 0.0016049967334540525
52.67045639787966 0.005242386532597007
52.67762976613269 0.007686179252642151
52.684803134385724 0.007426667436945224
52.69197650263875 0.0046477294762724
52.69914987089179 0.003088292501748839
52.706323239144815 0.007757280050717134
52.71349660739785 0.012375435269995473
52.72066997565088 0.01471115176711247
52.727843343903906 0.013921206595840794
52.73501671215694 0.010128511104299744
52.74219008040997 0.004478264148649565
52.749363448663004 0.003203214796967889
52.75653681691603 0.008049337179652697
52.76371018516907 0.01080797912064479
52.770883553422095 0.010525026805754777
52.77805692167512 0.007403007733390376
52.78523028992816 0.0025173479867730973
52.792403658181186 0.0037113578623039667
52.79957702643422 0.00880661517545192
52.80675039468725 0.012732752081871414
52.81392376294028 0.015217222340753392
52.82109713119331 0.0163317448335335
52.82827049944634 0.016046872817526477
52.835443867699375 0.014113634334574498
52.8426172359524 0.0104373933163765
52.84979060420544 0.006015261353453054
52.856963972458466 0.005918418882422461
52.864137340711494 0.010606577032480574
52.87131070896453 0.014437483221436532
52.87848407721756 0.01552760579264
52.88565744547059 0.013464033271245388
52.89283081372362 0.008879646790385231
52.900004181976655 0.0035694223908133054
52.90717755022968 0.004084318738715349
52.91435091848271 0.007507798218991579
52.921524286735746 0.00870233022030543
52.928697654988774 0.007491931736704728
52.93587102324181 0.004974575973658386
52.94304439149484 0.003649226371342204
52.950217759747865 0.00477732599275022
52.9573911280009 0.005664966393802001
52.96456449625393 0.005507827607711645
52.97173786450696 0.005343701082431268
52.97891123275999 0.006280354128895621
52.986084601013026 0.007692085198642292
52.993257969266054 0.008780469142980736
53.00043133751908 0.009790117364111872
53.00760470577212 0.011267498938571003
53.014778074025145 0.01279252396247389
53.02195144227818 0.013133974881032635
53.02912481053121 0.011300541376202563
53.03629817878424 0.007294969610634786
53.04347154703727 0.0039533376403103745
53.0506449152903 0.007785140894040592
53.057818283543334 0.012566833066824571
53.06499165179636 0.014898816683770527
53.0721650200494 0.013920656107705208
53.079338388302425 0.009961841185557952
53.08651175655545 0.0045729652603093895
53.09368512480849 0.0038132015895328804
53.100858493061516 0.0077475924016522195
53.10803186131455 0.009726155228841599
53.11520522956758 0.009135373456237378
53.122378597820614 0.006911702342814119
53.12955196607364 0.005272114963297111
53.13672533432667 0.005817767503926346
53.143898702579705 0.006577245124085199
53.15107207083273 0.006332457538881746
53.15824543908577 0.006537040404068283
53.165418807338796 0.00910427232455426
53.17259217559183 0.012750462679214388
53.17976554384486 0.015540053585590408
53.18693891209789 0.016436310727697658
53.19411228035092 0.015258313727130008
53.20128564860395 0.01252681329902772
53.208459016856985 0.009222979528692575
53.21563238511001 0.006522551356122661
53.22280575336304 0.005350406813152876
53.229979121616076 0.005392869430374921
53.2371524898691 0.005538108588457845
53.24432585812214 0.0051895248852315504
53.25149922637517 0.004262842038367071
53.2586725946282 0.0030831520304621177
53.26584596288123 0.002536891136031267
53.27301933113426 0.0030942718985595506
53.28019269938729 0.0038244700572529185
53.28736606764032 0.004396076158789202
53.294539435893356 0.005305353846675265
53.30171280414638 0.006738324221875335
53.30888617239942 0.007969646002002952
53.31605954065245 0.008057280754523855
53.323232908905474 0.00647686175602655
53.33040627715851 0.0035179371577080207
53.33757964541154 0.0025698384755770813
53.34475301366457 0.005868748540176725
53.3519263819176 0.008308670456051836
53.35909975017063 0.008519451190114501
53.36627311842366 0.006294860699524832
53.37344648667669 0.002638753927533055
53.380619854929726 0.0037648537126104224
53.387793223182754 0.007566369652718488
53.39496659143579 0.009492967756662226
53.40213995968882 0.008733198034702643
53.409313327941845 0.005712813675936888
53.41648669619488 0.0036964208898408314
53.42366006444791 0.007151958122257446
53.43083343270094 0.010792351982050087
53.43800680095397 0.012185514956964297
53.445180169207006 0.010799662906006447
53.452353537460034 0.007072508231701028
53.45952690571306 0.002127644476451683
53.4667002739661 0.00279310396480883
53.473873642219125 0.0063066606548892725
53.48104701047216 0.007875781161458428
53.48822037872519 0.007554614130852962
53.495393746978216 0.006029373427053083
53.50256711523125 0.004287345767007034
53.50974048348428 0.0030938465564853052
53.516913851737314 0.0027512484355660585
53.52408721999034 0.003746530458405666
53.53126058824338 0.005918003071204734
53.538433956496405 0.008290622714479733
53.54560732474943 0.009990765246281185
53.55278069300247 0.010525917444903199
53.559954061255496 0.009907179851517074
53.56712742950853 0.008626886014287766
53.57430079776156 0.007455780466337138
53.581474166014594 0.007027068811759069
53.58864753426762 0.00745338172563536
53.59582090252065 0.008522992219703446
53.602994270773685 0.009974235349040435
53.61016763902671 0.011419475595096408
53.61734100727975 0.012388545344808282
53.624514375532776 0.012533474841694495
53.631687743785804 0.011751033665935601
53.63886111203884 0.01013022722537855
53.64603448029187 0.007793431546789128
53.6532078485449 0.004798032464376824
53.66038121679793 0.0012188210601358405
53.667554585050965 0.0027680775421175265
53.67472795330399 0.006642224556012316
53.68190132155702 0.009882368484647837
53.689074689810056 0.012051314498475355
53.696248058063084 0.013042215907557476
53.70342142631612 0.013127578405293406
53.71059479456915 0.012762227762243799
53.71776816282218 0.012198504094622666
53.72494153107521 0.011301389016557133
53.73211489932824 0.009871836946708581
53.73928826758127 0.008114508949584664
53.7464616358343 0.006693078462194049
53.753635004087336 0.005981458953367467
53.760808372340364 0.0052363418588218654
53.76798174059339 0.00343389389017171
53.77515510884643 0.00113549390636469
53.782328477099455 0.004701198460388771
53.78950184535249 0.009252477722887915
53.79667521360552 0.012949499904278423
53.80384858185855 0.014884766309702051
53.81102195011158 0.01468624418263532
53.81819531836461 0.012668845134775751
53.825368686617644 0.009876350956659188
53.83254205487067 0.007968367712116493
53.83971542312371 0.008002894395031804
53.846888791376735 0.00884702520012553
53.85406215962977 0.009122477217801947
53.8612355278828 0.008528137163888066
53.868408896135826 0.007533350407362
53.87558226438886 0.006976842705128799
53.88275563264189 0.007376569765058576
53.889929000894924 0.008344471593907695
53.89710236914795 0.009119257133534394
53.90427573740098 0.009127710982926349
53.911449105654015 0.008103482618327572
53.91862247390704 0.0061959623078704324
53.92579584216008 0.004351945154877692
53.932969210413106 0.004592245326392323
53.94014257866614 0.0064702296446626254
53.94731594691917 0.007893926974398802
53.9544893151722 0.007989740984829052
53.96166268342523 0.0066672633962338865
53.96883605167826 0.00437548778205044
53.976009419931295 0.002227473620724368
53.98318278818432 0.0025755366083499557
53.99035615643736 0.004070337221165888
53.997529524690385 0.00513371114411308
54.00470289294341 0.005906302082743293
54.01187626119645 0.0067015892467029645
54.019049629449476 0.007413556147400388
54.02622299770251 0.007599916685134501
54.03339636595554 0.0068921534751511275
54.04056973420857 0.0052380368109324746
54.0477431024616 0.0029018947057880837
54.05491647071463 0.0007264446265170003
54.062089838967665 0.002734069442004382
54.06926320722069 0.005222006310441512
54.07643657547373 0.00738805642945371
54.083609943726756 0.008995902309251498
54.090783311979784 0.009725966519651984
54.09795668023282 0.00926740379602383
54.10513004848585 0.007504298098288244
54.11230341673888 0.004641982003020842
54.11947678499191 0.0012155446556567162
54.126650153244945 0.002100118284055594
54.13382352149797 0.00451054659891144
54.140996889751 0.005568259977447423
54.148170258004036 0.00522718269067879
54.155343626257064 0.004133279862289557
54.1625169945101 0.003990729206983937
54.16969036276313 0.005651346313279233
54.176863731016155 0.007699300742186885
54.18403709926919 0.009218892729055204
54.19121046752222 0.009975623393523625
54.19838383577525 0.010030997663982704
54.20555720402828 0.00950365266166749
54.212730572281316 0.008470736295837807
54.219903940534344 0.007056145434478643
54.22707730878737 0.005605183539997978
54.23425067704041 0.004659523827598681
54.241424045293435 0.004352391459368823
54.24859741354647 0.004105293649946005
54.2557707817995 0.0037980062717135415
54.26294415005253 0.004699618092778248
54.27011751830556 0.007330939598361941
54.27729088655859 0.010451389997551672
54.284464254811624 0.01285346924605579
54.29163762306465 0.013711211572365123
54.29881099131769 0.012685324858074934
54.305984359570715 0.010034565629078073
54.31315772782374 0.006704410038315471
54.32033109607678 0.004657893254339974
54.327504464329806 0.005388542245057233
54.33467783258284 0.006515255686870546
54.34185120083587 0.006360395907730774
54.349024569088904 0.004769989266147038
54.35619793734193 0.002268673637440054
54.36337130559496 0.000991190301520243
54.370544673847995 0.0033157680107084317
54.37771804210102 0.005583966484510354
54.38489141035406 0.008136374460059506
54.392064778607086 0.011360288455794594
54.39923814686012 0.014947821145420063
54.40641151511315 0.01805279927630618
54.41358488336618 0.01975675160276325
54.42075825161921 0.01943061924267163
54.42793161987224 0.016929479976929666
54.435104988125275 0.012661707904808963
54.4422783563783 0.00768499356490247
54.44945172463133 0.0047070915087440495
54.456625092884366 0.006790456494791998
54.463798461137394 0.009701342585040773
54.47097182939043 0.01120727000117413
54.47814519764346 0.01101496957439665
54.48531856589649 0.009383551738237706
54.49249193414952 0.006802907664597642
54.49966530240255 0.003957554436838051
54.50683867065558 0.0026870782898198568
54.51401203890861 0.004617206243411961
54.521185407161646 0.0068904135365478025
54.528358775414674 0.008211295414734207
54.53553214366771 0.008079699235100612
54.54270551192074 0.006384286740942366
54.549878880173765 0.0035190545549681415
54.5570522484268 0.0018055019369225401
54.56422561667983 0.00444114733431294
54.57139898493286 0.006673996132404661
54.57857235318589 0.007399448481990534
54.58574572143892 0.006911706621418051
54.592919089691954 0.006893965443684733
54.60009245794498 0.008955767063835886
54.60726582619802 0.011914740349982586
54.614439194451045 0.013967865392855588
54.62161256270408 0.014187058716763732
54.62878593095711 0.012587626634181661
54.635959299210135 0.010236556027731877
54.64313266746317 0.009243629075051588
54.6503060357162 0.010597961049916118
54.65747940396923 0.012448176677049146
54.66465277222226 0.013079838339636189
54.6718261404753 0.011997112566381965
54.678999508728324 0.009521615016201438
54.68617287698135 0.0063913698830333565
54.69334624523439 0.003403861507448647
54.700519613487415 0.001106275523673259
54.70769298174045 0.0008064040262244225
54.71486634999348 0.0021603070391742357
54.722039718246506 0.003470506254593541
54.72921308649954 0.004466712191913748
54.73638645475257 0.00484106777407973
54.743559823005604 0.004533721767417758
54.75073319125863 0.0038584278343066635
54.75790655951167 0.0033157233195577397
54.765079927764695 0.00297245934730445
54.77225329601772 0.0022868396293523182
54.77942666427076 0.0009190852141377208
54.786600032523786 0.0017351475551082042
54.79377340077682 0.004362321104512307
54.80094676902985 0.006823885133324948
54.808120137282884 0.00850513673586829
54.81529350553591 0.009041013325848597
54.82246687378894 0.008368728712814986
54.829640242041975 0.006696483560906162
54.836813610295 0.00439234110394996
54.84398697854804 0.0018817436446363109
54.851160346801066 0.0015208170676161837
54.858333715054094 0.004225701890715935
54.86550708330713 0.00716281018314665
54.87268045156016 0.009977381201420275
54.87985381981319 0.012293980423865765
54.88702718806622 0.013685888180132099
54.894200556319255 0.013829526569774533
54.90137392457228 0.012651632301512864
54.90854729282531 0.01041477429859028
54.915720661078346 0.007794038699107467
54.922894029331374 0.005970521822802812
54.93006739758441 0.005900394771398242
54.93724076583744 0.006634691181163961
54.94441413409047 0.006831703000283208
54.9515875023435 0.006145331155173387
54.95876087059653 0.005072115642195372
54.96593423884956 0.004688211373552517
54.97310760710259 0.0054249845900311185
54.980280975355626 0.006373649617445048
54.987454343608654 0.006784101870869845
54.99462771186168 0.00653057738167364
55.00180108011472 0.005846389944344316
55.008974448367745 0.004986994859251553
55.01614781662078 0.004046054548584813
55.02332118487381 0.0033323972361144413
55.03049455312684 0.003977418046921973
55.03766792137987 0.006148765653901818
55.0448412896329 0.008708921267840812
55.052014657885934 0.01078366523139487
55.05918802613896 0.011865700808793988
55.066361394392 0.011817978495787569
55.073534762645025 0.010873712829204542
55.08070813089806 0.009538030614805043
55.08788149915109 0.008360205061570373
55.095054867404116 0.007613372118129741
55.10222823565715 0.007153430171387183
55.10940160391018 0.006672904316127843
55.116574972163214 0.0059875672952939855
55.12374834041624 0.00508050846422979
55.13092170866927 0.004050382166290896
55.138095076922305 0.003104943570963381
55.14526844517533 0.002596392552528949
55.15244181342837 0.00283831724221585
55.159615181681396 0.003687757962705725
55.16678854993443 0.004786374408846373
55.17396191818746 0.005768093330514805
55.18113528644049 0.006220478780872441
55.18830865469352 0.005796638498374927
55.19548202294655 0.00448501251932462
55.202655391199585 0.003233215495081957
55.20982875945261 0.004155281539620093
55.21700212770565 0.006202531449998319
55.224175495958676 0.007381679118550324
55.231348864211704 0.006808993224016013
55.23852223246474 0.004348135289333156
55.24569560071777 0.0013820063538315347
55.2528689689708 0.0046956620149080554
55.26004233722383 0.008527307412655845
55.26721570547686 0.010833715510483776
55.27438907372989 0.0112337936327339
55.28156244198292 0.010289208059715586
55.288735810235956 0.009391896191788703
55.295909178488984 0.00951745135046392
55.30308254674202 0.00979803494317365
55.31025591499505 0.008978087703337646
55.317429283248075 0.007580471881160379
55.32460265150111 0.008872042354233662
55.33177601975414 0.013506543491971081
55.33894938800717 0.01839240153889016
55.3461227562602 0.02135249924812311
55.353296124513236 0.021372801267839206
55.36046949276626 0.018470623153016376
55.36764286101929 0.013558113398916513
55.37481622927233 0.00811431640831275
55.381989597525354 0.003778240182371711
55.38916296577839 0.0019131176119545302
55.39633633403142 0.0013116843776382594
55.403509702284445 0.0011942755740361362
55.41068307053748 0.003287772678257495
55.41785643879051 0.005177925235803718
55.42502980704354 0.0057124070794767915
55.43220317529657 0.004482961049000302
55.439376543549606 0.0018048673802255322
55.446549911802634 0.0015834529736925096
55.45372328005566 0.0043840931947383205
55.4608966483087 0.005808146903847742
55.468070016561725 0.005419704142924683
55.47524338481476 0.0034503565388248375
55.48241675306779 0.0006860685697480285
55.48959012132082 0.0018885428244771888
55.49676348957385 0.0033888578944230936
55.50393685782688 0.0036178190397363453
55.511110226079914 0.0035863402426437978
55.51828359433294 0.004960218853603245
55.52545696258598 0.0070750400066533934
55.532630330839005 0.00845188799680126
55.53980369909203 0.00830264470261436
55.54697706734507 0.00652087543078722
55.554150435598096 0.003540035082367349
55.56132380385113 0.0005090498336717201
55.56849717210416 0.003543292345850089
55.575670540357194 0.006687785806597505
55.58284390861022 0.009497953238968437
55.59001727686325 0.011840421576326733
55.597190645116285 0.013285212461132366
55.60436401336931 0.013264912542237802
55.61153738162235 0.01144823086139068
55.618710749875376 0.008055701158399447
55.62588411812841 0.0041628296723162156
55.63305748638144 0.0033758140073708127
55.64023085463447 0.005853979846603594
55.6474042228875 0.00727703106147143
55.65457759114053 0.006868866228968649
55.661750959393565 0.004973225536319021
55.66892432764659 0.0026085496149522293
55.67609769589962 0.0021488364619268404
55.683271064152656 0.003686477934883879
55.690444432405684 0.005064488057773457
55.69761780065872 0.006255095921402024
55.70479116891175 0.0073912712818478615
55.71196453716478 0.008222194732617859
55.71913790541781 0.0084652112286868
55.72631127367084 0.008297688097850591
55.73348464192387 0.008412613371577478
55.7406580101769 0.009275635196872849
55.747831378429936 0.01046415112946632
55.755004746682964 0.011305016226531222
55.762178114936 0.011600362321355704
55.76935148318903 0.011622065908831386
55.776524851442055 0.01158219487963433
55.78369821969509 0.011182223620937695
55.79087158794812 0.009858795202942087
55.79804495620115 0.007351379254726852
55.80521832445418 0.003978633981557497
55.81239169270721 0.0007118478670130422
55.819565060960244 0.002217989541543382
55.82673842921327 0.0032596658238088208
55.83391179746631 0.00284311286497366
55.841085165719335 0.002824668952989734
55.84825853397237 0.004880102499190242
55.8554319022254 0.0069351275774553415
55.862605270478426 0.007487951715443759
55.86977863873146 0.006074737425033177
55.87695200698449 0.00366534153085958
55.884125375237524 0.00453469651415138
55.89129874349055 0.007887776742470187
55.89847211174359 0.009949004032679822
55.905645479996615 0.00942288376231537
55.91281884824964 0.0063221802379354085
55.91999221650268 0.0038448945116764124
55.927165584755706 0.008422307986704609
55.93433895300874 0.014034076545354667
55.94151232126177 0.01760879714968924
55.9486856895148 0.01801535134941449
55.95585905776783 0.015108820333396295
55.96303242602086 0.009831323764346063
55.970205794273895 0.005623269732360299
55.97737916252692 0.009012094325290482
55.98455253077996 0.014407657902482529
55.991725899032986 0.01795045515414598
55.99889926728601 0.018765564310276487
56.00607263553905 0.016876428912933016
56.01324600379208 0.012868067861997031
56.02041937204511 0.007699887812043275
56.02759274029814 0.0028319824671519294
56.034766108551175 0.0035967680320823153
56.0419394768042 0.006772433619885311
56.04911284505723 0.00866618751663695
56.056286213310266 0.00917203719722101
56.06345958156329 0.008556953457964782
56.07063294981633 0.007094884668896061
56.07780631806936 0.00493155965837607
56.084979686322384 0.0023148666985376935
56.09215305457542 0.00230966150227939
56.09932642282845 0.005515066105033241
56.10649979108148 0.008420506146854374
56.11367315933451 0.010127600014875449
56.120846527587545 0.010198219749218595
56.12801989584057 0.008680568757948317
56.1351932640936 0.006228532876309967
56.142366632346636 0.0042831671313394715
56.149540000599664 0.004329910427230652
56.1567133688527 0.005050951646911012
56.16388673710573 0.004978710208720158
56.17106010535876 0.0044256414073429355
56.17823347361179 0.00493647825974253
56.18540684186482 0.00675549610980276
56.19258021011785 0.008473952730363839
56.19975357837088 0.009160250630998425
56.206926946623916 0.008617946658194603
56.214100314876944 0.007228638353702639
56.22127368312997 0.005703561547784329
56.22844705138301 0.004627986239908817
56.235620419636035 0.0040953529066901535
56.24279378788907 0.0042584516333536585
56.2499671561421 0.0055661105209561254
56.25714052439513 0.007600665282603927
56.26431389264816 0.009349984588935606
56.27148726090119 0.009986297842922853
56.278660629154224 0.009195028054455023
56.28583399740725 0.00750727609230494
56.29300736566029 0.0067814775891588425
56.300180733913315 0.008615194866966568
56.30735410216635 0.011463480047120528
56.31452747041938 0.013514344451888522
56.321700838672406 0.013933709539627848
56.32887420692544 0.012578088018050902
56.33604757517847 0.009819261972272902
56.343220943431504 0.006380871649318459
56.35039431168453 0.0031535151520828576
56.35756767993756 0.0013556086151439454
56.364741048190595 0.0018879056255919934
56.37191441644362 0.0026614863959511324
56.37908778469666 0.0038034852444209324
56.386261152949686 0.005524609568394425
56.39343452120272 0.007263517794402506
56.40060788945575 0.008370586948023544
56.40778125770878 0.008443519101249223
56.41495462596181 0.0074034162623057885
56.42212799421484 0.0054570408830160455
56.429301362467875 0.002968237233017788
56.4364747307209 0.00040148297903920115
56.44364809897394 0.0024819809198021662
56.450821467226966 0.005118670235304127
56.457994835479994 0.007616598128334939
56.46516820373303 0.009745169699652681
56.47234157198606 0.011146435405994127
56.47951494023909 0.01147219415044268
56.48668830849212 0.01056101571483339
56.49386167674515 0.00859081225350764
56.50103504499818 0.006247444364528621
56.50820841325121 0.005012868687578073
56.515381781504246 0.005997315307275538
56.522555149757274 0.007815867939953217
56.52972851801031 0.009187513126595106
56.53690188626334 0.009716319968976683
56.544075254516365 0.009470637496116516
56.5512486227694 0.008802853723519638
56.55842199102243 0.00823342512943015
56.56559535927546 0.00825451336343014
56.57276872752849 0.008955906442743253
56.579942095781526 0.009906470132336037
56.587115464034554 0.010512282542220558
56.59428883228758 0.010313952798029513
56.60146220054062 0.009080931108634505
56.608635568793645 0.0068568635909839895
56.61580893704668 0.00410712201767552
56.62298230529971 0.0029125987347339835
56.630155673552736 0.00535092012577415
56.63732904180577 0.00839202362166593
56.6445024100588 0.010803487279061962
56.651675778311834 0.012196903735652725
56.65884914656486 0.012453681040165896
56.6660225148179 0.011639116975229
56.673195883070925 0.009944797074837544
56.68036925132395 0.007638725719308309
56.68754261957699 0.00503725765785418
56.694715987830016 0.002560684007137675
56.70188935608305 0.0016016787381120654
56.70906272433608 0.0031013004680508762
56.716236092589114 0.004727177673358297
56.72340946084214 0.0060357778136433705
56.73058282909517 0.007031878991552517
56.737756197348205 0.007714186341333507
56.74492956560123 0.007974628600815095
56.75210293385427 0.00765884128168487
56.759276302107295 0.00676484906317442
56.76644967036033 0.005730282733410407
56.77362303861336 0.0055817009663602125
56.780796406866386 0.006797971583428742
56.78796977511942 0.00839112241145235
56.79514314337245 0.009282507893616239
56.802316511625484 0.008901642193091773
56.80948987987851 0.007153699466803898
56.81666324813154 0.004360657370244725
56.823836616384575 0.0012969539196206249
56.8310099846376 0.002226431330338871
56.83818335289064 0.004335083761465035
56.845356721143666 0.005369233056017545
56.8525300893967 0.0055006500783457545
56.85970345764973 0.005533024204624952
56.86687682590276 0.00630418814578554
56.87405019415579 0.007623677031343104
56.88122356240882 0.00868612479874881
56.888396930661855 0.008946177127570272
56.89557029891488 0.00830347688893771
56.90274366716792 0.0070255150589100855
56.909917035420946 0.0055940833391425315
56.917090403673974 0.00453401061220046
56.92426377192701 0.004293963692571364
56.93143714018004 0.005061910586009084
56.93861050843307 0.006547090716749002
56.9457838766861 0.00814633377931918
56.95295724493913 0.009196942840545234
56.96013061319216 0.009165060528189436
56.96730398144519 0.007819928590450123
56.974477349698226 0.005351771635141927
56.981650717951254 0.0025231495206279675
56.98882408620429 0.002112436255683747
56.99599745445732 0.0038253309244103725
57.003170822710345 0.004440727206218153
57.01034419096338 0.003511015174085704
57.01751755921641 0.0015595007955762194
57.02469092746944 0.0022847131917279537
57.03186429572247 0.004745620831516521
57.039037663975506 0.0062534630979191085
57.046211032228534 0.006219993244139431
57.05338440048156 0.00466637362249991
57.0605577687346 0.0021965755574960546
57.067731136987625 0.0012020942997431157
57.07490450524066 0.0027783533399572706
57.08207787349369 0.0030728291666845373
57.089251241746716 0.0016208968915360949
57.09642460999975 0.0012697587483154122
57.10359797825278 0.004773182563762332
57.110771346505814 0.007838578490304919
57.11794471475884 0.00948908874535096
57.12511808301188 0.009141719095038584
57.132291451264905 0.006827469045309404
57.13946481951793 0.003501405206962588
57.14663818777097 0.0034783825338581846
57.153811556023996 0.006876901977039498
57.16098492427703 0.00942967394714617
57.16815829253006 0.010254338555629239
57.175331660783094 0.009343333765316585
57.18250502903612 0.007188305502143248
57.18967839728915 0.004557876190828317
57.196851765542185 0.0023241973190945057
57.20402513379521 0.0015811777190600927
57.21119850204825 0.002178669446661479
57.218371870301276 0.003001599067047855
57.225545238554304 0.004179100230855424
57.23271860680734 0.0058771605333716274
57.23989197506037 0.007978713519442397
57.2470653433134 0.010177538238727878
57.25423871156643 0.012025689866417043
57.261412079819465 0.013017515182297334
57.26858544807249 0.01274908729483939
57.27575881632552 0.011086447890568358
57.282932184578556 0.008259395337176033
57.290105552831584 0.0048352458059034075
57.29727892108462 0.0016606963090047145
57.30445228933765 0.0014721419730572263
57.31162565759068 0.0027177546907223055
57.31879902584371 0.003047883912572422
57.32597239409674 0.003117149893885493
57.33314576234977 0.0037390292387494027
57.3403191306028 0.004595458346445311
57.347492498855836 0.004884675105090482
57.354665867108864 0.0042493589383438375
57.36183923536189 0.003135790561532126
57.36901260361493 0.0033141485551269664
57.376185971867955 0.005187976144804128
57.38335934012099 0.007050605149205443
57.39053270837402 0.007979813845573462
57.39770607662705 0.007653294068052011
57.40487944488008 0.006166900828348941
57.41205281313311 0.003950095954514253
57.41922618138614 0.0017208780264899711
57.42639954963917 0.0012051569421199257
57.43357291789221 0.002062184257093534
57.440746286145234 0.002417944802661291
57.44791965439827 0.002920535806958436
57.4550930226513 0.004396501833089105
57.462266390904325 0.006406988828289125
57.46943975915736 0.008201286672962178
57.47661312741039 0.00931912418576134
57.48378649566342 0.00963928766843358
57.49095986391645 0.009272999386473238
57.49813323216948 0.008348361001715404
57.505306600422514 0.006852163080045492
57.51247996867554 0.0046900713351482335
57.51965333692858 0.001986205248802869
57.526826705181605 0.0017495439433177964
57.53400007343464 0.004429641807796147
57.54117344168767 0.006266734923152889
57.548346809940696 0.0068103510273061305
57.55552017819373 0.006701803146703161
57.56269354644676 0.007798593950666551
57.569866914699794 0.010735052263913476
57.57704028295282 0.013886190851475008
57.58421365120586 0.015584379711114578
57.591387019458885 0.014880826623789686
57.59856038771191 0.011680249835019673
57.60573375596495 0.006861901879215092
57.612907124217976 0.0036086958726905057
57.62008049247101 0.006456676235555175
57.62725386072404 0.009324745740060624
57.63442722897707 0.009919214182853252
57.6416005972301 0.008241456382394893
57.64877396548313 0.005234852741404101
57.655947333736165 0.0027595787504528127
57.66312070198919 0.0028565274276138993
57.67029407024223 0.003015526409684133
57.677467438495256 0.0018762917676643678
57.684640806748284 0.0027112995999636806
57.69181417500132 0.005927060166795204
57.69898754325435 0.008664562828790771
57.70616091150738 0.009824035669125847
57.71333427976041 0.009079453988557949
57.720507648013445 0.00697876547134104
57.72768101626647 0.0051889232299983466
57.7348543845195 0.005643319290628359
57.742027752772536 0.007079721798267282
57.749201121025564 0.007683274358281441
57.7563744892786 0.0070866248832483734
57.76354785753163 0.0057093065500599186
57.770721225784655 0.00416079933977055
57.77789459403769 0.0028888441912680975
57.78506796229072 0.002905241013020648
57.79224133054375 0.005036456302406546
57.79941469879678 0.007956558572111319
57.806588067049816 0.010390140964206485
57.813761435302844 0.01136752891566973
57.82093480355587 0.010344516146579549
57.82810817180891 0.007381184744530475
57.835281540061935 0.003435145217328415
57.84245490831497 0.003643024464638343
57.849628276568 0.007654014621829155
57.85680164482103 0.010741197290363397
57.86397501307406 0.012168654706015788
57.87114838132709 0.011976947214631953
57.878321749580124 0.010608769298156417
57.88549511783315 0.008670888827425824
57.89266848608619 0.006729320557721611
57.899841854339215 0.005206277142999123
57.90701522259224 0.00432643278794747
57.91418859084528 0.004012886441832283
57.921361959098306 0.004041888052171572
57.92853532735134 0.0044370848619697985
57.93570869560437 0.005282009546520464
57.942882063857404 0.006193634363856893
57.95005543211043 0.0064440794883236655
57.95722880036346 0.005404111723623076
57.964402168616495 0.0028432155440473324
57.97157553686952 0.0011159116577989763
57.97874890512256 0.005403318291585696
57.985922273375586 0.009274079107113701
57.99309564162862 0.011720268851548383
58.00026900988165 0.012138863018800069
58.00744237813468 0.010465189784076826
58.01461574638771 0.0071798360592849565
58.02178911464074 0.003170609740391642
58.028962482893775 0.0015643968076858694
58.0361358511468 0.00468059304180925
58.04330921939983 0.007218266227994329
58.050482587652866 0.008894175034876998
58.057655955905894 0.009524027618039154
58.06482932415893 0.008733113727350354
58.07200269241196 0.00621052308859141
58.07917606066499 0.002104698589212739
58.08634942891802 0.0032031532023945033
58.09352279717105 0.008083913100418765
58.10069616542408 0.011471082001870688
58.10786953367711 0.012321136548427536
58.115042901930146 0.010314204800970471
58.12221627018317 0.006268424743284529
58.12938963843621 0.004380805869633508
58.13656300668924 0.00830595582997729
58.143736374942264 0.01178656079669426
58.1509097431953 0.012504403300419586
58.15808311144833 0.01008490323190334
58.16525647970136 0.005453698097768708
58.17242984795439 0.0035636850138420005
58.17960321620742 0.008058444928646982
58.18677658446045 0.011368280014004976
58.19394995271348 0.011743803892299405
58.201123320966516 0.00912958285882435
58.208296689219544 0.00500005322750095
58.21547005747258 0.005287368933058969
58.22264342572561 0.009918503695531525
58.229816793978635 0.013398712480755108
58.23699016223167 0.014355564900994816
58.2441635304847 0.0126728832152179
58.25133689873773 0.009079167206533909
58.25851026699076 0.005349815394760205
58.265683635243796 0.00532040293791464
58.272857003496824 0.008322658212291915
58.28003037174985 0.010874233978894103
58.28720374000289 0.01220758480954708
58.294377108255915 0.012477261966215923
58.30155047650895 0.012156820876678794
58.30872384476198 0.011713552471085652
58.315897213015006 0.011299685577428463
58.32307058126804 0.010647532366871574
58.33024394952107 0.009304574606864718
58.337417317774104 0.006998936730502121
58.34459068602713 0.0040462711936761295
58.35176405428017 0.003147156907561297
58.358937422533195 0.006235935091861218
58.36611079078622 0.009465206632240916
58.37328415903926 0.011475276069582794
58.380457527292286 0.011797204284321124
58.38763089554532 0.010439157030740663
58.39480426379835 0.007814108809791321
58.401977632051384 0.004614493654780838
58.40915100030441 0.0018032800442065932
58.41632436855744 0.0017942131538220521
58.423497736810475 0.0029578812125571822
58.4306711050635 0.0032379428862772336
58.43784447331654 0.0026851871226201457
58.445017841569566 0.0016456480794224038
58.452191209822594 0.0005443718197790571
58.45936457807563 0.0006820303194866595
58.46653794632866 0.0013849597731626783
58.47371131458169 0.0018259843813901333
58.48088468283472 0.0020203592509991514
58.488058051087755 0.002028606769945251
58.49523141934078 0.0019527417565708023
58.50240478759381 0.0019473380392391582
58.509578155846846 0.0021037291679622872
58.516751524099874 0.002321311388777459
58.52392489235291 0.002417683638039897
58.53109826060594 0.002289739919746967
58.53827162885897 0.0019737588514671727
58.545444997112 0.0016525963955372686
58.55261836536503 0.0015782964912908262
58.55979173361806 0.001792940816355712
58.56696510187109 0.00209393006401738
58.574138470124126 0.0023157249333361353
58.581311838377154 0.002371452512023192
58.58848520663018 0.0021904921480347837
58.59565857488322 0.001696332122907704
58.602831943136245 0.0008578847938527519
58.61000531138928 0.0007793912805078891
58.61717867964231 0.0024120874906129594
58.62435204789534 0.004392019244623056
58.63152541614837 0.006415221773600694
58.6386987844014 0.008176014500574234
58.645872152654434 0.009354923710188257
58.65304552090746 0.009683036091708157
58.6602188891605 0.009019656796474092
58.667392257413525 0.007425926109380145
58.67456562566656 0.0052441284340681285
58.68173899391959 0.003336017459668557
58.688912362172616 0.003325332432367717
58.69608573042565 0.0047200845824474265
58.70325909867868 0.005941231441748514
58.710432466931714 0.006700542148602331
58.71760583518474 0.007362230668209399
58.72477920343777 0.008371777619371079
58.731952571690805 0.00969286557405461
58.73912593994383 0.010803789117306978
58.74629930819687 0.011124543510438501
58.753472676449896 0.01031672236026082
58.76064604470293 0.008378916341086173
58.76781941295596 0.00561796885196072
58.77499278120899 0.0025834948657511587
58.78216614946202 0.001048605445901298
58.78933951771505 0.002819387921593651
58.796512885968085 0.0038599703285548013
58.80368625422111 0.003717858950655219
58.81085962247415 0.0024475343995168336
58.818032990727176 0.0007777291665887182
58.8252063589802 0.002980399601129594
58.83237972723324 0.006089172654419215
58.839553095486266 0.009010900446576143
58.8467264637393 0.011224916172380164
58.85389983199233 0.012281674069824182
58.86107320024536 0.011893118714423351
58.86824656849839 0.01003309978714367
58.87541993675142 0.007009080991070766
58.882593305004455 0.0035606512941675226
58.88976667325748 0.002092404258529244
58.89694004151052 0.004015129445164918
58.904113409763546 0.0052983201841462725
58.911286778016574 0.005275170817443952
58.91846014626961 0.004633662165172927
58.92563351452264 0.005048991032969061
58.93280688277567 0.00685207518306979
58.9399802510287 0.008508500569424272
58.947153619281735 0.008875696039382791
58.95432698753476 0.007558010881268626
58.96150035578779 0.0050032428895171515
58.968673724040826 0.003685533035196545
58.975847092293854 0.006250523443847389
58.98302046054689 0.009281366363782855
58.99019382879992 0.010949247786285822
58.997367197052945 0.010808027096846876
59.00454056530598 0.009262070466445197
59.01171393355901 0.007710177353038298
59.01888730181204 0.00806840583088641
59.02606067006507 0.010119127303672742
59.033234038318106 0.012108886413673614
59.040407406571134 0.013065094602830635
59.04758077482416 0.012802563593488565
59.0547541430772 0.011554382956628473
59.061927511330225 0.00966839664626789
59.06910087958326 0.007401457803352498
59.07627424783629 0.004931036139013019
59.08344761608932 0.0026813606341791465
59.09062098434235 0.0023728691705093767
59.09779435259538 0.004056449907159701
59.104967720848414 0.005718041412623585
59.11214108910144 0.007003726705176182
59.11931445735448 0.008036911431467036
59.126487825607505 0.00889389785024668
59.13366119386053 0.00939689605571723
59.14083456211357 0.009252922216589488
59.148007930366596 0.008340236696104758
59.15518129861963 0.006857543917844046
59.16235466687266 0.005196706116172973
59.169528035125694 0.003535701371260654
59.17670140337872 0.0016380526731021767
59.18387477163175 0.0019652440664119915
59.191048139884785 0.005706023820355202
59.19822150813781 0.009984608769749926
59.20539487639085 0.013738069684239877
59.212568244643876 0.01595800467669126
59.21974161289691 0.015940609914219712
59.22691498114994 0.013533398606653422
59.23408834940297 0.009246794275327506
59.241261717656 0.004450184152812484
59.24843508590903 0.0038409478594253785
59.255608454162065 0.0072259619625068975
59.26278182241509 0.009481376482024972
59.26995519066812 0.009877003203144701
59.277128558921156 0.008604463630569383
59.284301927174184 0.006179590207961694
59.29147529542722 0.0034369153402031595
59.29864866368025 0.0033638110858150924
59.30582203193328 0.0067439217190853416
59.31299540018631 0.010460193640231487
59.32016876843934 0.01333239994254912
59.32734213669237 0.014562746497572174
59.3345155049454 0.013670182884912098
59.341688873198436 0.01066455421709297
59.348862241451464 0.006093927447513663
59.3560356097045 0.0012586396114789757
59.36320897795753 0.004367115822538308
59.370382346210555 0.008077895700138707
59.37755571446359 0.010220911540148899
59.38472908271662 0.010849177278349696
59.39190245096965 0.010457879507007578
59.39907581922268 0.009706314904255437
59.40624918747571 0.00913408514925691
59.413422555728744 0.009024907902497954
59.42059592398177 0.009427258502411441
59.42776929223481 0.01015468073727191
59.434942660487835 0.010819222213869188
59.44211602874087 0.011034830825635264
59.4492893969939 0.010643135981722892
59.456462765246926 0.009758179031671638
59.46363613349996 0.008556583202175045
59.47080950175299 0.00698753570501149
59.477982870006024 0.004832386364437868
59.48515623825905 0.002727241405579292
59.49232960651209 0.004597870468656887
59.499502974765115 0.008840740464016526
59.50667634301814 0.012975375971026607
59.51384971127118 0.016074519891984492
59.521023079524205 0.01767790830382679
59.52819644777724 0.01774569755818685
59.53536981603027 0.016542068293277257
59.542543184283296 0.014370524669738956
59.54971655253633 0.011344764290575893
59.55688992078936 0.007481686941894249
59.564063289042394 0.003641590706666445
59.57123665729542 0.005322558966826169
59.57841002554846 0.010438526608309124
59.585583393801485 0.015018738323528487
59.59275676205451 0.01788825154992606
59.59993013030755 0.018392866213776112
59.607103498560576 0.016290585814787886
59.61427686681361 0.011773301701102523
59.62145023506664 0.005460156204257837
59.628623603319674 0.0016802370003256456
59.6357969715727 0.008427336570968232
59.64297033982573 0.013557439730429405
59.650143708078765 0.016021249452461455
59.65731707633179 0.015231962864670387
59.66449044458483 0.011287000696499717
59.671663812837856 0.005062080907047461
59.678837181090884 0.002355942847050886
59.68601054934392 0.008497758185186765
59.69318391759695 0.012401383861859358
59.70035728584998 0.01312118583233763
59.70753065410301 0.010872832385658997
59.714704022356045 0.007427678563063898
59.72187739060907 0.006849303974926256
59.7290507588621 0.009389097016676055
59.736224127115136 0.010652712685171279
59.743397495368164 0.00879745482000636
59.7505708636212 0.0038401718544458304
59.75774423187423 0.003092320209344944
59.76491760012726 0.01017540959338826
59.77209096838029 0.01557539290816706
59.77926433663332 0.017908646793575855
59.78643770488635 0.016709993087870422
59.79361107313938 0.012619517179148082
59.800784441392416 0.007439489738082351
59.807957809645444 0.004908430222479596
59.81513117789847 0.006580878509803248
59.82230454615151 0.0074138923157316865
59.829477914404535 0.005955022253425641
59.83665128265757 0.004011707344183208
59.8438246509106 0.006240218947310406
59.85099801916363 0.010160852540088106
59.85817138741666 0.012727787529544156
59.86534475566969 0.012999499582351616
59.872518123922724 0.011058516570560778
59.87969149217575 0.007823281120666629
59.88686486042879 0.00516804329750451
59.894038228681815 0.0053088824721221305
59.90121159693485 0.006716546431240671
59.90838496518788 0.007310910004286108
59.915558333440906 0.00676235675152181
59.92273170169394 0.005451456691895667
59.92990506994697 0.003943582343637434
59.937078438200004 0.002734633452467408
59.94425180645303 0.00218663941329892
59.95142517470606 0.002319944196380073
59.958598542959095 0.0026153507362862405
59.96577191121212 0.0025451880249815874
59.97294527946516 0.001848620209467079
59.980118647718186 0.0006812929787442189
59.98729201597122 0.0014328972411107993
59.99446538422425 0.00306712043317439
60.00163875247728 0.004301814524472809
60.00881212073031 0.004872353410572647
60.01598548898334 0.004828266376267981
60.023158857236375 0.004496740568314071
60.0303322254894 0.004292417563485554
60.03750559374244 0.004427538373920223
60.044678961995466 0.004894838111017702
60.051852330248494 0.005711503036389387
60.05902569850153 0.006878096288579895
60.06619906675456 0.008197019940279054
60.07337243500759 0.00936845219154474
60.08054580326062 0.010225567101730974
60.08771917151365 0.010822974587092794
60.09489253976668 0.011270779192307526
60.10206590801971 0.011452104224494464
60.109239276272746 0.010965833053864102
60.116412644525774 0.00938050730655385
60.12358601277881 0.006552521353462146
60.13075938103184 0.003067100728309127
60.137932749284865 0.003402988699480632
60.1451061175379 0.0071845111480931785
60.15227948579093 0.010154183845767153
60.15945285404396 0.011378083619113933
60.16662622229699 0.010593773005661613
60.173799590550026 0.008029099258927407
60.18097295880305 0.004306079806580587
60.18814632705608 0.00042700446388792924
60.19531969530912 0.003357856490005358
60.202493063562144 0.0058404958469197785
60.20966643181518 0.007046322092536668
60.21683980006821 0.007207149024769721
60.224013168321235 0.00693025685875872
60.23118653657427 0.006887146242479315
60.2383599048273 0.007260349384000303
60.24553327308033 0.0076256283398225344
60.25270664133336 0.007444049046399001
60.2598800095864 0.006389749610686338
60.267053377839424 0.004418662474806711
60.27422674609245 0.001944830937387412
60.28140011434549 0.0023707150657222946
60.288573482598515 0.0052708611939274765
60.29574685085155 0.0077479383395482404
60.30292021910458 0.009218779202186896
60.31009358735761 0.009488007349511296
60.31726695561064 0.008684367845767734
60.32444032386367 0.007196074443000009
60.331613692116704 0.005506286178973473
60.33878706036973 0.004038151462511828
60.34596042862277 0.00332950245037713
60.353133796875795 0.0040566708970254045
60.36030716512882 0.005717008205045419
60.36748053338186 0.00719481783207516
60.374653901634886 0.00760491977157945
60.38182726988792 0.006394780538958416
60.38900063814095 0.0034988801314831497
60.396174006393984 0.0014663740741233085
60.40334737464701 0.005949101938470038
60.41052074290004 0.010260123305789827
60.417694111153075 0.013191947456773871
60.4248674794061 0.01425193285223249
60.43204084765914 0.013591248150959613
60.439214215912166 0.011989442601609198
60.4463875841652 0.01046645896046939
60.45356095241823 0.009386534574478266
60.46073432067126 0.00808866356952421
60.46790768892429 0.006048877270959468
60.47508105717732 0.004834625948753336
60.482254425430355 0.007470224567080618
60.48942779368338 0.011604786857178293
60.49660116193641 0.014725440107995522
60.503774530189446 0.015668055754167128
60.510947898442474 0.014143894548341114
60.51812126669551 0.010782053304691093
60.52529463494854 0.0073909101223773276
60.53246800320157 0.006845609297467194
60.5396413714546 0.008448268755331181
60.54681473970763 0.008985959915375024
60.55398810796066 0.007241889552471164
60.56116147621369 0.003442005859264846
60.568334844466726 0.0024612884073033753
60.575508212719754 0.0074566548798000966
60.58268158097279 0.01147079504342127
60.58985494922582 0.013402980706227493
60.597028317478845 0.012896259615117957
60.60420168573188 0.010221632481494028
60.61137505398491 0.006155735807617001
60.61854842223794 0.0017683151655293803
60.62572179049097 0.002338884275515166
60.632895158744 0.0051628555298949465
60.640068526997034 0.0070161240784930535
60.64724189525006 0.008367832259638445
60.6544152635031 0.0095883243182525
60.661588631756125 0.0104395332903884
60.66876200000916 0.010316261924674112
60.67593536826219 0.008807105271573143
60.683108736515216 0.006103186437242457
60.69028210476825 0.003777952328055014
60.69745547302128 0.005200217897107756
60.704628841274314 0.008113652290656885
60.71180220952734 0.010018255726111753
60.71897557778038 0.010309155604252837
60.726148946033405 0.009196133653079933
60.73332231428643 0.007487543145069029
60.74049568253947 0.0062701921334111085
60.747669050792496 0.005957744476932484
60.75484241904553 0.005779911776370457
60.76201578729856 0.005066496395231109
60.76918915555159 0.004096421880222322
60.77636252380462 0.003941675836038908
60.78353589205765 0.004781024787494315
60.790709260310685 0.005462356952437003
60.79788262856371 0.005258468222862991
60.80505599681675 0.004144699893857432
60.812229365069776 0.002694253480096245
60.819402733322804 0.0021256568769244103
60.82657610157584 0.0026238271428572564
60.83374946982887 0.0027408861998978527
60.8409228380819 0.001922371221108577
60.84809620633493 0.00046246636276231034
60.855269574587965 0.0019333383184867545
60.86244294284099 0.003909709479962728
60.86961631109402 0.005401799705787212
60.876789679347056 0.006263264975720508
60.88396304760008 0.006725123282062683
60.89113641585312 0.007277402519210202
60.89830978410615 0.008247745378895945
60.90548315235918 0.009460854259845244
60.91265652061221 0.010443260378229357
60.91982988886524 0.010800467747010914
60.92700325711827 0.010438808944353166
60.9341766253713 0.00967160593791844
60.941349993624335 0.009177265844946244
60.94852336187736 0.00953463271585205
60.95569673013039 0.010571139415228734
60.962870098383426 0.011618826381816511
60.970043466636454 0.012217384234996818
60.97721683488949 0.012338851922834494
60.98439020314252 0.012181911615442262
60.99156357139555 0.01176548693911341
60.99873693964858 0.010744785272036622
61.00591030790161 0.008710150194928516
61.01308367615464 0.005753612754015429
61.02025704440767 0.0038912280290638477
61.027430412660706 0.0064536730574090645
61.034603780913734 0.010017242489727188
61.04177714916677 0.012235955355622956
61.0489505174198 0.012307906149193559
61.056123885672825 0.010179278240383446
61.06329725392586 0.0064498088483644226
61.07047062217889 0.002411570568077772
61.07764399043192 0.0026233197787802484
61.08481735868495 0.004764944974845646
61.09199072693798 0.005173007369583878
61.099164095191014 0.0038718455095461163
61.10633746344404 0.0020532337919269743
61.11351083169708 0.0029748280310700295
61.120684199950105 0.005046177511586803
61.12785756820314 0.006423258284084982
61.13503093645617 0.00720901655858448
61.142204304709196 0.008054971473798972
61.14937767296223 0.009148761581899282
61.15655104121526 0.009846985677789159
61.163724409468294 0.009382836823180403
61.17089777772132 0.007488846829082432
61.17807114597436 0.004614868506338195
61.185244514227385 0.002420800528261905
61.19241788248041 0.0034286480290810846
61.19959125073345 0.004629127081821879
61.206764618986476 0.004552950947163183
61.21393798723951 0.004038601459436268
61.22111135549254 0.005079193638184303
61.22828472374557 0.007249042906944052
61.2354580919986 0.008733862528151962
61.24263146025163 0.00854681698033739
61.249804828504665 0.006537995335594783
61.25697819675769 0.0033691365078556764
61.26415156501073 0.0020365450249909853
61.271324933263756 0.004437413595430966
61.278498301516784 0.0057800769610063234
61.28567166976982 0.0051827204299127825
61.29284503802285 0.0030446168219276496
61.30001840627588 0.002596072214093499
61.30719177452891 0.005631584860187168
61.314365142781945 0.008174101515612098
61.32153851103497 0.009005716599807817
61.328711879288 0.007841313413624757
61.335885247541036 0.005072600683778664
61.343058615794064 0.0020506669380365825
61.3502319840471 0.003218977052219807
61.35740535230013 0.005469698443567402
61.364578720553155 0.006165804839643784
61.37175208880619 0.005032002340662531
61.37892545705922 0.002555390498765922
61.38609882531225 0.0020234114079762224
61.39327219356528 0.0049892288482268335
61.400445561818316 0.007295736949456055
61.407618930071344 0.00813071258728655
61.41479229832437 0.007407601658805551
61.42196566657741 0.005630757387230805
61.429139034830435 0.003995719063953144
61.43631240308347 0.0039395890817270985
61.4434857713365 0.004675260330554803
61.45065913958953 0.004756688514419343
61.45783250784256 0.004053931596610088
61.46500587609559 0.003608167272924035
61.472179244348624 0.004420932010150999
61.47935261260165 0.005506081907323242
61.48652598085469 0.005804280858299638
61.493699349107715 0.005368241865658788
61.50087271736074 0.005549220762543051
61.50804608561378 0.007398411771805665
61.515219453866806 0.009742093007461636
61.52239282211984 0.011137898958148647
61.52956619037287 0.010843945540269437
61.536739558625904 0.008873769198826648
61.54391292687893 0.006077760679399984
61.55108629513196 0.00439408049164952
61.558259663384995 0.005053561972041624
61.56543303163802 0.005753381783259321
61.57260639989106 0.005009703077905827
61.579779768144085 0.0029487056752016327
61.58695313639712 0.002059009971088296
61.59412650465015 0.004382723772275831
61.601299872903176 0.006240895467367953
61.60847324115621 0.006730435456358152
61.61564660940924 0.006347669513319713
61.622819977662274 0.006765166184944682
61.6299933459153 0.008806714303224043
61.63716671416833 0.011101339393722941
61.644340082421365 0.012227600460689223
61.65151345067439 0.011537958538411169
61.65868681892743 0.009161844366674535
61.665860187180456 0.006066256213685221
61.67303355543349 0.004591423038807858
61.68020692368652 0.006195938887725665
61.68738029193955 0.008188909694366725
61.69455366019258 0.00918584861151207
61.70172702844561 0.009167036096933654
61.708900396698645 0.008691263985677784
61.71607376495167 0.008413325436212843
61.72324713320471 0.008503847922861463
61.730420501457736 0.0085341639167011
61.737593869710764 0.007990398440271653
61.7447672379638 0.006683054179226521
61.75194060621683 0.004912918232821172
61.75911397446986 0.003716369766357625
61.76628734272289 0.00423214045744441
61.77346071097592 0.005389044556300993
61.78063407922895 0.005900350655368716
61.78780744748198 0.005515944584564668
61.794980815735016 0.004954432719306408
61.802154183988044 0.005561864434650107
61.80932755224108 0.007258188574696048
61.81650092049411 0.008671502594764251
61.823674288747135 0.008810484454203312
61.83084765700017 0.007328433702352469
61.8380210252532 0.004555964537605855
61.84519439350623 0.00248170741455979
61.85236776175926 0.004836767708341384
61.859541130012296 0.007747995085036629
61.866714498265324 0.009416393907015453
61.87388786651835 0.009487965116668039
61.88106123477139 0.008169091985614852
61.888234603024415 0.006116371155325546
61.89540797127745 0.004394754893668504
61.90258133953048 0.004032179055655417
61.909754707783506 0.004493620687446449
61.91692807603654 0.0046108876795679515
61.92410144428957 0.003990518781886921
61.931274812542604 0.002791391427676669
61.93844818079563 0.0016833343458607293
61.94562154904867 0.002047027005508652
61.952794917301695 0.003232458768054502
61.95996828555472 0.004206442704623097
61.96714165380776 0.0048148322823017625
61.974315022060786 0.00523755799911543
61.98148839031382 0.005701907456344383
61.98866175856685 0.006170522972044108
61.995835126819884 0.006307605781635315
62.00300849507291 0.005740975947777632
62.01018186332594 0.004315938525324466
62.017355231578975 0.0023316737283772806
62.024528599832 0.001888638958605237
62.03170196808504 0.003906491581802464
62.038875336338066 0.0056268986568927416
62.046048704591094 0.006330392563683256
62.05322207284413 0.005927057613548994
62.06039544109716 0.004828405298541654
62.06756880935019 0.0040418241670513
62.07474217760322 0.004455414634668538
62.081915545856255 0.005383607394960608
62.08908891410928 0.005892770327687445
62.09626228236231 0.005820086279867321
62.103435650615346 0.005694925691052309
62.110609018868374 0.006278721090103238
62.11778238712141 0.007597501771868644
62.12495575537444 0.009004223316731896
62.13212912362747 0.009962959173773177
62.1393024918805 0.010279311304300775
62.14647586013353 0.01004276304463223
62.15364922838656 0.009509304112085957
62.16082259663959 0.008965491251360974
62.167995964892626 0.008613539854432584
62.175169333145654 0.008500423354721573
62.18234270139868 0.008491632375099456
62.18951606965172 0.00830971963540426
62.196689437904745 0.007649814415786636
62.20386280615778 0.00633619600825123
62.21103617441081 0.0045082082271994854
62.21820954266384 0.0030836563689784205
62.22538291091687 0.0038667876331666662
62.2325562791699 0.0058754001588702115
62.239729647422934 0.007572483487448981
62.24690301567596 0.008437841421088287
62.254076383929 0.008393943986616819
62.261249752182025 0.007629648651342532
62.26842312043506 0.006479531544733036
62.27559648868809 0.0052889243333496426
62.282769856941115 0.004292129057137947
62.28994322519415 0.003542469288795082
62.29711659344718 0.002917798843607184
62.30428996170021 0.0021996588451162528
62.31146332995324 0.0011971356224277372
62.31863669820627 0.000227056636242799
62.325810066459304 0.0017236278064542989
62.33298343471233 0.003174551918625082
62.34015680296537 0.004172606258659906
62.347330171218395 0.004461088375409985
62.35450353947143 0.004038743131247872
62.36167690772446 0.0032523712342412566
62.368850275977486 0.002675873174855797
62.37602364423052 0.002418632471871228
62.38319701248355 0.0018128661317711548
62.390370380736584 0.00043478143087791004
62.39754374898961 0.0021366302404555344
62.40471711724265 0.00489795079229569
62.411890485495675 0.007335095288878302
62.4190638537487 0.008735925504912107
62.42623722200174 0.008691538105296817
62.433410590254766 0.007295961180612195
62.4405839585078 0.005296974324338634
62.44775732676083 0.004195767862902036
62.45493069501386 0.004790197851658366
62.46210406326689 0.005764466802246581
62.46927743151992 0.006560381142955221
62.476450799772955 0.007669176671512608
62.48362416802598 0.009200099148155906
62.49079753627902 0.010310178541608038
62.497970904532046 0.009956119956990665
62.505144272785074 0.007571677539398967
62.51231764103811 0.003335317059342146
62.51949100929114 0.0021965749502030427
62.52666437754417 0.007266472300448398
62.5338377457972 0.010941987925188067
62.541011114050235 0.012254996510918235
62.54818448230326 0.01097519135508353
62.55535785055629 0.007679344436984946
62.562531218809326 0.003811858907480197
62.569704587062354 0.0028319549566159477
62.57687795531539 0.00440388689665942
62.58405132356842 0.004459437455396519
62.591224691821445 0.002941586393580766
62.59839806007448 0.0033505091221546954
62.60557142832751 0.006666857432863634
62.61274479658054 0.009552227508611951
62.61991816483357 0.010758231274405417
62.627091533086606 0.010052421066707468
62.634264901339634 0.008107396490557427
62.64143826959266 0.006467233432019604
62.6486116378457 0.006463031929259776
62.655785006098725 0.007091262813220163
62.66295837435176 0.006841864149601307
62.67013174260479 0.005467442119331222
62.67730511085782 0.003996912682108131
62.68447847911085 0.004253527519375556
62.69165184736388 0.005660204603621913
62.698825215616914 0.006665129703659706
62.70599858386994 0.00703505806624984
62.71317195212298 0.007312322198336626
62.720345320376005 0.007952010062192294
62.72751868862903 0.008677408529593237
62.73469205688207 0.008886862930683052
62.741865425135096 0.008303881216264818
62.74903879338813 0.00717876463144408
62.75621216164116 0.006171242064978886
62.763385529894194 0.005857351473013501
62.77055889814722 0.006073105302312023
62.77773226640025 0.006258622951525272
62.784905634653285 0.006190262514930761
62.79207900290631 0.0060723560547672395
62.79925237115935 0.006266405179530652
62.806425739412376 0.006877595663954941
62.81359910766541 0.007581549675574728
62.82077247591844 0.007880482745130058
62.82794584417147 0.00745384343181716
62.8351192124245 0.006574664666256449
62.84229258067753 0.006625329245937761
62.849465948930565 0.008822278515004018
62.85663931718359 0.01208403606325681
62.86381268543662 0.014833745389098528
62.870986053689656 0.016052851448478518
62.878159421942684 0.01534646359723425
62.88533279019572 0.012970316897579855
62.89250615844875 0.009748509227719403
62.89967952670178 0.006797035044353865
62.90685289495481 0.004854179713031899
62.91402626320784 0.003454753419489464
62.92119963146087 0.002082512816054481
62.9283729997139 0.0031834889519973745
62.935546367966936 0.006149225714185947
62.94271973621996 0.008722984934299934
62.949893104473 0.009967865389927784
62.95706647272603 0.009652743550901238
62.964239840979054 0.008367555495853307
62.97141320923209 0.007495860117148425
62.97858657748512 0.008030583596039517
62.98575994573815 0.009136715728808418
62.99293331399118 0.009688497065194743
63.00010668224421 0.009483763281694247
63.00728005049724 0.008958788898611087
63.01445341875027 0.008406649848862314
63.021626787003306 0.007428749356339911
63.028800155256334 0.005360409791702841
63.03597352350937 0.0022658961657536173
63.0431468917624 0.0035304488472566904
63.050320260015425 0.008035578254376357
63.05749362826846 0.011808372172466412
63.06466699652149 0.013831375625428336
63.07184036477452 0.013708228289374853
63.07901373302755 0.011678097696607364
63.086187101280586 0.00852607104503561
63.093360469533614 0.005378265847927144
63.10053383778664 0.0035245171397530954
63.10770720603968 0.003468760076652274
63.114880574292705 0.00400079709651502
63.12205394254574 0.004500187828146093
63.12922731079877 0.004947103449248648
63.136400679051796 0.0053912911220229285
63.14357404730483 0.0061723199917217385
63.15074741555786 0.007651546003627877
63.157920783810894 0.009439882284986505
63.16509415206392 0.010550369890454596
63.17226752031696 0.010059365299371861
63.179440888569985 0.007548574994855648
63.18661425682301 0.0034966474520878553
63.19378762507605 0.003403464149811534
63.200960993329076 0.008176610339500155
63.20813436158211 0.01181204680716533
63.21530772983514 0.013150294406298463
63.222481098088174 0.011995522726803052
63.2296544663412 0.009017039643287919
63.23682783459423 0.0058312291497744275
63.244001202847265 0.004889389005999159
63.25117457110029 0.005849239832381802
63.25834793935333 0.006307563969182842
63.265521307606356 0.006243310996367619
63.272694675859384 0.0070215192374377755
63.27986804411242 0.008737813634512039
63.28704141236545 0.009925741111875804
63.29421478061848 0.009438116140735567
63.30138814887151 0.0070162878477263504
63.308561517124545 0.0033512625972641646
63.31573488537757 0.0023787522297941876
63.3229082536306 0.005419177065534408
63.330081621883636 0.007118843239840065
63.337254990136664 0.0067012767873229784
63.3444283583897 0.004395262975655891
63.35160172664273 0.0010875638092262517
63.35877509489576 0.002364111080985863
63.36594846314879 0.004565363491150204
63.37312183140182 0.005076857721859468
63.38029519965485 0.0039311755176817615
63.38746856790788 0.0022384941635766142
63.394641936160916 0.003056755623854956
63.401815304413944 0.0049503318238949216
63.40898867266697 0.005723050941296506
63.41616204092001 0.004879931626555873
63.423335409173035 0.002617885799062261
63.43050877742607 0.0005262261284820581
63.4376821456791 0.0034273824962562554
63.44485551393213 0.0055166998901816765
63.45202888218516 0.006220293382440018
63.45920225043819 0.005433151160865555
63.466375618691224 0.0034960477914553743
63.47354898694425 0.0016251674781324007
63.48072235519729 0.0030356973364628237
63.487895723450315 0.005258738732573649
63.49506909170335 0.0068125527606395925
63.50224245995638 0.00746669682808178
63.509415828209406 0.007271161317356363
63.51658919646244 0.0064086561294358834
63.52376256471547 0.005104407494933031
63.530935932968504 0.0036021216203365805
63.53810930122153 0.002281159986710371
63.54528266947456 0.0019306132623444444
63.552456037727595 0.002602743083791289
63.55962940598062 0.003249185730561557
63.56680277423366 0.003406724970777341
63.573976142486686 0.003047493230240665
63.58114951073972 0.002465923829509755
63.58832287899275 0.002226483258418866
63.59549624724578 0.0025354145586141442
63.60266961549881 0.0029126550385470424
63.60984298375184 0.0030526270839822916
63.617016352004875 0.003037555752720243
63.6241897202579 0.003017915755285272
63.63136308851094 0.0028421128015383556
63.638536456763966 0.00218439348635218
63.64570982501699 0.0013923216199388955
63.65288319327003 0.002787324058113196
63.66005656152306 0.005410208633992752
63.66722992977609 0.00791512145190377
63.67440329802912 0.009598091990981121
63.68157666628215 0.010083264781155182
63.68875003453518 0.009441986912573164
63.69592340278821 0.008227023662450149
63.703096771041245 0.007261450843943706
63.71027013929427 0.006992208459840731
63.71744350754731 0.00707903146935834
63.724616875800336 0.0071154424987522535
63.731790244053364 0.007185024328707463
63.7389636123064 0.007472321399656843
63.74613698055943 0.007694593074204064
63.75331034881246 0.007267523191361123
63.76048371706549 0.005853487617037706
63.767657085318525 0.0036224018928117745
63.77483045357155 0.0011839866329810213
63.78200382182458 0.0006959243651370407
63.789177190077616 0.0013968055752116065
63.796350558330644 0.001266883474727496
63.80352392658368 0.002712769241357656
63.81069729483671 0.005347878373785076
63.817870663089735 0.0077344778557384315
63.82504403134277 0.009046079915595787
63.8322173995958 0.009122972110321176
63.83939076784883 0.008700857916234563
63.84656413610186 0.008967353669983465
63.853737504354896 0.010016822926251116
63.860910872607924 0.010644833431544001
63.86808424086095 0.009824535664938879
63.87525760911399 0.007480428595544383
63.882430977367015 0.004943558800485794
63.88960434562005 0.005161127356305411
63.89677771387308 0.007242308816486928
63.90395108212611 0.008451741888806244
63.91112445037914 0.008342361473999818
63.91829781863217 0.007935233151481582
63.925471186885204 0.00849916350266839
63.93264455513823 0.0096074866735749
63.93981792339127 0.009860404126541737
63.946991291644295 0.008644478967616677
63.95416465989732 0.006696699148744514
63.96133802815036 0.0060434013660619615
63.968511396403386 0.007115505289116465
63.97568476465642 0.007645482414271222
63.98285813290945 0.006428614858992066
63.990031501162484 0.0047077758352378945
63.99720486941551 0.0067002886907585445
64.00437823766855 0.01099505523831009
64.01155160592157 0.01431193131256963
64.0187249741746 0.015243412171702105
64.02589834242764 0.013478963623810888
64.03307171068067 0.009622421173904534
64.0402450789337 0.00498837949130847
64.04741844718673 0.0021539240731860104
64.05459181543976 0.003634040389741831
64.06176518369278 0.004479068674208129
64.06893855194582 0.0038711795305138314
64.07611192019885 0.0026160722117931795
64.08328528845189 0.0016752793264141978
64.09045865670491 0.0009737741238763757
64.09763202495795 0.0013825081323375686
64.10480539321098 0.003933643074564966
64.111978761464 0.006841260762067458
64.11915212971704 0.008960452663746739
64.12632549797007 0.009386946974010327
64.1334988662231 0.007737308337508606
64.14067223447613 0.004292857097954755
64.14784560272916 0.00037826119278386685
64.1550189709822 0.004414779517708317
64.16219233923522 0.007522287156718964
64.16936570748825 0.008907053675467232
64.17653907574129 0.00861350532969699
64.18371244399431 0.007290567748661496
64.19088581224734 0.005969915305328816
64.19805918050038 0.005583927592675859
64.20523254875341 0.006276673729594494
64.21240591700644 0.0075795239287722565
64.21957928525947 0.008921303938549898
64.2267526535125 0.009609508115107648
64.23392602176553 0.008979170046052549
64.24109939001856 0.006710255572374501
64.2482727582716 0.003087909280409751
64.25544612652463 0.0019927887841716487
64.26261949477765 0.0058979606471595974
64.26979286303069 0.008717311448968564
64.27696623128372 0.009618051668753142
64.28413959953674 0.008492330017877714
64.29131296778978 0.005785988253282329
64.29848633604281 0.0022864609811023414
64.30565970429585 0.001192984988271635
64.31283307254887 0.004094254932255624
64.3200064408019 0.006213709690603912
64.32717980905494 0.007534762290370329
64.33435317730796 0.007965961500212832
64.341526545561 0.007279844245921256
64.34869991381403 0.005322634511433109
64.35587328206707 0.0022747847014439543
64.36304665032009 0.0013813673493643225
64.37022001857312 0.00461761894738812
64.37739338682616 0.006762376441266419
64.38456675507918 0.007393495537979226
64.39174012333221 0.006829025026114058
64.39891349158525 0.006267756297928878
64.40608685983828 0.006854731101702391
64.4132602280913 0.007918256922976442
64.42043359634434 0.008161875817087853
64.42760696459737 0.007169354592619949
64.4347803328504 0.005731684274656755
64.44195370110343 0.0056801197213394985
64.44912706935646 0.007143417816185372
64.45630043760949 0.008229823950640272
64.46347380586252 0.007822970308657015
64.47064717411556 0.0057697385003658425
64.47782054236859 0.002580765066805036
64.48499391062161 0.001248687663513996
64.49216727887465 0.004211299208727108
64.49934064712768 0.00620530193494512
64.5065140153807 0.006948374198219239
64.51368738363374 0.006639268117017
64.52086075188677 0.005759075826310347
64.52803412013981 0.004943042017020797
64.53520748839283 0.00483166743030356
64.54238085664586 0.005583137480626492
64.5495542248989 0.00666131282907663
64.55672759315192 0.007378641954674573
64.56390096140495 0.007231058031517146
64.57107432965799 0.006008310884487392
64.57824769791102 0.003856940885041495
64.58542106616405 0.0015002437499183378
64.59259443441708 0.002295969353424743
64.59976780267012 0.004337090055280175
64.60694117092314 0.005560887476831463
64.61411453917617 0.005741330819687507
64.6212879074292 0.004982692987821606
64.62846127568224 0.003559735012344639
64.63563464393526 0.001818304690697423
64.6428080121883 0.0005026606343174285
64.64998138044133 0.0016813097331195297
64.65715474869435 0.002681144299054019
64.66432811694739 0.0029818889854343875
64.67150148520042 0.002509589146926354
64.67867485345346 0.001523355128424527
64.68584822170648 0.0014924153729759023
64.69302158995951 0.003062413542613065
64.70019495821255 0.004847967287232374
64.70736832646557 0.0065346743671951535
64.7145416947186 0.008068512202579555
64.72171506297164 0.009299016163302977
64.72888843122466 0.009869087238575587
64.7360617994777 0.009364710508126468
64.74323516773073 0.0075749424793943474
64.75040853598377 0.004715303753099597
64.75758190423679 0.0020686035259694685
64.76475527248982 0.003566385228347404
64.77192864074286 0.005854062740366544
64.77910200899588 0.006724063879840356
64.78627537724891 0.005876125649994245
64.79344874550195 0.0038280818655858123
64.80062211375498 0.002934168940361686
64.807795482008 0.0051642200323347995
64.81496885026104 0.007534634467575939
64.82214221851407 0.008772191450186635
64.8293155867671 0.008657312870693832
64.83648895502013 0.007480818558987932
64.84366232327316 0.005815946004422404
64.8508356915262 0.004196027431666011
64.85800905977922 0.0028062515335902575
64.86518242803226 0.0016660821963127908
64.87235579628529 0.0019297079288269651
64.87952916453831 0.0037242529437375117
64.88670253279135 0.005634860322797239
64.89387590104438 0.006949459667454687
64.90104926929742 0.007188217777305069
64.90822263755044 0.006069657224761753
64.91539600580347 0.0035691988798934337
64.92256937405651 0.00016339405423284304
64.92974274230953 0.004256624642017295
64.93691611056256 0.008333279477016483
64.9440894788156 0.011558161430256196
64.95126284706863 0.013377669557222669
64.95843621532165 0.013596880840348494
64.96560958357469 0.01247611463604085
64.97278295182772 0.010699506899318686
64.97995632008075 0.009130026517883302
64.98712968833378 0.008246157257913608
64.99430305658682 0.007764279518896932
65.00147642483984 0.007196930778401333
65.00864979309287 0.006470900912849134
65.0158231613459 0.005812790309977911
65.02299652959894 0.005281844364913466
65.03016989785196 0.004676531275509487
65.037343266105 0.004030292797290745
65.04451663435803 0.003909187482983665
65.05169000261105 0.004520479143719592
65.05886337086409 0.005124288863737507
65.06603673911712 0.005183388161054138
65.07321010737016 0.005056852827098104
65.08038347562318 0.0057331251556639075
65.08755684387621 0.007178908969643747
65.09473021212925 0.008184141475837042
65.10190358038227 0.007702335470593645
65.1090769486353 0.005317511484450372
65.11625031688834 0.0013485147051184106
65.12342368514138 0.0036421317447691073
65.1305970533944 0.008164197215054446
65.13777042164743 0.011285411174886864
65.14494378990047 0.012281841014150276
65.15211715815349 0.011072063631915678
65.15929052640652 0.008359541315536496
65.16646389465956 0.005887104826752225
65.17363726291259 0.005995623573552166
65.18081063116561 0.007628584387274133
65.18798399941865 0.008489206220781554
65.19515736767168 0.007912339216650148
65.2023307359247 0.006161577932491409
65.20950410417774 0.003984690732799237
65.21667747243077 0.0025698677525316693
65.22385084068381 0.002915697056450987
65.23102420893683 0.0038041489908978723
65.23819757718987 0.004354227138645277
65.2453709454429 0.004469707659041322
65.25254431369592 0.0042482738864413365
65.25971768194896 0.003947296024701547
65.26689105020199 0.004000307793441023
65.27406441845501 0.004567862312263339
65.28123778670805 0.00524106664444305
65.28841115496108 0.005529434563856088
65.29558452321412 0.005262735283036905
65.30275789146714 0.0047739789242893585
65.30993125972017 0.004888756748864417
65.31710462797321 0.006059455776591211
65.32427799622623 0.007757060962505441
65.33145136447926 0.009345446407546849
65.3386247327323 0.010470380163196813
65.34579810098533 0.010971393998044705
65.35297146923835 0.010783651948530239
65.36014483749139 0.0098989377361973
65.36731820574443 0.008376381704241036
65.37449157399745 0.006385659137385025
65.38166494225048 0.004324334905637942
65.38883831050352 0.003195979533840346
65.39601167875655 0.003966430083082655
65.40318504700957 0.0053446418605314835
65.4103584152626 0.006126724602548421
65.41753178351564 0.005817551672345222
65.42470515176866 0.004305013996388526
65.4318785200217 0.00190950455244027
65.43905188827473 0.0018505962794803073
65.44622525652777 0.004610853844287413
65.45339862478079 0.006681427598088061
65.46057199303382 0.007415236346755751
65.46774536128686 0.006648199730022379
65.47491872953988 0.004659345742950785
65.48209209779291 0.0022377332985607833
65.48926546604595 0.0019136615092596823
65.49643883429898 0.0036416023990584498
65.503612202552 0.004913480493112303
65.51078557080504 0.005763636267085275
65.51795893905808 0.006728869740138225
65.5251323073111 0.008005432716489373
65.53230567556413 0.009248080633148517
65.53947904381717 0.010033980037758237
65.54665241207019 0.010174880605433607
65.55382578032322 0.009662943856363104
65.56099914857626 0.008466619408660163
65.56817251682929 0.006456386117565238
65.57534588508231 0.003593789432346223
65.58251925333535 0.001308524622452201
65.58969262158838 0.004500446505751649
65.5968659898414 0.007843263415389889
65.60403935809444 0.009903760731508912
65.61121272634747 0.010115367795299082
65.61838609460051 0.008417884008796702
65.62555946285353 0.005309301298546764
65.63273283110657 0.0021435642474357574
65.6399061993596 0.0032446902255005667
65.64707956761262 0.005718341760300872
65.65425293586566 0.007227739083793132
65.66142630411869 0.007880408629709406
65.66859967237173 0.008164067476339808
65.67577304062475 0.008318729784482313
65.68294640887778 0.008131543234349213
65.69011977713082 0.007432205592027691
65.69729314538384 0.006662956101261312
65.70446651363687 0.006743919903417743
65.71163988188991 0.007759798864765497
65.71881325014294 0.008733180813806385
65.72598661839596 0.008969678622108361
65.733159986649 0.008583740852658978
65.74033335490203 0.008267743755101406
65.74750672315506 0.008428738019759976
65.75468009140809 0.008503514847967767
65.76185345966113 0.007586296607997942
65.76902682791416 0.00523268550587396
65.77620019616718 0.0016568119330776668
65.78337356442022 0.0024262692323228354
65.79054693267325 0.006063649169233954
65.79772030092627 0.008432073430622364
65.80489366917931 0.00907796998222047
65.81206703743234 0.008056986441472612
65.81924040568536 0.005898412730237703
65.8264137739384 0.003418423498377632
65.83358714219143 0.0014536018462349093
65.84076051044447 0.0006645841854964051
65.84793387869749 0.0011351532210995866
65.85510724695052 0.0025010949205278694
65.86228061520356 0.004297773786003382
65.86945398345658 0.005903269062747014
65.87662735170962 0.006913623465794255
65.88380071996265 0.007382211697828339
65.89097408821569 0.007827297843510744
65.8981474564687 0.008730229377016691
65.90532082472174 0.009901044845438835
65.91249419297478 0.010700004546918543
65.9196675612278 0.010655835539477465
65.92684092948083 0.009756865884284531
65.93401429773387 0.008439555133696328
65.9411876659869 0.007311775942052554
65.94836103423992 0.006633997923131169
65.95553440249296 0.006172955521263571
65.962707770746 0.0059201004644227236
65.96988113899901 0.006556811781174183
65.97705450725205 0.008383493739577788
65.98422787550508 0.01057788901038981
65.99140124375812 0.012111273908128946
65.99857461201114 0.012307517186498482
66.00574798026418 0.01096742670283224
66.01292134851721 0.008371686080572633
66.02009471677023 0.005202230720211533
66.02726808502327 0.002569536491054521
66.0344414532763 0.0023005885692144678
66.04161482152934 0.003201169290880109
66.04878818978236 0.0037569888581581337
66.05596155803539 0.00448532466058778
66.06313492628843 0.005821083685543137
66.07030829454145 0.007303304135091941
66.07748166279448 0.008270614493741009
66.08465503104752 0.008374180275364858
66.09182839930054 0.007671339784513336
66.09900176755357 0.006576088030760173
66.10617513580661 0.0056817283791055165
66.11334850405964 0.005352747977978359
66.12052187231266 0.00538214689773994
66.1276952405657 0.005345615126586979
66.13486860881873 0.005083727492943542
66.14204197707176 0.004843043447093173
66.14921534532479 0.005189263347267732
66.15638871357783 0.00637104040761805
66.16356208183086 0.007868465931008125
66.17073545008388 0.008872943472419542
66.17790881833692 0.008681304990804084
66.18508218658995 0.006868786671532514
66.19225555484297 0.003420948123479138
66.19942892309601 0.0013556397259523276
66.20660229134904 0.006386063449003384
66.21377565960208 0.01088410613672295
66.2209490278551 0.013894774387700677
66.22812239610813 0.014852212531182768
66.23529576436117 0.013745580852047185
66.24246913261419 0.011249076664299109
66.24964250086722 0.008801503155507545
66.25681586912026 0.0081020865970586
66.2639892373733 0.008905123636382187
66.27116260562632 0.00932134006572898
66.27833597387935 0.008243026006552287
66.28550934213239 0.005597425902562328
66.2926827103854 0.00257061293830117
66.29985607863844 0.004294571779352619
66.30702944689148 0.00814775197982265
66.31420281514451 0.0111927443607902
66.32137618339753 0.012782278880339767
66.32854955165057 0.012773433428350186
66.3357229199036 0.011412182089686139
66.34289628815662 0.009272914586660108
66.35006965640966 0.00715644494240193
66.3572430246627 0.005856312153585853
66.36441639291571 0.0055436075894581315
66.37158976116875 0.005572385303766585
66.37876312942178 0.005391399905880268
66.38593649767482 0.004956829562355445
66.39310986592784 0.004578627260565911
66.40028323418088 0.004726609432656339
66.40745660243391 0.0056838980862658275
66.41462997068693 0.007258184850201187
66.42180333893997 0.008969769292375581
66.428976707193 0.010282988984411727
66.43615007544604 0.01073723257404506
66.44332344369906 0.010068770930043831
66.45049681195209 0.008293630645098776
66.45767018020513 0.0057093767879657495
66.46484354845815 0.0028126290522467712
66.47201691671118 0.0001640917857855613
66.47919028496422 0.0018231693209379834
66.48636365321725 0.0029259019798500464
66.49353702147027 0.0032996919688426437
66.50071038972331 0.0034339332262548522
66.50788375797634 0.0039022068133298814
66.51505712622937 0.004799547686687442
66.5222304944824 0.005791602595562381
66.52940386273544 0.006569792100604374
66.53657723098847 0.0069875984682671154
66.54375059924149 0.007057335052199464
66.55092396749453 0.006954233170338221
66.55809733574756 0.006969054779566839
66.56527070400058 0.007303120040338529
66.57244407225362 0.007855665720029695
66.57961744050665 0.008308259401467469
66.58679080875969 0.00835785913892526
66.59396417701271 0.007815141371653761
66.60113754526574 0.006568912638606045
66.60831091351878 0.004557923038497355
66.6154842817718 0.0021244206729230117
66.62265765002483 0.0031871026616912155
66.62983101827787 0.00709935693697428
66.63700438653089 0.010992363650956388
66.64417775478393 0.013888408343783808
66.65135112303696 0.015057924290080632
66.65852449129 0.014166953552824895
66.66569785954302 0.011520733650552626
66.67287122779605 0.008374537483680368
66.68004459604909 0.0072021830092713094
66.6872179643021 0.008723392489528517
66.69439133255514 0.01021014563840894
66.70156470080818 0.009946766229309713
66.70873806906121 0.007660675938268824
66.71591143731423 0.003949836350680204
66.72308480556727 0.0007300652152494373
66.7302581738203 0.003589724691912875
66.73743154207332 0.005092834544763566
66.74460491032636 0.004431535644734407
66.7517782785794 0.001944127591266644
66.75895164683243 0.0025375890564225618
66.76612501508545 0.0064237912122332725
66.77329838333848 0.009467974512232203
66.78047175159152 0.010793492304433256
66.78764511984454 0.010124827789995704
66.79481848809758 0.0077636524480092
66.80199185635061 0.004512614487505828
66.80916522460365 0.0019616724232426534
66.81633859285667 0.0029423033798146522
66.8235119611097 0.004356393141353879
66.83068532936274 0.004822073322256359
66.83785869761576 0.004736292761332016
66.84503206586879 0.004951797664780792
66.85220543412183 0.005932704675181345
66.85937880237486 0.007355105587820338
66.86655217062788 0.008760065820716131
66.87372553888092 0.009844941732084845
66.88089890713395 0.010384543290313988
66.88807227538697 0.010217180135885882
66.89524564364001 0.009342250045671994
66.90241901189304 0.008019851675565327
66.90959238014607 0.006741620372582868
66.9167657483991 0.005933238805298836
66.92393911665214 0.005528769390165015
66.93111248490517 0.0051817218377594836
66.93828585315819 0.005007707444114101
66.94545922141123 0.005663444400577109
66.95263258966426 0.007242726495508674
66.95980595791728 0.009020966540642847
66.96697932617032 0.0103119850636158
66.97415269442335 0.01079104610561172
66.98132606267639 0.010493183888198332
66.98849943092941 0.0097222033128791
66.99567279918244 0.008893290323878358
67.00284616743548 0.00834291505806916
67.0100195356885 0.008171599434577105
67.01719290394153 0.008196456513739212
67.02436627219457 0.008033212338505489
67.0315396404476 0.00725796450632927
67.03871300870063 0.005614587897475165
67.04588637695366 0.0033722162815786713
67.0530597452067 0.002943476751175552
67.06023311345972 0.0057734366409540345
67.06740648171275 0.008847528591885449
67.07457984996579 0.01104296799256108
67.08175321821882 0.01197503075818924
67.08892658647184 0.011691935775970054
67.09609995472488 0.010555455951487058
67.10327332297791 0.00899125906877816
67.11044669123093 0.007224979618009029
67.11762005948397 0.005288137463384501
67.124793427737 0.0034783665236654865
67.13196679599004 0.0031096814484562517
67.13914016424306 0.004366735949185645
67.1463135324961 0.005357722493204619
67.15348690074913 0.005169344713564753
67.16066026900215 0.003892786049832947
67.16783363725519 0.003255215099848407
67.17500700550822 0.00515590574583545
67.18218037376126 0.007458353715116765
67.18935374201428 0.00852482270879075
67.19652711026731 0.007714663565516389
67.20370047852035 0.005063711294995636
67.21087384677337 0.0013656935104797666
67.2180472150264 0.0033772308932384356
67.22522058327944 0.006943687826203362
67.23239395153246 0.009174128133826287
67.2395673197855 0.009784266594180028
67.24674068803853 0.009080578977112714
67.25391405629156 0.0078038663422733195
67.26108742454458 0.006698581969773251
67.26826079279762 0.005906447337973923
67.27543416105065 0.005013143132371676
67.28260752930368 0.003923998478103869
67.28978089755671 0.003616927342562735
67.29695426580975 0.005019455486843828
67.30412763406278 0.007171593162499689
67.3113010023158 0.009200542247713408
67.31847437056884 0.010694938240780095
67.32564773882187 0.01132535101589338
67.33282110707489 0.010723839351441864
67.33999447532793 0.00860723681489049
67.34716784358096 0.005047236014151198
67.354341211834 0.0018350362135153091
67.36151458008702 0.005469060428148628
67.36868794834005 0.00948436000498402
67.37586131659309 0.011660659295062291
67.38303468484611 0.011256400466564086
67.39020805309914 0.008190538323013115
67.39738142135218 0.0030675071168471276
67.40455478960521 0.0031323810461499923
67.41172815785824 0.008854825301537248
67.41890152611127 0.013021064363114657
67.4260748943643 0.014853042274064567
67.43324826261733 0.014229218606582984
67.44042163087036 0.011699353525887687
67.4475949991234 0.008436433372088367
67.45476836737643 0.00624208237787795
67.46194173562945 0.006378882521701569
67.46911510388249 0.0073591498243006466
67.47628847213552 0.007637275063487268
67.48346184038854 0.006907585411760847
67.49063520864158 0.005464788150284149
67.49780857689461 0.003819205585883803
67.50498194514763 0.0024860409341123583
67.51215531340067 0.0017249018647012475
67.5193286816537 0.001218402102928864
67.52650204990674 0.0005005945825666172
67.53367541815976 0.0006634239163130041
67.5408487864128 0.0018359908698502704
67.54802215466583 0.002786239291062684
67.55519552291885 0.003169457224687313
67.56236889117189 0.002829319468935984
67.56954225942492 0.0019692952177482056
67.57671562767796 0.0016705367438832124
67.58388899593098 0.0027486911186790906
67.59106236418401 0.003952580330957013
67.59823573243705 0.004678280016575544
67.60540910069007 0.004878405902757399
67.6125824689431 0.004745679472807882
67.61975583719614 0.00441968426608398
67.62692920544917 0.0038068938371037878
67.6341025737022 0.002882911578018346
67.64127594195523 0.002596262730763844
67.64844931020826 0.00403772589752222
67.65562267846128 0.005869152944879575
67.66279604671432 0.006851405342764795
67.66996941496735 0.006358203531484214
67.67714278322039 0.004430354397747981
67.68431615147341 0.0028219533046269273
67.69148951972645 0.004976618073562318
67.69866288797948 0.007822678325883138
67.7058362562325 0.009176891783846045
67.71300962448554 0.00835902535250599
67.72018299273857 0.005703829713326417
67.7273563609916 0.003988083995479383
67.73452972924463 0.007071379842565323
67.74170309749766 0.010809147645459379
67.7488764657507 0.012756081478481226
67.75604983400372 0.012176241670016127
67.76322320225675 0.009330065156143937
67.77039657050979 0.005878460094970978
67.77756993876281 0.006183092709636935
67.78474330701584 0.00981665716861566
67.79191667526888 0.012729142543965562
67.79909004352191 0.013559196991880084
67.80626341177494 0.01206009440243704
67.81343678002797 0.008597973288942292
67.820610148281 0.0041358029687963175
67.82778351653403 0.003261160941394791
67.83495688478706 0.007535006032485886
67.8421302530401 0.011147560129779325
67.84930362129313 0.012956358170342637
67.85647698954615 0.012550812749752463
67.86365035779919 0.009985588859681765
67.87082372605222 0.0058038597052564
67.87799709430524 0.0010706971927346065
67.88517046255828 0.0035782111773459318
67.89234383081131 0.006496363655276241
67.89951719906435 0.007286813346732137
67.90669056731737 0.005851654235226311
67.9138639355704 0.0027428683621060334
67.92103730382344 0.001438571169638056
67.92821067207646 0.00475160252105029
67.9353840403295 0.006745641431773113
67.94255740858253 0.006781515587321993
67.94973077683557 0.005056325963896695
67.95690414508859 0.003250429105734606
67.96407751334162 0.004827755687489492
67.97125088159466 0.007580568103785828
67.97842424984768 0.009144212958325014
67.98559761810071 0.008874541791401255
67.99277098635375 0.0070607910757543016
67.99994435460678 0.00530970127323721
68.0071177228598 0.006296733264719012
68.01429109111284 0.008909639918779407
68.02146445936587 0.010721870955383496
68.0286378276189 0.01071230908587081
68.03581119587193 0.008720794595184088
68.04298456412496 0.0053224417406253196
68.05015793237799 0.002912067171602355
68.05733130063102 0.005399145844517519
68.06450466888406 0.00825543230060766
68.07167803713709 0.009409557545441354
68.07885140539011 0.00844150582337082
68.08602477364315 0.005583641645524437
68.09319814189618 0.0016077932157905917
68.1003715101492 0.0029322634688007058
68.10754487840224 0.006570946897342211
68.11471824665527 0.008951161871070016
68.12189161490831 0.009842369058870428
68.12906498316133 0.009462211036159707
68.13623835141436 0.008293661985209222
68.1434117196674 0.006876782353679199
68.15058508792042 0.00579053771349272
68.15775845617345 0.005762759865594959
68.16493182442649 0.006974557617389277
68.17210519267952 0.008519706379154383
68.17927856093254 0.009303931091890743
68.18645192918558 0.008580959081166606
68.19362529743862 0.006123950864482828
68.20079866569164 0.0025728429211741054
68.20797203394467 0.003585668475037332
68.2151454021977 0.007860048042637804
68.22231877045074 0.011125932586370997
68.22949213870376 0.01251512252239307
68.2366655069568 0.01180756513698315
68.24383887520983 0.009331620265845244
68.25101224346285 0.005826565240799797
68.25818561171589 0.002263244538932893
68.26535897996892 0.0013989331441918407
68.27253234822196 0.003132216396688092
68.27970571647498 0.0038714084880688685
68.28687908472801 0.003758539712130512
68.29405245298105 0.003399823325421155
68.30122582123407 0.0034411273228932126
68.3083991894871 0.0038897519307539625
68.31557255774014 0.004181771164507453
68.32274592599316 0.0038396542160779425
68.3299192942462 0.0027397627288918013
68.33709266249923 0.001804213927644506
68.34426603075227 0.0033831630042505494
68.35143939900529 0.0058069432088535
68.35861276725832 0.007675061141888927
68.36578613551136 0.008406596105652671
68.37295950376438 0.007913021105650904
68.38013287201741 0.006686199020957578
68.38730624027045 0.0056727355304590265
68.39447960852348 0.005365809420388525
68.4016529767765 0.004971045203259039
68.40882634502954 0.003579911075616656
68.41599971328257 0.001814474297459125
68.4231730815356 0.0038808964167736408
68.43034644978863 0.0071077135169136255
68.43751981804166 0.009248932039357305
68.4446931862947 0.009659503424879038
68.45186655454772 0.008901907317354952
68.45903992280076 0.009180322092596832
68.46621329105379 0.01197591270455622
68.47338665930681 0.015474089156459557
68.48056002755985 0.017477516236197938
68.48773339581288 0.016807781277082934
68.49490676406592 0.013333499525859533
68.50208013231894 0.0079573684734537
68.50925350057197 0.0035157581681296048
68.51642686882501 0.005958072134884051
68.52360023707803 0.008932403945676945
68.53077360533106 0.00937396435566865
68.5379469735841 0.007321324525889877
68.54512034183713 0.004465628760897423
68.55229371009015 0.005238542581045997
68.55946707834319 0.008397915687360822
68.56664044659622 0.010280335352305913
68.57381381484925 0.009891738780731558
68.58098718310228 0.00733740699994243
68.58816055135532 0.0033877584821077724
68.59533391960834 0.0009290590683772136
68.60250728786137 0.004391759418655459
68.6096806561144 0.006417640105781432
68.61685402436744 0.006827761781376099
68.62402739262046 0.0060942479728267615
68.6312007608735 0.005193921397975414
68.63837412912653 0.004947402664959507
68.64554749737955 0.004995113810681386
68.65272086563259 0.0044465067124423606
68.65989423388562 0.0029765900952958735
68.66706760213866 0.001449388970004861
68.67424097039168 0.00296604976287344
68.68141433864471 0.005193878618828083
68.68858770689775 0.006598137325093154
68.69576107515077 0.006723084097177686
68.7029344434038 0.005502911043835166
68.71010781165684 0.0033153481836205455
68.71728117990988 0.0021428045286251904
68.7244545481629 0.004540658305747637
68.73162791641593 0.007343704512567983
68.73880128466897 0.009399489080488982
68.74597465292199 0.010361623728819729
68.75314802117502 0.010186110817649469
68.76032138942806 0.009053054293772548
68.76749475768109 0.007275232473951346
68.77466812593411 0.005200627233333121
68.78184149418715 0.0032524382331265483
68.78901486244018 0.0025695025984278537
68.7961882306932 0.004115515517454082
68.80336159894624 0.006464682139499088
68.81053496719927 0.008786287744536249
68.81770833545231 0.01064428198011268
68.82488170370533 0.011688210142028557
68.83205507195837 0.011677215616505919
68.8392284402114 0.010535587870693783
68.84640180846442 0.008372925814188022
68.85357517671746 0.0054625546596237945
68.86074854497049 0.002193154322846692
68.86792191322351 0.0009960376315813718
68.87509528147655 0.003693517290086262
68.88226864972958 0.005597292826206276
68.88944201798262 0.006577158611363191
68.89661538623564 0.006692263638262287
68.90378875448867 0.006146671505104999
68.91096212274171 0.005180013147933397
68.91813549099473 0.0039264995066954095
68.92530885924776 0.002342215280142614
68.9324822275008 0.00032913960033841596
68.93965559575383 0.002277722451554856
68.94682896400685 0.0051290012380533385
68.95400233225989 0.007856793563901936
68.96117570051292 0.009922117672841882
68.96834906876595 0.010851875084071087
68.97552243701898 0.010415672008642412
68.98269580527202 0.008769436379330685
68.98986917352505 0.0065507225843013835
68.99704254177807 0.00488507559875331
69.0042159100311 0.004567797627791757
69.01138927828414 0.004618180921988539
69.01856264653716 0.003943407188539622
69.0257360147902 0.003161416171183153
69.03290938304323 0.004671318850097559
69.04008275129627 0.007669960090558447
69.04725611954929 0.010306218853773854
69.05442948780232 0.011656971927008004
69.06160285605536 0.011431348894300194
69.06877622430838 0.009983020801517724
69.07594959256141 0.008260338087379778
69.08312296081445 0.007288350514454543
69.09029632906748 0.00699203215903964
69.0974696973205 0.00627829170419203
69.10464306557354 0.004501319480254336
69.11181643382658 0.002496456130497804
69.1189898020796 0.0038455349511704482
69.12616317033263 0.006588892636886167
69.13333653858567 0.008206074580921305
69.14050990683869 0.007905565410127246
69.14768327509172 0.005578991560596865
69.15485664334476 0.0017537928844731676
69.16203001159779 0.0030173813570590854
69.16920337985081 0.007128688210324346
69.17637674810385 0.009822644119928135
69.18355011635688 0.010381437027595988
69.1907234846099 0.008607561717764502
69.19789685286294 0.004857858387504272
69.20507022111597 0.0006123035028099721
69.21224358936901 0.005255071450118693
69.21941695762203 0.009394070891580822
69.22659032587507 0.011760040172671743
69.2337636941281 0.011907549897174732
69.24093706238112 0.009927065569427044
69.24811043063416 0.006523355006047629
69.25528379888719 0.0037864908200949078
69.26245716714023 0.005568289016364155
69.26963053539325 0.008730139417262162
69.27680390364628 0.010736382249286292
69.28397727189932 0.011024188326134327
69.29115064015234 0.009654248874884896
69.29832400840537 0.007064367249067194
69.30549737665841 0.0039194357239232406
69.31267074491144 0.0010212416879931809
69.31984411316446 0.0014332132524405403
69.3270174814175 0.0024654696584292136
69.33419084967053 0.002541559968553085
69.34136421792356 0.002893067251190211
69.34853758617659 0.004823538403849202
69.35571095442963 0.007522717952854733
69.36288432268266 0.009977973932554
69.37005769093568 0.011516733365987946
69.37723105918872 0.011764190968876327
69.38440442744175 0.010665478702229137
69.39157779569477 0.008505618132992467
69.39875116394781 0.0060392532825367
69.40592453220084 0.005077385926078399
69.41309790045386 0.007043966818533759
69.4202712687069 0.010183289519938214
69.42744463695993 0.01301284829835346
69.43461800521297 0.014748439583882103
69.44179137346599 0.014898998119820352
69.44896474171902 0.013339923336268943
69.45613810997206 0.010575083384406454
69.46331147822508 0.008182153455968602
69.47048484647812 0.008427257084053246
69.47765821473115 0.01061799916733974
69.48483158298419 0.012266910428996834
69.4920049512372 0.012146221908730532
69.49917831949024 0.010146171824130697
69.50635168774328 0.007000894874314541
69.5135250559963 0.0043983183318286306
69.52069842424933 0.004541944455792261
69.52787179250237 0.005821807931181206
69.5350451607554 0.006209665827487244
69.54221852900842 0.005604509445431344
69.54939189726146 0.004782419634539906
69.5565652655145 0.004539347151918962
69.56373863376751 0.0047427635154004945
69.57091200202055 0.005061775626465897
69.57808537027358 0.006016434677625264
69.58525873852662 0.008023183124807874
69.59243210677964 0.01041140412769644
69.59960547503267 0.012160114938315378
69.60677884328571 0.012530353563191175
69.61395221153873 0.011263479579909391
69.62112557979177 0.008608404015061305
69.6282989480448 0.005226559766075334
69.63547231629784 0.002203342778393348
69.64264568455086 0.002175167382965453
69.64981905280389 0.0035438104070193038
69.65699242105693 0.00404986408469203
69.66416578930995 0.003757339687119011
69.67133915756298 0.0030944159655320247
69.67851252581602 0.002379258249446889
69.68568589406904 0.0015533677533831147
69.69285926232207 0.000614360153138286
69.70003263057511 0.0017496877778369275
69.70720599882814 0.003778324229777079
69.71437936708116 0.005726383423603885
69.7215527353342 0.007108931374948132
69.72872610358723 0.007593783393821679
69.73589947184026 0.007133516108033392
69.74307284009329 0.006088066244064184
69.75024620834633 0.005238782305902428
69.75741957659936 0.005209988245522434
69.76459294485238 0.0055140452826136395
69.77176631310542 0.005219905736950935
69.77893968135845 0.003892396055120614
69.78611304961147 0.0016764102541255803
69.79328641786451 0.0009054352980795526
69.80045978611754 0.0030551931065795532
69.80763315437058 0.004156533363038502
69.8148065226236 0.003848678526059373
69.82197989087663 0.0022232335978809624
69.82915325912967 0.00021193013594571257
69.83632662738269 0.0026099990841226125
69.84349999563572 0.004234254073136647
69.85067336388876 0.004603217241159837
69.8578467321418 0.0038783813228446696
69.86502010039482 0.0032892573996966892
69.87219346864785 0.0042514226552522435
69.87936683690089 0.005614721310888773
69.8865402051539 0.006109733229813869
69.89371357340694 0.005638048667263315
69.90088694165998 0.005324075610485534
69.90806030991301 0.006462744851756736
69.91523367816603 0.008205087214477214
69.92240704641907 0.009060971148285033
69.9295804146721 0.008368061211254326
69.93675378292512 0.006472972440755943
69.94392715117816 0.005073562006930412
69.9511005194312 0.006057609761219095
69.95827388768421 0.007766229458337011
69.96544725593725 0.008290922252915516
69.97262062419028 0.007138235777590583
69.97979399244332 0.004729669152894875
69.98696736069634 0.002232902388490281
69.99414072894938 0.001931391205739462
70.00131409720241 0.00251408626905421
70.00848746545543 0.001812132181958344
70.01566083370847 0.0006903920751554371
70.0228342019615 0.0029267520402447202
70.03000757021454 0.0049977875497941755
70.03718093846756 0.005799453715433566
70.04435430672059 0.004940562180272053
70.05152767497363 0.002792229983211341
70.05870104322665 0.0022716516686931503
70.06587441147968 0.00499253932896553
70.07304777973272 0.0072422251353833015
70.08022114798575 0.008083957432846128
70.08739451623877 0.007507760603149697
70.09456788449181 0.006223626731625726
70.10174125274484 0.005560853469184117
70.10891462099787 0.006279958561047608
70.1160879892509 0.007499527801688634
70.12326135750394 0.008275594457863328
70.13043472575697 0.00821211614954443
70.13760809400999 0.007155896549525081
70.14478146226303 0.005070919470755332
70.15195483051606 0.002410601775656353
70.15912819876908 0.0031403736333037594
70.16630156702212 0.006675465798308342
70.17347493527515 0.009618568048472099
70.18064830352819 0.010967874155398039
70.18782167178121 0.01029090864025885
70.19499504003424 0.00781358711300589
70.20216840828728 0.004850635379491341
70.2093417765403 0.004869489248632548
70.21651514479333 0.007584097975500909
70.22368851304637 0.009599947565327513
70.23086188129939 0.009855963524605061
70.23803524955242 0.008329375049444471
70.24520861780546 0.00555551620674284
70.2523819860585 0.00248430956060033
70.25955535431152 0.0020129904921675585
70.26672872256455 0.004125937390873406
70.27390209081759 0.005669807880737307
70.2810754590706 0.006312945458310662
70.28824882732364 0.006068428505361658
70.29542219557668 0.005126023251297289
70.30259556382971 0.0040808246794718965
70.30976893208273 0.004044175360315114
70.31694230033577 0.005106244366873496
70.3241156685888 0.006058593444713188
70.33128903684182 0.006118833595304813
70.33846240509486 0.0051557990175245495
70.3456357733479 0.0035734725922465676
70.35280914160093 0.002210639916784851
70.35998250985395 0.0017422675695064314
70.36715587810698 0.0013167240468678742
70.37432924636002 0.0006400583554152369
70.38150261461304 0.0024092800893441057
70.38867598286608 0.004617029738911385
70.39584935111911 0.006117386491203912
70.40302271937215 0.006245965306619906
70.41019608762517 0.004961088729973753
70.4173694558782 0.0038011758826077342
70.42454282413124 0.0057938880745129805
70.43171619238426 0.009190381039989022
70.43888956063729 0.011777482254319379
70.44606292889033 0.012628048424949337
70.45323629714336 0.011561992659949482
70.46040966539638 0.009069273968203366
70.46758303364942 0.0063294227313832885
70.47475640190245 0.005243748158102191
70.48192977015547 0.0063334763503582765
70.48910313840851 0.007819230757069988
70.49627650666154 0.008874324545745601
70.50344987491457 0.009511743842848442
70.5106232431676 0.009800895897003335
70.51779661142064 0.009613315406436842
70.52496997967367 0.00878924981677259
70.53214334792669 0.007405542263814104
70.53931671617973 0.005899558146704597
70.54649008443276 0.004932643815259251
70.55366345268578 0.004771152932650445
70.56083682093882 0.004893754160730976
70.56801018919185 0.004753147687780512
70.57518355744489 0.0042161029561583
70.58235692569791 0.003409033321518525
70.58953029395094 0.002569022350433484
70.59670366220398 0.0021477322168774343
70.603877030457 0.002613975602535415
70.61105039871003 0.0035151371804245726
70.61822376696307 0.004135411491824962
70.6253971352161 0.004007338891051698
70.63257050346913 0.002911581983057156
70.63974387172216 0.000974008754528628
70.6469172399752 0.00201762374851693
70.65409060822822 0.004949616710806246
70.66126397648125 0.007689390505864978
70.66843734473429 0.009827824440703752
70.67561071298732 0.01115657855223791
70.68278408124034 0.011662971057178322
70.68995744949338 0.01148931456977526
70.69713081774641 0.010864712875543211
70.70430418599943 0.0100257343329118
70.71147755425247 0.00914634620301438
70.7186509225055 0.008302608411304034
70.72582429075854 0.007480170259987082
70.73299765901156 0.006606619976564858
70.7401710272646 0.005588285606342061
70.74734439551763 0.004349124629396702
70.75451776377065 0.002888900671807227
70.76169113202369 0.0015051106145462932
70.76886450027672 0.0017736622192907477
70.77603786852974 0.0033575420039381435
70.78321123678278 0.004872803205418814
70.79038460503581 0.0059674809385986
70.79755797328885 0.0065280105439039825
70.80473134154187 0.006580716715996549
70.8119047097949 0.006236013951434971
70.81907807804794 0.005610856270778501
70.82625144630096 0.004777460236792505
70.833424814554 0.0037797352883753386
70.84059818280703 0.0026974956516846514
70.84777155106006 0.0017611461121316953
70.85494491931308 0.0016854941844392
70.86211828756612 0.002826096838722712
70.86929165581915 0.004539316551065092
70.87646502407217 0.006390833823051506
70.88363839232521 0.007935493330106229
70.89081176057825 0.008683670444392654
70.89798512883128 0.008257827092528749
70.9051584970843 0.00656598771983947
70.91233186533734 0.003961024476200853
70.91950523359037 0.001995364025484326
70.92667860184339 0.003595336493662608
70.93385197009643 0.005467283484887414
70.94102533834946 0.006075794561120462
70.9481987066025 0.005257357367360257
70.95537207485552 0.003425440272463983
70.96254544310855 0.0018422863365448636
70.96971881136159 0.002768952250538978
70.97689217961461 0.004342114543272053
70.98406554786764 0.00543646053102661
70.99123891612068 0.006099154807111664
70.99841228437371 0.006424252674178468
71.00558565262673 0.0062343342285495085
71.01275902087977 0.005294597526363033
71.0199323891328 0.003858732256991831
71.02710575738583 0.003413667829003521
71.03427912563886 0.004825610929966944
71.0414524938919 0.006237277704960693
71.04862586214492 0.006588713421046963
71.05579923039795 0.006330287000586691
71.06297259865099 0.007421084190640688
71.07014596690402 0.010529271948662024
71.07731933515704 0.013906258060309633
71.08449270341008 0.015882585247256813
71.09166607166311 0.015548463463384185
71.09883943991613 0.01283859622494179
71.10601280816917 0.008547256865165683
71.1131861764222 0.004392539682296369
71.12035954467524 0.0035417220374521245
71.12753291292826 0.004621820215577611
71.1347062811813 0.004101882152285546
71.14187964943433 0.002039616828335575
71.14905301768735 0.0029579443193952326
71.15622638594039 0.006098065064499677
71.16339975419342 0.007961140894029158
71.17057312244646 0.007597783692194477
71.17774649069948 0.004922284285884572
71.18491985895251 0.0006367440825391509
71.19209322720555 0.0042487924160549
71.19926659545857 0.00829658746078673
71.2064399637116 0.010643095685048544
71.21361333196464 0.01102256676389392
71.22078670021767 0.009987138378465689
71.2279600684707 0.008760449611940458
71.23513343672373 0.008376020674898677
71.24230680497676 0.008474270939895785
71.24948017322978 0.008011438566093354
71.25665354148282 0.00661818025015782
71.26382690973585 0.004845318268708314
71.27100027798889 0.003813412035255521
71.27817364624191 0.0037460573296478274
71.28534701449495 0.0034577417336198765
71.29252038274798 0.0025868147045276786
71.299693751001 0.0027498227771717287
71.30686711925404 0.004651479489135967
71.31404048750707 0.006502269626077109
71.32121385576009 0.007359235225645785
71.32838722401313 0.0069761252509461524
71.33556059226616 0.005624893559237858
71.3427339605192 0.003946469215491906
71.34990732877222 0.0026591689970566724
71.35708069702525 0.0019625817086940008
71.36425406527829 0.0013757608254981483
71.37142743353131 0.0012253841793270926
71.37860080178434 0.0022696127847107884
71.38577417003738 0.0034213527096595853
71.39294753829041 0.003979624341029977
71.40012090654344 0.0036994458784022684
71.40729427479647 0.0027003546549791385
71.4144676430495 0.001507656911855692
71.42164101130253 0.001391004421286908
71.42881437955556 0.0021820633205561824
71.4359877478086 0.002695306192722526
71.44316111606163 0.0028120281019714173
71.45033448431465 0.0028001417786122935
71.45750785256769 0.0029851544361665996
71.46468122082072 0.0034383794950181017
71.47185458907374 0.00394137941228385
71.47902795732678 0.004167046689584206
71.48620132557981 0.003792868764888629
71.49337469383285 0.002660397535748396
71.50054806208587 0.0015959224962548508
71.5077214303389 0.0034189711658362135
71.51489479859194 0.00625742609333287
71.52206816684496 0.00862070215548948
71.529241535098 0.009732618116634277
71.53641490335103 0.00914276077829889
71.54358827160407 0.006831277674168087
71.55076163985709 0.003233120182379029
71.55793500811012 0.0008961567371667631
71.56510837636316 0.00460425719970928
71.57228174461618 0.007138623652474619
71.57945511286921 0.008026179325616367
71.58662848112225 0.007247000781344923
71.59380184937528 0.005221887210317356
71.6009752176283 0.0027266373908337964
71.60814858588134 0.001344729208894206
71.61532195413437 0.002371661941781491
71.6224953223874 0.0030990660828666555
71.62966869064043 0.003085732296900153
71.63684205889346 0.002734514052317757
71.64401542714648 0.0026096756463526243
71.65118879539952 0.002868379998450266
71.65836216365255 0.0032482980610575364
71.66553553190559 0.0036107110965849292
71.67270890015861 0.003975492379033911
71.67988226841165 0.004347455076827994
71.68705563666468 0.004734465066065863
71.6942290049177 0.005267823012810655
71.70140237317074 0.006126054146459215
71.70857574142377 0.007280794851958475
71.7157491096768 0.008453695894105655
71.72292247792983 0.009313420058539554
71.73009584618286 0.009644639587635853
71.7372692144359 0.009405475411252529
71.74444258268892 0.008700518003911561
71.75161595094195 0.007714562438552956
71.75878931919499 0.006658477485508123
71.76596268744802 0.005743549830508395
71.77313605570104 0.005133108864254182
71.78030942395408 0.004844241837411658
71.78748279220711 0.004755764124702421
71.79465616046014 0.004807774701997448
71.80182952871317 0.005106574301931391
71.8090028969662 0.005706693385329194
71.81617626521924 0.006365786456023696
71.82334963347226 0.006654871608295255
71.8305230017253 0.006215655853187073
71.83769636997833 0.004935604116590981
71.84486973823135 0.003114645364278627
71.85204310648439 0.0022371708747784044
71.85921647473742 0.0038290081532658515
71.86638984299046 0.005782227001678966
71.87356321124348 0.007099262021860246
71.88073657949651 0.007544095852702477
71.88790994774955 0.007209605685141398
71.89508331600257 0.006422340623170917
71.9022566842556 0.005628680017041838
71.90943005250864 0.005193039410947371
71.91660342076166 0.005158366513476386
71.9237767890147 0.005276091140014044
71.93095015726773 0.005275538004824736
71.93812352552077 0.004985122622628608
71.94529689377379 0.004313316560612924
71.95247026202682 0.0032432226767659714
71.95964363027986 0.0019013975055154912
71.96681699853288 0.0010843478910345116
71.97399036678591 0.0020943884667958125
71.98116373503895 0.00327273707610348
71.98833710329198 0.0038731327404675554
71.995510471545 0.003654230746056333
72.00268383979804 0.002596618003096364
72.00985720805107 0.0009048822422744855
72.0170305763041 0.001153721683888513
72.02420394455713 0.002987243727247962
72.03137731281016 0.00427173569413626
72.0385506810632 0.004747188117551843
72.04572404931622 0.004399715871541931
72.05289741756926 0.0034624627202886416
72.06007078582229 0.0023375872055290624
72.06724415407531 0.0014377879559459095
72.07441752232835 0.0010570329432941156
72.08159089058138 0.0015058984293011073
72.08876425883442 0.0026556218113475303
72.09593762708744 0.0039824905365486996
72.10311099534047 0.0049304860595680575
72.11028436359351 0.005051768935955046
72.11745773184653 0.004258435741258865
72.12463110009956 0.003329106887321
72.1318044683526 0.004152410978731551
72.13897783660563 0.006337209852547911
72.14615120485865 0.00822893590228859
72.15332457311169 0.009044802681818799
72.16049794136472 0.00875706557054564
72.16767130961775 0.008189888895443486
72.17484467787078 0.008678294030364915
72.18201804612382 0.010394219891544461
72.18919141437684 0.012072284374032039
72.19636478262987 0.012561875844028398
72.2035381508829 0.011399064951367586
72.21071151913594 0.008788297522701112
72.21788488738896 0.005536748738106133
72.225058255642 0.0033232155813609954
72.23223162389503 0.0038425689412997406
72.23940499214805 0.004726498471821669
72.24657836040109 0.004381935506461009
72.25375172865412 0.002763706964172951
72.26092509690716 0.0006016534127198946
72.26809846516018 0.002331899018124425
72.27527183341321 0.004315952348037435
72.28244520166625 0.005364103676815813
72.28961856991927 0.0053296325566000845
72.2967919381723 0.004343473523815602
72.30396530642534 0.002692030072838457
72.31113867467838 0.0007467639265310563
72.3183120429314 0.0015711040765037697
72.32548541118443 0.0035614231443526633
72.33265877943747 0.005181852681251376
72.33983214769049 0.006119919960701147
72.34700551594352 0.0061387324245615
72.35417888419656 0.005211405625951356
72.36135225244959 0.003727367523240616
72.36852562070261 0.0028992269057476604
72.37569898895565 0.0037263670173825155
72.38287235720868 0.004724896519861709
72.3900457254617 0.004700770536945528
72.39721909371474 0.003297589765499531
72.40439246196777 0.0007547279646068351
72.41156583022081 0.0027402237318651826
72.41873919847383 0.006002031245965874
72.42591256672686 0.008446034688908971
72.4330859349799 0.009478083181526318
72.44025930323292 0.008876386296212188
72.44743267148596 0.006892941050391051
72.45460603973899 0.004399802023134554
72.46177940799201 0.0034977276445857975
72.46895277624505 0.005026087180082436
72.47612614449808 0.006526682173028265
72.48329951275112 0.007035153577881449
72.49047288100414 0.006694967518779698
72.49764624925717 0.006245000414447516
72.50481961751021 0.006419114510434645
72.51199298576323 0.007036781684832217
72.51916635401626 0.0073118011922426954
72.5263397222693 0.006747928586401187
72.53351309052233 0.005429771489452119
72.54068645877535 0.004134889974859676
72.54785982702839 0.004102444420432511
72.55503319528142 0.005064660362316398
72.56220656353445 0.005682070949439574
72.56937993178748 0.005321982813073419
72.57655330004052 0.004015961686009073
72.58372666829355 0.0025010816981466876
72.59090003654657 0.0026595689954429743
72.5980734047996 0.004069216684340045
72.60524677305264 0.004931991569396033
72.61242014130566 0.004689704943757504
72.6195935095587 0.0034418908517197884
72.62676687781173 0.0022962384198957596
72.63394024606477 0.0034931113157050373
72.64111361431779 0.005596700406816581
72.64828698257082 0.007084100592612079
72.65546035082386 0.007433784589838074
72.66263371907688 0.006561854532005042
72.66980708732991 0.0047265969039738485
72.67698045558295 0.0024386484937997293
72.68415382383598 0.00047677824221070984
72.691327192089 0.0012922705667297782
72.69850056034204 0.0016905258186907272
72.70567392859508 0.0009966289364185287
72.7128472968481 0.0006322483462333863
72.72002066510113 0.002645384354047707
72.72719403335417 0.004567121745027476
72.73436740160719 0.005886402741861573
72.74154076986022 0.006280621043638678
72.74871413811326 0.00567460864668857
72.75588750636629 0.004298834568112474
72.76306087461931 0.0029433417728168894
72.77023424287235 0.0033239325702456644
72.77740761112538 0.005193493285767072
72.7845809793784 0.007096207091152994
72.79175434763144 0.008420110098430087
72.79892771588447 0.008887328250176236
72.80610108413751 0.008389381192565899
72.81327445239053 0.006975031869765488
72.82044782064357 0.0048375895167142545
72.8276211888966 0.002264817018748253
72.83479455714962 0.000510580993904633
72.84196792540266 0.0030884856773222744
72.84914129365569 0.005479691095944382
72.85631466190873 0.007583771758087808
72.86348803016175 0.009271928366754065
72.87066139841478 0.010307531986745649
72.87783476666782 0.010426750260563208
72.88500813492084 0.009472435290573549
72.89218150317387 0.007508898672146478
72.89935487142691 0.004865412012663723
72.90652823967994 0.0020676842612311667
72.91370160793296 0.00038292549619666985
72.920874976186 0.0020710813233518386
72.92804834443903 0.0032425494638938486
72.93522171269206 0.0044894363444278424
72.94239508094509 0.0061593680318553275
72.94956844919813 0.007859780610748759
72.95674181745116 0.008891062620125427
72.96391518570418 0.008704447786321255
72.97108855395722 0.007127322778260724
72.97826192221025 0.004458096149533974
72.98543529046327 0.0018252545978032191
72.9926086587163 0.0029989623570621793
72.99978202696934 0.005164245531372106
73.00695539522236 0.0062239504548548515
73.0141287634754 0.005980427425912451
73.02130213172843 0.004710427644310012
73.02847549998147 0.002927444718396108
73.03564886823449 0.0011090244474060743
73.04282223648752 0.0008220197599955703
73.04999560474056 0.0028148729226206144
73.05716897299358 0.005303698003123434
73.06434234124661 0.008050756160088782
73.07151570949965 0.010504038943574955
73.07868907775268 0.01203744610850067
73.0858624460057 0.012200393731225419
73.09303581425874 0.010875396165054969
73.10020918251178 0.008310838940136452
73.1073825507648 0.0050354970578091055
73.11455591901783 0.0017146510586243731
73.12172928727087 0.0012884540471394949
73.1289026555239 0.0032561326412096888
73.13607602377692 0.004326134873716799
73.14324939202996 0.0045682318950261
73.15042276028299 0.0041090718331157575
73.15759612853601 0.003000136423238943
73.16476949678905 0.0014379079729256966
73.17194286504208 0.002013712446840437
73.17911623329512 0.004740068673911851
73.18628960154814 0.007573564013607495
73.19346296980117 0.009876478118859644
73.20063633805421 0.011212488300166723
73.20780970630723 0.01138418499940596
73.21498307456027 0.01047128790218649
73.2221564428133 0.008790687107841772
73.22932981106634 0.006809811447196571
73.23650317931936 0.005091599720213163
73.24367654757239 0.004270886750353138
73.25084991582543 0.004551991770893048
73.25802328407845 0.005228928136217738
73.26519665233148 0.005495221252552873
73.27237002058452 0.0048855662395444616
73.27954338883754 0.0033792477181375925
73.28671675709057 0.0022971677151548994
73.29389012534361 0.004274223995357642
73.30106349359664 0.007087360971140297
73.30823686184966 0.00912818055891737
73.3154102301027 0.009694149009694827
73.32258359835573 0.00854300478504377
73.32975696660876 0.005896266409622129
73.33693033486179 0.0024314460478623906
73.34410370311483 0.0016528179847723919
73.35127707136786 0.00427915626551917
73.35845043962088 0.005584079739290464
73.36562380787392 0.005185308617778925
73.37279717612695 0.0033862518680724133
73.37997054437997 0.0022571853946976883
73.38714391263301 0.00482182144953976
73.39431728088604 0.00794164139198812
73.40149064913908 0.01030637013777871
73.4086640173921 0.0115602625033949
73.41583738564513 0.011742805073957582
73.42301075389817 0.01114031689670334
73.43018412215119 0.010108636732001746
73.43735749040422 0.008890359723263214
73.44453085865726 0.007527135455914068
73.4517042269103 0.0059482863101154
73.45887759516332 0.004179716094928435
73.46605096341635 0.0026482113131893813
73.47322433166939 0.0025269908926423604
73.4803976999224 0.003570591979019232
73.48757106817544 0.004308394629008619
73.49474443642848 0.004117848345628265
73.50191780468151 0.0028484997126111966
73.50909117293453 0.0007437451311562631
73.51626454118757 0.002111024039183493
73.5234379094406 0.004650453449913761
73.53061127769362 0.006445144651442125
73.53778464594666 0.006995012338870805
73.5449580141997 0.0061286419280415175
73.55213138245271 0.004160095473122321
73.55930475070575 0.0025414117441191295
73.56647811895878 0.003872849671787292
73.57365148721182 0.005857904221325522
73.58082485546484 0.006661920607211897
73.58799822371788 0.0057575014488298465
73.59517159197091 0.0031776188687384645
73.60234496022393 0.0007426906703774497
73.60951832847697 0.004988758622372795
73.61669169673 0.008960442118441837
73.62386506498304 0.011858641979689874
73.63103843323606 0.013207997315958078
73.63821180148909 0.012895381348544059
73.64538516974213 0.011182642743069437
73.65255853799515 0.008649666889200682
73.65973190624818 0.006106519302132536
73.66690527450122 0.004458577710644323
73.67407864275425 0.004034127533844193
73.68125201100727 0.00395642874125569
73.68842537926031 0.003422430263998965
73.69559874751334 0.002301634373042932
73.70277211576636 0.0008907798568597116
73.7099454840194 0.0011063475888544603
73.71711885227243 0.0025843956597904495
73.72429222052547 0.004089511698855828
73.73146558877849 0.005797069567454748
73.73863895703153 0.007885420938171132
73.74581232528456 0.01025758021831566
73.75298569353758 0.012540529688764946
73.76015906179062 0.014233682213298736
73.76733243004365 0.014861682507333003
73.77450579829669 0.014100432194118707
73.78167916654971 0.011873936994951007
73.78885253480274 0.008402173931114911
73.79602590305578 0.004176913512375597
73.8031992713088 0.0001355590552286387
73.81037263956183 0.0038180185658889944
73.81754600781487 0.006281897228092676
73.82471937606789 0.007196448430149931
73.83189274432092 0.0066474796411652845
73.83906611257396 0.005296679451513786
73.846239480827 0.004558843083925519
73.85341284908002 0.005386014858230549
73.86058621733305 0.006566051172039196
73.86775958558609 0.006900219049125256
73.8749329538391 0.006112919875381429
73.88210632209214 0.004854751477966585
73.88927969034518 0.004784709826921849
73.89645305859821 0.006313814274889672
73.90362642685123 0.007753513046757694
73.91079979510427 0.007921286822618428
73.9179731633573 0.006406405685105679
73.92514653161032 0.0033948128891491004
73.93231989986336 0.0012336587653453337
73.9394932681164 0.005046494679841822
73.94666663636943 0.008437732191975838
73.95384000462245 0.010437371755557263
73.96101337287548 0.010718838701286596
73.96818674112852 0.009409240655637023
73.97536010938154 0.007058848288923149
73.98253347763458 0.004599159291791558
73.98970684588761 0.00336610886825085
73.99688021414065 0.00379487797128361
74.00405358239367 0.0044850627130588695
74.0112269506467 0.004858246459503038
74.01840031889974 0.005101108276272562
74.02557368715276 0.0053865958487715245
74.03274705540579 0.0055692604179346005
74.03992042365883 0.0053857215220494345
74.04709379191186 0.004719080331556409
74.05426716016488 0.003656922338341379
74.06144052841792 0.002430913184610918
74.06861389667095 0.0014428410328277059
74.07578726492397 0.0014673764387521844
74.08296063317701 0.0022211101421519513
74.09013400143004 0.0028505544448192534
74.09730736968307 0.003061244636820461
74.1044807379361 0.0029693705665555887
74.11165410618914 0.003306622116104181
74.11882747444217 0.004684221045295016
74.12600084269519 0.006571061079658107
74.13317421094823 0.008158222854644933
74.14034757920126 0.008854364318887673
74.14752094745428 0.008373332941552163
74.15469431570732 0.006791357372563884
74.16186768396035 0.00458015532706168
74.16904105221339 0.002809152256843893
74.17621442046641 0.0030803871575292067
74.18338778871944 0.004322557323729709
74.19056115697248 0.005168637390223789
74.1977345252255 0.005406290347769668
74.20490789347853 0.0051176988786158775
74.21208126173157 0.004370875673814267
74.2192546299846 0.0031766551895776856
74.22642799823763 0.0016437116107462858
74.23360136649066 0.0009389619517088202
74.2407747347437 0.0022993566930389056
74.24794810299672 0.0033907865295371474
74.25512147124975 0.0037063403018004074
74.26229483950279 0.0032445275054075145
74.26946820775582 0.002338909380658878
74.27664157600884 0.001530359655346152
74.28381494426188 0.0011985317235251414
74.29098831251491 0.0016770433615322488
74.29816168076793 0.003461316614426685
74.30533504902097 0.006157121693102942
74.312508417274 0.00902480973131649
74.31968178552704 0.01124006635057532
74.32685515378006 0.012107455206891186
74.3340285220331 0.011290293861766068
74.34120189028613 0.008986333537151316
74.34837525853915 0.006120371853144471
74.35554862679219 0.004759992913875135
74.36272199504522 0.005985965707432722
74.36989536329824 0.007428771753769934
74.37706873155128 0.007723706531732758
74.38424209980431 0.006783857273098333
74.39141546805735 0.005171328158896047
74.39858883631037 0.0038456234449879153
74.4057622045634 0.003564044759692581
74.41293557281644 0.003843093817814792
74.42010894106946 0.003955063449513265
74.42728230932249 0.0038147369198778766
74.43445567757553 0.0035986518432718257
74.44162904582856 0.0033993234862050806
74.44880241408158 0.0032999126088676346
74.45597578233462 0.0035564991943297063
74.46314915058765 0.004264176378180738
74.47032251884067 0.005083443999389193
74.47749588709371 0.005638173093780135
74.48466925534674 0.005836442115695251
74.49184262359978 0.0058546472601100985
74.4990159918528 0.005840251774665245
74.50618936010584 0.005618274225130352
74.51336272835887 0.00489945398399685
74.52053609661189 0.0040068673086720175
74.52770946486493 0.004548570492809008
74.53488283311796 0.006865569088529218
74.542056201371 0.00930413382927581
74.54922956962402 0.010646093660201236
74.55640293787705 0.010269700256030063
74.56357630613009 0.008156883072682291
74.57074967438311 0.005060588492367202
74.57792304263614 0.00346320726515993
74.58509641088918 0.005360994182313618
74.59226977914221 0.007193669600930003
74.59944314739523 0.00741998493489501
74.60661651564827 0.0059833337096709335
74.6137898839013 0.00370426992281705
74.62096325215433 0.002770039807427557
74.62813662040736 0.003959799788589812
74.6353099886604 0.004491174879007415
74.64248335691342 0.0033509168733499113
74.64965672516645 0.0008384037779540444
74.65683009341949 0.003306056565201519
74.66400346167252 0.007046683845047024
74.67117682992554 0.009890700209365765
74.67835019817858 0.011132641154003638
74.68552356643161 0.010535168305201032
74.69269693468463 0.008362521143409138
74.69987030293767 0.0052941969147832085
74.7070436711907 0.0022472203572345135
74.71421703944374 0.0007080884329168683
74.72139040769676 0.0013888104202123886
74.7285637759498 0.0014928627015964226
74.73573714420283 0.002610907309723727
74.74291051245585 0.004948633834999385
74.75008388070889 0.007327664741964706
74.75725724896192 0.00896704224218787
74.76443061721496 0.009508408549733595
74.77160398546798 0.009110260729099115
74.77877735372101 0.0084703469067646
74.78595072197405 0.008449106851973644
74.79312409022707 0.009181543091244432
74.8002974584801 0.010009237499515856
74.80747082673314 0.010380005537761711
74.81464419498617 0.010270315146275927
74.8218175632392 0.01004790591573843
74.82899093149223 0.009997487096813472
74.83616429974526 0.009900971252732402
74.84333766799828 0.009242311967612885
74.85051103625132 0.007733001730734294
74.85768440450435 0.005680682300427104
74.86485777275739 0.004447357446950797
74.87203114101041 0.005565244002466304
74.87920450926345 0.007633368319071575
74.88637787751648 0.009124536028400519
74.8935512457695 0.009505185698835109
74.90072461402254 0.008758750928083325
74.90789798227557 0.007178474854452051
74.91507135052859 0.005268506875623
74.92224471878163 0.0038149848934035673
74.92941808703466 0.0038350820289673178
74.9365914552877 0.00508243082769028
74.94376482354072 0.006504911861779367
74.95093819179375 0.007543398610338919
74.95811156004679 0.007924781255515715
74.96528492829981 0.0075225693427057524
74.97245829655284 0.00633882155336681
74.97963166480588 0.0044890765175059815
74.98680503305891 0.0021788400605442667
74.99397840131194 0.0004932703173632017
75.00115176956497 0.0028903886734996994
75.008325137818 0.005065964133457606
75.01549850607103 0.006709608774397122
75.02267187432406 0.007634199845506397
75.0298452425771 0.00772337551327661
75.03701861083013 0.006952724825652855
75.04419197908315 0.00540370866751053
75.05136534733619 0.0032698930160411583
75.05853871558922 0.0010624697590260915
75.06571208384224 0.002266011228974395
75.07288545209528 0.004691473567155615
75.08005882034831 0.006809094646322502
75.08723218860135 0.008386763997797865
75.09440555685437 0.009298195548421631
75.1015789251074 0.009498360651933763
75.10875229336044 0.009034817211110139
75.11592566161346 0.008067779082101014
75.1230990298665 0.006902268622498701
75.13027239811953 0.006017244618141419
75.13744576637257 0.005926624646413725
75.14461913462559 0.006719806260564142
75.15179250287862 0.008016340680515438
75.15896587113166 0.009451119063496884
75.16613923938468 0.010836970548998072
75.17331260763771 0.012067452248866737
75.18048597589075 0.012996822610654235
75.18765934414377 0.013390486754006274
75.1948327123968 0.012984074504905904
75.20200608064984 0.011605396974689602
75.20917944890287 0.009279186379973875
75.2163528171559 0.006289895144435482
75.22352618540893 0.00332801901861866
75.23069955366196 0.002479285092801703
75.23787292191498 0.004089514861487489
75.24504629016802 0.005292344723307908
75.25221965842105 0.005466966361764756
75.25939302667409 0.004840251188762799
75.26656639492711 0.004136696208437097
75.27373976318015 0.004118340311612249
75.28091313143318 0.004546342105682814
75.2880864996862 0.004671023778438937
75.29525986793924 0.0044291868670193095
75.30243323619227 0.004807124924813496
75.3096066044453 0.006599802456297964
75.31677997269833 0.00900616220023347
75.32395334095136 0.010919770710186232
75.3311267092044 0.011604652767647876
75.33830007745742 0.010752661804753042
75.34547344571045 0.008486461714168716
75.35264681396349 0.005304562458675303
75.35982018221652 0.0021083424739210986
75.36699355046954 0.00208307606954852
75.37416691872258 0.003976405741367498
75.38134028697561 0.004918875652505728
75.38851365522864 0.00482140593204455
75.39568702348167 0.004012248822558544
75.4028603917347 0.0029684774872628834
75.41003375998774 0.002159011512953868
75.41720712824076 0.0018255675155372322
75.4243804964938 0.0017356615461160967
75.43155386474683 0.0014683544798016765
75.43872723299985 0.0007489829095724491
75.44590060125289 0.0006977916452158067
75.45307396950592 0.0025307933529425024
75.46024733775894 0.004622009137257606
75.46742070601198 0.00648058576795015
75.47459407426501 0.007622348708895554
75.48176744251805 0.00771684253464677
75.48894081077107 0.006716881701074899
75.4961141790241 0.004901654403198515
75.50328754727714 0.002822637092419761
75.51046091553016 0.0012751103235421881
75.5176342837832 0.0012442913749360755
75.52480765203623 0.001756337973291682
75.53198102028927 0.002391539841854398
75.53915438854229 0.0032422031293037872
75.54632775679532 0.0038504353908579993
75.55350112504836 0.0036969754050192186
75.56067449330138 0.0027415525711251944
75.56784786155441 0.0023767203123665945
75.57502122980745 0.004209405050291579
75.58219459806048 0.006446603804657847
75.5893679663135 0.007891567773947023
75.59654133456654 0.00811951995558833
75.60371470281957 0.007282024675315346
75.6108880710726 0.006014525180169219
75.61806143932563 0.005018855241124878
75.62523480757866 0.004328678785195339
75.6324081758317 0.0035363234220974205
75.63958154408472 0.0034054661348784255
75.64675491233776 0.005265903147689
75.65392828059079 0.007837910559558774
75.66110164884381 0.009612815561629616
75.66827501709685 0.009766085168648637
75.67544838534988 0.008206241409378189
75.68262175360292 0.005847846460923806
75.68979512185594 0.005061229561188518
75.69696849010897 0.0066576602233932875
75.70414185836201 0.008060375069374712
75.71131522661503 0.008054465983600573
75.71848859486806 0.007124338374171236
75.7256619631211 0.0070168569389405105
75.73283533137413 0.008504613399531187
75.74000869962715 0.009985641549606657
75.74718206788019 0.009993684325850408
75.75435543613322 0.008104760206113214
75.76152880438624 0.004768556632359895
75.76870217263928 0.0011130629151121121
75.77587554089232 0.00232803350153222
75.78304890914534 0.00395186527160317
75.79022227739837 0.004096195598406845
75.7973956456514 0.003941784571316627
75.80456901390444 0.0050582151696926285
75.81174238215746 0.006606137815432183
75.8189157504105 0.007123557636975879
75.82608911866353 0.006295554047215064
75.83326248691655 0.005652848548402084
75.84043585516959 0.007638302457648446
75.84760922342262 0.010974196043529602
75.85478259167566 0.013409869420174107
75.86195595992868 0.013822013776379476
75.86912932818171 0.01202306496339768
75.87630269643475 0.008581626976371598
75.88347606468777 0.004538912696967359
75.8906494329408 0.0010201073405780277
75.89782280119384 0.0013829327242488565
75.90499616944687 0.0025712378678070342
75.9121695376999 0.0034917154633667216
75.91934290595293 0.004608320894337429
75.92651627420597 0.00525571773124827
75.93368964245899 0.004637100209289729
75.94086301071202 0.002850414713076894
75.94803637896506 0.0033950103326607266
75.95520974721809 0.007136283338947297
75.96238311547111 0.010706004392417309
75.96955648372415 0.012839114782221694
75.97672985197718 0.013128591663465982
75.9839032202302 0.011963644128250139
75.99107658848324 0.010378324293191053
75.99824995673627 0.009322048415951365
76.00542332498931 0.008598394965988645
76.01259669324233 0.00721599926229676
76.01977006149536 0.004732620875159741
76.0269434297484 0.002389162319107682
76.03411679800142 0.0041026032991551475
76.04129016625446 0.006633615182203859
76.04846353450749 0.007703506897649099
76.05563690276051 0.006945299747746877
76.06281027101355 0.004762509406961132
76.06998363926658 0.0021064125592994954
76.07715700751962 0.0008463747713154439
76.08433037577264 0.0013652494637936261
76.09150374402567 0.0008698403982462802
76.09867711227871 0.002415631996421229
76.10585048053173 0.005382658230198309
76.11302384878476 0.007966165372904852
76.1201972170378 0.009092284259839562
76.12737058529083 0.008145542240157757
76.13454395354385 0.005142648158987225
76.14171732179689 0.0011625852519614192
76.14889069004992 0.004602136652022015
76.15606405830295 0.008839057223892255
76.16323742655598 0.011479796634193481
76.17041079480902 0.012014812380143595
76.17758416306205 0.010546504780806917
76.18475753131507 0.007721470146261248
76.1919308995681 0.004630122258093942
76.19910426782114 0.002907359247812165
76.20627763607416 0.003225020844701165
76.2134510043272 0.0034922992978503654
76.22062437258023 0.0031499314147065013
76.22779774083327 0.003247937969481033
76.23497110908629 0.0043655489295454444
76.24214447733932 0.005398196370565094
76.24931784559236 0.005355137523552253
76.25649121384538 0.0038488778136669044
76.26366458209841 0.0014271356276158312
76.27083795035145 0.0034611687080033826
76.27801131860448 0.007203417460378295
76.2851846868575 0.010117960642436665
76.29235805511054 0.011371951578132651
76.29953142336358 0.010595154030416686
76.3067047916166 0.007945950813412088
76.31387815986963 0.00411987526195152
76.32105152812267 0.001646948693993575
76.32822489637569 0.004631378786973818
76.33539826462872 0.007119270723303783
76.34257163288176 0.008192862999154327
76.34974500113479 0.007995365040591607
76.35691836938781 0.006970276142102509
76.36409173764085 0.005522664959904996
76.37126510589388 0.0038742304707497692
76.3784384741469 0.002634289691911255
76.38561184239994 0.003512336453387166
76.39278521065297 0.005613272487855979
76.39995857890601 0.0072716326745629325
76.40713194715903 0.007800112998665093
76.41430531541207 0.007304165404366183
76.4214786836651 0.006961452782063027
76.42865205191812 0.008228528755694095
76.43582542017116 0.01051586040884163
76.44299878842419 0.012208613289759147
76.45017215667723 0.012344516206724198
76.45734552493025 0.010848663702152213
76.46451889318328 0.008537272341671438
76.47169226143632 0.0069991210056698444
76.47886562968934 0.0071768745185096135
76.48603899794237 0.0077654144549887325
76.49321236619541 0.007442781304033429
76.50038573444844 0.006183059466431828
76.50755910270146 0.005080353268455032
76.5147324709545 0.005310996901292685
76.52190583920753 0.006128873624787354
76.52907920746055 0.006317209820430181
76.53625257571359 0.005733461317648438
76.54342594396662 0.00522115013093391
76.55059931221966 0.005657962025164887
76.55777268047268 0.006506670450513903
76.56494604872572 0.006757638985184027
76.57211941697875 0.006093648847390165
76.57929278523177 0.0049702482572061306
76.5864661534848 0.004285174758312744
76.59363952173784 0.004247058895382384
76.60081288999086 0.003941470256371188
76.6079862582439 0.002682199195002737
76.61515962649693 0.0004969634453754828
76.62233299474997 0.002096017916851306
76.62950636300299 0.004380125798651913
76.63667973125602 0.005771506385904953
76.64385309950906 0.006096341585551931
76.65102646776208 0.005795261584834307
76.65819983601511 0.005809899644113056
76.66537320426815 0.006554180063283838
76.67254657252118 0.007280881642800643
76.6797199407742 0.007134189664044539
76.68689330902724 0.00579869733284177
76.69406667728028 0.0035006068886240887
76.7012400455333 0.0011254063797476069
76.70841341378633 0.002273373213042814
76.71558678203937 0.004018848382994081
76.7227601502924 0.0049367039851700625
76.72993351854542 0.005346966309354342
76.73710688679846 0.00595902923180942
76.74428025505149 0.007031844914054665
76.75145362330451 0.008019300858729771
76.75862699155755 0.008202418329264797
76.76580035981058 0.007161095036879269
76.77297372806362 0.00489033215758735
76.78014709631664 0.0018838795476321967
76.78732046456967 0.00226691273400252
76.79449383282271 0.005277754583223635
76.80166720107573 0.00743811963358684
76.80884056932877 0.008278583472366357
76.8160139375818 0.007755353296077183
76.82318730583484 0.00616740738837837
76.83036067408786 0.004061633066555549
76.83753404234089 0.002117022086173539
76.84470741059393 0.0011694017418112756
76.85188077884695 0.001456779333095726
76.85905414709998 0.0020848747223400485
76.86622751535302 0.003027640884752596
76.87340088360604 0.004079249357167643
76.88057425185907 0.004804102704588875
76.88774762011211 0.00496261277298316
76.89492098836514 0.004763536213738725
76.90209435661816 0.00484312457784703
76.9092677248712 0.005540213315170159
76.91644109312423 0.006319331234836789
76.92361446137726 0.006450952009792693
76.93078782963029 0.005562110226502469
76.93796119788333 0.003711936882200415
76.94513456613636 0.001305213463654231
76.95230793438938 0.001098394929126199
76.95948130264242 0.0029218711244096245
76.96665467089545 0.0038557917574167048
76.97382803914847 0.003910766241021294
76.98100140740151 0.003448898249016401
76.98817477565454 0.002986228073230097
76.99534814390758 0.002765050891783867
77.0025215121606 0.0028209454734968126
77.00969488041363 0.003749794153039008
77.01686824866667 0.005945549784532415
77.02404161691969 0.008845264679749705
77.03121498517272 0.011651431883482988
77.03838835342576 0.013642663337969272
77.0455617216788 0.01430178375992646
77.05273508993182 0.013428036891662764
77.05990845818485 0.011186006679154049
77.06708182643789 0.00807462421997557
77.0742551946909 0.00488601217442614
77.08142856294394 0.002872897941793931
77.08860193119698 0.0029822625219788033
77.09577529945001 0.003358796236278683
77.10294866770303 0.002991336480858667
77.11012203595607 0.002699459804146033
77.1172954042091 0.003943515017083302
77.12446877246212 0.005900350178983795
77.13164214071516 0.007326128673508619
77.1388155089682 0.007538667504205192
77.14598887722121 0.006276844165997907
77.15316224547425 0.0036860522155469965
77.16033561372728 0.0006917862504126246
77.16750898198032 0.0035645847542061042
77.17468235023334 0.0065696121368481195
77.18185571848637 0.00837970027020568
77.18902908673941 0.008658344647207786
77.19620245499243 0.00744072167820441
77.20337582324547 0.005098282520174714
77.2105491914985 0.0022350755149091505
77.21772255975154 0.0005776403286734254
77.22489592800456 0.002546915080849935
77.23206929625759 0.003500437915458686
77.23924266451063 0.0033213630513808713
77.24641603276365 0.0022291488189269313
77.25358940101668 0.0011585781984933925
77.26076276926972 0.002439816227174244
77.26793613752275 0.0043813093358393024
77.27510950577577 0.006056380586627509
77.28228287402881 0.007241043306756519
77.28945624228184 0.007864633497273687
77.29662961053486 0.00793302632000797
77.3038029787879 0.007484625143510604
77.31097634704093 0.006566418872923299
77.31814971529397 0.00523440081470271
77.32532308354699 0.0035707022831799745
77.33249645180003 0.0017012317867233153
77.33966982005306 0.0002111434129118202
77.34684318830608 0.0019353059850995443
77.35401655655912 0.003288931902117322
77.36118992481215 0.004099474111053949
77.36836329306519 0.0042747937345419314
77.37553666131821 0.0038071919098545634
77.38271002957124 0.0027594713712848244
77.38988339782428 0.001284084611153994
77.3970567660773 0.0010734684417294004
77.40423013433033 0.003136522164073218
77.41140350258337 0.00536761655775249
77.41857687083639 0.007378213775082785
77.42575023908942 0.008807518649014603
77.43292360734246 0.009315179242553984
77.4400969755955 0.008674474597036155
77.44727034384852 0.006855357649393707
77.45444371210155 0.00408728749387166
77.46161708035459 0.0012346733658479712
77.4687904486076 0.00306331942349479
77.47596381686064 0.005754493302715505
77.48313718511368 0.007482228881893595
77.49031055336671 0.00802200714637431
77.49748392161973 0.0075390980320709814
77.50465728987277 0.006544565945328875
77.5118306581258 0.005734186596639615
77.51900402637882 0.005515204286366051
77.52617739463186 0.005640749131737423
77.5333507628849 0.005708287570742744
77.54052413113793 0.00563265552716407
77.54769749939095 0.0055079620395164595
77.55487086764398 0.005310299100150669
77.56204423589702 0.004909175061266579
77.56921760415004 0.004409070624659893
77.57639097240308 0.0043379942185242885
77.58356434065611 0.004942354617380452
77.59073770890915 0.005534207547582099
77.59791107716217 0.0052964327852805
77.6050844454152 0.004058518258540515
77.61225781366824 0.0035221816664654133
77.61943118192126 0.006185431024050296
77.62660455017429 0.00994516129298778
77.63377791842733 0.012993024468737287
77.64095128668036 0.014359102042107755
77.64812465493338 0.013615934512172405
77.65529802318642 0.010936453190093887
77.66247139143945 0.007130855720493915
77.66964475969247 0.003960635129908736
77.67681812794551 0.004350199743627413
77.68399149619854 0.006160785330920486
77.69116486445157 0.00698266537780303
77.6983382327046 0.0067711069055712385
77.70551160095764 0.006254076766249201
77.71268496921067 0.006047971192003312
77.71985833746369 0.005916581300804468
77.72703170571673 0.005211463997919569
77.73420507396976 0.003677606700703392
77.74137844222278 0.0016683699872685996
77.74855181047582 0.001119539151620015
77.75572517872885 0.002358211288293588
77.76289854698189 0.0027954467268457624
77.77007191523491 0.0024676380637787716
77.77724528348794 0.002495789082234646
77.78441865174098 0.0035301293087225474
77.791592019994 0.004434187508159714
77.79876538824703 0.0043551655587207696
77.80593875650007 0.003374540136409099
77.8131121247531 0.0034919615359421605
77.82028549300612 0.006136296775028447
77.82745886125916 0.009278813585060284
77.8346322295122 0.011565946842416581
77.84180559776522 0.012326100891843276
77.84897896601825 0.011401077104698027
77.85615233427129 0.00911549484430566
77.86332570252432 0.0061700304812802
77.87049907077734 0.003542079277657104
77.87767243903038 0.0025968389410688784
77.88484580728341 0.0034301386103369608
77.89201917553643 0.004700519131083276
77.89919254378947 0.006243138977101346
77.9063659120425 0.007983459573245172
77.91353928029554 0.009537928495281709
77.92071264854856 0.010491948266862193
77.9278860168016 0.010637042762550458
77.93505938505463 0.010020873784453044
77.94223275330765 0.008851404524854943
77.94940612156068 0.007334173902425589
77.95657948981372 0.005563374244530442
77.96375285806674 0.0036545277480226294
77.97092622631978 0.0026442133166437016
77.97809959457281 0.004336340512524752
77.98527296282585 0.007062227823018185
77.99244633107887 0.009477581695511276
77.9996196993319 0.01093650028302183
78.00679306758494 0.011093905214473307
78.01396643583796 0.009958018718752256
78.02113980409099 0.007998923410846561
78.02831317234403 0.006291700115861599
78.03548654059706 0.006139459049318133
78.04265990885008 0.007179099244172422
78.04983327710312 0.007922212011408773
78.05700664535615 0.007595644599462938
78.06418001360917 0.0062070383634819214
78.07135338186221 0.0043947300945284574
78.07852675011524 0.0034238528058646808
78.08570011836828 0.0038676977569800973
78.0928734866213 0.0043392546264389405
78.10004685487434 0.00392691097251009
78.10722022312737 0.0025934559244451447
78.11439359138039 0.0008204021426721471
78.12156695963343 0.001103486828287321
78.12874032788646 0.0021843471963903347
78.1359136961395 0.0027375655050256146
78.14308706439252 0.0038025482746606243
78.15026043264555 0.006158290473850464
78.15743380089859 0.009134210359752072
78.16460716915161 0.0117232299287695
78.17178053740464 0.013101318696149517
78.17895390565768 0.012817791627009155
78.18612727391071 0.010982550152343088
78.19330064216373 0.008523223921906116
78.20047401041677 0.007481774123294249
78.2076473786698 0.009092443579778293
78.21482074692283 0.011559209433670423
78.22199411517586 0.013246119290604813
78.2291674834289 0.01362251317914747
78.23634085168192 0.012808043152599534
78.24351421993495 0.01124364654464308
78.25068758818799 0.009389833568395161
78.25786095644102 0.007492445770467845
78.26503432469404 0.005588288707019521
78.27220769294708 0.003802159517416733
78.27938106120011 0.002801737550239908
78.28655442945313 0.003267922777210262
78.29372779770617 0.004197383534231068
78.3009011659592 0.004709476055411815
78.30807453421224 0.004640586588241275
78.31524790246526 0.004174994851947757
78.3224212707183 0.003630441872243895
78.32959463897133 0.0033055084921621994
78.33676800722435 0.003385497676773347
78.34394137547739 0.0038320293774180758
78.35111474373042 0.004338062793039522
78.35828811198346 0.0045225246345911236
78.36546148023648 0.004256914275753131
78.37263484848951 0.004086860610469947
78.37980821674255 0.005055267053356203
78.38698158499557 0.006963901394330031
78.3941549532486 0.008667756116090343
78.40132832150164 0.009268467211337348
78.40850168975467 0.008359490721053058
78.4156750580077 0.006170753936775877
78.42284842626073 0.004033625213759686
78.43002179451376 0.004611853967801724
78.43719516276678 0.006618871080157805
78.44436853101982 0.007562859760526897
78.45154189927285 0.006678826782331859
78.45871526752589 0.00410509710506526
78.46588863577891 0.0012798913673633305
78.47306200403195 0.003930319634740436
78.48023537228498 0.006852667217655656
78.487408740538 0.008264338867889324
78.49458210879104 0.007857611534757643
78.50175547704407 0.005877928405356011
78.50892884529709 0.0029749700763638293
78.51610221355013 4.394679467076969e-05
78.52327558180316 0.0024166534204465157
78.5304489500562 0.003754942211507066
78.53762231830922 0.0040438747854391
78.54479568656225 0.0036765261034745434
78.55196905481529 0.003223201843971449
78.55914242306831 0.00293489094762633
78.56631579132134 0.0025046570035328966
78.57348915957438 0.0015854698121665972
78.58066252782741 0.0003156304926857814
78.58783589608043 0.0016505851920649035
78.59500926433347 0.0032561117636957715
78.6021826325865 0.004391404673790903
78.60935600083953 0.004776499913431013
78.61652936909256 0.004292103158990257
78.6237027373456 0.0030205592485555667
78.63087610559863 0.0015301067854549425
78.63804947385165 0.0022378163393387248
78.64522284210469 0.0042412918970367456
78.65239621035772 0.00583873628645884
78.65956957861074 0.006517126999370325
78.66674294686378 0.0061002838305223035
78.67391631511681 0.004804344406761002
78.68108968336985 0.003599346792236793
78.68826305162287 0.004279000800275943
78.6954364198759 0.006319458710918036
78.70260978812894 0.00812947276901141
78.70978315638196 0.008931001136149018
78.716956524635 0.008393216968315012
78.72412989288803 0.006595262416846139
78.73130326114106 0.0045131126347486075
78.73847662939409 0.005087320537437082
78.74564999764712 0.008250155314332798
78.75282336590016 0.01121396882255352
78.75999673415318 0.01262109859766092
78.76717010240621 0.011934731595087155
78.77434347065925 0.009425918580703917
78.78151683891227 0.006724932795794369
78.7886902071653 0.007183740623115524
78.79586357541834 0.010127483921778603
78.80303694367137 0.012265867474699894
78.8102103119244 0.012348188948109481
78.81738368017743 0.010656823948081647
78.82455704843046 0.008951546941810691
78.83173041668348 0.009527348609875036
78.83890378493652 0.011585271534434956
78.84607715318955 0.012668554066285535
78.85325052144259 0.01158061396987511
78.86042388969561 0.008394233827294076
78.86759725794865 0.004191548205149817
78.87477062620168 0.0024257401320104824
78.8819439944547 0.004604183007442358
78.88911736270774 0.005309191519361454
78.89629073096077 0.003757460262027069
78.9034640992138 0.0012730572520191646
78.91063746746683 0.004327429575704204
78.91781083571986 0.007939708911125191
78.9249842039729 0.010043424914642912
78.93215757222592 0.010041683330919256
78.93933094047895 0.008000127048337791
78.94650430873199 0.00453921286664426
78.95367767698502 0.0010033119068467613
78.96085104523804 0.0034792096611584293
78.96802441349108 0.006209795944756953
78.97519778174411 0.007773856955134212
78.98237114999714 0.008247867222581579
78.98954451825017 0.008041724512871029
78.9967178865032 0.007736361367454072
79.00389125475624 0.007712860716739556
79.01106462300926 0.007693115496390256
79.0182379912623 0.006879588546027488
79.02541135951533 0.0046022770614113275
79.03258472776835 0.0016378555952186766
79.03975809602139 0.005577485924076105
79.04693146427442 0.011293769071890733
79.05410483252744 0.01613309169001133
79.06127820078048 0.018784987095732276
79.06845156903351 0.01847197805160395
79.07562493728655 0.015198377846375804
79.08279830553957 0.009861201976109983
79.0899716737926 0.004483782299244878
79.09714504204564 0.004265386860643938
79.10431841029866 0.006766741109458024
79.1114917785517 0.007138673086380668
79.11866514680473 0.005335260428288204
79.12583851505777 0.003575876895953647
79.13301188331079 0.005204834000252867
79.14018525156382 0.007283223923526933
79.14735861981686 0.0074966034010322995
79.15453198806988 0.00559000331665434
79.16170535632291 0.0031155407330026334
79.16887872457595 0.004622895126823744
79.17605209282898 0.007615397445784299
79.183225461082 0.009171565373543975
79.19039882933504 0.008987781465631433
79.19757219758807 0.008185831000888712
79.2047455658411 0.00857261526142097
79.21191893409413 0.010175327081354345
79.21909230234716 0.011407371886390757
79.2262656706002 0.011416698447595486
79.23343903885322 0.0105951500734829
79.24061240710625 0.010041677110737609
79.24778577535929 0.010133413706352963
79.25495914361231 0.009867190025346802
79.26213251186535 0.00823024385835233
79.26930588011838 0.005423499230472513
79.27647924837142 0.004284970449100457
79.28365261662444 0.006962775045530215
79.29082598487747 0.009529559063144542
79.2979993531305 0.010142331350093821
79.30517272138353 0.008722491433681792
79.31234608963656 0.006800267561578217
79.3195194578896 0.007362778929651712
79.32669282614262 0.010033292638517714
79.33386619439565 0.01203404702411276
79.34103956264869 0.012118772663957462
79.34821293090172 0.010290070671611065
79.35538629915474 0.0073830029808220525
79.36255966740778 0.004786926179571249
79.36973303566081 0.003808481679206233
79.37690640391384 0.0038759665084479897
79.38407977216687 0.004080573717262157
79.3912531404199 0.005097406706939414
79.39842650867294 0.0070380543646343064
79.40559987692596 0.008861763284618957
79.412773245179 0.009655935169910927
79.41994661343203 0.009032018770219936
79.42711998168505 0.007114190385032962
79.43429334993809 0.004408361561364317
79.44146671819112 0.0015972544867076145
79.44864008644416 0.0006797319911660677
79.45581345469718 0.0019938458142804553
79.46298682295021 0.0022142174546202075
79.47016019120325 0.0016052419385106287
79.47733355945627 0.0016067440916278308
79.4845069277093 0.0033080428327621125
79.49168029596234 0.005356216690704184
79.49885366421537 0.007072678460922591
79.5060270324684 0.008065762082072422
79.51320040072143 0.008102699132373438
79.52037376897447 0.007120678796742058
79.52754713722749 0.005215180475135771
79.53472050548052 0.0026408038945586365
79.54189387373356 0.0014164980836054704
79.54906724198659 0.004428248764306687
79.55624061023961 0.0075592365592313205
79.56341397849265 0.009948997269309909
79.57058734674568 0.01104052768618553
79.5777607149987 0.01050129082290246
79.58493408325174 0.008420984463883964
79.59210745150477 0.005581114801732658
79.5992808197578 0.004171927848072169
79.60645418801083 0.005636263132391704
79.61362755626386 0.0070968876435093375
79.6208009245169 0.006957376277300063
79.62797429276992 0.00524812114516653
79.63514766102296 0.0038760338573509225
79.64232102927599 0.0058127589059888555
79.64949439752901 0.008677739958330662
79.65666776578205 0.010240092499130462
79.66384113403508 0.009747289233140825
79.67101450228812 0.007260007824544017
79.67818787054114 0.0035535525482472347
79.68536123879417 0.0022391912430725835
79.69253460704721 0.005578771654500157
79.69970797530023 0.008239796397384105
79.70688134355326 0.009571317881525203
79.7140547118063 0.009724007686514836
79.72122808005933 0.009096973121628951
79.72840144831235 0.008037526621156465
79.73557481656539 0.0067057686661534275
79.74274818481842 0.0052068102305380115
79.74992155307145 0.0038269782131397914
79.75709492132448 0.003086401533820305
79.76426828957752 0.003250186499058435
79.77144165783055 0.004042445871558591
79.77861502608357 0.0053101544396259096
79.7857883943366 0.006860129730611663
79.79296176258964 0.008177539952969423
79.80013513084266 0.008649182786104718
79.8073084990957 0.007873757509617753
79.81448186734873 0.005842268966377148
79.82165523560177 0.0029654429849815503
79.82882860385479 0.0006020389672710359
79.83600197210782 0.002764150467203021
79.84317534036086 0.004123825194688771
79.85034870861388 0.004169652021843403
79.85752207686691 0.0032578783997242147
79.86469544511995 0.002629243538736294
79.87186881337298 0.0035362770862038596
79.879042181626 0.004846983479289991
79.88621554987904 0.005565606158219893
79.89338891813208 0.005476446484353027
79.9005622863851 0.004763830934295662
79.90773565463813 0.003790256750943645
79.91490902289117 0.0029333569737920446
79.92208239114419 0.0025529804369274476
79.92925575939722 0.0028804078238930343
79.93642912765026 0.0036918084310209654
79.94360249590329 0.004562855302553169
79.95077586415631 0.005195549144607095
79.95794923240935 0.005479171494683173
79.96512260066238 0.0054686970456709946
79.9722959689154 0.0052885095384073676
79.97946933716844 0.005009118597216911
79.98664270542147 0.004626108770238935
79.99381607367451 0.004231554362307833
80.00098944192753 0.004301898788133006
80.00816281018056 0.005503289790854381
80.0153361784336 0.00779592451432008
80.02250954668662 0.0105887908705043
80.02968291493966 0.01321615704551432
80.03685628319269 0.015025847399972293
80.04402965144573 0.015473652182687866
80.05120301969875 0.014279282032482365
80.05837638795178 0.011556720628574513
80.06554975620482 0.007838982628246196
80.07272312445784 0.0039697186298045676
80.07989649271087 0.0009534593997999489
80.08706986096391 0.0011501642432627654
80.09424322921694 0.0017783151489003189
80.10141659746996 0.0031050282514283583
80.108589965723 0.005711166973388562
80.11576333397603 0.008425165878718518
80.12293670222905 0.010145044884615281
80.13011007048209 0.010195818221804261
80.13728343873512 0.008484151426756337
80.14445680698816 0.005539573339148613
80.15163017524118 0.002566959907160317
80.15880354349422 0.0021882213039123785
80.16597691174725 0.003092469781988572
80.17315028000027 0.00263801202702073
80.1803236482533 0.0012892116926211839
80.18749701650634 0.002991246704055759
80.19467038475936 0.005746479647556049
80.2018437530124 0.007660766029141356
80.20901712126543 0.008126880919826362
80.21619048951847 0.0071018627687605635
80.22336385777149 0.00503807932796884
80.23053722602452 0.002726311511174102
80.23771059427756 0.0011905272175727112
80.24488396253058 0.0010819984969063245
80.25205733078361 0.0008328834251881466
80.25923069903665 0.00022708828434166015
80.26640406728968 0.0009951745802752711
80.2735774355427 0.0014214236452536654
80.28075080379574 0.0012422085534089164
80.28792417204878 0.002024142763230131
80.2950975403018 0.004314549677980543
80.30227090855483 0.006910873982638822
80.30944427680787 0.008978898440327865
80.3166176450609 0.0099611978624371
80.32379101331392 0.009675450042815866
80.33096438156696 0.00836110206148886
80.33813774981999 0.0065993592249024464
80.34531111807301 0.0050755469885230865
80.35248448632605 0.004124776345998948
80.35965785457908 0.0035168200509708113
80.36683122283212 0.0032741274787615434
80.37400459108514 0.004160585546788598
80.38117795933817 0.006094545037619002
80.38835132759121 0.008141745122500692
80.39552469584423 0.009491860296037095
80.40269806409727 0.009580009409133738
80.4098714323503 0.008149884055316197
80.41704480060334 0.0054382464308002166
80.42421816885636 0.0031417556270207565
80.43139153710939 0.0051241501329220285
80.43856490536243 0.008235121246260602
80.44573827361545 0.00993486727613884
80.45291164186848 0.009489326503756529
80.46008501012152 0.007175940530849143
80.46725837837454 0.005333351597923195
80.47443174662757 0.00779127637055586
80.48160511488061 0.011821423654726505
80.48877848313364 0.014519333671997224
80.49595185138666 0.014963714858724293
80.5031252196397 0.013572815795195139
80.51029858789273 0.012175181313064396
80.51747195614576 0.012919503879725909
80.52464532439879 0.01525230968804354
80.53181869265183 0.016859211688691072
80.53899206090486 0.016304660702924512
80.54616542915788 0.013423671249779699
80.55333879741092 0.009171355937635491
80.56051216566395 0.00587704393207967
80.56768553391697 0.006395600787366507
80.57485890217 0.008204595837925795
80.58203227042304 0.008627146122245712
80.58920563867608 0.007344824294969432
80.5963790069291 0.005065691840634028
80.60355237518213 0.003207242802971137
80.61072574343517 0.003254658364600791
80.61789911168819 0.004037459707622441
80.62507247994122 0.004495710488277969
80.63224584819426 0.004989777384806309
80.6394192164473 0.005964790786570957
80.64659258470031 0.007145940724586664
80.65376595295335 0.007976294987403262
80.66093932120638 0.008140414917715008
80.6681126894594 0.007641059055405493
80.67528605771244 0.006706284198757524
80.68245942596548 0.005684417883463249
80.68963279421851 0.004936625027516163
80.69680616247153 0.004643328688620654
80.70397953072457 0.004639642420527925
80.7111528989776 0.004625678222983855
80.71832626723062 0.004513938420692997
80.72549963548366 0.0045214108540516445
80.73267300373669 0.0048999435323083184
80.73984637198971 0.005555838687629953
80.74701974024275 0.006194758943050821
80.75419310849578 0.006692658361042132
80.76136647674882 0.0071553915061882715
80.76853984500184 0.00770397760745785
80.77571321325487 0.008263853390220432
80.78288658150791 0.008622908202515243
80.79005994976093 0.008643647165613945
80.79723331801397 0.008334352547887986
80.804406686267 0.007700017530804834
80.81158005452004 0.006576196407234724
80.81875342277306 0.004733505346560972
80.82592679102609 0.002464547637134968
80.83310015927913 0.0030660133817062892
80.84027352753215 0.00624134741096931
80.84744689578518 0.008939308061370388
80.85462026403822 0.010122091992794058
80.86179363229125 0.009317348213050504
80.86896700054427 0.0066375495806082025
80.87614036879731 0.00300055728840866
80.88331373705034 0.0029308965905625105
80.89048710530336 0.006133138998499076
80.8976604735564 0.008198295304405835
80.90483384180943 0.008688770353376004
80.91200721006247 0.008169709563988695
80.91918057831549 0.007766391911626519
80.92635394656853 0.0080537604203946
80.93352731482156 0.008284131422916776
80.94070068307458 0.007498495354008679
80.94787405132762 0.005495458557943911
80.95504741958065 0.003139417996371361
80.96222078783369 0.0029882440419810945
80.96939415608671 0.004487448030305325
80.97656752433974 0.0050251323005825604
80.98374089259278 0.004242847625997295
80.9909142608458 0.0034205281417914743
80.99808762909883 0.0046354122086463565
81.00526099735187 0.006531785006743656
81.01243436560489 0.007264523555524958
81.01960773385792 0.006089007466933958
81.02678110211096 0.0030324821215824234
81.033954470364 0.001605234192749513
81.04112783861702 0.006271895133537212
81.04830120687005 0.010373326173319769
81.05547457512309 0.01302448082276703
81.0626479433761 0.0138479612478034
81.06982131162914 0.012954064682233955
81.07699467988218 0.01083189972457266
81.08416804813521 0.008122132045406608
81.09134141638823 0.005369847753469484
81.09851478464127 0.0029691728400345796
81.1056881528943 0.002083579407495282
81.11286152114732 0.003779307342439773
81.12003488940036 0.00591474183406064
81.1272082576534 0.007484504755536668
81.13438162590643 0.007958524827607357
81.14155499415945 0.007053812348456827
81.14872836241248 0.004855947371502924
81.15590173066552 0.002349792830978576
81.16307509891854 0.0037010669167355285
81.17024846717158 0.006955615607384739
81.17742183542461 0.009489145176506973
81.18459520367765 0.010664408762128076
81.19176857193067 0.01037907234028458
81.1989419401837 0.008942017223857924
81.20611530843674 0.006926707904450983
81.21328867668976 0.004914531540172815
81.22046204494279 0.0032982199731354505
81.22763541319583 0.002931715539460218
81.23480878144886 0.004846514918750869
81.24198214970188 0.007841874495131696
81.24915551795492 0.010670343394801893
81.25632888620795 0.012393677681201231
81.26350225446097 0.012372918300343065
81.27067562271401 0.01043873337066283
81.27784899096704 0.006977437926210614
81.28502235922006 0.002926544330643445
81.2921957274731 0.0018048117237065124
81.29936909572614 0.004090857978867926
81.30654246397917 0.004803494437111707
81.31371583223219 0.003713006593236987
81.32088920048523 0.0016683873859986177
81.32806256873826 0.0025116229656763018
81.33523593699128 0.004744868165229304
81.34240930524432 0.00581583196654662
81.34958267349735 0.005276860228026539
81.35675604175039 0.0033689329481765475
81.36392941000341 0.0013043829849218563
81.37110277825644 0.0026662002892230132
81.37827614650948 0.004345738452602577
81.3854495147625 0.004864014330824859
81.39262288301553 0.004417702129638777
81.39979625126857 0.004071764020230532
81.4069696195216 0.004783494682722243
81.41414298777462 0.0058284955719467
81.42131635602766 0.006246840552631922
81.4284897242807 0.00594446197960727
81.43566309253372 0.005706399527273569
81.44283646078675 0.006411680020155623
81.45000982903979 0.007656433642920106
81.45718319729282 0.008407998891078485
81.46435656554584 0.008089690825621661
81.47152993379888 0.006732430965981165
81.47870330205191 0.004824771513024468
81.48587667030493 0.003025229351969186
81.49305003855797 0.0017389166771964253
81.500223406811 0.0014242304284775465
81.50739677506404 0.0031741559976041344
81.51457014331706 0.006027145198665745
81.5217435115701 0.009069389041498966
81.52891687982313 0.011484374968071328
81.53609024807615 0.012598703107883162
81.54326361632918 0.012072803592856375
81.55043698458222 0.010024328500875956
81.55761035283524 0.007116133822231014
81.56478372108828 0.004862989674342152
81.57195708934131 0.005218570093621181
81.57913045759435 0.006798204904413716
81.58630382584737 0.007526550148012836
81.5934771941004 0.0067302701726027645
81.60065056235344 0.004444032547426295
81.60782393060646 0.001356220904129331
81.61499729885949 0.0030801390921365176
81.62217066711253 0.006411478095729899
81.62934403536556 0.008673623554023029
81.63651740361858 0.009308781481506092
81.64369077187162 0.008163056168648071
81.65086414012465 0.0054950830012722215
81.65803750837767 0.0019233801373879863
81.66521087663071 0.0017281243460703307
81.67238424488374 0.004594044333533607
81.67955761313678 0.006042112706562529
81.6867309813898 0.005794601082768924
81.69390434964284 0.0040048895134534935
81.70107771789587 0.001241888081872594
81.70825108614889 0.0020136022823007372
81.71542445440193 0.004632206747860666
81.72259782265496 0.00626554479169482
81.729771190908 0.006689172890610523
81.73694455916102 0.0060696718792565335
81.74411792741405 0.0048717411997016595
81.75129129566709 0.0037056150063279306
81.75846466392011 0.0031339949339821652
81.76563803217314 0.003410271638606946
81.77281140042618 0.004373764433840424
81.77998476867921 0.005639471619509581
81.78715813693223 0.006697709968218373
81.79433150518527 0.007050603132406522
81.8015048734383 0.006443446491163555
81.80867824169133 0.0051763787535943125
81.81585160994436 0.0045286938335491345
81.8230249781974 0.005653563594620797
81.83019834645042 0.007291786500899724
81.83737171470345 0.007969617814754871
81.84454508295649 0.006986826913310337
81.85171845120952 0.004277896178777666
81.85889181946254 0.0014134805396233611
81.86606518771558 0.00520527942112664
81.87323855596861 0.009654751411623532
81.88041192422163 0.013021100916070132
81.88758529247467 0.014719452481235802
81.8947586607277 0.01462969749389111
81.90193202898074 0.013072615771628392
81.90910539723376 0.010680877995732854
81.9162787654868 0.00814579427786194
81.92345213373983 0.005884515873788568
81.93062550199285 0.003849683070121892
81.93779887024589 0.0017831798964687764
81.94497223849892 0.0006661931190921499
81.95214560675196 0.002615205974466039
81.95931897500498 0.004123441259390637
81.96649234325801 0.00474120435264062
81.97366571151105 0.004388742469835241
81.98083907976407 0.00335830399316897
81.9880124480171 0.0023480744187514106
81.99518581627014 0.0021097043339839633
82.00235918452317 0.0021460735322495774
82.0095325527762 0.0016310946555421167
82.01670592102923 0.001354121728300787
82.02387928928226 0.0032824450133987376
82.03105265753528 0.005961809130704823
82.03822602578832 0.008527205029259992
82.04539939404135 0.010509544927788026
82.05257276229439 0.011668040749945369
82.05974613054741 0.011976087467909496
82.06691949880044 0.011564749984388778
82.07409286705348 0.010638251044604651
82.0812662353065 0.009404407143810451
82.08843960355954 0.008053531052973871
82.09561297181257 0.006747817312745226
82.10278634006559 0.005564039127756402
82.10995970831863 0.004439350304441263
82.11713307657166 0.0032299829501102966
82.1243064448247 0.0018931090341229933
82.13147981307772 0.0009554069538755782
82.13865318133075 0.0016850720759309574
82.14582654958379 0.002584795694456025
82.15299991783681 0.002885744727690369
82.16017328608984 0.0024434003925713757
82.16734665434288 0.0013600128041735106
82.17452002259591 0.0001494336720859054
82.18169339084893 0.0016786073407343896
82.18886675910197 0.00315577502242376
82.196040127355 0.0045258875637640816
82.20321349560803 0.005814713717485795
82.21038686386106 0.006899164105898516
82.2175602321141 0.007447651826252253
82.22473360036713 0.0070769626941285975
82.23190696862015 0.00560041448018335
82.23908033687319 0.0033909440364591125
82.24625370512622 0.0029767435461414333
82.25342707337924 0.0057823036378438445
82.26060044163228 0.008726961732317556
82.26777380988531 0.010635130051432573
82.27494717813835 0.011070464127770845
82.28212054639137 0.010032555088703607
82.2892939146444 0.007906491260734064
82.29646728289744 0.005417559270325587
82.30364065115046 0.0037017159440467205
82.3108140194035 0.0037433592726574486
82.31798738765653 0.004456200929735561
82.32516075590956 0.004590855692795446
82.33233412416259 0.0037736750720034616
82.33950749241562 0.002083644412405352
82.34668086066866 0.001317424828161696
82.35385422892168 0.003839860979041666
82.36102759717471 0.006413247146675616
82.36820096542775 0.008116284199636045
82.37537433368077 0.008412389786986066
82.3825477019338 0.007111536076772982
82.38972107018684 0.004501069256214903
82.39689443843987 0.0016320413152217017
82.4040678066929 0.002517554489750961
82.41124117494593 0.0041415195079723376
82.41841454319896 0.003935145807938268
82.42558791145198 0.0016761356349851643
82.43276127970502 0.0026060347370997798
82.43993464795805 0.007316845097989329
82.44710801621109 0.011530668607164599
82.45428138446411 0.014007515330233557
82.46145475271715 0.013950119110093659
82.46862812097018 0.011215283172191028
82.4758014892232 0.00637300873915537
82.48297485747624 0.0007703315691279834
82.49014822572927 0.005072470177986089
82.4973215939823 0.009061813416698865
82.50449496223533 0.01082897250212839
82.51166833048836 0.010295168668078987
82.5188416987414 0.008017958070228025
82.52601506699442 0.005005567441971702
82.53318843524745 0.0026153519243495753
82.54036180350049 0.002503882494827177
82.54753517175352 0.003600154245002629
82.55470854000654 0.004754369902203303
82.56188190825958 0.005821629374608419
82.56905527651261 0.006343225889503267
82.57622864476564 0.005747563539575098
82.58340201301867 0.003829295673961135
82.5905753812717 0.001718048719481507
82.59774874952474 0.004003206328989217
82.60492211777776 0.007151613587220336
82.6120954860308 0.00909511431955774
82.61926885428383 0.009214138022511816
82.62644222253685 0.007505735117787269
82.63361559078989 0.004658168831244865
82.64078895904292 0.0028628122732857085
82.64796232729594 0.004582396833219886
82.65513569554898 0.006479780587988527
82.66230906380201 0.007102774615805412
82.66948243205505 0.006484942689242121
82.67665580030807 0.005278562249959268
82.6838291685611 0.004334261695821338
82.69100253681414 0.0039045002374183536
82.69817590506716 0.0035348441713159364
82.7053492733202 0.0035097719543387817
82.71252264157323 0.004995308234075089
82.71969600982627 0.007584509500448054
82.72686937807929 0.010089376763795939
82.73404274633232 0.011654764880916078
82.74121611458536 0.011819564164446716
82.74838948283838 0.010535994920385731
82.75556285109141 0.008156095757519525
82.76273621934445 0.005401409286840022
82.76990958759748 0.003489476494214964
82.7770829558505 0.0035882463775473695
82.78425632410354 0.004368184629166995
82.79142969235657 0.004507640355460418
82.7986030606096 0.0038081074637700226
82.80577642886263 0.0025383045006305573
82.81294979711566 0.0013431940047741351
82.8201231653687 0.0015769034054373236
82.82729653362172 0.0025617830046008646
82.83446990187475 0.0033633100235183695
82.84164327012779 0.003986972325804165
82.84881663838081 0.004640743537217884
82.85599000663385 0.005436598707978536
82.86316337488688 0.0062585815312292
82.87033674313992 0.0068450950921064
82.87751011139294 0.006928644861549524
82.88468347964597 0.006325099869743146
82.891856847899 0.0049804233853135435
82.89903021615203 0.003006248168180146
82.90620358440506 0.0010194185466023394
82.9133769526581 0.0024807938699847125
82.92055032091112 0.004842675213647467
82.92772368916415 0.006796844540239247
82.93489705741719 0.008092868970122347
82.94207042567022 0.008621350143797316
82.94924379392324 0.008363292179824977
82.95641716217628 0.007374939878714042
82.96359053042931 0.005795706161361908
82.97076389868234 0.0038696518484821426
82.97793726693537 0.0019759583819674987
82.9851106351884 0.000857471405373556
82.99228400344144 0.0011163812313397356
82.99945737169446 0.0010865330719194626
83.0066307399475 0.001143085161242884
83.01380410820053 0.0027514589970020708
83.02097747645355 0.005001359355586118
83.02815084470659 0.0071276780043564355
83.03532421295962 0.008577329519170456
83.04249758121266 0.008983804065422542
83.04967094946568 0.008236355933927929
83.05684431771871 0.006536742495501142
83.06401768597175 0.004604011969133854
83.07119105422477 0.004314304638769907
83.0783644224778 0.00648622226842349
83.08553779073084 0.009264988836353318
83.09271115898387 0.011483232475692459
83.0998845272369 0.01255832445856098
83.10705789548993 0.012270786444309532
83.11423126374297 0.010873673032260018
83.12140463199599 0.00926924761306928
83.12857800024902 0.008788176521282672
83.13575136850206 0.00966637256382634
83.14292473675509 0.010553887844430053
83.15009810500811 0.010231384668928258
83.15727147326115 0.008286643181139858
83.16444484151418 0.00500022085925121
83.1716182097672 0.001260760248323748
83.17879157802024 0.0027806631480269484
83.18596494627327 0.005364200063219797
83.1931383145263 0.006577653834085275
83.20031168277933 0.0064870119645216
83.20748505103236 0.0055476143863628395
83.2146584192854 0.00425681038870749
83.22183178753842 0.0027555317664468147
83.22900515579146 0.0008103261782967483
83.23617852404449 0.001729045387285808
83.24335189229751 0.0045589253855722964
83.25052526055055 0.007040178540250792
83.25769862880358 0.008448441091684295
83.26487199705662 0.008282738035611232
83.27204536530964 0.006481668583014891
83.27921873356267 0.003512231074490844
83.28639210181571 0.001218334166518742
83.29356547006873 0.0035109723903528826
83.30073883832176 0.005285863144226187
83.3079122065748 0.00550683323598477
83.31508557482783 0.00424807936051185
83.32225894308085 0.0021992543633054455
83.32943231133389 0.001805728212847962
83.33660567958692 0.00351754366522294
83.34377904783994 0.004577931671315388
83.35095241609298 0.0044894671955621
83.35812578434602 0.0033488507371129636
83.36529915259905 0.0015221074362103877
83.37247252085207 0.0008365016161226034
83.3796458891051 0.0028652053852195607
83.38681925735814 0.004650958491385373
83.39399262561116 0.005877664164879988
83.4011659938642 0.006285098037743493
83.40833936211723 0.005679298524502422
83.41551273037027 0.00412345323892047
83.42268609862329 0.002722299302067688
83.42985946687632 0.004507703789221654
83.43703283512936 0.00807998925710948
83.44420620338238 0.011719168227762032
83.45137957163541 0.014743839194672682
83.45855293988845 0.016675854977355072
83.46572630814147 0.017125493812290647
83.4728996763945 0.015833128224941852
83.48007304464754 0.012758707206572274
83.48724641290057 0.008170507177619399
83.4944197811536 0.0027521331752145993
83.50159314940663 0.0032557763113033335
83.50876651765967 0.008024378553665818
83.51593988591269 0.011406223833222645
83.52311325416572 0.01306743655252506
83.53028662241876 0.01321888655959547
83.53745999067179 0.01235991758799463
83.54463335892481 0.010824578070651339
83.55180672717785 0.008494399124311719
83.55898009543088 0.005056255833560857
83.5661534636839 0.0016602553996958541
83.57332683193694 0.006138778976467206
83.58050020018997 0.011840550291309145
83.58767356844301 0.016464406876166515
83.59484693669603 0.018928884381386325
83.60202030494906 0.018661285811477964
83.6091936732021 0.01573833975245495
83.61636704145512 0.010873156410878737
83.62354040970816 0.005227081901639772
83.63071377796119 0.0005175183742079508
83.63788714621423 0.0036288359973834544
83.64506051446725 0.0051150677557748655
83.65223388272028 0.004516371974519028
83.65940725097332 0.0024709603954525166
83.66658061922634 0.00155736630223397
83.67375398747937 0.0038789084016587197
83.68092735573241 0.005741445127774006
83.68810072398544 0.006481686661573523
83.69527409223846 0.0061346738935226484
83.7024474604915 0.0050449337481108265
83.70962082874453 0.003670086744216499
83.71679419699755 0.002448953761555751
83.72396756525059 0.0018266533131151943
83.73114093350362 0.0019561935635231745
83.73831430175665 0.002191019945628892
83.74548767000968 0.0019048887407713477
83.75266103826272 0.0009055626539475382
83.75983440651575 0.0016406882072941965
83.76700777476877 0.004294415371299276
83.7741811430218 0.0071578562098873815
83.78135451127484 0.009540901896011601
83.78852787952786 0.010862469273437597
83.7957012477809 0.010768603453562665
83.80287461603393 0.009218797469248082
83.81004798428697 0.006487272215675008
83.81722135253999 0.0030826140297070762
83.82439472079302 0.0004196018117956925
83.83156808904606 0.0034532073289402377
83.83874145729908 0.005760772179890182
83.84591482555211 0.007250606915339699
83.85308819380515 0.007980486488967495
83.86026156205818 0.008036705439313516
83.8674349303112 0.007501005729588278
83.87460829856424 0.006510448616190719
83.88178166681728 0.005332113924062139
83.8889550350703 0.004304871266817567
83.89612840332333 0.0035271483862233106
83.90330177157637 0.002652834779653558
83.9104751398294 0.0014165545451563619
83.91764850808242 0.0016724734581245804
83.92482187633546 0.0038907783206332627
83.93199524458849 0.005957783173926731
83.93916861284151 0.007030464873940695
83.94634198109455 0.006606517489232468
83.95351534934758 0.004685517817320434
83.96068871760062 0.0026218913254645393
83.96786208585364 0.004526294007235144
83.97503545410667 0.007811625654610892
83.98220882235971 0.00997819319297297
83.98938219061273 0.010173883141102602
83.99655555886577 0.008224197639122246
84.0037289271188 0.004838975783102914
84.01090229537184 0.0038159742923624903
84.01807566362486 0.0077233466980393345
84.02524903187789 0.0116327169203333
84.03242240013093 0.013915814661002892
84.03959576838395 0.01406841288258543
84.04676913663698 0.012155078740901963
84.05394250489002 0.008683095621292637
84.06111587314304 0.004486484533138731
84.06828924139607 0.0017898623479269923
84.07546260964911 0.004502647697944736
84.08263597790214 0.007153069180820608
84.08980934615516 0.008705486812197278
84.0969827144082 0.0091901184504771
84.10415608266123 0.008850800043446806
84.11132945091425 0.007970269308408636
84.11850281916729 0.006751003095458283
84.12567618742032 0.0053064724477188754
84.13284955567336 0.0038483290564977194
84.14002292392638 0.003142589076175901
84.14719629217942 0.0040120946576382545
84.15436966043245 0.005544962743241511
84.16154302868547 0.006732952521518124
84.1687163969385 0.007138497951469901
84.17588976519154 0.006702579696904238
84.18306313344458 0.005662970409536212
84.1902365016976 0.004442307428760468
84.19740986995063 0.0034645806080886034
84.20458323820367 0.0030166357655206947
84.21175660645669 0.0033169418525304858
84.21892997470972 0.0043373264414308145
84.22610334296276 0.005557925358838068
84.2332767112158 0.0062743066077948035
84.24045007946881 0.005899456500941585
84.24762344772185 0.004159276412330948
84.25479681597488 0.0012935709286586322
84.2619701842279 0.00272370271916853
84.26914355248094 0.006315938619144372
84.27631692073398 0.009004783086192994
84.28349028898701 0.010099445224629487
84.29066365724003 0.009335190497783311
84.29783702549307 0.006923790918672463
84.3050103937461 0.003483562560995024
84.31218376199912 0.00040090322169312266
84.31935713025216 0.0032998669552379858
84.32653049850519 0.005311070597133722
84.33370386675821 0.006173126225881983
84.34087723501125 0.006153689286519997
84.34805060326428 0.0056110014768279695
84.35522397151732 0.0046634694114214455
84.36239733977034 0.003162171737639489
84.36957070802337 0.001016320134200422
84.37674407627641 0.001528462526273319
84.38391744452943 0.003884796959725441
84.39109081278247 0.005325804196666206
84.3982641810355 0.00526562674156456
84.40543754928854 0.0035118786579965222
84.41261091754156 0.0008624874994108927
84.41978428579459 0.0038469992456081547
84.42695765404763 0.00743580142876627
84.43413102230065 0.009794594664732809
84.44130439055368 0.010263397498563327
84.44847775880672 0.008729417068104041
84.45565112705975 0.005651904030491593
84.46282449531277 0.0020201738830516584
84.46999786356581 0.0019804734869564617
84.47717123181884 0.0041628552413507085
84.48434460007186 0.005049034879365167
84.4915179683249 0.005116684597838274
84.49869133657793 0.005635515624819996
84.50586470483097 0.007002164602479213
84.51303807308399 0.008179957186648493
84.52021144133703 0.00820940023598771
84.52738480959006 0.006847331147221263
84.53455817784308 0.00476394765737868
84.54173154609612 0.0040568290029571
84.54890491434915 0.005701960023380527
84.55607828260219 0.00739701591220794
84.56325165085521 0.007985517242346645
84.57042501910824 0.007394550610673469
84.57759838736128 0.00607410614021906
84.5847717556143 0.004639979100782402
84.59194512386733 0.0035792451323811603
84.59911849212037 0.0033033675097440974
84.60629186037339 0.004121031922072803
84.61346522862642 0.005515840902603142
84.62063859687946 0.006548900982313609
84.6278119651325 0.006470353208175868
84.63498533338552 0.004976600536218645
84.64215870163855 0.002569450475759984
84.64933206989159 0.002671643469278967
84.6565054381446 0.005275985343282404
84.66367880639764 0.0067861593865642614
84.67085217465068 0.006212315114172087
84.67802554290371 0.003470702377390848
84.68519891115673 0.0019923116928879194
84.69237227940977 0.00684696851706784
84.6995456476628 0.011370075110754618
84.70671901591582 0.014036200686871267
84.71389238416886 0.014101660640575048
84.7210657524219 0.011537197312527964
84.72823912067493 0.007025273136743829
84.73541248892795 0.001999068219012818
84.74258585718098 0.003681207246391602
84.74975922543402 0.006988537357837557
84.75693259368704 0.008329292196149723
84.76410596194007 0.007722162969815622
84.77127933019311 0.005825483087641007
84.77845269844615 0.0036981105152656423
84.78562606669917 0.0025486834446800505
84.7927994349522 0.0026196868723374705
84.79997280320524 0.0030471777458876883
84.80714617145826 0.0038252445106982313
84.81431953971129 0.004917708617039731
84.82149290796433 0.005777958364271008
84.82866627621736 0.00598234520622028
84.83583964447038 0.005616845776238787
84.84301301272342 0.0052505300307798064
84.85018638097645 0.005295047095953427
84.85735974922947 0.005313019191946151
84.86453311748251 0.004603047189239351
84.87170648573554 0.0031474088283360902
84.87887985398856 0.002931847509925874
84.8860532222416 0.005338100205533365
84.89322659049463 0.0079258111916546
84.90039995874767 0.009424454865913432
84.90757332700069 0.009332445542442114
84.91474669525373 0.0076844211811315
84.92192006350676 0.0049924388920769515
84.92909343175978 0.0022789941775620665
84.93626680001282 0.0021647432960566555
84.94344016826585 0.003659912687422966
84.95061353651889 0.004401513342554873
84.95778690477191 0.00433405313808511
84.96496027302494 0.0038861568490577234
84.97213364127798 0.003555033661611047
84.979307009531 0.003638569244169768
84.98648037778403 0.0041853416007217314
84.99365374603707 0.005060882722182065
85.0008271142901 0.005963472517717457
85.00800048254312 0.006599433327835223
85.01517385079616 0.006994911153759466
85.0223472190492 0.007647967004837686
85.02952058730222 0.009036236948555905
85.03669395555525 0.01085424558890168
85.04386732380829 0.012218117560171425
85.05104069206132 0.012295011005110853
85.05821406031434 0.010636471268346243
85.06538742856738 0.007304257983200198
85.07256079682041 0.0029558361303608604
85.07973416507343 0.002643303019727271
85.08690753332647 0.0066853574025357194
85.0940809015795 0.009565537635878729
85.10125426983254 0.01076629869340532
85.10842763808556 0.010427511055854946
85.1156010063386 0.00919683298343754
85.12277437459163 0.00800615055872488
85.12994774284465 0.007450728053093827
85.13712111109768 0.00719307995812387
85.14429447935072 0.0065463701545126875
85.15146784760374 0.005388896781704102
85.15864121585678 0.004519499754795966
85.16581458410981 0.005052157870172613
85.17298795236285 0.006415258905753336
85.18016132061587 0.007337692735806255
85.1873346888689 0.00716423277413491
85.19450805712194 0.005779234061007531
85.20168142537496 0.003461351639023861
85.20885479362799 0.0009369412304316031
85.21602816188103 0.0021710906674754587
85.22320153013406 0.004034877792683454
85.23037489838708 0.00489393296516575
85.23754826664012 0.004710358367610682
85.24472163489315 0.004009561712915938
85.25189500314617 0.004111557084511256
85.25906837139921 0.0057509434615258285
85.26624173965224 0.007949074580399418
85.27341510790528 0.009792016762607124
85.2805884761583 0.010773853844504796
85.28776184441134 0.010660457802796708
85.29493521266437 0.009483130774265002
85.30210858091739 0.007631325694459455
85.30928194917043 0.006064769753658373
85.31645531742346 0.006089369004584035
85.3236286856765 0.007457961929640385
85.33080205392952 0.008720494799752995
85.33797542218255 0.00901193660471496
85.34514879043559 0.008111237080178323
85.35232215868861 0.006260766744074031
85.35949552694164 0.004086945656467876
85.36666889519468 0.002634881619061561
85.37384226344771 0.002667912644384913
85.38101563170073 0.002982861919422657
85.38818899995377 0.002715693492436518
85.3953623682068 0.0019951702139311385
85.40253573645982 0.0014491389698051997
85.40970910471286 0.0014221079922193823
85.4168824729659 0.0011799479247094615
85.42405584121892 0.0002734688520872699
85.43122920947195 0.001751286081777587
85.43840257772499 0.004154528322512776
85.44557594597802 0.006667066463403972
85.45274931423104 0.008759021579219069
85.45992268248408 0.009938445933354804
85.46709605073711 0.009875621099899723
85.47426941899013 0.008599239378409744
85.48144278724317 0.006933794230388333
85.4886161554962 0.007090406531493848
85.49578952374924 0.01000270542681017
85.50296289200226 0.013621548535169033
85.5101362602553 0.016195071178411326
85.51730962850833 0.0167271187561317
85.52448299676135 0.01484278685157675
85.53165636501438 0.010809293045588784
85.53882973326742 0.00554733275047927
85.54600310152045 0.0021063216037167684
85.55317646977348 0.005460964612455929
85.56034983802651 0.007863381211847601
85.56752320627955 0.007922224341843451
85.57469657453257 0.005907896645968973
85.5818699427856 0.003404007891745512
85.58904331103864 0.004336531309077787
85.59621667929167 0.006907688937861432
85.60339004754469 0.008102285840629438
85.61056341579773 0.0072164972605257395
85.61773678405076 0.004532996345980126
85.62491015230378 0.002271364335226497
85.63208352055682 0.005262541681229811
85.63925688880985 0.00883280213603955
85.64643025706289 0.011145717124353768
85.65360362531591 0.011806079620428244
85.66077699356894 0.01091026740076296
85.66795036182198 0.008852382473417806
85.675123730075 0.0062025050664622034
85.68229709832804 0.003894314233943923
85.68947046658107 0.003761881790256953
85.69664383483409 0.00545502549770967
85.70381720308713 0.006846271157271138
85.71099057134016 0.007011812405330801
85.7181639395932 0.005673958591515737
85.72533730784622 0.003222882993880749
85.73251067609925 0.002623097004747766
85.73968404435229 0.0056127712359340535
85.74685741260531 0.008243443237464397
85.75403078085834 0.009244938601695169
85.76120414911138 0.008182758376608297
85.76837751736441 0.005239302038033937
85.77555088561743 0.0017893527339626957
85.78272425387047 0.0044668491004206745
85.7898976221235 0.008360765582140788
85.79707099037653 0.010880301275672058
85.80424435862956 0.0115312779608163
85.8114177268826 0.010392300107933548
85.81859109513563 0.008006192962156256
85.82576446338865 0.005224830573604035
85.83293783164169 0.0030413930138720167
85.84011119989472 0.002216182863082694
85.84728456814774 0.0021983658281484234
85.85445793640078 0.0025184234858622585
85.86163130465381 0.003648368099330459
85.86880467290685 0.005301086513891242
85.87597804115987 0.006780938297375687
85.8831514094129 0.007597621641462549
85.89032477766594 0.007548440961292437
85.89749814591896 0.006688376205594605
85.904671514172 0.0052485251772754395
85.91184488242503 0.0035354796454359332
85.91901825067806 0.0018548750544903298
85.92619161893109 0.0006984103024740216
85.93336498718412 0.001325936945755383
85.94053835543716 0.0022858627906925505
85.94771172369018 0.003075701727823231
85.95488509194321 0.0036512874670772944
85.96205846019625 0.003942617554454713
85.96923182844927 0.003858060210674606
85.9764051967023 0.0033516483194403718
85.98357856495534 0.0024959519903055296
85.99075193320837 0.0015445390372748747
85.9979253014614 0.0010365926061588504
86.00509866971443 0.0012956174342536387
86.01227203796746 0.0018560360026680224
86.01944540622048 0.002841975791421437
86.02661877447352 0.004369465895423505
86.03379214272655 0.006084522128104206
86.04096551097959 0.007428113879125294
86.04813887923261 0.00789609538746265
86.05531224748565 0.0072230088790594645
86.06248561573868 0.00550114232964278
86.0696589839917 0.0032898219477907535
86.07683235224474 0.002193370550496965
86.08400572049777 0.0033126636183677064
86.0911790887508 0.004333722684058792
86.09835245700383 0.004425549805271682
86.10552582525686 0.003714984547847627
86.1126991935099 0.0027363102980449416
86.11987256176292 0.0020478705359493104
86.12704593001595 0.0016703968569112715
86.13421929826899 0.0016813019593902398
86.14139266652202 0.002827580517165662
86.14856603477504 0.0045956667690999434
86.15573940302808 0.0060434495851702
86.16291277128111 0.006447567562066838
86.17008613953413 0.0054229685546458364
86.17725950778717 0.0030407983265835687
86.1844328760402 0.0007189915648760518
86.19160624429324 0.0038557654358217096
86.19877961254626 0.006702409747667782
86.2059529807993 0.0085159430796682
86.21312634905233 0.009310045029490972
86.22029971730535 0.009523276160585242
86.22747308555839 0.00959274786504434
86.23464645381142 0.00944470421250801
86.24181982206444 0.008569155854022525
86.24899319031748 0.006580442012479153
86.25616655857051 0.0036175418512640178
86.26333992682355 0.0012493425619217568
86.27051329507657 0.0035558474438536617
86.2776866633296 0.005591209347168279
86.28486003158264 0.006405303936695972
86.29203339983566 0.006592046850103069
86.2992067680887 0.007466195742358599
86.30638013634173 0.00941968157884399
86.31355350459476 0.011393186989759456
86.32072687284779 0.012312097694481059
86.32790024110082 0.01175748612891914
86.33507360935386 0.010039253525447189
86.34224697760688 0.00810564605984732
86.34942034585991 0.007103681830134933
86.35659371411295 0.00718746383724687
86.36376708236598 0.0074048855542040645
86.370940450619 0.007213417880105002
86.37811381887204 0.006906544904671828
86.38528718712507 0.007003482797156994
86.3924605553781 0.007414945260293211
86.39963392363113 0.007535208526200659
86.40680729188416 0.006926372168947036
86.4139806601372 0.005577879252960242
86.42115402839022 0.003847458448854821
86.42832739664325 0.002394368377621591
86.43550076489629 0.0020832576886734328
86.44267413314931 0.002637370388474952
86.44984750140235 0.0031757612216257156
86.45702086965538 0.0034805497768255677
86.46419423790842 0.0035146791262257106
86.47136760616144 0.0031916530444705275
86.47854097441447 0.0024014535834342332
86.4857143426675 0.0010944984949604942
86.49288771092053 0.0007097765269102343
86.50006107917356 0.0027883223060685782
86.5072344474266 0.004928630798216817
86.51440781567962 0.006816251586607299
86.52158118393265 0.008164554051097596
86.52875455218569 0.008797546768360335
86.53592792043872 0.008720526681518332
86.54310128869174 0.00813806576162077
86.55027465694478 0.007405364295056154
86.55744802519781 0.006928835777982203
86.56462139345084 0.0070455087031445615
86.57179476170387 0.007868025545877975
86.5789681299569 0.009147069883514415
86.58614149820994 0.010322842757143347
86.59331486646296 0.010740542520725925
86.600488234716 0.009904223001105108
86.60766160296903 0.007724386404118398
86.61483497122205 0.004881198509461301
86.62200833947509 0.004046995518570117
86.62918170772812 0.0064975434283424454
86.63635507598116 0.008879090272168492
86.64352844423418 0.009760042726862027
86.65070181248721 0.008906045617261176
86.65787518074025 0.006822365462383949
86.66504854899327 0.004772766223535117
86.6722219172463 0.004448523525918563
86.67939528549934 0.005365318275687598
86.68656865375237 0.0059377282333112295
86.6937420220054 0.005941473294066382
86.70091539025843 0.005971501443506169
86.70808875851147 0.00641321359773935
86.71526212676449 0.006839680470984714
86.72243549501752 0.006624326437391134
86.72960886327056 0.005531731020224394
86.73678223152359 0.0037433468329182325
86.74395559977661 0.0016532774530570204
86.75112896802965 0.0008983601553393179
86.75830233628268 0.002989488110744216
86.7654757045357 0.005221603827834351
86.77264907278874 0.007268985473667603
86.77982244104177 0.008695924594617262
86.7869958092948 0.009082487843374447
86.79416917754783 0.008308040890969285
86.80134254580086 0.006757386002855832
86.8085159140539 0.005343946040630459
86.81568928230692 0.004881213159175151
86.82286265055996 0.004850947825877271
86.83003601881299 0.004304332442353457
86.83720938706601 0.003511664982558013
86.84438275531905 0.004204727171716805
86.85155612357208 0.006220970544907775
86.85872949182512 0.007810891191566336
86.86590286007814 0.008017090838274147
86.87307622833117 0.006672425176812354
86.8802495965842 0.004470400392468204
86.88742296483723 0.0035702105618755833
86.89459633309026 0.005121058020576393
86.9017697013433 0.006551015767960111
86.90894306959633 0.00663156479567609
86.91611643784935 0.005294333828409405
86.92328980610239 0.0030695582380216
86.93046317435542 0.0010819935288271022
86.93763654260844 0.0017476222219564366
86.94480991086148 0.002460166125902524
86.95198327911451 0.0021497008278995805
86.95915664736755 0.0012819685634150276
86.96633001562057 0.001659100952354694
86.9735033838736 0.003039919305502928
86.98067675212664 0.004197785455512724
86.98785012037966 0.004930505228036833
86.9950234886327 0.005377692372521813
87.00219685688573 0.005791311508537458
87.00937022513877 0.006344713262378599
87.01654359339179 0.006988570780428847
87.02371696164482 0.007418963543646807
87.03089032989786 0.0071820157661872394
87.03806369815088 0.005870600092976265
87.04523706640391 0.0033392030947326863
87.05241043465695 0.00048128938978466335
87.05958380290997 0.004103601026326349
87.066757171163 0.0074109977019550825
87.07393053941604 0.009326568415144218
87.08110390766907 0.009332534944516326
87.0882772759221 0.0075160225492903335
87.09545064417513 0.0048706640247201775
87.10262401242817 0.004091168238945467
87.10979738068119 0.006059345539881951
87.11697074893422 0.007938753267505384
87.12414411718726 0.009068010065864074
87.13131748544029 0.010231079346815795
87.13849085369331 0.012085249508632793
87.14566422194635 0.013979697220062776
87.15283759019938 0.014594908899364864
87.1600109584524 0.013002114899251318
87.16718432670544 0.00920337640727608
87.17435769495847 0.005108854702447174
87.18153106321151 0.006984190907766999
87.18870443146453 0.012007208914037955
87.19587779971756 0.015598896601763206
87.2030511679706 0.016575644884666917
87.21022453622362 0.014851810858064253
87.21739790447666 0.011070984025667389
87.22457127272969 0.006320718076114418
87.23174464098273 0.0017712347139465482
87.23891800923575 0.0017340618423905745
87.24609137748878 0.0036907509895157398
87.25326474574182 0.00421726176481056
87.26043811399484 0.0037255307089446485
87.26761148224787 0.002736743295641008
87.27478485050091 0.001888039153600902
87.28195821875394 0.002335722749369811
87.28913158700696 0.003913732054870205
87.29630495526 0.005653954558596777
87.30347832351303 0.007022752540934002
87.31065169176605 0.00771609071197074
87.31782506001909 0.007681384134008484
87.32499842827212 0.0071000894158777614
87.33217179652515 0.006223254791399063
87.33934516477818 0.005144977131360923
87.34651853303122 0.0037433599559276646
87.35369190128425 0.001877797225374196
87.36086526953727 0.00047300408562421867
87.3680386377903 0.0028623195793789032
87.37521200604334 0.005024392139739279
87.38238537429636 0.006537243604961127
87.3895587425494 0.007139755730379151
87.39673211080243 0.006755043132913775
87.40390547905547 0.0054983591792832145
87.41107884730849 0.003667092724659389
87.41825221556152 0.0018844641460415417
87.42542558381456 0.0019490250931998414
87.43259895206758 0.0033647185444916072
87.43977232032061 0.004485275214310776
87.44694568857365 0.00510306777073969
87.45411905682668 0.0054443704629442
87.4612924250797 0.005829741099163153
87.46846579333274 0.006290137720668291
87.47563916158578 0.00649531145701611
87.4828125298388 0.00608724909324922
87.48998589809183 0.0049875912680561576
87.49715926634487 0.003572414427206151
87.5043326345979 0.0028358611643509077
87.51150600285092 0.0033345933877586484
87.51867937110396 0.0038854381176922767
87.52585273935699 0.0036225729701318673
87.53302610761001 0.002420309648585273
87.54019947586305 0.0011931593736685957
87.54737284411608 0.0028807149768341448
87.55454621236912 0.00528269826479237
87.56171958062214 0.007286505109246828
87.56889294887517 0.00853264565521343
87.57606631712821 0.008860693542625725
87.58323968538123 0.008269478979437432
87.59041305363426 0.006908545106829979
87.5975864218873 0.005077299686576214
87.60475979014032 0.0032735007065075017
87.61193315839336 0.002413749318785954
87.61910652664639 0.003049832346040545
87.62627989489943 0.0041637578562585325
87.63345326315245 0.0051932642191921076
87.64062663140548 0.005993173120458762
87.64779999965852 0.006422821873932672
87.65497336791154 0.0063798000678890595
87.66214673616457 0.006018989140917051
87.66932010441761 0.005873791782624732
87.67649347267064 0.006385580132184386
87.68366684092366 0.007157417278756829
87.6908402091767 0.007340303744696698
87.69801357742973 0.0063719937653736935
87.70518694568275 0.004326064364240625
87.71236031393579 0.0028085732737530974
87.71953368218882 0.004736917760446004
87.72670705044186 0.007470709817638971
87.73388041869488 0.009168997401081687
87.74105378694792 0.009292452125552228
87.74822715520095 0.007903972593687338
87.75540052345397 0.005559134058279975
87.762573891707 0.0032169296702019862
87.76974725996004 0.002138726784314364
87.77692062821308 0.0022663193749919543
87.7840939964661 0.0025458637050475756
87.79126736471913 0.0038997639652648777
87.79844073297217 0.006529335042988152
87.80561410122519 0.009402686750610205
87.81278746947822 0.011529679079808657
87.81996083773126 0.012176812500649297
87.8271342059843 0.010985040397372735
87.83430757423731 0.008060626835606637
87.84148094249035 0.004009240819532787
87.84865431074338 0.0016289593869576447
87.8558276789964 0.004935340724745925
87.86300104724944 0.007259642325972685
87.87017441550248 0.007585993310985186
87.8773477837555 0.005976224163460476
87.88452115200853 0.0037312453742702418
87.89169452026157 0.004681260118156864
87.8988678885146 0.007824526070639687
87.90604125676762 0.010093153075192297
87.91321462502066 0.010565423648981588
87.92038799327369 0.009375939717295657
87.92756136152671 0.00768889589128178
87.93473472977975 0.007329996746859577
87.94190809803278 0.008408825819727564
87.94908146628582 0.009134489093766827
87.95625483453884 0.008403547564325224
87.96342820279187 0.0062210246333807995
87.97060157104491 0.0035215137589305148
87.97777493929793 0.002646418519157405
87.98494830755097 0.0038849536963100786
87.992121675804 0.004483333470260384
87.99929504405704 0.0041027384790411165
88.00646841231006 0.0036512810031161867
88.01364178056309 0.003858877530797884
88.02081514881613 0.0038918542777711287
88.02798851706915 0.0027486683116575553
88.03516188532218 0.0007865857584187056
88.04233525357522 0.0036166710547039724
88.04950862182825 0.007080996754416241
88.05668199008127 0.009442580026891578
88.06385535833431 0.009855184417472629
88.07102872658734 0.008053015131617033
88.07820209484036 0.004506460216141176
88.0853754630934 0.0020795245804635064
88.09254883134643 0.005692074763786775
88.09972219959947 0.009003591408104888
88.10689556785249 0.010548278514697078
88.11406893610553 0.010154438310251918
88.12124230435856 0.008245421548884024
88.12841567261158 0.005628451289338643
88.13558904086462 0.0032920236084919958
88.14276240911765 0.002281224375172935
88.14993577737069 0.0025622989502047796
88.1571091456237 0.0030852181514440897
88.16428251387674 0.003679195327833994
88.17145588212978 0.004346594478806655
88.1786292503828 0.004876824712730893
88.18580261863583 0.00500991179825836
88.19297598688887 0.004559910078467903
88.20014935514189 0.0035142851002861963
88.20732272339492 0.0025698468735198244
88.21449609164796 0.0037138374448395565
88.221669459901 0.00627277094062663
88.22884282815401 0.008637340566516504
88.23601619640705 0.009887330831607316
88.24318956466009 0.009475398024533795
88.2503629329131 0.00730509209949288
88.25753630116614 0.0038433818500029286
88.26470966941918 0.0017586432655546519
88.27188303767221 0.005051858842433179
88.27905640592523 0.007917938482911816
88.28622977417827 0.009360275166684367
88.2934031424313 0.009366501327607796
88.30057651068432 0.008319693407162642
88.30774987893736 0.0066821056872464046
88.31492324719039 0.0046791643999486736
88.32209661544343 0.0022737812575555944
88.32926998369645 0.0006111209145657271
88.33644335194948 0.003394406437868937
88.34361672020252 0.005615610886903063
88.35079008845554 0.006592801572457792
88.35796345670857 0.006076478973569984
88.36513682496161 0.004768429087056632
88.37231019321464 0.005042541748377394
88.37948356146767 0.007521269436932552
88.3866569297207 0.009852354690123724
88.39383029797374 0.010534142388693468
88.40100366622676 0.008980042445156215
88.40817703447979 0.005328767827973943
88.41535040273283 0.001000270752359265
88.42252377098586 0.005499792448860174
88.42969713923888 0.010274001378658562
88.43687050749192 0.01347753195209809
88.44404387574495 0.014567108428214742
88.45121724399797 0.013470768889658407
88.45839061225101 0.010585359141112341
88.46556398050404 0.006852992320798516
88.47273734875706 0.0045069061057823046
88.4799107170101 0.006015738164532321
88.48708408526313 0.008280367621632576
88.49425745351617 0.009114563078554938
88.50143082176919 0.008142086087650572
88.50860419002223 0.006169951582349385
88.51577755827526 0.005776206523821793
88.52295092652828 0.008206479658286187
88.53012429478132 0.0107720707496349
88.53729766303435 0.011608810140834602
88.54447103128739 0.01003677296581183
88.55164439954041 0.006199074567284805
88.55881776779344 0.0008824900294428198
88.56599113604648 0.004735392165399256
88.5731645042995 0.009416891348456025
88.58033787255253 0.012220965637567045
88.58751124080557 0.012779911429974656
88.5946846090586 0.011463575151248247
88.60185797731162 0.0094595520668068
88.60903134556466 0.008520032988552218
88.6162047138177 0.009241826023632277
88.62337808207072 0.010201338988023861
88.63055145032375 0.010117527140910078
88.63772481857679 0.008642680889602874
88.64489818682982 0.006055093674332767
88.65207155508284 0.0029170915296560605
88.65924492333588 0.0003054238747428058
88.66641829158891 0.003062330320060452
88.67359165984193 0.005485265642084415
88.68076502809497 0.0075088622535886985
88.687938396348 0.008939361924400068
88.69511176460104 0.009358269477239878
88.70228513285406 0.008366667099031147
88.7094585011071 0.006034701708691809
88.71663186936013 0.004189163286236422
88.72380523761315 0.00669444476027882
88.73097860586618 0.010920442379703518
88.73815197411922 0.01415702372086359
88.74532534237224 0.015265393654385215
88.75249871062528 0.013910908088020838
88.75967207887831 0.010641728823174693
88.76684544713135 0.0072550143048494015
88.77401881538437 0.0069106885035287
88.7811921836374 0.008959667489428835
88.78836555189044 0.010000220856012992
88.79553892014346 0.008768269247279093
88.80271228839649 0.005394788693752719
88.80988565664953 0.0008444354894566314
88.81705902490256 0.003898436323404397
88.82423239315558 0.007329899854068615
88.83140576140862 0.008803932111747764
88.83857912966165 0.008168466137742079
88.84575249791467 0.005907976623801964
88.85292586616771 0.003013838628302668
88.86009923442074 0.001606492332844248
88.86727260267378 0.0030214609170337763
88.8744459709268 0.004225728508760816
88.88161933917984 0.005094323111099246
88.88879270743287 0.005912345900768319
88.89596607568589 0.00640979579270606
88.90313944393893 0.006052833636653886
88.91031281219196 0.0046615373381425846
88.917486180445 0.0030074509948425634
88.92465954869802 0.0034256017617408027
88.93183291695105 0.005215268703055545
88.93900628520409 0.006122809834299507
88.94617965345711 0.005356492938568676
88.95335302171014 0.0029004787575960373
88.96052638996318 0.000900899544115918
88.96769975821621 0.004760535497835573
88.97487312646923 0.008072336782301993
88.98204649472227 0.01003092674439824
88.9892198629753 0.010317346704189257
88.99639323122832 0.009075750198027453
89.00356659948136 0.006828714732397367
89.0107399677344 0.004282965560447138
89.01791333598742 0.002046177081161787
89.02508670424045 0.0006778263732469708
89.03226007249349 0.002102248190368737
89.03943344074652 0.004510270139107262
89.04660680899954 0.007324859414057312
89.05378017725258 0.010000960140113379
89.06095354550561 0.011893882655205407
89.06812691375863 0.012466258155456529
89.07530028201167 0.011448935622549344
89.0824736502647 0.008950253068048366
89.08964701851774 0.005566171285155112
89.09682038677076 0.003145375521497695
89.1039937550238 0.00479324441581289
89.11116712327683 0.007378918124304521
89.11834049152985 0.009003282541369588
89.12551385978288 0.009441845200171462
89.13268722803592 0.008949751387937651
89.13986059628895 0.007923809726022453
89.14703396454198 0.006630165325990054
89.15420733279501 0.0051113966459069215
89.16138070104805 0.0033876721524431263
89.16855406930107 0.0018980446525503475
89.1757274375541 0.0019876646884132753
89.18290080580714 0.0030083148437541726
89.19007417406017 0.003821678218713018
89.19724754231319 0.004731988670009351
89.20442091056623 0.00632462109347444
89.21159427881926 0.008449792905643053
89.21876764707228 0.010411131865188003
89.22594101532532 0.011574444743438522
89.23311438357835 0.011657234972363833
89.24028775183139 0.010802279083538915
89.24746112008441 0.009474836389311033
89.25463448833744 0.0081979008316953
89.26180785659048 0.007255406190363567
89.2689812248435 0.006653924897428586
89.27615459309654 0.006356606812638153
89.28332796134957 0.006302866727724685
89.29050132960259 0.006206745420183735
89.29767469785563 0.005697996362593836
89.30484806610866 0.004797977838357275
89.3120214343617 0.0043596220977264975
89.31919480261472 0.005268571832830641
89.32636817086775 0.006680734738003888
89.33354153912079 0.0074056265585343735
89.34071490737381 0.006938028747923667
89.34788827562684 0.005493635699198485
89.35506164387988 0.004075570038257325
89.36223501213291 0.00402409403104057
89.36940838038593 0.004872434607109056
89.37658174863897 0.00561352987645055
89.383755116892 0.0065928648188117575
89.39092848514503 0.008458726803074185
89.39810185339806 0.010763687065407665
89.4052752216511 0.012404711471530867
89.41244858990413 0.01253923644821974
89.41962195815715 0.011040511662793458
89.42679532641019 0.008815213469973406
89.43396869466322 0.007888218055299677
89.44114206291624 0.009162794007057655
89.44831543116928 0.010689344144593532
89.45548879942231 0.010798783339458815
89.46266216767535 0.009088727169479224
89.46983553592837 0.006154229640730163
89.4770089041814 0.0037183077503142063
89.48418227243444 0.004148923295766472
89.49135564068746 0.005370038969131604
89.4985290089405 0.005327526460421154
89.50570237719353 0.003992691348937542
89.51287574544656 0.00292213671308276
89.52004911369959 0.004424568248145544
89.52722248195262 0.006735841925768041
89.53439585020566 0.008390587832390108
89.54156921845868 0.009045139440054122
89.54874258671171 0.008811239098876116
89.55591595496475 0.008011231272483528
89.56308932321777 0.007093931363603534
89.5702626914708 0.006723155643392164
89.57743605972384 0.007523372694184428
89.58460942797687 0.009263472714796042
89.5917827962299 0.011055288617530322
89.59895616448293 0.01207927418708651
89.60612953273596 0.011840744005980538
89.61330290098898 0.010254710460174225
89.62047626924202 0.007729282817148556
89.62764963749505 0.005409936741428325
89.63482300574809 0.005282011742858661
89.64199637400111 0.007066558947746382
89.64916974225414 0.008679597888141414
89.65634311050718 0.009168645670341749
89.6635164787602 0.00830658223091179
89.67068984701324 0.006284489831866203
89.67786321526627 0.003739732048723909
89.6850365835193 0.0026266807222936114
89.69220995177233 0.004372585814964012
89.69938332002536 0.006218239838310769
89.7065566882784 0.00711549864295528
89.71373005653142 0.006940791469755904
89.72090342478445 0.005973797517723299
89.72807679303749 0.004775109461193977
89.73525016129052 0.004030361156587289
89.74242352954354 0.004070534565295794
89.74959689779658 0.00455249463040815
89.75677026604961 0.005100094159239931
89.76394363430263 0.005607221677432326
89.77111700255567 0.00606607233959059
89.7782903708087 0.006465243998344243
89.78546373906174 0.006782975101381626
89.79263710731476 0.006958831155846957
89.7998104755678 0.006854571102517401
89.80698384382083 0.006295321353479006
89.81415721207385 0.00519493351925516
89.82133058032689 0.003694396514759121
89.82850394857992 0.002355521548270824
89.83567731683294 0.0023665732744214034
89.84285068508598 0.0035713066693074474
89.85002405333901 0.005076253463963428
89.85719742159205 0.0068161377737276825
89.86437078984507 0.00875837041804232
89.8715441580981 0.010554483807902451
89.87871752635114 0.011688449782448724
89.88589089460416 0.011762950102667596
89.8930642628572 0.010697436223731628
89.90023763111023 0.008777955937502666
89.90741099936326 0.006567449420849964
89.91458436761629 0.0047178269091019045
89.92175773586932 0.003749878984033323
89.92893110412236 0.003882686142447865
89.93610447237538 0.00493923836343905
89.94327784062841 0.006377129027816844
89.95045120888145 0.007482223275393322
89.95762457713448 0.0076133778537834235
89.9647979453875 0.006422540490277655
89.97197131364054 0.0040012738105741266
89.97914468189357 0.0013061028309508348
89.9863180501466 0.0031614079803081985
89.99349141839963 0.005787414247186411
90.00066478665266 0.007227375942600436
90.0078381549057 0.0071913283815156544
90.01501152315872 0.005927405162474697
90.02218489141175 0.004428274469396603
90.02935825966479 0.0046707020927249
90.03653162791781 0.006773949274685268
90.04370499617085 0.009028777696451332
90.05087836442388 0.010527496627779808
90.05805173267692 0.010872699672420846
90.06522510092994 0.009938947543152193
90.07239846918297 0.00786448154745731
90.079571837436 0.005150736192094723
90.08674520568903 0.0031790200808486727
90.09391857394206 0.004053168480642681
90.1010919421951 0.005826537195994623
90.10826531044812 0.006780921284727394
90.11543867870115 0.006653008172998455
90.12261204695419 0.005789954797484061
90.12978541520722 0.004899528018584162
90.13695878346024 0.004574176310072399
90.14413215171328 0.004653756623537683
90.15130551996631 0.004635938875324959
90.15847888821934 0.0044122671969517415
90.16565225647237 0.00423216682840216
90.1728256247254 0.004235178193961395
90.17999899297844 0.004184930457806916
90.18717236123146 0.003791122614809979
90.1943457294845 0.0030865112659382954
90.20151909773753 0.002594274468701597
90.20869246599055 0.0029455630114999247
90.21586583424359 0.003813069588748497
90.22303920249662 0.0046086392267735915
90.23021257074966 0.005123189006084136
90.23738593900268 0.0053609293825810445
90.24455930725571 0.005356783123355718
90.25173267550875 0.005083903216643408
90.25890604376177 0.004475967226765442
90.2660794120148 0.00359130123781469
90.27325278026784 0.003095179876825173
90.28042614852087 0.0042620977835482795
90.2875995167739 0.006675485536801044
90.29477288502693 0.009181177810844796
90.30194625327997 0.010895577527394706
90.30911962153299 0.011127741912906768
90.31629298978602 0.009486322706506728
90.32346635803906 0.006033300837689355
90.33063972629209 0.0013455292432730844
90.33781309454511 0.003608514681487221
90.34498646279815 0.007681464065676901
90.35215983105118 0.00993878299803533
90.3593331993042 0.009955101233103678
90.36650656755724 0.008098520744191725
90.37367993581027 0.005876981841828663
90.3808533040633 0.005773654919700523
90.38802667231633 0.00722112185696216
90.39520004056936 0.007641823542833688
90.4023734088224 0.006072693278456718
90.40954677707542 0.002913111161217782
90.41672014532845 0.002303061073702308
90.42389351358149 0.005576168215549377
90.43106688183451 0.007420502231362748
90.43824025008755 0.006930766830546094
90.44541361834058 0.004280030674701765
90.45258698659362 0.001853038230219288
90.45976035484664 0.005061907183620885
90.46693372309967 0.007944573968350056
90.4741070913527 0.008559588274532409
90.48128045960573 0.006580803302783057
90.48845382785876 0.0031110486769642533
90.4956271961118 0.0045786526449648575
90.50280056436483 0.009166990248469203
90.50997393261785 0.012361925931413512
90.51714730087089 0.01312148314819369
90.52432066912392 0.01142332238774008
90.53149403737694 0.0081887887274925
90.53866740562998 0.0054427444777479924
90.54584077388301 0.005511418169374884
90.55301414213605 0.006707844461118585
90.56018751038907 0.006909054594849163
90.5673608786421 0.006253826157658501
90.57453424689514 0.006170960431874234
90.58170761514816 0.0073028247363770785
90.5888809834012 0.00838006487177923
90.59605435165423 0.00825061487330026
90.60322771990727 0.006737254273412277
90.61040108816029 0.004852013006457928
90.61757445641332 0.005051452743281033
90.62474782466636 0.007284652590110257
90.63192119291938 0.009224473944462916
90.63909456117241 0.009860994367803456
90.64626792942545 0.009064429073878213
90.65344129767847 0.007244539727797414
90.6606146659315 0.005269390319992456
90.66778803418454 0.004442773797593933
90.67496140243757 0.005190376507030079
90.6821347706906 0.006284315287084354
90.68930813894363 0.006859737018297487
90.69648150719667 0.0066255876714163085
90.70365487544969 0.005513758859532636
90.71082824370272 0.003562843687252707
90.71800161195576 0.0009048526922690558
90.72517498020879 0.0022210098841124637
90.73234834846181 0.005456500001784311
90.73952171671485 0.008342850158455666
90.74669508496788 0.0103882264095569
90.7538684532209 0.01118054165980165
90.76104182147394 0.010515894726699865
90.76821518972697 0.008522207437330644
90.77538855798001 0.005837575943577438
90.78256192623303 0.0041890727969460684
90.78973529448606 0.005371964762786084
90.7969086627391 0.007268623672017694
90.80408203099212 0.008100479812315079
90.81125539924516 0.0073528096024469206
90.81842876749819 0.005135424650409458
90.82560213575123 0.00232697431587733
90.83277550400425 0.0032705487959354277
90.83994887225728 0.00657803375943863
90.84712224051032 0.009204494165052635
90.85429560876334 0.010496270654814044
90.86146897701637 0.010242070263058024
90.86864234526941 0.008572794562590302
90.87581571352244 0.006014098841957966
90.88298908177546 0.003847711907051738
90.8901624500285 0.004393792635014751
90.89733581828153 0.006640758857601709
90.90450918653455 0.008620073438573943
90.91168255478759 0.009746485923023995
90.91885592304062 0.009901424133081801
90.92602929129364 0.009182248599969356
90.93320265954668 0.007908613306688812
90.94037602779972 0.006827306178032638
90.94754939605275 0.007029604066664365
90.95472276430577 0.008507116311202132
90.9618961325588 0.00995685848473386
90.96906950081184 0.010251819977669089
90.97624286906486 0.008906219218586846
90.9834162373179 0.006226363654959512
90.99058960557093 0.00408857715075809
90.99776297382397 0.005610363862868554
91.00493634207699 0.008089656048908458
91.01210971033002 0.008926382132776363
91.01928307858306 0.007363653008216447
91.02645644683608 0.0036670652306855984
91.03362981508911 0.0025764109981256406
91.04080318334215 0.007702761425344236
91.04797655159518 0.011981643921201405
91.0551499198482 0.014120401357386883
91.06232328810124 0.013717195857250826
91.06949665635427 0.011165873804868193
91.0766700246073 0.007691188264138686
91.08384339286033 0.005532932393003615
91.09101676111337 0.006142355748409838
91.0981901293664 0.007175810002046344
91.10536349761942 0.007008512819187263
91.11253686587246 0.005623790384900628
91.11971023412549 0.0036804645019855634
91.12688360237851 0.001980666499749119
91.13405697063155 0.0009032945858520783
91.14123033888458 0.0005335897289489279
91.14840370713762 0.0018580871099875716
91.15557707539064 0.003531393359021297
91.16275044364367 0.004907669024542861
91.16992381189671 0.00566747585993232
91.17709718014973 0.006002140974485724
91.18427054840276 0.006519177828581724
91.1914439166558 0.007492517161152337
91.19861728490882 0.008435815853793051
91.20579065316186 0.008759667858966345
91.21296402141489 0.008415258766599746
91.22013738966793 0.008045445357794178
91.22731075792095 0.00839619930203836
91.23448412617398 0.009221444717528776
91.24165749442702 0.009533032643349915
91.24883086268004 0.008630652176829718
91.25600423093307 0.006477839155646351
91.26317759918611 0.0037712024572784664
91.27035096743914 0.0026106385714382693
91.27752433569216 0.004062593882761517
91.2846977039452 0.005315471107942959
91.29187107219823 0.005689012627173388
91.29904444045125 0.005613612977553442
91.30621780870429 0.005665459046827793
91.31339117695732 0.005772795545271577
91.32056454521036 0.00532234222421127
91.32773791346338 0.003888865874622998
91.33491128171642 0.0015824977249763064
91.34208464996945 0.0016349796346317735
91.34925801822247 0.004386593915156594
91.3564313864755 0.006661469670785224
91.36360475472854 0.008187688883108947
91.37077812298158 0.009044206866664456
91.3779514912346 0.00945007726618188
91.38512485948763 0.00954552852943188
91.39229822774067 0.009347517491927903
91.39947159599369 0.008906251875136733
91.40664496424672 0.008386317759999177
91.41381833249976 0.00786136561560861
91.4209917007528 0.007065771930799279
91.42816506900581 0.00554001771954203
91.43533843725885 0.0030508193160861063
91.44251180551188 0.0010671309689426819
91.4496851737649 0.004290490406094411
91.45685854201794 0.007382858381197543
91.46403191027098 0.009201244602771327
91.471205278524 0.009276889877749264
91.47837864677703 0.007640186392867145
91.48555201503007 0.004836729589785302
91.4927253832831 0.001956085479306092
91.49989875153612 0.0018422977498831754
91.50707211978916 0.002909128575951938
91.51424548804219 0.0026272994506254042
91.52141885629521 0.0012246516037907583
91.52859222454825 0.0018800248837416555
91.53576559280128 0.004032284273190164
91.54293896105432 0.005412379750797178
91.55011232930734 0.005536054044525849
91.55728569756037 0.004620425874587103
91.56445906581341 0.003843483416688237
91.57163243406643 0.0046510328733709505
91.57880580231947 0.006234434335547704
91.5859791705725 0.007452046454399768
91.59315253882554 0.00822532526669794
91.60032590707856 0.009097502702330472
91.60749927533159 0.010371004979300847
91.61467264358463 0.011567083195679102
91.62184601183765 0.011869026207349363
91.62901938009068 0.010725227650850303
91.63619274834372 0.00813097839442641
91.64336611659675 0.004816316300222401
91.65053948484977 0.0033813929006234595
91.65771285310281 0.005678962474566898
91.66488622135584 0.008069157086621622
91.67205958960886 0.009304592736451294
91.6792329578619 0.009343687958317814
91.68640632611493 0.008584023224519769
91.69357969436797 0.00757440311270003
91.70075306262099 0.0067318454278041395
91.70792643087402 0.00618125476341756
91.71509979912706 0.005883089463952373
91.72227316738008 0.0058345342727455195
91.72944653563312 0.006066100014427727
91.73661990388615 0.0065769618886649004
91.74379327213917 0.0073487445771932055
91.7509666403922 0.008291290735733783
91.75814000864524 0.00912557374077813
91.76531337689828 0.009402790759961236
91.7724867451513 0.008681452650115034
91.77966011340433 0.006750425540987346
91.78683348165737 0.003874864825383993
91.79400684991039 0.0022165506048381143
91.80118021816342 0.004905235414748993
91.80835358641646 0.007697212186695675
91.8155269546695 0.009167318618302962
91.82270032292251 0.00892976282334927
91.82987369117555 0.007092753221742402
91.83704705942858 0.004179340025583081
91.8442204276816 0.0010595501051313156
91.85139379593464 0.0020090575934970417
91.85856716418768 0.0037191935459525657
91.86574053244071 0.004214711810110121
91.87291390069373 0.0037882127406792736
91.88008726894677 0.0033312109988231863
91.8872606371998 0.0036449346474704478
91.89443400545282 0.004205990594508554
91.90160737370586 0.004225822437101814
91.90878074195889 0.003719358669051795
91.91595411021193 0.0037530351948322194
91.92312747846495 0.005134159782519901
91.93030084671798 0.006882100966910802
91.93747421497102 0.00795428292086754
91.94464758322404 0.007857941759801979
91.95182095147707 0.006612703379278337
91.95899431973011 0.0047768267498878875
91.96616768798314 0.003557882124598427
91.97334105623617 0.0038783824568567075
91.9805144244892 0.004537852363145722
91.98768779274224 0.00450158087037421
91.99486116099526 0.003838553941150078
92.00203452924829 0.003449401256077087
92.00920789750133 0.004015968639856348
92.01638126575435 0.0047006627880665135
92.02355463400738 0.004551176867643167
92.03072800226042 0.0032434817093462765
92.03790137051345 0.0009840608642257285
92.04507473876647 0.0016755884039856164
92.05224810701951 0.003994924847280521
92.05942147527254 0.005407309045264154
92.06659484352556 0.005793377560320764
92.0737682117786 0.005872779293403132
92.08094158003163 0.006964625175693784
92.08811494828467 0.009182224943301192
92.09528831653769 0.011341475096805954
92.10246168479073 0.012376548307192396
92.10963505304376 0.011745907365366664
92.11680842129678 0.009461776356832045
92.12398178954982 0.0060427210488528385
92.13115515780285 0.0024448497416970564
92.13832852605589 0.0017033147732499255
92.14550189430891 0.0034303689525069904
92.15267526256194 0.003980700889683064
92.15984863081498 0.003690702073644594
92.167021999068 0.0041490748598675894
92.17419536732103 0.006092034079173788
92.18136873557407 0.0083761768758752
92.1885421038271 0.010091037300764006
92.19571547208012 0.010868110961748712
92.20288884033316 0.010705613732042572
92.2100622085862 0.009820667458468229
92.21723557683922 0.008536263491299363
92.22440894509225 0.007255912993697882
92.23158231334529 0.006480425573127452
92.23875568159832 0.00654155879480794
92.24592904985134 0.007123377667048703
92.25310241810438 0.007532819232801272
92.26027578635741 0.0072846000669511655
92.26744915461043 0.006302748722252664
92.27462252286347 0.004944804807992827
92.2817958911165 0.003965596958024879
92.28896925936952 0.003950503501400852
92.29614262762256 0.004381297871935443
92.3033159958756 0.0045242923254753846
92.31048936412863 0.004212768921219871
92.31766273238165 0.00371470183543316
92.32483610063468 0.003546142537338362
92.33200946888772 0.004170721761632
92.33918283714074 0.005580462193764002
92.34635620539377 0.007402628797389831
92.35352957364681 0.009122824242703121
92.36070294189985 0.010170744535247777
92.36787631015287 0.010065521083106863
92.3750496784059 0.008594287012577698
92.38222304665894 0.005979388741508886
92.38939641491196 0.0033481271267455396
92.39656978316499 0.0040060587897995815
92.40374315141803 0.006724853529148711
92.41091651967106 0.008798943853771491
92.41808988792408 0.009626550912399005
92.42526325617712 0.009335109557899002
92.43243662443015 0.008540967934261552
92.43960999268317 0.008061437935082114
92.44678336093621 0.008233024566950112
92.45395672918924 0.008563402888398877
92.46113009744228 0.008369546432047306
92.4683034656953 0.0073159230263643025
92.47547683394833 0.005464270069262862
92.48265020220137 0.0031792869122916636
92.48982357045439 0.0011934565844667403
92.49699693870743 0.001462725084411418
92.50417030696046 0.00216007536499373
92.5113436752135 0.00190527910635586
92.51851704346652 0.0012163008650018228
92.52569041171955 0.002413668783266549
92.53286377997259 0.004544161574655378
92.54003714822561 0.006332699940944575
92.54721051647864 0.0072396992827051
92.55438388473168 0.00718562241641073
92.56155725298471 0.006771529100803051
92.56873062123773 0.0072256766529036915
92.57590398949077 0.009031750515610351
92.5830773577438 0.01126789629466055
92.59025072599682 0.012921829402543899
92.59742409424986 0.013464886129446515
92.6045974625029 0.012837590691009596
92.61177083075592 0.011336004515668336
92.61894419900895 0.009441916584918693
92.62611756726199 0.007660923045693346
92.63329093551502 0.006472903676975228
92.64046430376804 0.00630430763881593
92.64763767202108 0.007159075132451011
92.65481104027411 0.008446528022852385
92.66198440852713 0.009464484130375171
92.66915777678017 0.009744595446166526
92.6763311450332 0.009184062553812437
92.68350451328624 0.008141352505768543
92.69067788153926 0.0074400697030905455
92.6978512497923 0.007807264319847271
92.70502461804533 0.008931757721634901
92.71219798629835 0.00993648251057857
92.71937135455138 0.010266589444039019
92.72654472280442 0.009834223096156506
92.73371809105745 0.008906681348014017
92.74089145931048 0.007933278864261487
92.74806482756351 0.007262057056787649
92.75523819581655 0.006854230264529048
92.76241156406957 0.006356384483079497
92.7695849323226 0.005449711348171553
92.77675830057564 0.0040508983073715725
92.78393166882867 0.002377885535790129
92.79110503708169 0.0015533708015646325
92.79827840533473 0.0028698782037628458
92.80545177358776 0.004507389981859989
92.81262514184078 0.005752771135673621
92.81979851009382 0.00641825444864721
92.82697187834685 0.006482370332360536
92.83414524659989 0.006053099721999504
92.84131861485291 0.005336100716833843
92.84849198310594 0.0045549419772602726
92.85566535135898 0.003821419744768988
92.862838719612 0.0030666235046911284
92.87001208786504 0.0021692807970928557
92.87718545611807 0.0012347892467067868
92.88435882437109 0.0011267870258604208
92.89153219262413 0.0019336745231635357
92.89870556087716 0.002704102603570753
92.9058789291302 0.0034844278921207497
92.91305229738322 0.004773430700981554
92.92022566563625 0.006759523638019672
92.92739903388929 0.009044530957080181
92.93457240214231 0.01099745717667135
92.94174577039534 0.012045352950226363
92.94891913864838 0.011839221690739647
92.95609250690141 0.01034249708924705
92.96326587515443 0.00783636909551334
92.97043924340747 0.004871742405378171
92.9776126116605 0.0024286664488420433
92.98478597991353 0.0026393494988203323
92.99195934816656 0.00424568395210758
92.9991327164196 0.005476951480382395
93.00630608467263 0.006138148969985696
93.01347945292565 0.006270684233552802
93.02065282117869 0.005925182066371327
93.02782618943172 0.0051653458412781105
93.03499955768474 0.004118801322027434
93.04217292593778 0.0030024310582382548
93.04934629419081 0.002186592911759397
93.05651966244385 0.0022595569373730228
93.06369303069687 0.0031690082972480826
93.0708663989499 0.004217361751728923
93.07803976720294 0.00483678186032444
93.08521313545596 0.004598290440022059
93.092386503709 0.0033297083619820917
93.09955987196203 0.0017810502257907372
93.10673324021506 0.0033535700009772887
93.11390660846808 0.006250278027737423
93.12107997672112 0.00847287622373248
93.12825334497415 0.009225296335057686
93.13542671322718 0.008197138115361732
93.14260008148021 0.005685114781029863
93.14977344973325 0.003148523795769122
93.15694681798627 0.004162178593459324
93.1641201862393 0.006575323881492061
93.17129355449234 0.007746983362791931
93.17846692274537 0.007289227125783968
93.18564029099839 0.006013911539126487
93.19281365925143 0.005891420198115094
93.19998702750446 0.0074883946829417845
93.20716039575748 0.008867654495789546
93.21433376401052 0.008656141463222288
93.22150713226355 0.006695499548134097
93.22868050051659 0.00459728317988775
93.23585386876961 0.006188087827273196
93.24302723702264 0.009758327752873058
93.25020060527568 0.012316354691651803
93.2573739735287 0.01280763296794683
93.26454734178174 0.011193775708272617
93.27172071003477 0.008337567071515197
93.2788940782878 0.006056943061434765
93.28606744654083 0.005989851016915826
93.29324081479386 0.006597364890581603
93.3004141830469 0.00590554388755356
93.30758755129992 0.003523311648379249
93.31476091955295 0.0008573540166727448
93.32193428780599 0.003974721497234228
93.32910765605902 0.006696656411452039
93.33628102431204 0.007703532256346471
93.34345439256508 0.006768005137204983
93.35062776081811 0.004495505742605757
93.35780112907113 0.0032526331983863893
93.36497449732417 0.005266436059775721
93.3721478655772 0.00747277048158342
93.37932123383024 0.008409135241535458
93.38649460208326 0.007997294174772785
93.3936679703363 0.006898721465330494
93.40084133858933 0.006128601155786273
93.40801470684235 0.006056456375322528
93.41518807509539 0.00592845959557185
93.42236144334842 0.005003428272392505
93.42953481160144 0.003192874511983392
93.43670817985448 0.0010435540959676693
93.44388154810751 0.0016667528929110588
93.45105491636055 0.003199434560862011
93.45822828461357 0.0038382996664726287
93.4654016528666 0.0035336111237902947
93.47257502111964 0.002544761297307386
93.47974838937266 0.0013567593512361503
93.4869217576257 0.0012053706251246405
93.49409512587873 0.002309632487532925
93.50126849413176 0.0034539114668114606
93.50844186238479 0.004302856546375598
93.51561523063782 0.004640400724731952
93.52278859889086 0.0043207511537630494
93.52996196714388 0.0033583619553845053
93.53713533539691 0.0019589331088433843
93.54430870364995 0.0005679010682697306
93.55148207190298 0.0012289341159171592
93.558655440156 0.0024094169676207085
93.56582880840904 0.003382331530986741
93.57300217666207 0.004064016006777169
93.5801755449151 0.004222368165552409
93.58734891316813 0.003574107875143515
93.59452228142116 0.002025144776810787
93.6016956496742 0.0008421449081878305
93.60886901792722 0.003139987525371522
93.61604238618025 0.005199710419215969
93.62321575443329 0.006051543150407487
93.63038912268631 0.005228911313672479
93.63756249093935 0.002864419951784239
93.64473585919238 0.0023452931264576855
93.65190922744542 0.006275285629925859
93.65908259569844 0.01007890734528041
93.66625596395147 0.012561228138542902
93.6734293322045 0.013200625877682497
93.68060270045753 0.012001346998328466
93.68777606871056 0.00943656290823759
93.6949494369636 0.006307186541005039
93.70212280521662 0.00373652401592513
93.70929617346965 0.00339163362164387
93.71646954172269 0.004790292760543778
93.72364290997572 0.006147519904938512
93.73081627822874 0.0068169823362052824
93.73798964648178 0.006464680261242065
93.74516301473481 0.0049901992935915155
93.75233638298783 0.0030776875092229854
93.75950975124087 0.0037859864263338604
93.7666831194939 0.006848913061968052
93.77385648774694 0.009638178875881148
93.78102985599996 0.011167505581806706
93.788203224253 0.011090593578051621
93.79537659250603 0.009561782308184852
93.80254996075905 0.007183571635330934
93.80972332901209 0.004964376341288566
93.81689669726512 0.004140545623971691
93.82407006551816 0.0046927505766019605
93.83124343377118 0.0054054742326251634
93.83841680202421 0.0058387407997725505
93.84559017027725 0.006124252320048291
93.85276353853027 0.0064209398605514206
93.8599369067833 0.006695603768766665
93.86711027503634 0.006804608735876538
93.87428364328937 0.006645503892531265
93.8814570115424 0.006206008066582648
93.88863037979543 0.005535252914167438
93.89580374804846 0.004718885337747911
93.90297711630149 0.003914827391907122
93.91015048455452 0.0034314219041338143
93.91732385280756 0.0035617074667442868
93.92449722106059 0.004070760553019784
93.93167058931361 0.004341698489643233
93.93884395756665 0.0038560112091922173
93.94601732581968 0.0023666761007789974
93.9531906940727 6.522856235336076e-05
93.96036406232574 0.002878344705060389
93.96753743057877 0.005452819774735621
93.9747107988318 0.00695698487192581
93.98188416708483 0.006783205330653308
93.98905753533786 0.004772674559946512
93.9962309035909 0.0015447937949269876
94.00340427184392 0.0031429968749824163
94.01057764009695 0.006513255379825391
94.01775100834999 0.00820097036539119
94.02492437660301 0.007473602467279419
94.03209774485605 0.00445199115425103
94.03927111310908 0.0019318331181837841
94.04644448136212 0.005984582819681676
94.05361784961514 0.009512720442955562
94.06079121786817 0.010547690268339545
94.0679645861212 0.00870888851783322
94.07513795437423 0.005490181165978153
94.08231132262726 0.006575353312257008
94.0894846908803 0.01120881509193307
94.09665805913333 0.014302838680850836
94.10383142738635 0.013973515411732638
94.11100479563939 0.009876541468780088
94.11817816389242 0.0029569590318271853
94.12535153214544 0.005357918126792118
94.13252490039848 0.012363563332932726
94.13969826865151 0.01641133534860404
94.14687163690455 0.016397796078411474
94.15404500515757 0.012441281032000004
94.1612183734106 0.006158590938050918
94.16839174166364 0.00488204257211819
94.17556510991666 0.010532018687049916
94.1827384781697 0.014206638506471853
94.18991184642273 0.014372357796320201
94.19708521467577 0.011216907938131009
94.20425858292879 0.0059302911816446775
94.21143195118182 0.0009908799417940812
94.21860531943486 0.004729389478716613
94.22577868768788 0.007101662187404752
94.23295205594091 0.007002092064013509
94.24012542419395 0.005173733945427279
94.24729879244697 0.0038251516866080267
94.2544721607 0.005111771849997775
94.26164552895304 0.00680651347952207
94.26881889720607 0.007350335598219903
94.2759922654591 0.006741596622992497
94.28316563371213 0.005822941818659227
94.29033900196517 0.005623367216131174
94.29751237021819 0.0061128565316959736
94.30468573847122 0.006428044298258386
94.31185910672426 0.006113226975973666
94.31903247497729 0.005304202499175509
94.32620584323031 0.00445614672989206
94.33337921148335 0.003921104383531192
94.34055257973638 0.003536853481118246
94.3477259479894 0.0029025615558602473
94.35489931624244 0.002324755534387462
94.36207268449547 0.003505427068920894
94.36924605274851 0.006172729493025256
94.37641942100153 0.008992435385036135
94.38359278925456 0.011040627129747994
94.3907661575076 0.011625249887512071
94.39793952576062 0.010392750470982239
94.40511289401366 0.007459943516139975
94.41228626226669 0.0034982127260308024
94.41945963051973 0.0018941080212800047
94.42663299877275 0.005139883435344094
94.43380636702578 0.0073818161009827485
94.44097973527882 0.008023308972777109
94.44815310353184 0.0073424126352459144
94.45532647178487 0.006081833665130638
94.4624998400379 0.005062402059714397
94.46967320829094 0.004645601838560045
94.47684657654396 0.004775286493751386
94.484019944797 0.00550966340840812
94.49119331305003 0.006650494067845487
94.49836668130305 0.007479789919567815
94.50554004955609 0.007315594407168015
94.51271341780912 0.0060699548498558365
94.51988678606214 0.0047822301794002015
94.52706015431518 0.005355565959891504
94.53423352256821 0.007046637229970058
94.54140689082125 0.00781542282226699
94.54858025907427 0.006783729573414329
94.5557536273273 0.004219922782552804
94.56292699558034 0.002794793604163512
94.57010036383336 0.005390778846712541
94.5772737320864 0.0076251135373313714
94.58444710033943 0.007750512464788199
94.59162046859247 0.005471563012505241
94.59879383684549 0.0014148979926056399
94.60596720509852 0.003559749211028427
94.61314057335156 0.007619994825741575
94.62031394160458 0.009760865827861938
94.62748730985761 0.00935837970673113
94.63466067811065 0.00661302837891683
94.64183404636368 0.002850147525894889
94.6490074146167 0.003680058742477588
94.65618078286974 0.006999096552184393
94.66335415112277 0.008694206906119979
94.6705275193758 0.008291925056702355
94.67770088762883 0.006251169523953609
94.68487425588187 0.003732973368867919
94.6920476241349 0.002615957130127631
94.69922099238792 0.0031863183113960184
94.70639436064096 0.0036612435331431765
94.71356772889399 0.0043203748052592
94.72074109714701 0.005732210434830665
94.72791446540005 0.007103132614967421
94.73508783365308 0.007329967156083761
94.74226120190612 0.005860177155266855
94.74943457015914 0.0030976600436962475
94.75660793841217 0.003039325333950357
94.76378130666521 0.006562912566591913
94.77095467491823 0.009231899403959054
94.77812804317126 0.00981037847796142
94.7853014114243 0.00795201878818819
94.79247477967732 0.004086221271049374
94.79964814793036 0.0021906354416510562
94.80682151618339 0.0069725910750319
94.81399488443643 0.010991682740583974
94.82116825268945 0.012953216230687578
94.82834162094248 0.012421744490387469
94.83551498919552 0.009540870057818023
94.84268835744854 0.004929272826259833
94.84986172570157 0.0008136017143372745
94.85703509395461 0.005959132338412931
94.86420846220764 0.01034012687942933
94.87138183046066 0.013190363997893109
94.8785551987137 0.014239184693409337
94.88572856696673 0.013533614677062815
94.89290193521975 0.01140463866517419
94.90007530347279 0.008420016444069046
94.90724867172582 0.0053771657303557764
94.91442203997886 0.003470338741378416
94.92159540823188 0.0035437100047234714
94.92876877648492 0.004048269313262818
94.93594214473795 0.0038166840724633395
94.94311551299097 0.0028350700870169235
94.950288881244 0.001786214583455096
94.95746224949704 0.0019101917516077174
94.96463561775008 0.0025697664148577083
94.9718089860031 0.0025952267375908677
94.97898235425613 0.0016877900312308675
94.98615572250917 0.00034174766993605
94.99332909076219 0.0023772144599341306
95.00050245901522 0.00464895267500937
95.00767582726826 0.0064949022469204245
95.0148491955213 0.0075395831158234
95.02202256377431 0.007559514422221769
95.02919593202735 0.006503782936748771
95.03636930028038 0.004517648873198594
95.0435426685334 0.0021465591421906357
95.05071603678644 0.0023866928540787645
95.05788940503948 0.00502535613757047
95.0650627732925 0.007354268311152657
95.07223614154553 0.008821612581391193
95.07940950979857 0.009277948304649801
95.0865828780516 0.008861872498683147
95.09375624630462 0.007965974803642504
95.10092961455766 0.00713694001949894
95.10810298281069 0.0068744461592942455
95.11527635106371 0.007346014057637952
95.12244971931675 0.00829431193470179
95.12962308756978 0.009224426003542861
95.13679645582282 0.009572816119603722
95.14396982407584 0.008854469776217011
95.15114319232887 0.0068908842761965326
95.15831656058191 0.004328846684742577
95.16548992883493 0.004407166681581449
95.17266329708796 0.00786342061751991
95.179836665341 0.011309112587866522
95.18701003359404 0.013330165017261322
95.19418340184706 0.01335132867635271
95.20135677010009 0.011353221663371065
95.20853013835313 0.007804665539672585
95.21570350660615 0.003518583784560399
95.22287687485918 0.0006768659444111556
95.23005024311222 0.003767626155882084
95.23722361136525 0.005511269818486422
95.24439697961827 0.005903048234497293
95.25157034787131 0.005552039997742897
95.25874371612434 0.005548677617933939
95.26591708437736 0.006510735705344971
95.2730904526304 0.007794412331188656
95.28026382088343 0.008492498364484015
95.28743718913647 0.008071267423516666
95.29461055738949 0.006446165314437392
95.30178392564252 0.004272218388821274
95.30895729389556 0.004154456325708
95.31613066214858 0.006987669354540392
95.32330403040162 0.010032593802856928
95.33047739865465 0.011979425835104902
95.33765076690767 0.012287147632231935
95.3448241351607 0.010886103872288272
95.35199750341374 0.00813032830512743
95.35917087166678 0.004736294882482408
95.3663442399198 0.0021549976888231457
95.37351760817283 0.003248991019522112
95.38069097642587 0.00515538505106083
95.38786434467889 0.006389588555068919
95.39503771293192 0.007083318576471043
95.40221108118496 0.0076799513196182945
95.409384449438 0.008606568558796681
95.41655781769101 0.009989106015009777
95.42373118594405 0.011571935479819561
95.43090455419708 0.01287772467491588
95.4380779224501 0.013421716221038693
95.44525129070314 0.01289692436553267
95.45242465895618 0.011309678765844499
95.45959802720921 0.009036922244006897
95.46677139546223 0.006796038523325112
95.47394476371527 0.005443264659324461
95.4811181319683 0.005241248265538396
95.48829150022132 0.005508292007018029
95.49546486847436 0.005707264157977359
95.50263823672739 0.005786393929070879
95.50981160498043 0.00573901922476626
95.51698497323345 0.0053759953764537394
95.52415834148648 0.004517067114782426
95.53133170973952 0.003294924294934602
95.53850507799254 0.002412600170769859
95.54567844624557 0.002663689405839608
95.55285181449861 0.0032450319482162917
95.56002518275164 0.003256391880827059
95.56719855100467 0.0025281544017202837
95.5743719192577 0.0013747472483990558
95.58154528751074 0.0009189448037812834
95.58871865576376 0.0017135340094073667
95.59589202401679 0.0023929569444591185
95.60306539226983 0.00298825679938315
95.61023876052285 0.0038666580259322215
95.61741212877588 0.004989074688044936
95.62458549702892 0.005942930518216584
95.63175886528195 0.006354815916480135
95.63893223353497 0.006096934624694149
95.64610560178801 0.005316382588476746
95.65327897004104 0.004364047649537292
95.66045233829406 0.0036172429438767763
95.6676257065471 0.003162459714281458
95.67479907480013 0.002668759243242864
95.68197244305317 0.0017780746297227105
95.68914581130619 0.001133736266905857
95.69631917955923 0.003006717527089267
95.70349254781226 0.0057787129323736966
95.71066591606528 0.008517048296704974
95.71783928431832 0.010550669082150618
95.72501265257135 0.011309182849475876
95.73218602082439 0.01049993149474933
95.7393593890774 0.008255860499545017
95.74653275733044 0.005217703560843749
95.75370612558348 0.0028199451763820417
95.7608794938365 0.003058585690699331
95.76805286208953 0.003741120918218386
95.77522623034257 0.003058351686593933
95.7823995985956 0.0011720051006468594
95.78957296684862 0.00216719530158409
95.79674633510166 0.004668595179781313
95.8039197033547 0.006094104056511352
95.81109307160771 0.005919293537533654
95.81826643986075 0.004526906181764169
95.82543980811379 0.004082163306332719
95.83261317636682 0.006260916584757451
95.83978654461984 0.008712658281571601
95.84695991287288 0.009817640654359661
95.85413328112591 0.009082667316016061
95.86130664937893 0.006839204614468845
95.86848001763197 0.004420920887366353
95.875653385885 0.004435516753865227
95.88282675413802 0.006303902649561645
95.89000012239106 0.007636806420673273
95.8971734906441 0.007895876439216612
95.90434685889713 0.007422834361282544
95.91152022715015 0.006809753372435141
95.91869359540318 0.00639367470677079
95.92586696365622 0.006102460133441109
95.93304033190924 0.0058078178942997435
95.94021370016227 0.0055855246968396785
95.94738706841531 0.0056675820824491786
95.95456043666834 0.006454988693435414
95.96173380492137 0.008373819499271145
95.9689071731744 0.011284739129002299
95.97608054142744 0.01438686775363575
95.98325390968046 0.016624758407586832
95.99042727793349 0.01707315021174688
95.99760064618653 0.015237983492139454
96.00477401443956 0.011242458651599417
96.01194738269258 0.005847350281209458
96.01912075094562 0.001066630629382232
96.02629411919865 0.0048560092046966655
96.03346748745167 0.007676771428498532
96.04064085570471 0.008248873438711857
96.04781422395774 0.0068337962290045545
96.05498759221078 0.004334139783883059
96.0621609604638 0.0023375439379874964
96.06933432871683 0.002578190355184295
96.07650769696987 0.003273568780531854
96.08368106522289 0.0037718908696097874
96.09085443347593 0.005063327541979075
96.09802780172896 0.007125281295538739
96.105201169982 0.008980528406284435
96.11237453823502 0.00988022366953799
96.11954790648805 0.009607098574408843
96.12672127474109 0.008466563114677939
96.13389464299411 0.007117584432838023
96.14106801124714 0.006215465542065384
96.14824137950018 0.0059753965710021804
96.1554147477532 0.006191414509802523
96.16258811600623 0.006620647898511521
96.16976148425927 0.006982694528820703
96.1769348525123 0.006876225465398017
96.18410822076532 0.005987125070154261
96.19128158901836 0.004436229710976074
96.1984549572714 0.00339259407768788
96.20562832552442 0.004581619735977448
96.21280169377745 0.006720491941651651
96.21997506203049 0.00839048229527433
96.22714843028352 0.009156302995442143
96.23432179853654 0.009065743467694632
96.24149516678958 0.008381984124343714
96.24866853504261 0.00734438969593629
96.25584190329563 0.006077423973747122
96.26301527154867 0.004809364702494486
96.2701886398017 0.0042748526765035285
96.27736200805474 0.00513022230612518
96.28453537630776 0.006644935114090946
96.2917087445608 0.00786926272375511
96.29888211281383 0.00836917188042665
96.30605548106685 0.008124368304057956
96.31322884931988 0.007382517574693626
96.32040221757292 0.006493748970542145
96.32757558582595 0.005740606380263785
96.33474895407898 0.005217384616300993
96.34192232233201 0.004816282669620653
96.34909569058505 0.004317262174855482
96.35626905883807 0.003523424919696866
96.3634424270911 0.002409581107352588
96.37061579534414 0.0013507552435972714
96.37778916359717 0.0014154779675633867
96.38496253185019 0.0020769169498663924
96.39213590010323 0.0025337286902877565
96.39930926835626 0.0034391171948985957
96.40648263660928 0.005467013919950059
96.41365600486232 0.00807367868961624
96.42082937311535 0.010288190163665247
96.42800274136837 0.011258919127148284
96.43517610962141 0.010514387475359618
96.44234947787444 0.008230879295452808
96.44952284612748 0.005684623271027179
96.4566962143805 0.005608508984478882
96.46386958263354 0.007669965292691913
96.47104295088657 0.008997369450408087
96.47821631913959 0.00849953618876187
96.48538968739263 0.0065192459807246455
96.49256305564566 0.005226662665582699
96.4997364238987 0.00708860787560266
96.50690979215172 0.00979014787780014
96.51408316040475 0.011078669641172177
96.52125652865779 0.01021850037417821
96.52842989691081 0.007478073260728139
96.53560326516384 0.004441626389244369
96.54277663341688 0.005165425632784439
96.54995000166991 0.008385839107491076
96.55712336992293 0.01077629318266781
96.56429673817597 0.011516081547332267
96.571470106429 0.010674698985048416
96.57864347468202 0.00879237170198673
96.58581684293506 0.006661704078598601
96.5929902111881 0.005137862950575746
96.60016357944113 0.004697265402947933
96.60733694769415 0.00488631434656476
96.61451031594719 0.004969098270375048
96.62168368420022 0.004586269290272631
96.62885705245324 0.00370988755863744
96.63603042070628 0.0025903374654021446
96.64320378895931 0.0018589470406937566
96.65037715721235 0.0021178528369288894
96.65755052546537 0.0027738495491528526
96.6647238937184 0.003417874603626238
96.67189726197144 0.004168471270298408
96.67907063022446 0.005032163049153236
96.6862439984775 0.005661185468285271
96.69341736673053 0.00560523115780414
96.70059073498356 0.004627347106737493
96.70776410323658 0.003004396134864393
96.71493747148962 0.002450769399604345
96.72211083974265 0.004216603665139659
96.72928420799568 0.006065026187227412
96.73645757624871 0.006930763189030119
96.74363094450175 0.006490469816854892
96.75080431275477 0.0048268935925847405
96.7579776810078 0.002323720190937918
96.76515104926084 0.0005403612831396653
96.77232441751387 0.0031058095477019577
96.77949778576689 0.005111349723635243
96.78667115401993 0.006367012534538748
96.79384452227296 0.006907501504209854
96.80101789052598 0.006893944399395658
96.80819125877902 0.0065386301896987725
96.81536462703205 0.006058623301794412
96.82253799528509 0.005621419029556046
96.82971136353811 0.005255161281374501
96.83688473179114 0.004830738253849931
96.84405810004418 0.004218756663003872
96.8512314682972 0.0035270863122839288
96.85840483655024 0.003224493166557678
96.86557820480327 0.0036317637057504772
96.8727515730563 0.0042774860250448
96.87992494130933 0.0045650512805945585
96.88709830956236 0.004243652297319816
96.8942716778154 0.003383533584291948
96.90144504606842 0.002275187780742992
96.90861841432145 0.0013653542723081366
96.91579178257449 0.0013543855133080242
96.92296515082752 0.0022493866936070276
96.93013851908054 0.0034882601260422153
96.93731188733358 0.004693023035902727
96.94448525558661 0.005407540362858496
96.95165862383963 0.005191069633597907
96.95883199209267 0.0037906422484073866
96.9660053603457 0.0012532494521092874
96.97317872859874 0.002067822002283443
96.98035209685176 0.005566431225119858
96.9875254651048 0.008576982920656067
96.99469883335783 0.010531909981988328
97.00187220161085 0.011115077033415565
97.00904556986389 0.010326108605723267
97.01621893811692 0.008449158636444742
97.02339230636994 0.005946250471415043
97.03056567462298 0.0033235727305158235
97.03773904287601 0.0010742506285409661
97.04491241112905 0.0010954775010471002
97.05208577938207 0.002207452672681533
97.0592591476351 0.0027600569115074996
97.06643251588814 0.0027543079099829992
97.07360588414116 0.0022886440385203174
97.0807792523942 0.0015289211619804429
97.08795262064723 0.0006964895757291154
97.09512598890026 0.00021115589767649906
97.10229935715329 0.0007751852611846894
97.10947272540632 0.0015574527697085228
97.11664609365936 0.0025885062259132945
97.12381946191238 0.003656825111479584
97.13099283016541 0.004357724250493835
97.13816619841845 0.0042818776380663445
97.14533956667148 0.0031760077555635
97.1525129349245 0.0010730108959366134
97.15968630317754 0.0018740747792290744
97.16685967143057 0.004913909134412308
97.1740330396836 0.007522918342168456
97.18120640793663 0.0091258518601703
97.18837977618966 0.009401580325205062
97.1955531444427 0.00839268113743306
97.20272651269572 0.006555138323422186
97.20989988094875 0.004751436090814701
97.21707324920179 0.003932221459455231
97.22424661745481 0.003895407205103536
97.23141998570784 0.003566788701065467
97.23859335396088 0.0027581281249389467
97.24576672221392 0.0027936928969108732
97.25294009046694 0.004374502739355638
97.26011345871997 0.006026188827250471
97.267286826973 0.006841932364910744
97.27446019522603 0.006706001600482319
97.28163356347906 0.006409894499031793
97.2888069317321 0.007306195023449102
97.29598029998512 0.009405406172024608
97.30315366823815 0.011389890216779618
97.31032703649119 0.012156575442556636
97.31750040474422 0.011226711951281578
97.32467377299724 0.008833218563792943
97.33184714125028 0.006181979521119805
97.33902050950331 0.005740576298844707
97.34619387775633 0.007607375973418628
97.35336724600937 0.009110054130735562
97.3605406142624 0.008987222902995346
97.36771398251544 0.007129451218608183
97.37488735076846 0.004315939899290288
97.3820607190215 0.0032232178662262166
97.38923408727453 0.005397449530526507
97.39640745552755 0.007352838584939759
97.40358082378059 0.007856870603303817
97.41075419203362 0.006878910859693595
97.41792756028666 0.005152411373030971
97.42510092853968 0.004296930769087707
97.43227429679271 0.005246762220194631
97.43944766504575 0.0064576969924675836
97.44662103329877 0.006756140382652209
97.4537944015518 0.005877233445614959
97.46096776980484 0.004046526395709461
97.46814113805787 0.0017955890195371243
97.4753145063109 0.0012539955041524918
97.48248787456393 0.003109941198666606
97.48966124281696 0.004643359918718965
97.49683461106999 0.005678619842534711
97.50400797932302 0.006333831082998702
97.51118134757606 0.00681268987116394
97.51835471582909 0.007291893725415477
97.52552808408211 0.0077947929173978504
97.53270145233515 0.008139472716933303
97.53987482058818 0.008031448576492002
97.5470481888412 0.007228728615044345
97.55422155709424 0.005675945559254063
97.56139492534727 0.0035622818025471035
97.5685682936003 0.0013231040018238328
97.57574166185333 0.0009711347643682396
97.58291503010636 0.0021910433605822214
97.5900883983594 0.002632552439696183
97.59726176661242 0.002563004411328659
97.60443513486545 0.002993915113771694
97.61160850311849 0.004418019402032356
97.61878187137151 0.00618325674763181
97.62595523962455 0.007740920955271705
97.63312860787758 0.008874992976632915
97.64030197613062 0.00956553050488245
97.64747534438364 0.009827199193102243
97.65464871263667 0.009601717660106228
97.6618220808897 0.00878684980096225
97.66899544914273 0.0073596271451549095
97.67616881739576 0.005471517673855912
97.6833421856488 0.0034448187344970076
97.69051555390183 0.001676003887898115
97.69768892215485 0.0005007949311374894
97.70486229040789 0.00022187303821149124
97.71203565866092 0.0003741366368758916
97.71920902691394 0.0006389962720602068
97.72638239516698 0.0007289153712703963
97.73355576342001 0.0004015702331811366
97.74072913167305 0.0013374377630996747
97.74790249992607 0.003382593929624323
97.7550758681791 0.005807568472588426
97.76224923643214 0.008062308555796397
97.76942260468516 0.00961991272547443
97.7765959729382 0.010126464576377725
97.78376934119123 0.009508714965954897
97.79094270944427 0.007993231258507543
97.79811607769729 0.006031202661288078
97.80528944595032 0.004167406790707292
97.81246281420336 0.0029320096879389673
97.81963618245638 0.0026727464862535814
97.82680955070941 0.0031405604697267602
97.83398291896245 0.003808388787709215
97.84115628721547 0.004343352702933145
97.8483296554685 0.00463984772434316
97.85550302372154 0.00487323258955071
97.86267639197457 0.005347589405886913
97.8698497602276 0.006038359462456625
97.87702312848063 0.006481402122160791
97.88419649673367 0.006166527085734655
97.89136986498669 0.00489912392549984
97.89854323323972 0.0031651226351062847
97.90571660149276 0.003067480281839521
97.91288996974579 0.00506375011956704
97.92006333799881 0.006851354917935229
97.92723670625185 0.007447342278818711
97.93441007450488 0.006566519266578449
97.9415834427579 0.004402964171844866
97.94875681101094 0.0019513869585419613
97.95593017926397 0.0032012578923469835
97.96310354751701 0.006087563155548583
97.97027691577003 0.008387568700380271
97.97745028402306 0.009759366503054865
97.9846236522761 0.010235450671652775
97.99179702052912 0.01003412967283728
97.99897038878215 0.009413616629974636
98.00614375703519 0.00855340322392707
98.01331712528822 0.0075078177467865674
98.02049049354125 0.006240260194761092
98.02766386179428 0.004713241078567544
98.03483723004732 0.00304811830039253
98.04201059830034 0.002070261543057337
98.04918396655337 0.0030899188948188294
98.0563573348064 0.004751315776649156
98.06353070305944 0.005982838093606974
98.07070407131246 0.00638841645205872
98.0778774395655 0.005864459880730343
98.08505080781853 0.004560202497671521
98.09222417607155 0.002842710360290715
98.09939754432459 0.0013305606846842762
98.10657091257762 0.0012854429686695048
98.11374428083064 0.0020205674524159845
98.12091764908368 0.002570619878289597
98.12809101733671 0.0031415173556534506
98.13526438558975 0.00392917786627295
98.14243775384277 0.004789609741183338
98.1496111220958 0.005477858323817859
98.15678449034884 0.005895169538714617
98.16395785860186 0.0061231044649681845
98.1711312268549 0.006302317444138738
98.17830459510793 0.006465428163131679
98.18547796336097 0.006484247743171972
98.19265133161399 0.006171474231507983
98.19982469986702 0.0054126603030886285
98.20699806812006 0.004236555009681452
98.21417143637308 0.0028523683418761707
98.22134480462611 0.0018895494412686717
98.22851817287915 0.0024812372099884657
98.23569154113218 0.004017842907282932
98.2428649093852 0.005748804023406992
98.25003827763824 0.007469267788686305
98.25721164589127 0.009006195291582766
98.2643850141443 0.010086300537587559
98.27155838239733 0.010374781794702071
98.27873175065037 0.009598891957995535
98.2859051189034 0.007680548951949928
98.29307848715642 0.00481908736034577
98.30025185540946 0.0015060663505759185
98.30742522366249 0.0017734342166365645
98.31459859191551 0.004156686002985853
98.32177196016855 0.005355319233908044
98.32894532842158 0.005295378592829296
98.33611869667462 0.0043495454824177444
98.34329206492764 0.0032648913180349445
98.35046543318067 0.0026843320961310894
98.35763880143371 0.0022286790429369143
98.36481216968673 0.0011404127358853584
98.37198553793976 0.0011187262985994672
98.3791589061928 0.0034710571959640276
98.38633227444582 0.005603219269669146
98.39350564269886 0.006774114201318855
98.40067901095189 0.006709243356555032
98.40785237920493 0.005973427454455975
98.41502574745795 0.006143103707920825
98.42219911571098 0.007838246056189602
98.42937248396402 0.009561508228325643
98.43654585221704 0.009933885032961162
98.44371922047007 0.00844371246534165
98.45089258872311 0.0055455618472434265
98.45806595697614 0.0036970905016325915
98.46523932522916 0.005981158580524173
98.4724126934822 0.00870616106642033
98.47958606173523 0.009844931446028653
98.48675942998825 0.009079851082919265
98.49393279824129 0.006901890119821347
98.50110616649432 0.004363791171897231
98.50827953474736 0.002889137388392876
98.51545290300038 0.0031090329184868186
98.52262627125342 0.004243861137353881
98.52979963950645 0.006386886567398278
98.53697300775947 0.00921912835073443
98.5441463760125 0.01170120420404411
98.55131974426554 0.012823161071881766
98.55849311251858 0.012034089408400846
98.5656664807716 0.009423446351406517
98.57283984902463 0.005710116217923657
98.58001321727767 0.0021927192203239597
98.58718658553069 0.002026762855194054
98.59435995378372 0.003367768756233321
98.60153332203676 0.004279918061634532
98.6087066902898 0.006104302938514143
98.61588005854281 0.008918061477470287
98.62305342679585 0.011441344160615334
98.63022679504888 0.012507323942238495
98.6374001633019 0.01152637051926865
98.64457353155494 0.008591852565991065
98.65174689980797 0.004443661955788172
98.658920268061 0.0013340452791309693
98.66609363631403 0.004090882967046129
98.67326700456707 0.00605033444636897
98.6804403728201 0.006208987635897929
98.68761374107312 0.004808434404679224
98.69478710932616 0.002509398052334102
98.70196047757919 9.653413255366694e-05
98.70913384583221 0.0018681866182350942
98.71630721408525 0.0032345225291847126
98.72348058233828 0.004343211086154374
98.73065395059132 0.005541960077133887
98.73782731884434 0.006702221487968104
98.74500068709737 0.007389524692296593
98.75217405535041 0.007294362613721572
98.75934742360343 0.006473367176275661
98.76652079185646 0.005432638890683393
98.7736941601095 0.004989031212175308
98.78086752836253 0.005434681806016402
98.78804089661556 0.006082441950990488
98.79521426486859 0.006218802499024558
98.80238763312163 0.005543707281226551
98.80956100137465 0.004154483699356497
98.81673436962768 0.0028219409466172644
98.82390773788072 0.0034196361877091605
98.83108110613375 0.005442045987297194
98.83825447438677 0.0072958528631346916
98.84542784263981 0.008359449669470028
98.85260121089284 0.008478961402368106
98.85977457914586 0.007835578623777277
98.8669479473989 0.0068453494671639045
98.87412131565193 0.005951584779650441
98.88129468390497 0.005336557375358845
98.88846805215799 0.004846987434488152
98.89564142041102 0.00428126908877692
98.90281478866406 0.0036002362105305836
98.90998815691708 0.002872709970387729
98.91716152517012 0.0022980889751046366
98.92433489342315 0.0024603553685841285
98.93150826167617 0.003553168047996032
98.9386816299292 0.004874079132436461
98.94585499818224 0.005781222541999286
98.95302836643528 0.005936216707781888
98.9602017346883 0.005409103711995926
98.96737510294133 0.004740032674790899
98.97454847119437 0.004545891788288067
98.98172183944739 0.004585835593784663
98.98889520770042 0.003991145361980025
98.99606857595346 0.0022486285857978494
99.0032419442065 0.0006996683643562657
99.01041531245951 0.0039144166841788355
99.01758868071255 0.006846344679039179
99.02476204896558 0.00864559303593835
99.0319354172186 0.008855198082394223
99.03910878547164 0.007519173244839725
99.04628215372468 0.005209836059692381
99.05345552197771 0.0029193524189218647
99.06062889023073 0.0017606528019151844
99.06780225848377 0.0013414904117079727
99.0749756267368 0.00019779986137056523
99.08214899498982 0.001816524757265883
99.08932236324286 0.004007440519943647
99.09649573149589 0.005556145456919107
99.10366909974893 0.005886717328372923
99.11084246800195 0.005061281093382697
99.11801583625498 0.004209262283905657
99.12518920450802 0.004895046938541469
99.13236257276104 0.006191488546520006
99.13953594101407 0.0063978524697834525
99.14670930926711 0.004811170424681303
99.15388267752014 0.001798173956594893
99.16105604577317 0.0032599254574072773
99.1682294140262 0.007310111038647699
99.17540278227924 0.01026767024423441
99.18257615053226 0.011318067987155138
99.18974951878529 0.010253158122319209
99.19692288703833 0.007414991932516786
99.20409625529135 0.0035212054107736103
99.21126962354438 0.0006327758978685824
99.21844299179742 0.004378867514133331
99.22561636005045 0.007368612937021929
99.23278972830347 0.00939070277113494
99.23996309655651 0.01030182141886255
99.24713646480954 0.010094383778479795
99.25430983306256 0.009240143644910208
99.2614832013156 0.00906037686062749
99.26865656956863 0.010709464877408975
99.27582993782167 0.013324979450369583
99.28300330607469 0.015234619480592132
99.29017667432772 0.015334806781535907
99.29735004258076 0.013297569438834393
99.30452341083378 0.009505274038699234
99.31169677908682 0.004872520689458031
99.31887014733985 0.0009136532418646642
99.32604351559289 0.0029706501825270326
99.3332168838459 0.004423820009839
99.34039025209894 0.004164790994629813
99.34756362035198 0.0025949401816138216
99.354736988605 0.0014962165855703263
99.36191035685803 0.004159675707897649
99.36908372511107 0.007804751234510995
99.3762570933641 0.011539964005699881
99.38343046161712 0.014661972210454989
99.39060382987016 0.016336847500617344
99.3977771981232 0.01587622924221159
99.40495056637621 0.013048059623398351
99.41212393462925 0.008282738466022727
99.41929730288228 0.0031304216700967897
99.42647067113532 0.004726725153233003
99.43364403938834 0.008901574280914898
99.44081740764138 0.01120065001897243
99.44799077589441 0.011240802300138492
99.45516414414743 0.009468724126816644
99.46233751240047 0.006782009711707224
99.4695108806535 0.0042177646034894925
99.47668424890652 0.003076810754453892
99.48385761715956 0.004403374859445945
99.49103098541259 0.0069788303941355255
99.49820435366563 0.009642835612584796
99.50537772191865 0.011478876083305653
99.51255109017168 0.011736835940622034
99.51972445842472 0.010096778885085415
99.52689782667774 0.006821607494615168
99.53407119493077 0.0027608795130373482
99.54124456318381 0.00189624796822281
99.54841793143684 0.004633453698858981
99.55559129968987 0.005820821259639152
99.5627646679429 0.005189808348711199
99.56993803619594 0.0031456189774961545
99.57711140444896 0.000803195486712421
99.58428477270199 0.0025194759242545385
99.59145814095503 0.004386204791354911
99.59863150920806 0.005232940262768939
99.60580487746108 0.005067487782824424
99.61297824571412 0.004168415947059616
99.62015161396715 0.0030032747801922843
99.62732498222017 0.002439864834329639
99.63449835047321 0.0032315296681295395
99.64167171872624 0.004488493530680412
99.64884508697928 0.005268741484282495
99.6560184552323 0.0050694666599556465
99.66319182348533 0.0037253047350475493
99.67036519173837 0.0014249134538885232
99.67753855999139 0.0013569969091412413
99.68471192824443 0.003944024986454678
99.69188529649746 0.005784106434332549
99.6990586647505 0.006613189907611704
99.70623203300352 0.0066324705335145204
99.71340540125655 0.006435183636121022
99.72057876950959 0.006481387055800215
99.72775213776261 0.006509749678607837
99.73492550601564 0.005856555526116762
99.74209887426868 0.004107838525493276
99.7492722425217 0.0013871298325215707
99.75644561077473 0.0024542561961964815
99.76361897902777 0.006069240961919416
99.7707923472808 0.009295452556293951
99.77796571553382 0.011667842466115186
99.78513908378686 0.012947531607696183
99.7923124520399 0.013067806429915228
99.79948582029292 0.012079077263482297
99.80665918854595 0.010139014966855635
99.81383255679899 0.007571480750129087
99.82100592505202 0.004993591570981093
99.82817929330504 0.0035426447196202824
99.83535266155808 0.003856807034854665
99.84252602981111 0.004381160088172236
99.84969939806413 0.0039776339245361095
99.85687276631717 0.002439876187118659
99.8640461345702 0.0002909370426209992
99.87121950282324 0.0028377691803830765
99.87839287107626 0.005418692745716731
99.8855662393293 0.007244528477059239
99.89273960758233 0.008021291976530264
99.89991297583535 0.00788477173475239
99.90708634408838 0.007509951431492984
99.91425971234142 0.007749865136589678
99.92143308059445 0.008583593651296807
99.92860644884748 0.009053277306447288
99.93577981710051 0.008323292365054575
99.94295318535355 0.006375399424355512
99.95012655360657 0.004947927091693482
99.9572999218596 0.006937215478831005
99.96447329011264 0.010341787773833487
99.97164665836567 0.012661030488607812
99.97882002661869 0.012810015060193405
99.98599339487173 0.010577582441531303
99.99316676312476 0.006558021618745854
100.00034013137778 0.0026360728704501934
